request_id,task_id,department,corridor_id,requested_start,requested_end,block_type,status
BR000001,TASK27661,Traction,BZA-MAS,2026-01-01 00:15,2026-01-01 03:12,Power Block,Rejected
BR000002,TASK52169,Engineering,BZA-SC,2026-01-01 00:30,2026-01-01 04:27,Bridge Inspection Block,Requested
BR000003,TASK56570,Engineering,DLI-JU,2026-01-01 00:45,2026-01-01 04:32,Track Renewal Block,Approved
BR000004,TASK10365,Traction,BRC-ST,2026-01-01 00:45,2026-01-01 04:39,Traction Feed Block,Cancelled
BR000005,TASK21162,S&T,BPL-JHS,2026-01-01 00:45,2026-01-01 02:33,Cable Block,Completed
BR000006,TASK82406,Engineering,DLI-JU,2026-01-01 00:45,2026-01-01 05:16,Bridge Inspection Block,Completed
BR000007,TASK22250,Engineering,PUNE-CSMT,2026-01-01 01:00,2026-01-01 02:52,Track Renewal Block,Requested
BR000008,TASK42895,Engineering,ALD-MGS,2026-01-01 01:00,2026-01-01 03:33,Traffic Block,Requested
BR000009,TASK54507,S&T,GZB-CNB,2026-01-01 01:30,2026-01-01 04:24,Interlocking Testing Block,Requested
BR000010,TASK98537,Traction,BSP-R,2026-01-01 01:30,2026-01-01 04:15,Traction Feed Block,Rejected
BR000011,TASK92056,Engineering,NDLS-GZB,2026-01-01 01:45,2026-01-01 05:01,Traffic Block,Approved
BR000012,TASK82977,Traction,CSMT-BSR,2026-01-01 01:45,2026-01-01 06:04,Power Block,Approved
BR000013,TASK45613,Traction,BPL-JHS,2026-01-01 01:45,2026-01-01 03:50,OHE Maintenance Block,Rejected
BR000014,TASK29130,S&T,BRC-ST,2026-01-01 10:15,2026-01-01 11:28,Interlocking Testing Block,Approved
BR000015,TASK38420,Traction,BPL-JHS,2026-01-01 11:00,2026-01-01 12:03,Traction Feed Block,Completed
BR000016,TASK77218,Engineering,BZA-SC,2026-01-01 13:30,2026-01-01 15:23,Traffic Block,Cancelled
BR000017,TASK60479,Traction,GZB-CNB,2026-01-01 22:15,2026-01-02 02:24,Traction Feed Block,Approved
BR000018,TASK26527,Engineering,ALD-MGS,2026-01-01 22:45,2026-01-02 00:08,Track Renewal Block,Approved
BR000019,TASK12332,Engineering,MGS-HWH,2026-01-01 23:00,2026-01-02 03:18,Traffic Block,Approved
BR000020,TASK47969,Traction,NGP-BSP,2026-01-01 23:00,2026-01-02 03:27,Power Block,Completed
BR000021,TASK73025,S&T,SC-NGP,2026-01-01 23:00,2026-01-02 01:32,Signal Maintenance Block,Rejected
BR000022,TASK73490,Engineering,PUNE-CSMT,2026-01-01 23:30,2026-01-02 00:54,Traffic Block,Completed
BR000023,TASK10518,Traction,NDLS-ASR,2026-01-01 23:30,2026-01-02 02:35,Power Block,Completed
BR000024,TASK53743,Engineering,BZA-SC,2026-01-01 23:45,2026-01-02 01:21,Non-Interlocking Block,Cancelled
BR000025,TASK61583,Traction,SBC-MAS,2026-01-02 00:00,2026-01-02 03:36,OHE Maintenance Block,Approved
BR000026,TASK77128,S&T,JTJ-SBC,2026-01-02 00:00,2026-01-02 04:04,Signal Maintenance Block,Rejected
BR000027,TASK52334,Engineering,BPL-JHS,2026-01-02 00:45,2026-01-02 05:32,Bridge Inspection Block,Approved
BR000028,TASK44471,S&T,UBL-PUNE,2026-01-02 00:45,2026-01-02 04:08,Signal Maintenance Block,Approved
BR000029,TASK59497,Engineering,ALD-MGS,2026-01-02 00:45,2026-01-02 01:48,Track Renewal Block,Requested
BR000030,TASK63100,S&T,BRC-ST,2026-01-02 01:15,2026-01-02 04:44,Interlocking Testing Block,Approved
BR000031,TASK85127,Engineering,NGP-BSP,2026-01-02 01:30,2026-01-02 04:59,Non-Interlocking Block,Approved
BR000032,TASK74491,Engineering,NDLS-UMB,2026-01-02 01:30,2026-01-02 03:27,Bridge Inspection Block,Approved
BR000033,TASK95027,Engineering,SBC-UBL,2026-01-02 10:00,2026-01-02 10:35,Track Renewal Block,Approved
BR000034,TASK10850,Traction,BZA-SC,2026-01-02 12:00,2026-01-02 13:50,Power Block,Approved
BR000035,TASK62683,Engineering,ST-BCT,2026-01-02 12:15,2026-01-02 12:57,Bridge Inspection Block,Approved
BR000036,TASK77723,Engineering,ST-BCT,2026-01-02 13:00,2026-01-02 13:39,Non-Interlocking Block,Approved
BR000037,TASK80705,S&T,BSP-R,2026-01-02 14:15,2026-01-02 16:13,Signal Maintenance Block,Approved
BR000038,TASK24755,Engineering,HWH-NJP,2026-01-02 22:00,2026-01-03 00:38,Traffic Block,Rejected
BR000039,TASK34232,Traction,NDLS-JHS,2026-01-02 22:00,2026-01-03 01:38,OHE Maintenance Block,Approved
BR000040,TASK31697,Engineering,ALD-MGS,2026-01-02 22:15,2026-01-03 01:13,Non-Interlocking Block,Approved
BR000041,TASK19073,Traction,BPL-JHS,2026-01-02 22:15,2026-01-03 02:29,OHE Maintenance Block,Approved
BR000042,TASK65515,Engineering,ST-BCT,2026-01-02 22:30,2026-01-03 01:09,Non-Interlocking Block,Approved
BR000043,TASK21828,Traction,NDLS-ASR,2026-01-02 22:45,2026-01-03 00:53,Traction Feed Block,Approved
BR000044,TASK35438,S&T,VSKP-BZA,2026-01-02 22:45,2026-01-03 02:29,Signal Maintenance Block,Requested
BR000045,TASK35223,Engineering,UBL-PUNE,2026-01-02 23:15,2026-01-03 01:24,Non-Interlocking Block,Approved
BR000046,TASK82571,Engineering,SC-NGP,2026-01-02 23:15,2026-01-03 03:43,Bridge Inspection Block,Approved
BR000047,TASK52075,Engineering,NDLS-GZB,2026-01-02 23:15,2026-01-03 01:31,Traffic Block,Approved
BR000048,TASK44934,S&T,JP-ADI,2026-01-02 23:30,2026-01-03 00:49,Interlocking Testing Block,Requested
BR000049,TASK10290,Engineering,DLI-JU,2026-01-02 23:30,2026-01-03 02:29,Non-Interlocking Block,Requested
BR000050,TASK36168,Engineering,BZA-MAS,2026-01-02 23:45,2026-01-03 03:38,Non-Interlocking Block,Requested
BR000051,TASK25103,Traction,SBC-MAS,2026-01-03 00:00,2026-01-03 03:45,Traction Feed Block,Approved
BR000052,TASK52730,Traction,NGP-BSP,2026-01-03 00:15,2026-01-03 04:56,OHE Maintenance Block,Approved
BR000053,TASK75922,S&T,NDLS-JHS,2026-01-03 00:15,2026-01-03 03:09,Interlocking Testing Block,Completed
BR000054,TASK48372,Engineering,SC-NGP,2026-01-03 00:45,2026-01-03 05:17,Track Renewal Block,Approved
BR000055,TASK44817,Engineering,UBL-PUNE,2026-01-03 01:15,2026-01-03 02:28,Traffic Block,Approved
BR000056,TASK91295,S&T,DLI-JU,2026-01-03 01:15,2026-01-03 05:27,Interlocking Testing Block,Completed
BR000057,TASK75285,Engineering,BSR-BPL,2026-01-03 01:15,2026-01-03 05:33,Traffic Block,Rejected
BR000058,TASK29254,Engineering,CNB-ALD,2026-01-03 11:00,2026-01-03 12:00,Track Renewal Block,Rejected
BR000059,TASK99844,S&T,SC-NGP,2026-01-03 11:45,2026-01-03 12:27,Interlocking Testing Block,Approved
BR000060,TASK80054,Engineering,ST-BCT,2026-01-03 13:15,2026-01-03 14:52,Bridge Inspection Block,Approved
BR000061,TASK13207,Engineering,CSMT-BSR,2026-01-03 13:30,2026-01-03 15:28,Traffic Block,Approved
BR000062,TASK91852,Engineering,SBC-MAS,2026-01-03 14:15,2026-01-03 14:55,Bridge Inspection Block,Approved
BR000063,TASK52516,S&T,HWH-NJP,2026-01-03 22:00,2026-01-04 00:01,Interlocking Testing Block,Approved
BR000064,TASK63111,Engineering,NDLS-ASR,2026-01-03 22:15,2026-01-03 23:23,Track Renewal Block,Approved
BR000065,TASK20755,S&T,ST-BCT,2026-01-03 22:15,2026-01-04 01:01,Cable Block,Requested
BR000066,TASK52149,Engineering,SBC-UBL,2026-01-03 22:15,2026-01-04 01:09,Bridge Inspection Block,Completed
BR000067,TASK39821,Engineering,KGP-VSKP,2026-01-03 22:30,2026-01-04 02:02,Non-Interlocking Block,Approved
BR000068,TASK87224,Engineering,CSMT-BSR,2026-01-03 23:00,2026-01-04 00:08,Bridge Inspection Block,Rejected
BR000069,TASK76416,Traction,HWH-NJP,2026-01-03 23:30,2026-01-04 01:33,Power Block,Approved
BR000070,TASK20692,Engineering,ALD-MGS,2026-01-03 23:30,2026-01-04 02:29,Non-Interlocking Block,Requested
BR000071,TASK43071,Traction,HWH-KGP,2026-01-03 23:45,2026-01-04 03:45,Traction Feed Block,Approved
BR000072,TASK95015,Traction,JP-ADI,2026-01-03 23:45,2026-01-04 01:23,Power Block,Rejected
BR000073,TASK15719,S&T,BSP-R,2026-01-03 23:45,2026-01-04 02:26,Interlocking Testing Block,Rejected
BR000074,TASK77539,Engineering,MGS-HWH,2026-01-04 00:00,2026-01-04 03:47,Traffic Block,Requested
BR000075,TASK10634,Traction,NDLS-GZB,2026-01-04 00:15,2026-01-04 05:07,Traction Feed Block,Approved
BR000076,TASK92364,S&T,NDLS-UMB,2026-01-04 00:15,2026-01-04 05:13,Signal Maintenance Block,Approved
BR000077,TASK94749,Traction,UBL-PUNE,2026-01-04 00:15,2026-01-04 04:30,OHE Maintenance Block,Rejected
BR000078,TASK55513,S&T,NGP-BSP,2026-01-04 00:15,2026-01-04 03:55,Cable Block,Approved
BR000079,TASK39862,Traction,UBL-PUNE,2026-01-04 01:00,2026-01-04 03:15,Traction Feed Block,Completed
BR000080,TASK38428,Engineering,NGP-BSP,2026-01-04 01:00,2026-01-04 03:46,Bridge Inspection Block,Requested
BR000081,TASK36670,S&T,BZA-SC,2026-01-04 01:15,2026-01-04 03:27,Signal Maintenance Block,Approved
BR000082,TASK70293,Engineering,JTJ-SBC,2026-01-04 01:30,2026-01-04 06:11,Track Renewal Block,Requested
BR000083,TASK14520,Traction,ALD-MGS,2026-01-04 01:30,2026-01-04 05:30,OHE Maintenance Block,Completed
BR000084,TASK28229,Engineering,CSMT-BSR,2026-01-04 01:30,2026-01-04 06:22,Traffic Block,Approved
BR000085,TASK52958,S&T,GZB-CNB,2026-01-04 01:45,2026-01-04 03:41,Cable Block,Approved
BR000086,TASK82554,S&T,ALD-MGS,2026-01-04 01:45,2026-01-04 06:00,Interlocking Testing Block,Requested
BR000087,TASK83070,Engineering,ALD-MGS,2026-01-04 01:45,2026-01-04 06:04,Bridge Inspection Block,Completed
BR000088,TASK54143,Engineering,PUNE-CSMT,2026-01-04 11:15,2026-01-04 12:29,Non-Interlocking Block,Rejected
BR000089,TASK22138,Engineering,JP-ADI,2026-01-04 11:15,2026-01-04 12:14,Bridge Inspection Block,Completed
BR000090,TASK32452,Engineering,ADI-BRC,2026-01-04 13:00,2026-01-04 14:19,Bridge Inspection Block,Requested
BR000091,TASK11519,Engineering,GZB-CNB,2026-01-04 13:30,2026-01-04 15:07,Traffic Block,Completed
BR000092,TASK15926,Engineering,NDLS-ASR,2026-01-04 14:00,2026-01-04 14:45,Bridge Inspection Block,Approved
BR000093,TASK66444,Traction,SBC-MAS,2026-01-04 15:15,2026-01-04 16:35,Power Block,Approved
BR000094,TASK91089,Engineering,CNB-ALD,2026-01-04 15:45,2026-01-04 16:45,Non-Interlocking Block,Approved
BR000095,TASK75688,Traction,HWH-NJP,2026-01-04 22:45,2026-01-05 01:30,Traction Feed Block,Rejected
BR000096,TASK52095,Engineering,NDLS-ASR,2026-01-04 23:30,2026-01-05 01:03,Bridge Inspection Block,Rejected
BR000097,TASK98839,S&T,KGP-VSKP,2026-01-04 23:45,2026-01-05 04:37,Cable Block,Approved
BR000098,TASK80233,S&T,NJP-GHY,2026-01-05 00:45,2026-01-05 02:09,Signal Maintenance Block,Approved
BR000099,TASK24711,Engineering,CNB-ALD,2026-01-05 01:00,2026-01-05 05:04,Non-Interlocking Block,Rejected
BR000100,TASK33202,S&T,SC-NGP,2026-01-05 01:15,2026-01-05 05:28,Cable Block,Approved
BR000101,TASK39337,Engineering,NJP-GHY,2026-01-05 01:30,2026-01-05 04:10,Track Renewal Block,Requested
BR000102,TASK41109,S&T,BZA-MAS,2026-01-05 10:30,2026-01-05 12:25,Signal Maintenance Block,Approved
BR000103,TASK97833,Engineering,PUNE-CSMT,2026-01-05 12:45,2026-01-05 13:27,Track Renewal Block,Rejected
BR000104,TASK21565,Engineering,BZA-MAS,2026-01-05 14:00,2026-01-05 15:14,Track Renewal Block,Approved
BR000105,TASK55034,Traction,JP-ADI,2026-01-05 15:00,2026-01-05 15:40,OHE Maintenance Block,Requested
BR000106,TASK60097,Engineering,GZB-CNB,2026-01-05 15:00,2026-01-05 15:59,Track Renewal Block,Approved
BR000107,TASK17936,Engineering,JTJ-SBC,2026-01-05 15:15,2026-01-05 16:42,Non-Interlocking Block,Approved
BR000108,TASK87710,Traction,BRC-ST,2026-01-05 22:00,2026-01-06 01:14,Traction Feed Block,Requested
BR000109,TASK14065,Traction,GZB-CNB,2026-01-05 22:00,2026-01-06 02:47,Traction Feed Block,Approved
BR000110,TASK93953,Engineering,BZA-SC,2026-01-05 22:00,2026-01-05 23:55,Track Renewal Block,Requested
BR000111,TASK59736,Engineering,SBC-UBL,2026-01-05 23:00,2026-01-06 00:15,Track Renewal Block,Requested
BR000112,TASK59362,S&T,ADI-BRC,2026-01-05 23:00,2026-01-06 01:15,Interlocking Testing Block,Approved
BR000113,TASK78151,Engineering,ALD-MGS,2026-01-05 23:00,2026-01-06 02:57,Bridge Inspection Block,Rejected
BR000114,TASK68222,Engineering,NDLS-ASR,2026-01-05 23:00,2026-01-06 01:29,Track Renewal Block,Approved
BR000115,TASK88683,S&T,SBC-UBL,2026-01-05 23:00,2026-01-06 01:47,Interlocking Testing Block,Approved
BR000116,TASK55763,Engineering,JP-ADI,2026-01-05 23:15,2026-01-06 02:52,Bridge Inspection Block,Cancelled
BR000117,TASK10336,Engineering,CNB-ALD,2026-01-05 23:15,2026-01-06 01:43,Bridge Inspection Block,Completed
BR000118,TASK86197,Traction,SBC-UBL,2026-01-05 23:30,2026-01-06 00:58,Traction Feed Block,Completed
BR000119,TASK91482,Traction,CNB-ALD,2026-01-06 00:00,2026-01-06 02:21,Traction Feed Block,Requested
BR000120,TASK22257,Traction,BZA-MAS,2026-01-06 00:00,2026-01-06 04:56,Power Block,Completed
BR000121,TASK62687,S&T,BPL-JHS,2026-01-06 00:00,2026-01-06 01:52,Cable Block,Approved
BR000122,TASK33699,Engineering,ST-BCT,2026-01-06 00:15,2026-01-06 02:55,Bridge Inspection Block,Approved
BR000123,TASK84002,Engineering,BSP-R,2026-01-06 00:30,2026-01-06 01:56,Bridge Inspection Block,Approved
BR000124,TASK11178,Engineering,NGP-BSP,2026-01-06 00:30,2026-01-06 02:53,Track Renewal Block,Approved
BR000125,TASK76202,Traction,NDLS-GZB,2026-01-06 00:45,2026-01-06 05:27,Traction Feed Block,Approved
BR000126,TASK38897,Engineering,HWH-KGP,2026-01-06 01:00,2026-01-06 04:33,Bridge Inspection Block,Approved
BR000127,TASK92137,S&T,ALD-MGS,2026-01-06 01:00,2026-01-06 02:03,Signal Maintenance Block,Approved
BR000128,TASK77049,Traction,SBC-UBL,2026-01-06 01:00,2026-01-06 03:12,Power Block,Approved
BR000129,TASK32731,S&T,HWH-NJP,2026-01-06 01:15,2026-01-06 04:49,Cable Block,Approved
BR000130,TASK89773,Traction,ALD-MGS,2026-01-06 13:45,2026-01-06 14:41,Traction Feed Block,Approved
BR000131,TASK81355,Engineering,MAS-JTJ,2026-01-06 22:00,2026-01-06 23:35,Non-Interlocking Block,Approved
BR000132,TASK56089,Traction,GZB-CNB,2026-01-06 22:45,2026-01-06 23:51,Traction Feed Block,Approved
BR000133,TASK73600,Engineering,NJP-GHY,2026-01-06 22:45,2026-01-07 02:13,Traffic Block,Cancelled
BR000134,TASK47759,S&T,NGP-BSP,2026-01-06 23:00,2026-01-07 03:38,Cable Block,Requested
BR000135,TASK68394,Traction,SC-NGP,2026-01-06 23:15,2026-01-07 03:09,Traction Feed Block,Requested
BR000136,TASK87885,S&T,HWH-NJP,2026-01-06 23:15,2026-01-07 00:53,Cable Block,Approved
BR000137,TASK38402,Engineering,SBC-MAS,2026-01-06 23:15,2026-01-07 03:44,Bridge Inspection Block,Completed
BR000138,TASK33748,Traction,BZA-MAS,2026-01-06 23:15,2026-01-07 01:11,Power Block,Approved
BR000139,TASK63318,S&T,GZB-CNB,2026-01-06 23:30,2026-01-07 02:23,Cable Block,Approved
BR000140,TASK90263,S&T,JU-JP,2026-01-06 23:45,2026-01-07 03:01,Interlocking Testing Block,Requested
BR000141,TASK83166,Engineering,JU-JP,2026-01-07 00:30,2026-01-07 04:06,Track Renewal Block,Approved
BR000142,TASK47952,S&T,BPL-JHS,2026-01-07 00:45,2026-01-07 02:25,Cable Block,Approved
BR000143,TASK27582,Engineering,NDLS-UMB,2026-01-07 01:00,2026-01-07 04:01,Track Renewal Block,Rejected
BR000144,TASK10733,Engineering,CNB-ALD,2026-01-07 01:15,2026-01-07 04:51,Track Renewal Block,Approved
BR000145,TASK24539,Engineering,CSMT-BSR,2026-01-07 10:45,2026-01-07 11:18,Non-Interlocking Block,Requested
BR000146,TASK25780,S&T,ST-BCT,2026-01-07 14:45,2026-01-07 15:57,Interlocking Testing Block,Approved
BR000147,TASK29176,Engineering,UBL-PUNE,2026-01-07 15:45,2026-01-07 17:10,Track Renewal Block,Cancelled
BR000148,TASK63528,Engineering,JP-ADI,2026-01-07 22:00,2026-01-07 23:05,Non-Interlocking Block,Approved
BR000149,TASK43268,S&T,SBC-MAS,2026-01-07 22:00,2026-01-08 01:43,Interlocking Testing Block,Requested
BR000150,TASK80954,Engineering,JU-JP,2026-01-07 22:00,2026-01-08 01:03,Traffic Block,Approved
BR000151,TASK49132,Engineering,DLI-JU,2026-01-07 22:00,2026-01-07 23:47,Traffic Block,Completed
BR000152,TASK33121,Engineering,NDLS-UMB,2026-01-07 22:15,2026-01-08 02:12,Bridge Inspection Block,Approved
BR000153,TASK63076,Engineering,GZB-CNB,2026-01-07 22:15,2026-01-07 23:19,Track Renewal Block,Approved
BR000154,TASK47623,Engineering,CNB-ALD,2026-01-07 22:15,2026-01-08 01:20,Traffic Block,Approved
BR000155,TASK92302,Traction,SC-NGP,2026-01-07 22:30,2026-01-08 00:43,OHE Maintenance Block,Completed
BR000156,TASK84602,Traction,BRC-ST,2026-01-07 22:30,2026-01-08 01:41,OHE Maintenance Block,Rejected
BR000157,TASK90478,S&T,SC-NGP,2026-01-07 22:30,2026-01-08 02:49,Interlocking Testing Block,Rejected
BR000158,TASK97258,Engineering,NJP-GHY,2026-01-07 22:30,2026-01-08 03:08,Non-Interlocking Block,Completed
BR000159,TASK33891,Engineering,BRC-ST,2026-01-07 22:45,2026-01-08 03:39,Traffic Block,Requested
BR000160,TASK69120,Traction,SBC-UBL,2026-01-07 22:45,2026-01-08 00:02,Power Block,Completed
BR000161,TASK17788,Traction,ADI-BRC,2026-01-07 23:00,2026-01-08 02:42,OHE Maintenance Block,Approved
BR000162,TASK75902,Engineering,MAS-JTJ,2026-01-07 23:00,2026-01-08 03:58,Track Renewal Block,Requested
BR000163,TASK96054,S&T,CSMT-BSR,2026-01-07 23:00,2026-01-08 01:20,Cable Block,Approved
BR000164,TASK10398,Engineering,ALD-MGS,2026-01-07 23:30,2026-01-08 01:33,Traffic Block,Rejected
BR000165,TASK48187,Engineering,MGS-HWH,2026-01-07 23:30,2026-01-08 02:48,Non-Interlocking Block,Requested
BR000166,TASK77996,Traction,BRC-ST,2026-01-07 23:45,2026-01-08 04:09,OHE Maintenance Block,Approved
BR000167,TASK67697,Engineering,BPL-JHS,2026-01-08 00:00,2026-01-08 01:30,Non-Interlocking Block,Completed
BR000168,TASK18668,Traction,BRC-ST,2026-01-08 00:00,2026-01-08 03:09,Power Block,Approved
BR000169,TASK91250,Engineering,GZB-CNB,2026-01-08 00:15,2026-01-08 01:57,Track Renewal Block,Approved
BR000170,TASK24447,Traction,KGP-VSKP,2026-01-08 00:15,2026-01-08 02:32,Power Block,Approved
BR000171,TASK53376,S&T,BRC-ST,2026-01-08 00:30,2026-01-08 02:27,Interlocking Testing Block,Completed
BR000172,TASK21657,Engineering,PUNE-CSMT,2026-01-08 00:45,2026-01-08 02:31,Traffic Block,Rejected
BR000173,TASK35435,S&T,BSP-R,2026-01-08 00:45,2026-01-08 04:11,Cable Block,Approved
BR000174,TASK77956,Engineering,MGS-HWH,2026-01-08 01:00,2026-01-08 05:46,Bridge Inspection Block,Approved
BR000175,TASK94152,Traction,ALD-MGS,2026-01-08 01:00,2026-01-08 05:27,OHE Maintenance Block,Approved
BR000176,TASK92484,Engineering,BPL-JHS,2026-01-08 01:30,2026-01-08 05:32,Traffic Block,Rejected
BR000177,TASK72875,Traction,NDLS-JHS,2026-01-08 01:45,2026-01-08 03:20,Traction Feed Block,Requested
BR000178,TASK62040,Engineering,BZA-MAS,2026-01-08 10:30,2026-01-08 11:54,Track Renewal Block,Completed
BR000179,TASK27787,S&T,SBC-MAS,2026-01-08 15:30,2026-01-08 17:14,Interlocking Testing Block,Completed
BR000180,TASK93370,S&T,VSKP-BZA,2026-01-08 15:30,2026-01-08 17:12,Interlocking Testing Block,Completed
BR000181,TASK49986,Engineering,NDLS-UMB,2026-01-08 15:45,2026-01-08 16:25,Non-Interlocking Block,Approved
BR000182,TASK48613,S&T,NDLS-GZB,2026-01-08 22:00,2026-01-09 01:51,Signal Maintenance Block,Approved
BR000183,TASK18310,Traction,BZA-MAS,2026-01-08 22:00,2026-01-08 23:37,Power Block,Approved
BR000184,TASK55702,Engineering,NJP-GHY,2026-01-08 22:15,2026-01-09 03:13,Track Renewal Block,Completed
BR000185,TASK55153,S&T,CNB-ALD,2026-01-08 22:15,2026-01-09 00:17,Cable Block,Rejected
BR000186,TASK15782,Engineering,MAS-JTJ,2026-01-08 22:15,2026-01-08 23:54,Track Renewal Block,Rejected
BR000187,TASK70827,Engineering,NDLS-JHS,2026-01-08 22:30,2026-01-09 01:25,Non-Interlocking Block,Approved
BR000188,TASK35126,Traction,BZA-MAS,2026-01-08 22:30,2026-01-09 02:49,OHE Maintenance Block,Approved
BR000189,TASK47348,Engineering,MAS-JTJ,2026-01-08 22:45,2026-01-09 02:33,Traffic Block,Rejected
BR000190,TASK60139,S&T,DLI-JU,2026-01-08 23:15,2026-01-09 03:40,Interlocking Testing Block,Cancelled
BR000191,TASK50540,S&T,MAS-JTJ,2026-01-08 23:30,2026-01-09 01:29,Cable Block,Approved
BR000192,TASK65871,S&T,ALD-MGS,2026-01-08 23:30,2026-01-09 00:54,Cable Block,Approved
BR000193,TASK81561,S&T,CNB-ALD,2026-01-08 23:45,2026-01-09 01:15,Interlocking Testing Block,Approved
BR000194,TASK57682,Traction,SC-NGP,2026-01-09 00:00,2026-01-09 04:46,Power Block,Approved
BR000195,TASK68273,Traction,BSP-R,2026-01-09 00:15,2026-01-09 02:44,Traction Feed Block,Approved
BR000196,TASK11751,Traction,SBC-UBL,2026-01-09 00:15,2026-01-09 02:50,OHE Maintenance Block,Approved
BR000197,TASK96741,Engineering,ST-BCT,2026-01-09 00:30,2026-01-09 03:09,Traffic Block,Approved
BR000198,TASK70087,Engineering,VSKP-BZA,2026-01-09 00:30,2026-01-09 01:38,Bridge Inspection Block,Approved
BR000199,TASK55841,Traction,BSR-BPL,2026-01-09 00:30,2026-01-09 05:22,OHE Maintenance Block,Approved
BR000200,TASK85707,Engineering,NDLS-ASR,2026-01-09 00:30,2026-01-09 03:12,Non-Interlocking Block,Approved
BR000201,TASK32683,Engineering,VSKP-BZA,2026-01-09 01:15,2026-01-09 04:02,Traffic Block,Approved
BR000202,TASK31932,Traction,NGP-BSP,2026-01-09 01:15,2026-01-09 03:46,OHE Maintenance Block,Approved
BR000203,TASK30670,S&T,JU-JP,2026-01-09 01:30,2026-01-09 04:25,Interlocking Testing Block,Approved
BR000204,TASK96089,Engineering,BSP-R,2026-01-09 01:30,2026-01-09 05:27,Bridge Inspection Block,Approved
BR000205,TASK23128,S&T,ALD-MGS,2026-01-09 11:00,2026-01-09 12:17,Cable Block,Approved
BR000206,TASK94394,Engineering,BSR-BPL,2026-01-09 12:15,2026-01-09 13:09,Non-Interlocking Block,Approved
BR000207,TASK46654,Engineering,PUNE-CSMT,2026-01-09 13:15,2026-01-09 13:58,Traffic Block,Approved
BR000208,TASK14123,S&T,SBC-UBL,2026-01-09 13:45,2026-01-09 14:19,Signal Maintenance Block,Completed
BR000209,TASK92187,Engineering,NJP-GHY,2026-01-09 14:30,2026-01-09 15:44,Bridge Inspection Block,Approved
BR000210,TASK90450,S&T,SC-NGP,2026-01-09 22:00,2026-01-09 23:44,Cable Block,Requested
BR000211,TASK15081,Engineering,ALD-MGS,2026-01-09 22:00,2026-01-10 02:40,Track Renewal Block,Approved
BR000212,TASK53577,S&T,PUNE-CSMT,2026-01-09 22:15,2026-01-10 02:34,Cable Block,Approved
BR000213,TASK21892,Engineering,UBL-PUNE,2026-01-09 22:15,2026-01-10 01:51,Bridge Inspection Block,Approved
BR000214,TASK34016,Traction,BZA-MAS,2026-01-09 22:30,2026-01-10 01:10,OHE Maintenance Block,Rejected
BR000215,TASK96770,Engineering,ADI-BRC,2026-01-09 22:30,2026-01-10 00:17,Traffic Block,Approved
BR000216,TASK40376,Traction,CSMT-BSR,2026-01-09 22:45,2026-01-10 03:42,OHE Maintenance Block,Approved
BR000217,TASK48998,S&T,MGS-HWH,2026-01-09 22:45,2026-01-10 00:23,Signal Maintenance Block,Approved
BR000218,TASK28270,Traction,CSMT-BSR,2026-01-09 22:45,2026-01-10 02:41,Power Block,Cancelled
BR000219,TASK38175,S&T,NDLS-ASR,2026-01-09 23:30,2026-01-10 03:48,Cable Block,Approved
BR000220,TASK48373,Traction,NGP-BSP,2026-01-09 23:30,2026-01-10 02:50,Power Block,Completed
BR000221,TASK44129,Engineering,VSKP-BZA,2026-01-09 23:30,2026-01-10 03:41,Non-Interlocking Block,Approved
BR000222,TASK19432,Engineering,SBC-MAS,2026-01-10 00:00,2026-01-10 02:36,Track Renewal Block,Approved
BR000223,TASK15719,Engineering,NDLS-UMB,2026-01-10 00:15,2026-01-10 03:13,Bridge Inspection Block,Approved
BR000224,TASK91683,Engineering,ALD-MGS,2026-01-10 00:45,2026-01-10 05:21,Bridge Inspection Block,Approved
BR000225,TASK20029,S&T,HWH-KGP,2026-01-10 00:45,2026-01-10 04:45,Interlocking Testing Block,Approved
BR000226,TASK30452,S&T,JTJ-SBC,2026-01-10 00:45,2026-01-10 03:27,Interlocking Testing Block,Completed
BR000227,TASK51722,Engineering,PUNE-CSMT,2026-01-10 00:45,2026-01-10 04:21,Track Renewal Block,Completed
BR000228,TASK49839,S&T,VSKP-BZA,2026-01-10 00:45,2026-01-10 03:36,Interlocking Testing Block,Requested
BR000229,TASK68910,Traction,PUNE-CSMT,2026-01-10 01:30,2026-01-10 03:56,Traction Feed Block,Approved
BR000230,TASK20820,Traction,VSKP-BZA,2026-01-10 01:45,2026-01-10 06:37,Traction Feed Block,Approved
BR000231,TASK47983,S&T,BRC-ST,2026-01-10 10:00,2026-01-10 11:54,Interlocking Testing Block,Rejected
BR000232,TASK79847,Engineering,ALD-MGS,2026-01-10 13:45,2026-01-10 15:02,Bridge Inspection Block,Requested
BR000233,TASK98950,Engineering,VSKP-BZA,2026-01-10 14:30,2026-01-10 15:01,Track Renewal Block,Approved
BR000234,TASK26061,Traction,BSR-BPL,2026-01-10 22:00,2026-01-11 01:22,Power Block,Completed
BR000235,TASK86346,Traction,CSMT-BSR,2026-01-10 22:15,2026-01-11 02:00,Power Block,Rejected
BR000236,TASK22712,Engineering,NDLS-ASR,2026-01-10 22:30,2026-01-11 03:26,Non-Interlocking Block,Approved
BR000237,TASK32534,Traction,ST-BCT,2026-01-10 22:30,2026-01-10 23:58,OHE Maintenance Block,Approved
BR000238,TASK35432,Engineering,ADI-BRC,2026-01-10 22:45,2026-01-11 01:39,Non-Interlocking Block,Completed
BR000239,TASK15730,Traction,MAS-JTJ,2026-01-10 23:15,2026-01-11 01:02,Traction Feed Block,Completed
BR000240,TASK34594,Traction,NGP-BSP,2026-01-10 23:15,2026-01-11 01:22,Traction Feed Block,Requested
BR000241,TASK45010,Traction,VSKP-BZA,2026-01-10 23:15,2026-01-11 00:28,Traction Feed Block,Approved
BR000242,TASK44997,Engineering,PUNE-CSMT,2026-01-10 23:30,2026-01-11 02:05,Track Renewal Block,Approved
BR000243,TASK39378,S&T,BZA-SC,2026-01-10 23:45,2026-01-11 02:14,Interlocking Testing Block,Requested
BR000244,TASK96415,Engineering,NDLS-JHS,2026-01-10 23:45,2026-01-11 03:36,Traffic Block,Approved
BR000245,TASK21130,Engineering,SBC-UBL,2026-01-10 23:45,2026-01-11 01:10,Bridge Inspection Block,Rejected
BR000246,TASK55462,Traction,MGS-HWH,2026-01-11 00:00,2026-01-11 01:33,Traction Feed Block,Rejected
BR000247,TASK37592,Engineering,JTJ-SBC,2026-01-11 00:15,2026-01-11 04:44,Traffic Block,Approved
BR000248,TASK85162,Engineering,CSMT-BSR,2026-01-11 00:30,2026-01-11 02:35,Bridge Inspection Block,Approved
BR000249,TASK84439,Engineering,JTJ-SBC,2026-01-11 00:45,2026-01-11 04:49,Non-Interlocking Block,Approved
BR000250,TASK26244,S&T,NDLS-UMB,2026-01-11 01:00,2026-01-11 03:18,Interlocking Testing Block,Requested
BR000251,TASK57620,Traction,VSKP-BZA,2026-01-11 01:45,2026-01-11 06:10,OHE Maintenance Block,Approved
BR000252,TASK68908,Engineering,KGP-VSKP,2026-01-11 11:15,2026-01-11 12:49,Track Renewal Block,Approved
BR000253,TASK78547,Engineering,UBL-PUNE,2026-01-11 12:15,2026-01-11 13:51,Bridge Inspection Block,Approved
BR000254,TASK29960,S&T,HWH-NJP,2026-01-11 15:45,2026-01-11 16:19,Cable Block,Approved
BR000255,TASK44699,Engineering,VSKP-BZA,2026-01-11 22:00,2026-01-11 23:28,Traffic Block,Cancelled
BR000256,TASK44634,Engineering,MGS-HWH,2026-01-11 22:15,2026-01-12 01:03,Bridge Inspection Block,Completed
BR000257,TASK56621,Traction,NDLS-JHS,2026-01-11 22:30,2026-01-12 00:36,Power Block,Approved
BR000258,TASK34866,S&T,BSR-BPL,2026-01-11 22:30,2026-01-12 01:03,Cable Block,Cancelled
BR000259,TASK69020,S&T,NDLS-GZB,2026-01-11 22:30,2026-01-12 02:45,Interlocking Testing Block,Approved
BR000260,TASK17050,Engineering,NDLS-ASR,2026-01-11 22:45,2026-01-12 02:20,Track Renewal Block,Completed
BR000261,TASK90357,S&T,HWH-KGP,2026-01-11 22:45,2026-01-12 00:41,Cable Block,Requested
BR000262,TASK47818,Engineering,CSMT-BSR,2026-01-11 23:00,2026-01-12 01:06,Traffic Block,Approved
BR000263,TASK15903,S&T,UBL-PUNE,2026-01-11 23:00,2026-01-12 00:30,Signal Maintenance Block,Approved
BR000264,TASK47574,S&T,ADI-BRC,2026-01-11 23:30,2026-01-12 02:10,Cable Block,Completed
BR000265,TASK91942,Engineering,CNB-ALD,2026-01-11 23:30,2026-01-12 02:19,Track Renewal Block,Requested
BR000266,TASK63394,Traction,BZA-SC,2026-01-12 00:00,2026-01-12 03:51,Power Block,Approved
BR000267,TASK31099,Traction,BZA-MAS,2026-01-12 00:00,2026-01-12 03:34,Power Block,Requested
BR000268,TASK19538,Engineering,JTJ-SBC,2026-01-12 00:30,2026-01-12 02:00,Bridge Inspection Block,Requested
BR000269,TASK41708,Engineering,BSP-R,2026-01-12 00:45,2026-01-12 05:01,Traffic Block,Requested
BR000270,TASK54310,Traction,HWH-NJP,2026-01-12 01:00,2026-01-12 02:31,OHE Maintenance Block,Requested
BR000271,TASK47685,S&T,MGS-HWH,2026-01-12 01:00,2026-01-12 04:38,Signal Maintenance Block,Approved
BR000272,TASK49544,S&T,NDLS-GZB,2026-01-12 01:15,2026-01-12 05:54,Cable Block,Completed
BR000273,TASK74525,Traction,JU-JP,2026-01-12 01:30,2026-01-12 02:54,Power Block,Approved
BR000274,TASK58944,Engineering,SC-NGP,2026-01-12 01:45,2026-01-12 03:02,Track Renewal Block,Approved
BR000275,TASK77622,S&T,GZB-CNB,2026-01-12 01:45,2026-01-12 04:15,Signal Maintenance Block,Requested
BR000276,TASK19709,Engineering,BZA-SC,2026-01-12 11:30,2026-01-12 12:29,Bridge Inspection Block,Approved
BR000277,TASK90440,Engineering,BPL-JHS,2026-01-12 11:45,2026-01-12 12:47,Track Renewal Block,Rejected
BR000278,TASK48621,Traction,MGS-HWH,2026-01-12 14:00,2026-01-12 15:37,Power Block,Approved
BR000279,TASK13648,S&T,KGP-VSKP,2026-01-12 14:00,2026-01-12 15:13,Signal Maintenance Block,Requested
BR000280,TASK10189,S&T,CSMT-BSR,2026-01-12 22:15,2026-01-12 23:22,Cable Block,Rejected
BR000281,TASK20507,S&T,NDLS-JHS,2026-01-12 22:30,2026-01-13 02:13,Signal Maintenance Block,Approved
BR000282,TASK92966,S&T,HWH-NJP,2026-01-12 22:45,2026-01-13 01:00,Cable Block,Cancelled
BR000283,TASK25526,S&T,NDLS-GZB,2026-01-12 23:00,2026-01-13 03:50,Interlocking Testing Block,Completed
BR000284,TASK97467,Engineering,SBC-MAS,2026-01-12 23:15,2026-01-13 01:16,Traffic Block,Approved
BR000285,TASK80400,S&T,DLI-JU,2026-01-12 23:15,2026-01-13 02:33,Interlocking Testing Block,Completed
BR000286,TASK67179,S&T,MAS-JTJ,2026-01-12 23:15,2026-01-13 03:11,Cable Block,Rejected
BR000287,TASK27224,S&T,MGS-HWH,2026-01-12 23:30,2026-01-13 02:22,Cable Block,Approved
BR000288,TASK79208,Engineering,CNB-ALD,2026-01-12 23:30,2026-01-13 02:04,Track Renewal Block,Completed
BR000289,TASK21710,S&T,NDLS-JHS,2026-01-13 00:00,2026-01-13 04:54,Signal Maintenance Block,Approved
BR000290,TASK77973,Engineering,NDLS-GZB,2026-01-13 00:15,2026-01-13 04:59,Track Renewal Block,Approved
BR000291,TASK27270,Engineering,SBC-UBL,2026-01-13 00:30,2026-01-13 05:09,Non-Interlocking Block,Rejected
BR000292,TASK99603,S&T,MGS-HWH,2026-01-13 00:45,2026-01-13 01:52,Interlocking Testing Block,Requested
BR000293,TASK13816,Traction,JU-JP,2026-01-13 00:45,2026-01-13 03:36,Power Block,Approved
BR000294,TASK46779,S&T,BRC-ST,2026-01-13 01:00,2026-01-13 02:58,Cable Block,Approved
BR000295,TASK94705,S&T,GZB-CNB,2026-01-13 01:00,2026-01-13 02:16,Cable Block,Cancelled
BR000296,TASK75667,Traction,ST-BCT,2026-01-13 01:15,2026-01-13 03:54,Traction Feed Block,Cancelled
BR000297,TASK10246,Traction,ALD-MGS,2026-01-13 01:30,2026-01-13 05:03,Power Block,Requested
BR000298,TASK87846,Engineering,KGP-VSKP,2026-01-13 01:45,2026-01-13 05:37,Non-Interlocking Block,Approved
BR000299,TASK16314,S&T,ALD-MGS,2026-01-13 10:00,2026-01-13 11:09,Signal Maintenance Block,Approved
BR000300,TASK91181,Traction,UBL-PUNE,2026-01-13 11:00,2026-01-13 11:38,Traction Feed Block,Approved
BR000301,TASK25318,S&T,ALD-MGS,2026-01-13 13:15,2026-01-13 14:30,Signal Maintenance Block,Requested
BR000302,TASK79728,Traction,HWH-NJP,2026-01-13 13:30,2026-01-13 14:29,Power Block,Approved
BR000303,TASK27242,S&T,BZA-MAS,2026-01-13 14:30,2026-01-13 16:29,Interlocking Testing Block,Requested
BR000304,TASK14612,Engineering,CNB-ALD,2026-01-13 14:30,2026-01-13 15:40,Non-Interlocking Block,Approved
BR000305,TASK80624,Traction,CNB-ALD,2026-01-13 22:00,2026-01-14 00:11,Power Block,Requested
BR000306,TASK76787,Engineering,DLI-JU,2026-01-13 22:15,2026-01-14 01:29,Bridge Inspection Block,Approved
BR000307,TASK51290,S&T,BZA-SC,2026-01-13 22:45,2026-01-14 02:01,Interlocking Testing Block,Requested
BR000308,TASK46085,Traction,BPL-JHS,2026-01-13 23:00,2026-01-14 03:00,OHE Maintenance Block,Rejected
BR000309,TASK80130,S&T,ALD-MGS,2026-01-13 23:00,2026-01-14 01:41,Cable Block,Rejected
BR000310,TASK89451,S&T,NDLS-GZB,2026-01-13 23:00,2026-01-14 00:03,Signal Maintenance Block,Rejected
BR000311,TASK86423,Traction,MAS-JTJ,2026-01-13 23:00,2026-01-14 00:34,Traction Feed Block,Approved
BR000312,TASK82461,Engineering,NDLS-ASR,2026-01-13 23:30,2026-01-14 03:48,Bridge Inspection Block,Completed
BR000313,TASK80792,Engineering,BRC-ST,2026-01-13 23:30,2026-01-14 00:42,Track Renewal Block,Approved
BR000314,TASK64600,S&T,BZA-SC,2026-01-13 23:45,2026-01-14 00:59,Signal Maintenance Block,Approved
BR000315,TASK37048,Engineering,BZA-SC,2026-01-14 00:15,2026-01-14 04:18,Non-Interlocking Block,Requested
BR000316,TASK30935,Traction,ADI-BRC,2026-01-14 00:15,2026-01-14 03:09,Power Block,Rejected
BR000317,TASK13051,Traction,ADI-BRC,2026-01-14 00:30,2026-01-14 04:15,Traction Feed Block,Approved
BR000318,TASK28371,Engineering,BZA-SC,2026-01-14 00:45,2026-01-14 04:26,Non-Interlocking Block,Cancelled
BR000319,TASK27955,Engineering,BSP-R,2026-01-14 01:00,2026-01-14 02:44,Bridge Inspection Block,Requested
BR000320,TASK85669,Engineering,SBC-MAS,2026-01-14 01:00,2026-01-14 02:05,Track Renewal Block,Approved
BR000321,TASK56270,Engineering,UBL-PUNE,2026-01-14 01:15,2026-01-14 04:46,Track Renewal Block,Approved
BR000322,TASK52202,Engineering,NDLS-GZB,2026-01-14 01:30,2026-01-14 06:05,Traffic Block,Rejected
BR000323,TASK84623,Traction,ADI-BRC,2026-01-14 01:30,2026-01-14 04:57,Power Block,Approved
BR000324,TASK84408,Engineering,KGP-VSKP,2026-01-14 01:30,2026-01-14 04:28,Track Renewal Block,Approved
BR000325,TASK79616,Engineering,BZA-SC,2026-01-14 01:45,2026-01-14 03:54,Traffic Block,Cancelled
BR000326,TASK92189,S&T,HWH-KGP,2026-01-14 12:00,2026-01-14 12:53,Signal Maintenance Block,Approved
BR000327,TASK17976,S&T,BSR-BPL,2026-01-14 13:30,2026-01-14 15:22,Cable Block,Approved
BR000328,TASK40666,Engineering,JU-JP,2026-01-14 14:15,2026-01-14 14:55,Bridge Inspection Block,Approved
BR000329,TASK10802,S&T,HWH-KGP,2026-01-14 14:45,2026-01-14 16:02,Cable Block,Rejected
BR000330,TASK72850,S&T,BSP-R,2026-01-14 15:30,2026-01-14 16:22,Signal Maintenance Block,Approved
BR000331,TASK80365,Traction,BZA-SC,2026-01-14 22:00,2026-01-14 23:07,Traction Feed Block,Approved
BR000332,TASK73437,S&T,BZA-MAS,2026-01-14 22:15,2026-01-14 23:51,Interlocking Testing Block,Requested
BR000333,TASK60713,S&T,BSR-BPL,2026-01-14 22:15,2026-01-15 03:12,Interlocking Testing Block,Requested
BR000334,TASK59093,S&T,CNB-ALD,2026-01-14 22:30,2026-01-15 00:11,Interlocking Testing Block,Rejected
BR000335,TASK31936,Engineering,JP-ADI,2026-01-14 22:45,2026-01-15 03:01,Non-Interlocking Block,Approved
BR000336,TASK78562,Engineering,BPL-JHS,2026-01-14 22:45,2026-01-15 00:30,Bridge Inspection Block,Approved
BR000337,TASK67685,Traction,NDLS-GZB,2026-01-14 22:45,2026-01-15 00:57,Traction Feed Block,Approved
BR000338,TASK86039,Engineering,SBC-MAS,2026-01-14 23:45,2026-01-15 03:08,Bridge Inspection Block,Requested
BR000339,TASK98157,Engineering,JP-ADI,2026-01-14 23:45,2026-01-15 03:54,Traffic Block,Rejected
BR000340,TASK61092,Engineering,SC-NGP,2026-01-15 00:00,2026-01-15 01:53,Non-Interlocking Block,Requested
BR000341,TASK14601,Engineering,ALD-MGS,2026-01-15 00:15,2026-01-15 03:47,Bridge Inspection Block,Requested
BR000342,TASK96715,Traction,JTJ-SBC,2026-01-15 00:30,2026-01-15 01:56,OHE Maintenance Block,Approved
BR000343,TASK50029,Engineering,NDLS-ASR,2026-01-15 00:30,2026-01-15 02:04,Bridge Inspection Block,Rejected
BR000344,TASK50757,Traction,CNB-ALD,2026-01-15 00:45,2026-01-15 03:48,Traction Feed Block,Completed
BR000345,TASK95153,S&T,NDLS-GZB,2026-01-15 00:45,2026-01-15 03:13,Interlocking Testing Block,Approved
BR000346,TASK18579,S&T,ALD-MGS,2026-01-15 01:00,2026-01-15 03:45,Interlocking Testing Block,Completed
BR000347,TASK10009,Traction,JP-ADI,2026-01-15 01:45,2026-01-15 05:33,Traction Feed Block,Approved
BR000348,TASK74148,S&T,JTJ-SBC,2026-01-15 01:45,2026-01-15 05:37,Cable Block,Approved
BR000349,TASK55920,Engineering,SBC-UBL,2026-01-15 11:15,2026-01-15 12:39,Track Renewal Block,Approved
BR000350,TASK35472,Engineering,BSR-BPL,2026-01-15 11:30,2026-01-15 12:49,Non-Interlocking Block,Completed
BR000351,TASK72513,Engineering,BSR-BPL,2026-01-15 11:45,2026-01-15 13:13,Track Renewal Block,Completed
BR000352,TASK62539,Traction,HWH-KGP,2026-01-15 12:45,2026-01-15 14:11,OHE Maintenance Block,Approved
BR000353,TASK71663,S&T,NDLS-ASR,2026-01-15 13:15,2026-01-15 15:01,Interlocking Testing Block,Cancelled
BR000354,TASK66411,Engineering,PUNE-CSMT,2026-01-15 15:30,2026-01-15 16:30,Traffic Block,Requested
BR000355,TASK38447,Traction,MGS-HWH,2026-01-15 22:00,2026-01-16 00:20,Power Block,Approved
BR000356,TASK69776,Engineering,BZA-MAS,2026-01-15 22:45,2026-01-16 02:41,Bridge Inspection Block,Completed
BR000357,TASK85305,Engineering,ALD-MGS,2026-01-15 22:45,2026-01-16 00:35,Non-Interlocking Block,Approved
BR000358,TASK52788,Engineering,MAS-JTJ,2026-01-15 23:00,2026-01-16 01:21,Traffic Block,Approved
BR000359,TASK61721,Engineering,ST-BCT,2026-01-15 23:00,2026-01-16 00:59,Bridge Inspection Block,Approved
BR000360,TASK85558,S&T,GZB-CNB,2026-01-15 23:00,2026-01-16 00:33,Cable Block,Approved
BR000361,TASK45584,Traction,BPL-JHS,2026-01-15 23:15,2026-01-16 02:27,Traction Feed Block,Approved
BR000362,TASK97613,Traction,SC-NGP,2026-01-15 23:15,2026-01-16 01:06,Traction Feed Block,Requested
BR000363,TASK65790,Engineering,BSP-R,2026-01-15 23:30,2026-01-16 02:24,Non-Interlocking Block,Requested
BR000364,TASK53873,S&T,VSKP-BZA,2026-01-15 23:30,2026-01-16 02:48,Signal Maintenance Block,Approved
BR000365,TASK31080,S&T,KGP-VSKP,2026-01-15 23:45,2026-01-16 01:25,Cable Block,Completed
BR000366,TASK29913,Engineering,BSR-BPL,2026-01-15 23:45,2026-01-16 04:20,Bridge Inspection Block,Approved
BR000367,TASK39305,Traction,NGP-BSP,2026-01-15 23:45,2026-01-16 04:25,Power Block,Rejected
BR000368,TASK69310,S&T,NJP-GHY,2026-01-16 00:00,2026-01-16 02:00,Cable Block,Completed
BR000369,TASK87543,Engineering,BPL-JHS,2026-01-16 00:00,2026-01-16 02:23,Track Renewal Block,Requested
BR000370,TASK63273,Traction,VSKP-BZA,2026-01-16 00:15,2026-01-16 02:02,OHE Maintenance Block,Approved
BR000371,TASK99101,S&T,BZA-MAS,2026-01-16 00:15,2026-01-16 03:56,Interlocking Testing Block,Requested
BR000372,TASK67714,Traction,BRC-ST,2026-01-16 00:45,2026-01-16 02:53,Traction Feed Block,Approved
BR000373,TASK36352,S&T,VSKP-BZA,2026-01-16 00:45,2026-01-16 03:56,Cable Block,Rejected
BR000374,TASK58239,S&T,HWH-NJP,2026-01-16 01:00,2026-01-16 03:36,Cable Block,Rejected
BR000375,TASK31973,Traction,MGS-HWH,2026-01-16 01:00,2026-01-16 03:24,Traction Feed Block,Approved
BR000376,TASK56700,Engineering,ST-BCT,2026-01-16 01:00,2026-01-16 02:55,Traffic Block,Approved
BR000377,TASK54264,S&T,BSR-BPL,2026-01-16 01:15,2026-01-16 02:17,Interlocking Testing Block,Approved
BR000378,TASK47765,Traction,NDLS-UMB,2026-01-16 01:30,2026-01-16 03:12,OHE Maintenance Block,Cancelled
BR000379,TASK47600,Engineering,MAS-JTJ,2026-01-16 01:30,2026-01-16 03:31,Bridge Inspection Block,Approved
BR000380,TASK33159,Traction,JP-ADI,2026-01-16 01:30,2026-01-16 06:23,Power Block,Approved
BR000381,TASK82819,Engineering,SC-NGP,2026-01-16 01:45,2026-01-16 03:11,Track Renewal Block,Completed
BR000382,TASK51983,S&T,CSMT-BSR,2026-01-16 10:00,2026-01-16 10:42,Signal Maintenance Block,Rejected
BR000383,TASK79037,Engineering,PUNE-CSMT,2026-01-16 11:00,2026-01-16 12:17,Track Renewal Block,Approved
BR000384,TASK78811,S&T,BZA-MAS,2026-01-16 12:15,2026-01-16 13:16,Interlocking Testing Block,Approved
BR000385,TASK80877,Traction,JU-JP,2026-01-16 14:30,2026-01-16 15:57,OHE Maintenance Block,Approved
BR000386,TASK53196,Engineering,KGP-VSKP,2026-01-16 15:00,2026-01-16 16:29,Non-Interlocking Block,Approved
BR000387,TASK95820,Engineering,BZA-MAS,2026-01-16 22:00,2026-01-17 01:16,Track Renewal Block,Requested
BR000388,TASK31736,Engineering,NDLS-JHS,2026-01-16 22:15,2026-01-17 02:28,Bridge Inspection Block,Approved
BR000389,TASK96967,S&T,ALD-MGS,2026-01-16 22:30,2026-01-17 03:12,Signal Maintenance Block,Completed
BR000390,TASK74946,S&T,ST-BCT,2026-01-16 22:30,2026-01-17 00:59,Cable Block,Completed
BR000391,TASK25282,Engineering,ADI-BRC,2026-01-16 23:15,2026-01-17 00:59,Non-Interlocking Block,Completed
BR000392,TASK38593,Engineering,BZA-SC,2026-01-16 23:15,2026-01-17 02:10,Non-Interlocking Block,Requested
BR000393,TASK42460,Traction,CNB-ALD,2026-01-16 23:15,2026-01-17 02:45,Traction Feed Block,Completed
BR000394,TASK64513,Engineering,KGP-VSKP,2026-01-16 23:15,2026-01-17 03:22,Track Renewal Block,Requested
BR000395,TASK43855,Traction,BSP-R,2026-01-16 23:45,2026-01-17 01:00,Power Block,Requested
BR000396,TASK20960,Traction,BZA-SC,2026-01-16 23:45,2026-01-17 01:00,Power Block,Cancelled
BR000397,TASK46979,S&T,KGP-VSKP,2026-01-17 00:00,2026-01-17 01:33,Interlocking Testing Block,Approved
BR000398,TASK19158,Engineering,SBC-MAS,2026-01-17 00:00,2026-01-17 03:57,Non-Interlocking Block,Completed
BR000399,TASK14440,Engineering,JTJ-SBC,2026-01-17 00:15,2026-01-17 05:00,Bridge Inspection Block,Requested
BR000400,TASK19594,Engineering,CSMT-BSR,2026-01-17 00:15,2026-01-17 02:39,Non-Interlocking Block,Approved
BR000401,TASK62018,Engineering,BRC-ST,2026-01-17 01:00,2026-01-17 05:50,Track Renewal Block,Requested
BR000402,TASK64337,S&T,NDLS-GZB,2026-01-17 01:15,2026-01-17 02:35,Cable Block,Approved
BR000403,TASK25635,S&T,BSR-BPL,2026-01-17 01:15,2026-01-17 05:18,Signal Maintenance Block,Approved
BR000404,TASK79751,S&T,BRC-ST,2026-01-17 01:30,2026-01-17 03:12,Interlocking Testing Block,Completed
BR000405,TASK50153,S&T,JP-ADI,2026-01-17 01:45,2026-01-17 05:13,Interlocking Testing Block,Completed
BR000406,TASK13843,Engineering,HWH-KGP,2026-01-17 11:30,2026-01-17 12:04,Track Renewal Block,Rejected
BR000407,TASK48825,S&T,BZA-SC,2026-01-17 11:45,2026-01-17 12:45,Cable Block,Requested
BR000408,TASK32742,Engineering,ST-BCT,2026-01-17 12:45,2026-01-17 14:38,Traffic Block,Requested
BR000409,TASK16354,Traction,NDLS-ASR,2026-01-17 14:30,2026-01-17 15:48,Power Block,Approved
BR000410,TASK96325,S&T,VSKP-BZA,2026-01-17 15:45,2026-01-17 17:24,Interlocking Testing Block,Requested
BR000411,TASK85450,S&T,NDLS-ASR,2026-01-17 22:00,2026-01-17 23:02,Interlocking Testing Block,Approved
BR000412,TASK34813,Traction,BSR-BPL,2026-01-17 22:00,2026-01-17 23:36,Traction Feed Block,Approved
BR000413,TASK72188,Engineering,SBC-UBL,2026-01-17 22:00,2026-01-17 23:52,Bridge Inspection Block,Requested
BR000414,TASK21844,S&T,SBC-UBL,2026-01-17 22:15,2026-01-18 02:58,Cable Block,Approved
BR000415,TASK81196,S&T,MGS-HWH,2026-01-17 22:30,2026-01-18 02:17,Cable Block,Approved
BR000416,TASK15065,Engineering,SBC-MAS,2026-01-17 22:45,2026-01-18 02:35,Track Renewal Block,Requested
BR000417,TASK38025,S&T,CSMT-BSR,2026-01-17 22:45,2026-01-18 03:13,Signal Maintenance Block,Completed
BR000418,TASK40116,Engineering,BZA-MAS,2026-01-17 22:45,2026-01-18 00:48,Traffic Block,Approved
BR000419,TASK28826,Engineering,JTJ-SBC,2026-01-17 23:00,2026-01-18 03:12,Track Renewal Block,Requested
BR000420,TASK92291,S&T,BPL-JHS,2026-01-17 23:30,2026-01-18 02:02,Signal Maintenance Block,Approved
BR000421,TASK56694,Engineering,VSKP-BZA,2026-01-17 23:45,2026-01-18 04:26,Traffic Block,Requested
BR000422,TASK43924,Engineering,NDLS-JHS,2026-01-18 00:00,2026-01-18 01:31,Bridge Inspection Block,Requested
BR000423,TASK96278,Engineering,BZA-SC,2026-01-18 00:15,2026-01-18 02:06,Traffic Block,Approved
BR000424,TASK41769,Traction,SBC-MAS,2026-01-18 00:30,2026-01-18 01:54,Traction Feed Block,Approved
BR000425,TASK77863,Traction,BZA-SC,2026-01-18 00:30,2026-01-18 03:15,Traction Feed Block,Approved
BR000426,TASK75627,S&T,NDLS-GZB,2026-01-18 00:45,2026-01-18 02:49,Cable Block,Approved
BR000427,TASK64369,S&T,JU-JP,2026-01-18 00:45,2026-01-18 01:59,Interlocking Testing Block,Approved
BR000428,TASK85897,Engineering,PUNE-CSMT,2026-01-18 00:45,2026-01-18 04:05,Track Renewal Block,Completed
BR000429,TASK67017,Traction,MAS-JTJ,2026-01-18 01:00,2026-01-18 03:18,OHE Maintenance Block,Approved
BR000430,TASK91234,Engineering,MGS-HWH,2026-01-18 01:00,2026-01-18 04:28,Bridge Inspection Block,Requested
BR000431,TASK16899,Traction,MAS-JTJ,2026-01-18 01:15,2026-01-18 02:44,Traction Feed Block,Approved
BR000432,TASK48669,Engineering,JTJ-SBC,2026-01-18 01:30,2026-01-18 05:29,Non-Interlocking Block,Approved
BR000433,TASK47265,Traction,BSR-BPL,2026-01-18 01:45,2026-01-18 03:16,OHE Maintenance Block,Approved
BR000434,TASK46500,Engineering,BSR-BPL,2026-01-18 01:45,2026-01-18 04:28,Bridge Inspection Block,Completed
BR000435,TASK53882,Traction,CNB-ALD,2026-01-18 10:30,2026-01-18 11:19,OHE Maintenance Block,Completed
BR000436,TASK20009,Engineering,CSMT-BSR,2026-01-18 11:45,2026-01-18 13:03,Bridge Inspection Block,Approved
BR000437,TASK78323,Engineering,NDLS-GZB,2026-01-18 15:45,2026-01-18 16:48,Bridge Inspection Block,Completed
BR000438,TASK90819,Engineering,CNB-ALD,2026-01-18 22:30,2026-01-19 02:15,Non-Interlocking Block,Approved
BR000439,TASK72381,Engineering,UBL-PUNE,2026-01-18 22:45,2026-01-19 02:11,Bridge Inspection Block,Requested
BR000440,TASK81278,Engineering,JTJ-SBC,2026-01-18 22:45,2026-01-19 00:34,Track Renewal Block,Approved
BR000441,TASK28314,Engineering,BZA-MAS,2026-01-18 22:45,2026-01-19 01:15,Traffic Block,Completed
BR000442,TASK68286,Traction,SBC-UBL,2026-01-18 22:45,2026-01-19 03:12,Traction Feed Block,Approved
BR000443,TASK16143,Engineering,CSMT-BSR,2026-01-18 23:15,2026-01-19 01:56,Track Renewal Block,Approved
BR000444,TASK64526,Traction,CSMT-BSR,2026-01-18 23:15,2026-01-19 01:43,Traction Feed Block,Rejected
BR000445,TASK72231,Engineering,CSMT-BSR,2026-01-18 23:15,2026-01-19 00:42,Non-Interlocking Block,Completed
BR000446,TASK61569,Engineering,MGS-HWH,2026-01-18 23:30,2026-01-19 04:18,Non-Interlocking Block,Approved
BR000447,TASK69340,Engineering,BRC-ST,2026-01-18 23:30,2026-01-19 03:12,Bridge Inspection Block,Approved
BR000448,TASK52567,Traction,BZA-SC,2026-01-18 23:45,2026-01-19 04:23,OHE Maintenance Block,Requested
BR000449,TASK53818,S&T,MGS-HWH,2026-01-18 23:45,2026-01-19 02:39,Signal Maintenance Block,Requested
BR000450,TASK26875,S&T,NDLS-GZB,2026-01-18 23:45,2026-01-19 01:44,Signal Maintenance Block,Requested
BR000451,TASK55073,Engineering,NDLS-ASR,2026-01-19 00:15,2026-01-19 02:03,Track Renewal Block,Cancelled
BR000452,TASK49492,Engineering,MGS-HWH,2026-01-19 00:15,2026-01-19 03:20,Track Renewal Block,Approved
BR000453,TASK40913,Engineering,UBL-PUNE,2026-01-19 00:45,2026-01-19 04:03,Track Renewal Block,Approved
BR000454,TASK97031,Traction,CNB-ALD,2026-01-19 00:45,2026-01-19 02:05,OHE Maintenance Block,Approved
BR000455,TASK41001,Engineering,SBC-UBL,2026-01-19 00:45,2026-01-19 04:19,Bridge Inspection Block,Rejected
BR000456,TASK93198,Engineering,KGP-VSKP,2026-01-19 01:00,2026-01-19 02:39,Track Renewal Block,Approved
BR000457,TASK47004,Engineering,NDLS-GZB,2026-01-19 01:45,2026-01-19 05:41,Bridge Inspection Block,Completed
BR000458,TASK61593,Traction,BZA-SC,2026-01-19 12:30,2026-01-19 14:11,OHE Maintenance Block,Approved
BR000459,TASK12048,Traction,BPL-JHS,2026-01-19 12:45,2026-01-19 14:33,Traction Feed Block,Approved
BR000460,TASK61651,Traction,JTJ-SBC,2026-01-19 14:30,2026-01-19 16:23,Power Block,Approved
BR000461,TASK71678,Traction,JP-ADI,2026-01-19 15:00,2026-01-19 16:43,Traction Feed Block,Rejected
BR000462,TASK81770,S&T,KGP-VSKP,2026-01-19 22:00,2026-01-20 01:30,Signal Maintenance Block,Approved
BR000463,TASK68661,Engineering,BRC-ST,2026-01-19 22:30,2026-01-20 02:48,Non-Interlocking Block,Approved
BR000464,TASK79770,S&T,GZB-CNB,2026-01-19 23:15,2026-01-20 00:24,Interlocking Testing Block,Approved
BR000465,TASK66854,Traction,BZA-MAS,2026-01-19 23:45,2026-01-20 01:00,Traction Feed Block,Approved
BR000466,TASK14327,Engineering,GZB-CNB,2026-01-19 23:45,2026-01-20 02:21,Non-Interlocking Block,Approved
BR000467,TASK51447,Traction,DLI-JU,2026-01-19 23:45,2026-01-20 04:31,Power Block,Approved
BR000468,TASK81718,Engineering,JTJ-SBC,2026-01-19 23:45,2026-01-20 00:57,Bridge Inspection Block,Approved
BR000469,TASK58275,S&T,HWH-KGP,2026-01-20 00:00,2026-01-20 03:11,Cable Block,Approved
BR000470,TASK64330,Engineering,MGS-HWH,2026-01-20 00:00,2026-01-20 03:17,Non-Interlocking Block,Requested
BR000471,TASK92695,S&T,CNB-ALD,2026-01-20 00:15,2026-01-20 04:28,Cable Block,Approved
BR000472,TASK84689,Engineering,NDLS-JHS,2026-01-20 00:30,2026-01-20 01:34,Bridge Inspection Block,Approved
BR000473,TASK12164,S&T,NDLS-UMB,2026-01-20 00:30,2026-01-20 01:42,Interlocking Testing Block,Approved
BR000474,TASK91538,S&T,BZA-SC,2026-01-20 00:45,2026-01-20 05:30,Interlocking Testing Block,Approved
BR000475,TASK43477,Traction,HWH-KGP,2026-01-20 00:45,2026-01-20 04:31,Power Block,Approved
BR000476,TASK49053,Traction,MGS-HWH,2026-01-20 01:00,2026-01-20 03:59,Traction Feed Block,Approved
BR000477,TASK48566,Engineering,MGS-HWH,2026-01-20 01:00,2026-01-20 03:35,Track Renewal Block,Requested
BR000478,TASK86878,Engineering,ST-BCT,2026-01-20 01:15,2026-01-20 05:54,Bridge Inspection Block,Requested
BR000479,TASK71793,S&T,BRC-ST,2026-01-20 01:15,2026-01-20 04:41,Interlocking Testing Block,Approved
BR000480,TASK64073,Engineering,BSR-BPL,2026-01-20 01:15,2026-01-20 03:51,Traffic Block,Approved
BR000481,TASK34945,Engineering,CNB-ALD,2026-01-20 01:15,2026-01-20 04:15,Non-Interlocking Block,Approved
BR000482,TASK67881,Engineering,HWH-KGP,2026-01-20 01:30,2026-01-20 03:13,Non-Interlocking Block,Approved
BR000483,TASK67721,S&T,KGP-VSKP,2026-01-20 01:45,2026-01-20 05:20,Signal Maintenance Block,Approved
BR000484,TASK73953,S&T,SBC-MAS,2026-01-20 01:45,2026-01-20 04:59,Interlocking Testing Block,Completed
BR000485,TASK39102,Traction,MGS-HWH,2026-01-20 11:15,2026-01-20 12:13,OHE Maintenance Block,Approved
BR000486,TASK96568,Engineering,NJP-GHY,2026-01-20 12:15,2026-01-20 13:19,Traffic Block,Requested
BR000487,TASK85594,Engineering,ST-BCT,2026-01-20 12:30,2026-01-20 14:09,Non-Interlocking Block,Completed
BR000488,TASK36780,Engineering,SBC-UBL,2026-01-20 12:45,2026-01-20 13:16,Track Renewal Block,Cancelled
BR000489,TASK52302,Traction,KGP-VSKP,2026-01-20 15:30,2026-01-20 16:31,OHE Maintenance Block,Approved
BR000490,TASK69045,S&T,NDLS-GZB,2026-01-20 15:45,2026-01-20 17:08,Cable Block,Completed
BR000491,TASK31366,Traction,BZA-MAS,2026-01-20 15:45,2026-01-20 17:27,Power Block,Approved
BR000492,TASK61642,Traction,UBL-PUNE,2026-01-20 22:15,2026-01-21 02:24,OHE Maintenance Block,Approved
BR000493,TASK99742,Traction,ADI-BRC,2026-01-20 22:30,2026-01-21 02:44,Traction Feed Block,Approved
BR000494,TASK82685,Traction,SBC-UBL,2026-01-20 22:30,2026-01-21 02:15,OHE Maintenance Block,Completed
BR000495,TASK16044,Traction,CSMT-BSR,2026-01-20 23:00,2026-01-21 03:24,OHE Maintenance Block,Approved
BR000496,TASK73056,Traction,NGP-BSP,2026-01-20 23:00,2026-01-21 03:09,Traction Feed Block,Approved
BR000497,TASK34646,Engineering,GZB-CNB,2026-01-20 23:00,2026-01-21 01:55,Track Renewal Block,Rejected
BR000498,TASK61708,Engineering,ALD-MGS,2026-01-20 23:15,2026-01-21 03:48,Non-Interlocking Block,Approved
BR000499,TASK71449,S&T,BZA-SC,2026-01-20 23:15,2026-01-21 02:57,Cable Block,Approved
BR000500,TASK75385,Traction,CNB-ALD,2026-01-20 23:15,2026-01-21 02:41,Power Block,Requested
BR000501,TASK78227,Traction,MAS-JTJ,2026-01-20 23:30,2026-01-21 04:06,Power Block,Completed
BR000502,TASK46625,Engineering,BSR-BPL,2026-01-20 23:30,2026-01-21 02:46,Traffic Block,Requested
BR000503,TASK69085,S&T,BSR-BPL,2026-01-20 23:45,2026-01-21 04:12,Signal Maintenance Block,Requested
BR000504,TASK73899,S&T,MAS-JTJ,2026-01-20 23:45,2026-01-21 03:29,Cable Block,Approved
BR000505,TASK12930,S&T,NDLS-JHS,2026-01-20 23:45,2026-01-21 01:22,Signal Maintenance Block,Approved
BR000506,TASK12305,Engineering,NDLS-JHS,2026-01-20 23:45,2026-01-21 01:20,Track Renewal Block,Approved
BR000507,TASK84828,Engineering,BSP-R,2026-01-21 00:00,2026-01-21 02:24,Bridge Inspection Block,Requested
BR000508,TASK44853,S&T,SC-NGP,2026-01-21 00:00,2026-01-21 03:25,Cable Block,Approved
BR000509,TASK91143,Engineering,BRC-ST,2026-01-21 00:45,2026-01-21 02:31,Non-Interlocking Block,Approved
BR000510,TASK54149,S&T,MAS-JTJ,2026-01-21 00:45,2026-01-21 04:02,Signal Maintenance Block,Approved
BR000511,TASK20616,Traction,GZB-CNB,2026-01-21 01:00,2026-01-21 02:33,Traction Feed Block,Completed
BR000512,TASK80160,Traction,BZA-MAS,2026-01-21 01:00,2026-01-21 02:46,Traction Feed Block,Completed
BR000513,TASK19790,S&T,DLI-JU,2026-01-21 01:15,2026-01-21 04:42,Interlocking Testing Block,Rejected
BR000514,TASK25556,S&T,NDLS-JHS,2026-01-21 01:30,2026-01-21 03:19,Signal Maintenance Block,Approved
BR000515,TASK48685,S&T,BRC-ST,2026-01-21 01:45,2026-01-21 06:08,Cable Block,Approved
BR000516,TASK55331,Traction,MGS-HWH,2026-01-21 01:45,2026-01-21 04:16,OHE Maintenance Block,Approved
BR000517,TASK87096,S&T,CNB-ALD,2026-01-21 01:45,2026-01-21 04:25,Signal Maintenance Block,Approved
BR000518,TASK92046,S&T,BRC-ST,2026-01-21 10:30,2026-01-21 11:41,Cable Block,Approved
BR000519,TASK32191,Traction,BSP-R,2026-01-21 11:30,2026-01-21 13:22,Traction Feed Block,Approved
BR000520,TASK33817,Engineering,HWH-KGP,2026-01-21 12:15,2026-01-21 13:14,Bridge Inspection Block,Rejected
BR000521,TASK86173,Engineering,NDLS-JHS,2026-01-21 13:00,2026-01-21 14:07,Non-Interlocking Block,Requested
BR000522,TASK71899,Traction,NDLS-UMB,2026-01-21 14:30,2026-01-21 15:28,Power Block,Approved
BR000523,TASK69349,Engineering,UBL-PUNE,2026-01-21 15:45,2026-01-21 17:36,Track Renewal Block,Approved
BR000524,TASK45645,Traction,ADI-BRC,2026-01-21 22:00,2026-01-22 00:14,Power Block,Approved
BR000525,TASK80409,S&T,NDLS-GZB,2026-01-21 22:00,2026-01-22 02:05,Interlocking Testing Block,Requested
BR000526,TASK95618,Engineering,GZB-CNB,2026-01-21 22:00,2026-01-22 01:09,Non-Interlocking Block,Approved
BR000527,TASK88709,Engineering,HWH-NJP,2026-01-21 22:00,2026-01-21 23:46,Bridge Inspection Block,Approved
BR000528,TASK39328,S&T,BZA-MAS,2026-01-21 22:00,2026-01-22 00:56,Signal Maintenance Block,Approved
BR000529,TASK94263,Traction,CNB-ALD,2026-01-21 23:00,2026-01-22 00:44,OHE Maintenance Block,Approved
BR000530,TASK49460,Engineering,NGP-BSP,2026-01-21 23:00,2026-01-22 01:59,Track Renewal Block,Approved
BR000531,TASK95055,Engineering,JTJ-SBC,2026-01-21 23:00,2026-01-22 01:31,Traffic Block,Approved
BR000532,TASK69560,Engineering,BZA-SC,2026-01-21 23:00,2026-01-22 03:28,Bridge Inspection Block,Requested
BR000533,TASK99473,Engineering,ST-BCT,2026-01-21 23:15,2026-01-22 02:54,Non-Interlocking Block,Approved
BR000534,TASK19500,Traction,CNB-ALD,2026-01-21 23:15,2026-01-22 02:13,Power Block,Completed
BR000535,TASK29176,S&T,ADI-BRC,2026-01-21 23:15,2026-01-22 03:21,Interlocking Testing Block,Requested
BR000536,TASK56674,Traction,MGS-HWH,2026-01-21 23:30,2026-01-22 02:14,Traction Feed Block,Rejected
BR000537,TASK13997,Engineering,NJP-GHY,2026-01-21 23:45,2026-01-22 04:06,Track Renewal Block,Completed
BR000538,TASK89302,S&T,JU-JP,2026-01-22 00:30,2026-01-22 03:45,Cable Block,Approved
BR000539,TASK29748,Engineering,SBC-MAS,2026-01-22 00:30,2026-01-22 05:14,Traffic Block,Cancelled
BR000540,TASK67103,S&T,CNB-ALD,2026-01-22 00:30,2026-01-22 01:50,Cable Block,Approved
BR000541,TASK28947,Engineering,NDLS-GZB,2026-01-22 00:30,2026-01-22 03:57,Bridge Inspection Block,Approved
BR000542,TASK92373,Engineering,UBL-PUNE,2026-01-22 00:45,2026-01-22 03:50,Traffic Block,Rejected
BR000543,TASK55187,Traction,JTJ-SBC,2026-01-22 00:45,2026-01-22 04:12,OHE Maintenance Block,Approved
BR000544,TASK31511,Engineering,JTJ-SBC,2026-01-22 01:00,2026-01-22 03:23,Non-Interlocking Block,Requested
BR000545,TASK43451,S&T,NDLS-GZB,2026-01-22 01:30,2026-01-22 05:22,Interlocking Testing Block,Completed
BR000546,TASK46491,Engineering,BSR-BPL,2026-01-22 01:30,2026-01-22 05:13,Non-Interlocking Block,Completed
BR000547,TASK68596,Engineering,GZB-CNB,2026-01-22 01:30,2026-01-22 04:45,Bridge Inspection Block,Completed
BR000548,TASK53968,Traction,KGP-VSKP,2026-01-22 01:30,2026-01-22 03:52,OHE Maintenance Block,Approved
BR000549,TASK32605,Traction,JTJ-SBC,2026-01-22 01:45,2026-01-22 05:16,Traction Feed Block,Approved
BR000550,TASK18535,Engineering,JTJ-SBC,2026-01-22 01:45,2026-01-22 03:06,Non-Interlocking Block,Approved
BR000551,TASK26915,Engineering,MGS-HWH,2026-01-22 01:45,2026-01-22 05:30,Bridge Inspection Block,Requested
BR000552,TASK89375,Traction,GZB-CNB,2026-01-22 01:45,2026-01-22 06:20,OHE Maintenance Block,Approved
BR000553,TASK95359,Engineering,ST-BCT,2026-01-22 01:45,2026-01-22 05:57,Bridge Inspection Block,Requested
BR000554,TASK99524,S&T,ST-BCT,2026-01-22 10:30,2026-01-22 11:26,Signal Maintenance Block,Requested
BR000555,TASK22713,Traction,HWH-KGP,2026-01-22 11:30,2026-01-22 13:16,Traction Feed Block,Approved
BR000556,TASK57524,Traction,BPL-JHS,2026-01-22 13:30,2026-01-22 15:20,Traction Feed Block,Approved
BR000557,TASK21623,Traction,NJP-GHY,2026-01-22 13:30,2026-01-22 14:47,Power Block,Approved
BR000558,TASK81320,S&T,CNB-ALD,2026-01-22 15:15,2026-01-22 16:19,Signal Maintenance Block,Approved
BR000559,TASK33947,Traction,SBC-MAS,2026-01-22 22:30,2026-01-23 01:59,Power Block,Approved
BR000560,TASK66393,Engineering,BZA-MAS,2026-01-22 22:45,2026-01-23 00:19,Track Renewal Block,Completed
BR000561,TASK67652,S&T,ADI-BRC,2026-01-22 23:00,2026-01-23 01:19,Signal Maintenance Block,Approved
BR000562,TASK63882,S&T,NGP-BSP,2026-01-22 23:15,2026-01-23 03:39,Interlocking Testing Block,Approved
BR000563,TASK51379,S&T,NDLS-GZB,2026-01-22 23:30,2026-01-23 04:28,Cable Block,Requested
BR000564,TASK67815,Engineering,VSKP-BZA,2026-01-22 23:45,2026-01-23 03:33,Traffic Block,Approved
BR000565,TASK35629,Engineering,NJP-GHY,2026-01-22 23:45,2026-01-23 04:05,Bridge Inspection Block,Completed
BR000566,TASK81906,Traction,KGP-VSKP,2026-01-22 23:45,2026-01-23 04:41,Power Block,Approved
BR000567,TASK64052,Engineering,NGP-BSP,2026-01-23 00:00,2026-01-23 03:50,Track Renewal Block,Approved
BR000568,TASK54527,Engineering,HWH-NJP,2026-01-23 00:15,2026-01-23 04:47,Track Renewal Block,Approved
BR000569,TASK83761,Engineering,ST-BCT,2026-01-23 00:30,2026-01-23 05:03,Bridge Inspection Block,Requested
BR000570,TASK63465,Engineering,ST-BCT,2026-01-23 00:45,2026-01-23 04:16,Track Renewal Block,Approved
BR000571,TASK36664,Traction,NGP-BSP,2026-01-23 01:00,2026-01-23 05:22,Power Block,Approved
BR000572,TASK14807,Engineering,JP-ADI,2026-01-23 01:30,2026-01-23 03:13,Bridge Inspection Block,Approved
BR000573,TASK43378,S&T,SBC-MAS,2026-01-23 01:45,2026-01-23 04:34,Signal Maintenance Block,Cancelled
BR000574,TASK30642,S&T,NJP-GHY,2026-01-23 10:15,2026-01-23 11:57,Cable Block,Completed
BR000575,TASK15688,Engineering,KGP-VSKP,2026-01-23 11:00,2026-01-23 12:48,Non-Interlocking Block,Approved
BR000576,TASK39539,Engineering,ST-BCT,2026-01-23 14:15,2026-01-23 14:47,Track Renewal Block,Completed
BR000577,TASK64175,S&T,SBC-MAS,2026-01-23 14:45,2026-01-23 15:22,Interlocking Testing Block,Rejected
BR000578,TASK42358,Engineering,MGS-HWH,2026-01-23 22:00,2026-01-23 23:17,Non-Interlocking Block,Approved
BR000579,TASK11855,Traction,NDLS-UMB,2026-01-23 22:00,2026-01-23 23:10,OHE Maintenance Block,Approved
BR000580,TASK73488,Engineering,JP-ADI,2026-01-23 22:15,2026-01-23 23:41,Bridge Inspection Block,Requested
BR000581,TASK88466,Traction,DLI-JU,2026-01-23 22:15,2026-01-23 23:38,Traction Feed Block,Rejected
BR000582,TASK62159,Engineering,MGS-HWH,2026-01-23 22:15,2026-01-23 23:25,Non-Interlocking Block,Approved
BR000583,TASK62709,S&T,HWH-KGP,2026-01-23 22:15,2026-01-24 00:18,Interlocking Testing Block,Cancelled
BR000584,TASK88032,S&T,SBC-UBL,2026-01-23 22:30,2026-01-24 02:32,Cable Block,Rejected
BR000585,TASK38818,S&T,NDLS-UMB,2026-01-23 22:30,2026-01-24 02:38,Cable Block,Approved
BR000586,TASK82350,Engineering,KGP-VSKP,2026-01-23 22:30,2026-01-23 23:32,Traffic Block,Approved
BR000587,TASK48754,Engineering,BRC-ST,2026-01-23 22:30,2026-01-24 01:22,Track Renewal Block,Approved
BR000588,TASK12643,S&T,BPL-JHS,2026-01-23 22:45,2026-01-24 00:03,Interlocking Testing Block,Completed
BR000589,TASK96889,Engineering,SC-NGP,2026-01-23 22:45,2026-01-24 00:10,Track Renewal Block,Rejected
BR000590,TASK67907,Engineering,NDLS-JHS,2026-01-23 23:00,2026-01-24 03:56,Track Renewal Block,Approved
BR000591,TASK76839,S&T,KGP-VSKP,2026-01-23 23:15,2026-01-24 02:55,Interlocking Testing Block,Approved
BR000592,TASK83446,S&T,ST-BCT,2026-01-23 23:30,2026-01-24 03:08,Cable Block,Completed
BR000593,TASK69487,S&T,BZA-MAS,2026-01-23 23:45,2026-01-24 04:06,Interlocking Testing Block,Approved
BR000594,TASK60686,Traction,UBL-PUNE,2026-01-24 00:00,2026-01-24 04:28,Traction Feed Block,Approved
BR000595,TASK84706,S&T,PUNE-CSMT,2026-01-24 00:00,2026-01-24 01:21,Interlocking Testing Block,Approved
BR000596,TASK67406,Traction,CNB-ALD,2026-01-24 00:00,2026-01-24 04:58,Traction Feed Block,Requested
BR000597,TASK74132,Traction,NDLS-UMB,2026-01-24 00:15,2026-01-24 03:09,OHE Maintenance Block,Approved
BR000598,TASK60756,Engineering,ALD-MGS,2026-01-24 00:15,2026-01-24 04:09,Bridge Inspection Block,Approved
BR000599,TASK89720,Engineering,JTJ-SBC,2026-01-24 00:15,2026-01-24 05:09,Bridge Inspection Block,Requested
BR000600,TASK46943,S&T,HWH-KGP,2026-01-24 00:15,2026-01-24 03:40,Cable Block,Completed
BR000601,TASK41788,S&T,BSR-BPL,2026-01-24 00:45,2026-01-24 03:56,Signal Maintenance Block,Approved
BR000602,TASK14501,S&T,ALD-MGS,2026-01-24 01:00,2026-01-24 05:40,Signal Maintenance Block,Approved
BR000603,TASK54138,Engineering,CNB-ALD,2026-01-24 01:00,2026-01-24 05:39,Bridge Inspection Block,Approved
BR000604,TASK83277,Engineering,VSKP-BZA,2026-01-24 01:00,2026-01-24 02:39,Track Renewal Block,Approved
BR000605,TASK20899,Engineering,HWH-KGP,2026-01-24 01:00,2026-01-24 03:04,Bridge Inspection Block,Requested
BR000606,TASK45521,Engineering,SC-NGP,2026-01-24 01:15,2026-01-24 05:15,Bridge Inspection Block,Approved
BR000607,TASK38492,S&T,NDLS-GZB,2026-01-24 10:30,2026-01-24 11:12,Signal Maintenance Block,Completed
BR000608,TASK86304,Traction,CNB-ALD,2026-01-24 10:30,2026-01-24 12:06,OHE Maintenance Block,Cancelled
BR000609,TASK87845,Engineering,BPL-JHS,2026-01-24 13:30,2026-01-24 14:44,Non-Interlocking Block,Cancelled
BR000610,TASK84636,Engineering,BZA-MAS,2026-01-24 13:45,2026-01-24 15:38,Non-Interlocking Block,Approved
BR000611,TASK94687,Engineering,BPL-JHS,2026-01-24 14:00,2026-01-24 15:12,Traffic Block,Approved
BR000612,TASK19593,S&T,ADI-BRC,2026-01-24 14:00,2026-01-24 15:12,Cable Block,Approved
BR000613,TASK97332,Engineering,BSP-R,2026-01-24 22:00,2026-01-25 00:04,Track Renewal Block,Approved
BR000614,TASK11232,Traction,NGP-BSP,2026-01-24 22:30,2026-01-25 00:18,OHE Maintenance Block,Approved
BR000615,TASK34380,S&T,SC-NGP,2026-01-24 23:15,2026-01-25 03:14,Interlocking Testing Block,Approved
BR000616,TASK92487,Engineering,BPL-JHS,2026-01-24 23:30,2026-01-25 03:57,Non-Interlocking Block,Completed
BR000617,TASK29247,Traction,CSMT-BSR,2026-01-24 23:45,2026-01-25 02:21,OHE Maintenance Block,Approved
BR000618,TASK41515,Traction,NDLS-UMB,2026-01-24 23:45,2026-01-25 03:26,OHE Maintenance Block,Rejected
BR000619,TASK57066,Traction,SBC-UBL,2026-01-24 23:45,2026-01-25 03:32,Power Block,Approved
BR000620,TASK48808,S&T,BZA-MAS,2026-01-24 23:45,2026-01-25 01:49,Cable Block,Cancelled
BR000621,TASK21653,Engineering,BZA-MAS,2026-01-25 00:00,2026-01-25 04:08,Traffic Block,Requested
BR000622,TASK82640,Engineering,NDLS-ASR,2026-01-25 00:00,2026-01-25 03:59,Bridge Inspection Block,Approved
BR000623,TASK21037,S&T,JP-ADI,2026-01-25 00:30,2026-01-25 02:20,Interlocking Testing Block,Requested
BR000624,TASK99409,Engineering,MGS-HWH,2026-01-25 00:45,2026-01-25 05:21,Non-Interlocking Block,Cancelled
BR000625,TASK26393,Engineering,BSR-BPL,2026-01-25 00:45,2026-01-25 04:27,Bridge Inspection Block,Requested
BR000626,TASK50208,S&T,KGP-VSKP,2026-01-25 00:45,2026-01-25 03:19,Interlocking Testing Block,Approved
BR000627,TASK84607,Traction,ALD-MGS,2026-01-25 00:45,2026-01-25 04:47,Traction Feed Block,Rejected
BR000628,TASK26934,Traction,BZA-MAS,2026-01-25 01:00,2026-01-25 03:48,Power Block,Cancelled
BR000629,TASK78464,Engineering,BRC-ST,2026-01-25 01:00,2026-01-25 02:52,Traffic Block,Approved
BR000630,TASK12932,Engineering,BPL-JHS,2026-01-25 01:00,2026-01-25 03:01,Traffic Block,Requested
BR000631,TASK50715,S&T,GZB-CNB,2026-01-25 01:15,2026-01-25 05:23,Signal Maintenance Block,Approved
BR000632,TASK32360,Engineering,NDLS-GZB,2026-01-25 01:15,2026-01-25 05:52,Traffic Block,Requested
BR000633,TASK14251,S&T,ALD-MGS,2026-01-25 01:15,2026-01-25 04:06,Cable Block,Rejected
BR000634,TASK48275,Engineering,UBL-PUNE,2026-01-25 01:45,2026-01-25 03:15,Traffic Block,Requested
BR000635,TASK21507,S&T,NGP-BSP,2026-01-25 11:00,2026-01-25 11:57,Signal Maintenance Block,Completed
BR000636,TASK66963,Traction,ALD-MGS,2026-01-25 11:30,2026-01-25 12:36,OHE Maintenance Block,Approved
BR000637,TASK71848,Engineering,PUNE-CSMT,2026-01-25 13:15,2026-01-25 14:45,Traffic Block,Rejected
BR000638,TASK50233,Traction,NDLS-ASR,2026-01-25 13:45,2026-01-25 15:23,Power Block,Requested
BR000639,TASK27349,Engineering,ALD-MGS,2026-01-25 15:15,2026-01-25 16:09,Track Renewal Block,Approved
BR000640,TASK13166,Traction,ADI-BRC,2026-01-25 22:15,2026-01-26 00:54,Traction Feed Block,Approved
BR000641,TASK13753,S&T,BPL-JHS,2026-01-25 22:30,2026-01-26 01:27,Cable Block,Approved
BR000642,TASK30150,Engineering,VSKP-BZA,2026-01-25 22:45,2026-01-26 02:38,Non-Interlocking Block,Rejected
BR000643,TASK96307,S&T,NDLS-GZB,2026-01-25 22:45,2026-01-26 01:13,Signal Maintenance Block,Cancelled
BR000644,TASK25608,Traction,ALD-MGS,2026-01-25 22:45,2026-01-26 01:47,OHE Maintenance Block,Cancelled
BR000645,TASK97853,Traction,DLI-JU,2026-01-25 23:00,2026-01-26 02:23,Traction Feed Block,Approved
BR000646,TASK99147,Engineering,BPL-JHS,2026-01-25 23:00,2026-01-26 01:18,Track Renewal Block,Approved
BR000647,TASK53245,Traction,CSMT-BSR,2026-01-25 23:00,2026-01-26 00:23,Traction Feed Block,Completed
BR000648,TASK97777,Engineering,NDLS-ASR,2026-01-25 23:15,2026-01-26 03:13,Track Renewal Block,Approved
BR000649,TASK90185,S&T,MAS-JTJ,2026-01-25 23:15,2026-01-26 01:04,Signal Maintenance Block,Cancelled
BR000650,TASK14734,Engineering,ADI-BRC,2026-01-25 23:30,2026-01-26 02:47,Bridge Inspection Block,Approved
BR000651,TASK79174,Engineering,JTJ-SBC,2026-01-25 23:45,2026-01-26 02:43,Traffic Block,Approved
BR000652,TASK92744,S&T,NDLS-ASR,2026-01-25 23:45,2026-01-26 04:38,Signal Maintenance Block,Requested
BR000653,TASK21543,Traction,NGP-BSP,2026-01-26 00:00,2026-01-26 04:32,Traction Feed Block,Approved
BR000654,TASK98856,S&T,MAS-JTJ,2026-01-26 00:00,2026-01-26 04:48,Interlocking Testing Block,Completed
BR000655,TASK18628,S&T,PUNE-CSMT,2026-01-26 00:15,2026-01-26 02:00,Signal Maintenance Block,Approved
BR000656,TASK15800,Engineering,ST-BCT,2026-01-26 00:15,2026-01-26 02:11,Bridge Inspection Block,Approved
BR000657,TASK42820,Engineering,GZB-CNB,2026-01-26 00:15,2026-01-26 04:59,Non-Interlocking Block,Completed
BR000658,TASK49477,Engineering,MAS-JTJ,2026-01-26 00:30,2026-01-26 04:23,Track Renewal Block,Approved
BR000659,TASK38155,Engineering,VSKP-BZA,2026-01-26 00:45,2026-01-26 04:19,Traffic Block,Requested
BR000660,TASK84066,Traction,NJP-GHY,2026-01-26 01:00,2026-01-26 04:26,Power Block,Requested
BR000661,TASK79956,Engineering,ST-BCT,2026-01-26 01:00,2026-01-26 02:06,Track Renewal Block,Requested
BR000662,TASK72774,Engineering,BRC-ST,2026-01-26 01:00,2026-01-26 03:23,Non-Interlocking Block,Approved
BR000663,TASK97213,S&T,CNB-ALD,2026-01-26 01:30,2026-01-26 05:58,Cable Block,Approved
BR000664,TASK20457,Traction,BSP-R,2026-01-26 01:30,2026-01-26 03:56,Power Block,Rejected
BR000665,TASK97094,Engineering,NDLS-GZB,2026-01-26 01:30,2026-01-26 03:43,Traffic Block,Approved
BR000666,TASK63456,Engineering,ST-BCT,2026-01-26 01:45,2026-01-26 04:00,Bridge Inspection Block,Completed
BR000667,TASK47536,Engineering,CNB-ALD,2026-01-26 01:45,2026-01-26 03:10,Bridge Inspection Block,Rejected
BR000668,TASK94322,Traction,DLI-JU,2026-01-26 01:45,2026-01-26 03:22,Traction Feed Block,Rejected
BR000669,TASK26420,Engineering,NDLS-JHS,2026-01-26 12:30,2026-01-26 13:21,Non-Interlocking Block,Approved
BR000670,TASK91962,Engineering,ADI-BRC,2026-01-26 14:45,2026-01-26 15:21,Non-Interlocking Block,Approved
BR000671,TASK40372,S&T,GZB-CNB,2026-01-26 15:30,2026-01-26 16:00,Interlocking Testing Block,Rejected
BR000672,TASK75564,S&T,CSMT-BSR,2026-01-26 22:15,2026-01-27 03:05,Cable Block,Cancelled
BR000673,TASK56149,Traction,HWH-KGP,2026-01-26 22:15,2026-01-27 02:01,Traction Feed Block,Approved
BR000674,TASK38517,Traction,ADI-BRC,2026-01-26 22:30,2026-01-27 02:20,OHE Maintenance Block,Requested
BR000675,TASK61708,S&T,BSR-BPL,2026-01-26 23:00,2026-01-27 02:04,Interlocking Testing Block,Approved
BR000676,TASK16548,Engineering,BSR-BPL,2026-01-26 23:00,2026-01-27 03:01,Traffic Block,Completed
BR000677,TASK28913,Engineering,BRC-ST,2026-01-26 23:15,2026-01-27 03:41,Traffic Block,Approved
BR000678,TASK70738,Engineering,BZA-MAS,2026-01-26 23:15,2026-01-27 01:50,Non-Interlocking Block,Approved
BR000679,TASK51876,Engineering,HWH-KGP,2026-01-26 23:30,2026-01-27 01:57,Bridge Inspection Block,Approved
BR000680,TASK95499,Traction,JU-JP,2026-01-26 23:45,2026-01-27 00:45,OHE Maintenance Block,Approved
BR000681,TASK70286,Engineering,HWH-NJP,2026-01-26 23:45,2026-01-27 00:48,Track Renewal Block,Approved
BR000682,TASK38164,Engineering,MAS-JTJ,2026-01-26 23:45,2026-01-27 01:32,Traffic Block,Approved
BR000683,TASK84769,Traction,UBL-PUNE,2026-01-27 00:00,2026-01-27 02:07,Power Block,Completed
BR000684,TASK93390,S&T,BPL-JHS,2026-01-27 00:00,2026-01-27 02:14,Interlocking Testing Block,Completed
BR000685,TASK47371,Engineering,MAS-JTJ,2026-01-27 00:00,2026-01-27 04:49,Traffic Block,Approved
BR000686,TASK33567,S&T,ST-BCT,2026-01-27 00:15,2026-01-27 03:05,Cable Block,Cancelled
BR000687,TASK61364,Engineering,NDLS-GZB,2026-01-27 00:15,2026-01-27 04:46,Traffic Block,Approved
BR000688,TASK69942,Engineering,BZA-SC,2026-01-27 00:15,2026-01-27 03:21,Bridge Inspection Block,Approved
BR000689,TASK42899,Engineering,BPL-JHS,2026-01-27 00:30,2026-01-27 01:33,Traffic Block,Completed
BR000690,TASK32322,S&T,BRC-ST,2026-01-27 00:30,2026-01-27 01:39,Cable Block,Rejected
BR000691,TASK55863,S&T,MGS-HWH,2026-01-27 00:30,2026-01-27 01:58,Interlocking Testing Block,Completed
BR000692,TASK21008,Engineering,BZA-MAS,2026-01-27 00:45,2026-01-27 04:46,Traffic Block,Approved
BR000693,TASK43003,Engineering,CNB-ALD,2026-01-27 00:45,2026-01-27 05:23,Track Renewal Block,Requested
BR000694,TASK14742,Traction,ST-BCT,2026-01-27 01:00,2026-01-27 05:19,Traction Feed Block,Approved
BR000695,TASK99401,S&T,BSP-R,2026-01-27 01:00,2026-01-27 05:25,Interlocking Testing Block,Approved
BR000696,TASK12064,S&T,ALD-MGS,2026-01-27 01:15,2026-01-27 04:56,Signal Maintenance Block,Requested
BR000697,TASK93647,Traction,NDLS-UMB,2026-01-27 01:15,2026-01-27 06:13,OHE Maintenance Block,Approved
BR000698,TASK52371,Engineering,HWH-KGP,2026-01-27 01:15,2026-01-27 03:05,Track Renewal Block,Completed
BR000699,TASK73952,S&T,NDLS-ASR,2026-01-27 01:15,2026-01-27 05:53,Cable Block,Requested
BR000700,TASK14110,Traction,ADI-BRC,2026-01-27 01:45,2026-01-27 04:40,Power Block,Approved
BR000701,TASK89048,S&T,ALD-MGS,2026-01-27 10:15,2026-01-27 10:59,Cable Block,Approved
BR000702,TASK39276,Engineering,BSR-BPL,2026-01-27 11:30,2026-01-27 12:12,Traffic Block,Approved
BR000703,TASK15439,Engineering,NDLS-GZB,2026-01-27 15:45,2026-01-27 17:01,Non-Interlocking Block,Completed
BR000704,TASK73874,S&T,ALD-MGS,2026-01-27 23:00,2026-01-28 00:26,Interlocking Testing Block,Approved
BR000705,TASK14703,S&T,MGS-HWH,2026-01-27 23:15,2026-01-28 00:29,Signal Maintenance Block,Completed
BR000706,TASK67582,Engineering,CSMT-BSR,2026-01-27 23:15,2026-01-28 01:54,Non-Interlocking Block,Requested
BR000707,TASK96593,S&T,BSR-BPL,2026-01-27 23:15,2026-01-28 03:36,Cable Block,Approved
BR000708,TASK33620,S&T,MGS-HWH,2026-01-27 23:15,2026-01-28 02:01,Signal Maintenance Block,Approved
BR000709,TASK59425,S&T,MGS-HWH,2026-01-27 23:15,2026-01-28 03:08,Interlocking Testing Block,Requested
BR000710,TASK67470,S&T,JU-JP,2026-01-27 23:30,2026-01-28 03:53,Signal Maintenance Block,Approved
BR000711,TASK35380,Traction,HWH-KGP,2026-01-27 23:30,2026-01-28 01:43,OHE Maintenance Block,Approved
BR000712,TASK83701,Engineering,BZA-SC,2026-01-27 23:45,2026-01-28 03:29,Non-Interlocking Block,Rejected
BR000713,TASK24748,S&T,HWH-KGP,2026-01-28 00:00,2026-01-28 01:00,Cable Block,Approved
BR000714,TASK81784,Engineering,BSP-R,2026-01-28 01:15,2026-01-28 05:26,Traffic Block,Rejected
BR000715,TASK81363,Traction,ADI-BRC,2026-01-28 01:15,2026-01-28 04:43,Traction Feed Block,Approved
BR000716,TASK99723,Engineering,ADI-BRC,2026-01-28 01:30,2026-01-28 05:34,Bridge Inspection Block,Approved
BR000717,TASK79463,Engineering,JU-JP,2026-01-28 01:45,2026-01-28 06:06,Track Renewal Block,Approved
BR000718,TASK39754,Engineering,KGP-VSKP,2026-01-28 11:45,2026-01-28 12:33,Bridge Inspection Block,Approved
BR000719,TASK15949,Engineering,NDLS-JHS,2026-01-28 14:30,2026-01-28 15:13,Non-Interlocking Block,Approved
BR000720,TASK85274,Engineering,NDLS-GZB,2026-01-28 15:00,2026-01-28 16:23,Traffic Block,Approved
BR000721,TASK43535,Traction,BSR-BPL,2026-01-28 22:00,2026-01-29 02:10,Traction Feed Block,Requested
BR000722,TASK63243,S&T,NDLS-GZB,2026-01-28 22:15,2026-01-29 02:15,Cable Block,Requested
BR000723,TASK15362,Engineering,JTJ-SBC,2026-01-28 22:15,2026-01-29 01:41,Non-Interlocking Block,Rejected
BR000724,TASK42901,Traction,NDLS-ASR,2026-01-28 22:45,2026-01-29 00:29,Power Block,Requested
BR000725,TASK44785,Engineering,HWH-KGP,2026-01-28 22:45,2026-01-29 00:09,Non-Interlocking Block,Completed
BR000726,TASK73132,S&T,BPL-JHS,2026-01-28 23:00,2026-01-29 00:50,Signal Maintenance Block,Completed
BR000727,TASK26202,Engineering,BPL-JHS,2026-01-28 23:00,2026-01-29 01:02,Track Renewal Block,Approved
BR000728,TASK89029,S&T,GZB-CNB,2026-01-28 23:15,2026-01-29 03:34,Cable Block,Completed
BR000729,TASK58777,S&T,JTJ-SBC,2026-01-28 23:15,2026-01-29 02:38,Interlocking Testing Block,Approved
BR000730,TASK41476,Traction,SBC-UBL,2026-01-28 23:15,2026-01-29 00:48,Power Block,Approved
BR000731,TASK96057,Engineering,SC-NGP,2026-01-28 23:30,2026-01-29 01:17,Traffic Block,Completed
BR000732,TASK44887,S&T,JTJ-SBC,2026-01-28 23:30,2026-01-29 04:07,Cable Block,Approved
BR000733,TASK21466,Engineering,CSMT-BSR,2026-01-28 23:45,2026-01-29 03:52,Track Renewal Block,Rejected
BR000734,TASK33824,S&T,UBL-PUNE,2026-01-29 00:15,2026-01-29 04:36,Cable Block,Approved
BR000735,TASK41049,Engineering,GZB-CNB,2026-01-29 01:15,2026-01-29 04:59,Bridge Inspection Block,Requested
BR000736,TASK57178,Traction,NDLS-ASR,2026-01-29 01:15,2026-01-29 05:06,Traction Feed Block,Requested
BR000737,TASK35281,Traction,UBL-PUNE,2026-01-29 10:15,2026-01-29 11:09,OHE Maintenance Block,Completed
BR000738,TASK21182,Traction,NDLS-UMB,2026-01-29 11:45,2026-01-29 12:48,OHE Maintenance Block,Approved
BR000739,TASK45922,Traction,MAS-JTJ,2026-01-29 12:15,2026-01-29 13:47,Traction Feed Block,Completed
BR000740,TASK56910,Engineering,BZA-SC,2026-01-29 12:45,2026-01-29 13:55,Traffic Block,Rejected
BR000741,TASK25211,Engineering,NJP-GHY,2026-01-29 13:45,2026-01-29 15:36,Bridge Inspection Block,Rejected
BR000742,TASK92527,Engineering,HWH-KGP,2026-01-29 14:15,2026-01-29 15:59,Non-Interlocking Block,Requested
BR000743,TASK61636,Engineering,VSKP-BZA,2026-01-29 15:00,2026-01-29 16:52,Non-Interlocking Block,Approved
BR000744,TASK51355,S&T,MAS-JTJ,2026-01-29 15:45,2026-01-29 16:35,Interlocking Testing Block,Completed
BR000745,TASK36320,Traction,ST-BCT,2026-01-29 22:45,2026-01-29 23:55,Traction Feed Block,Approved
BR000746,TASK43600,Traction,CNB-ALD,2026-01-29 23:00,2026-01-30 00:09,Power Block,Approved
BR000747,TASK10616,S&T,CSMT-BSR,2026-01-29 23:15,2026-01-30 02:24,Interlocking Testing Block,Rejected
BR000748,TASK12449,S&T,ALD-MGS,2026-01-29 23:15,2026-01-30 01:38,Cable Block,Completed
BR000749,TASK99448,S&T,JTJ-SBC,2026-01-29 23:15,2026-01-30 03:27,Interlocking Testing Block,Approved
BR000750,TASK32536,Engineering,BSR-BPL,2026-01-29 23:30,2026-01-30 04:25,Bridge Inspection Block,Requested
BR000751,TASK51920,Engineering,ALD-MGS,2026-01-29 23:45,2026-01-30 01:00,Non-Interlocking Block,Approved
BR000752,TASK38112,Engineering,VSKP-BZA,2026-01-29 23:45,2026-01-30 02:29,Bridge Inspection Block,Requested
BR000753,TASK52995,Traction,JP-ADI,2026-01-29 23:45,2026-01-30 01:12,OHE Maintenance Block,Approved
BR000754,TASK29723,S&T,HWH-KGP,2026-01-30 00:00,2026-01-30 04:40,Signal Maintenance Block,Approved
BR000755,TASK56608,S&T,NDLS-JHS,2026-01-30 00:15,2026-01-30 03:49,Interlocking Testing Block,Cancelled
BR000756,TASK35329,Engineering,SBC-MAS,2026-01-30 00:15,2026-01-30 02:28,Non-Interlocking Block,Approved
BR000757,TASK38281,S&T,DLI-JU,2026-01-30 00:30,2026-01-30 04:23,Interlocking Testing Block,Rejected
BR000758,TASK55605,Engineering,MAS-JTJ,2026-01-30 00:45,2026-01-30 02:27,Track Renewal Block,Rejected
BR000759,TASK15477,Traction,HWH-KGP,2026-01-30 01:00,2026-01-30 03:15,OHE Maintenance Block,Approved
BR000760,TASK24149,Traction,SBC-MAS,2026-01-30 01:00,2026-01-30 02:19,OHE Maintenance Block,Approved
BR000761,TASK50815,Engineering,VSKP-BZA,2026-01-30 01:00,2026-01-30 05:13,Traffic Block,Completed
BR000762,TASK33791,S&T,SC-NGP,2026-01-30 01:00,2026-01-30 02:04,Cable Block,Approved
BR000763,TASK25501,S&T,ADI-BRC,2026-01-30 01:15,2026-01-30 06:10,Cable Block,Rejected
BR000764,TASK66652,Engineering,MAS-JTJ,2026-01-30 01:15,2026-01-30 02:38,Traffic Block,Completed
BR000765,TASK35790,Engineering,BZA-MAS,2026-01-30 10:15,2026-01-30 12:14,Track Renewal Block,Approved
BR000766,TASK99537,Engineering,CSMT-BSR,2026-01-30 10:45,2026-01-30 12:41,Non-Interlocking Block,Approved
BR000767,TASK73819,S&T,MAS-JTJ,2026-01-30 12:00,2026-01-30 13:44,Signal Maintenance Block,Approved
BR000768,TASK24398,Traction,NGP-BSP,2026-01-30 12:30,2026-01-30 13:00,OHE Maintenance Block,Approved
BR000769,TASK32687,S&T,GZB-CNB,2026-01-30 13:30,2026-01-30 15:06,Interlocking Testing Block,Approved
BR000770,TASK86480,Engineering,MAS-JTJ,2026-01-30 14:15,2026-01-30 15:42,Traffic Block,Requested
BR000771,TASK71684,S&T,SBC-UBL,2026-01-30 15:45,2026-01-30 17:06,Signal Maintenance Block,Requested
BR000772,TASK45005,Engineering,ALD-MGS,2026-01-30 22:00,2026-01-31 02:23,Non-Interlocking Block,Approved
BR000773,TASK41729,Traction,KGP-VSKP,2026-01-30 22:00,2026-01-31 02:04,Traction Feed Block,Approved
BR000774,TASK48513,Engineering,NDLS-UMB,2026-01-30 22:30,2026-01-31 02:53,Non-Interlocking Block,Requested
BR000775,TASK61708,S&T,BSR-BPL,2026-01-30 23:00,2026-01-31 03:14,Interlocking Testing Block,Approved
BR000776,TASK59224,Traction,BSR-BPL,2026-01-30 23:00,2026-01-31 00:05,Traction Feed Block,Requested
BR000777,TASK73345,Engineering,ALD-MGS,2026-01-30 23:00,2026-01-31 00:42,Track Renewal Block,Approved
BR000778,TASK65792,Engineering,BZA-SC,2026-01-30 23:15,2026-01-31 03:34,Non-Interlocking Block,Approved
BR000779,TASK45104,Engineering,GZB-CNB,2026-01-30 23:15,2026-01-31 01:22,Bridge Inspection Block,Rejected
BR000780,TASK81996,S&T,SBC-UBL,2026-01-30 23:45,2026-01-31 03:56,Signal Maintenance Block,Approved
BR000781,TASK11571,Traction,CSMT-BSR,2026-01-31 00:00,2026-01-31 02:26,Traction Feed Block,Requested
BR000782,TASK37752,Engineering,NDLS-ASR,2026-01-31 00:00,2026-01-31 03:21,Non-Interlocking Block,Approved
BR000783,TASK38363,Engineering,CNB-ALD,2026-01-31 00:00,2026-01-31 02:32,Bridge Inspection Block,Approved
BR000784,TASK30264,Traction,BPL-JHS,2026-01-31 00:15,2026-01-31 03:02,Power Block,Rejected
BR000785,TASK70864,Traction,HWH-KGP,2026-01-31 00:15,2026-01-31 02:39,Power Block,Rejected
BR000786,TASK94983,Traction,VSKP-BZA,2026-01-31 00:15,2026-01-31 01:56,Traction Feed Block,Approved
BR000787,TASK94816,Engineering,NDLS-UMB,2026-01-31 00:30,2026-01-31 02:07,Traffic Block,Approved
BR000788,TASK48964,Traction,ADI-BRC,2026-01-31 01:00,2026-01-31 02:00,Power Block,Completed
BR000789,TASK94180,S&T,CNB-ALD,2026-01-31 01:00,2026-01-31 03:43,Interlocking Testing Block,Approved
BR000790,TASK43073,Engineering,NGP-BSP,2026-01-31 01:15,2026-01-31 03:20,Track Renewal Block,Rejected
BR000791,TASK12765,S&T,GZB-CNB,2026-01-31 01:15,2026-01-31 02:32,Signal Maintenance Block,Approved
BR000792,TASK81247,Engineering,CSMT-BSR,2026-01-31 01:30,2026-01-31 04:31,Bridge Inspection Block,Approved
BR000793,TASK15456,Traction,CSMT-BSR,2026-01-31 01:45,2026-01-31 05:45,Traction Feed Block,Completed
BR000794,TASK20036,Traction,MGS-HWH,2026-01-31 10:30,2026-01-31 11:03,Power Block,Completed
BR000795,TASK20511,S&T,PUNE-CSMT,2026-01-31 11:15,2026-01-31 12:06,Cable Block,Approved
BR000796,TASK66975,S&T,BZA-SC,2026-01-31 11:15,2026-01-31 12:06,Interlocking Testing Block,Approved
BR000797,TASK70569,Engineering,ADI-BRC,2026-01-31 12:45,2026-01-31 13:45,Non-Interlocking Block,Approved
BR000798,TASK69313,Traction,ADI-BRC,2026-01-31 15:00,2026-01-31 16:00,Power Block,Approved
BR000799,TASK96136,S&T,CSMT-BSR,2026-01-31 15:30,2026-01-31 17:06,Signal Maintenance Block,Approved
BR000800,TASK69008,Traction,VSKP-BZA,2026-01-31 22:15,2026-02-01 01:07,Power Block,Requested
BR000801,TASK52119,Traction,BSR-BPL,2026-01-31 22:15,2026-02-01 02:05,Traction Feed Block,Approved
BR000802,TASK44394,Engineering,MGS-HWH,2026-01-31 22:30,2026-02-01 02:33,Non-Interlocking Block,Completed
BR000803,TASK26430,Traction,ALD-MGS,2026-01-31 22:30,2026-02-01 01:57,Traction Feed Block,Approved
BR000804,TASK16480,Traction,HWH-NJP,2026-01-31 22:45,2026-02-01 02:53,Power Block,Requested
BR000805,TASK23138,Engineering,BZA-SC,2026-01-31 22:45,2026-02-01 00:06,Non-Interlocking Block,Approved
BR000806,TASK28730,Traction,HWH-NJP,2026-01-31 22:45,2026-02-01 00:45,Traction Feed Block,Approved
BR000807,TASK91185,S&T,ALD-MGS,2026-01-31 22:45,2026-02-01 00:33,Signal Maintenance Block,Approved
BR000808,TASK60161,S&T,UBL-PUNE,2026-01-31 23:00,2026-02-01 01:19,Signal Maintenance Block,Approved
BR000809,TASK21346,S&T,ADI-BRC,2026-01-31 23:00,2026-02-01 01:47,Cable Block,Approved
BR000810,TASK16522,S&T,ALD-MGS,2026-01-31 23:00,2026-02-01 03:53,Signal Maintenance Block,Cancelled
BR000811,TASK89688,Traction,NJP-GHY,2026-01-31 23:30,2026-02-01 03:08,Power Block,Approved
BR000812,TASK81071,Traction,MAS-JTJ,2026-02-01 00:00,2026-02-01 04:37,Power Block,Completed
BR000813,TASK92342,Engineering,BZA-MAS,2026-02-01 00:15,2026-02-01 05:05,Track Renewal Block,Completed
BR000814,TASK29982,Traction,NGP-BSP,2026-02-01 00:30,2026-02-01 04:00,Traction Feed Block,Approved
BR000815,TASK32206,Engineering,ST-BCT,2026-02-01 00:30,2026-02-01 03:00,Traffic Block,Approved
BR000816,TASK71745,Traction,MAS-JTJ,2026-02-01 01:15,2026-02-01 03:25,Power Block,Rejected
BR000817,TASK37493,S&T,SBC-UBL,2026-02-01 01:15,2026-02-01 05:22,Interlocking Testing Block,Approved
BR000818,TASK90433,Engineering,JU-JP,2026-02-01 01:15,2026-02-01 04:31,Non-Interlocking Block,Approved
BR000819,TASK95001,Traction,HWH-KGP,2026-02-01 01:30,2026-02-01 04:26,OHE Maintenance Block,Approved
BR000820,TASK65886,Engineering,SBC-MAS,2026-02-01 01:30,2026-02-01 04:56,Track Renewal Block,Approved
BR000821,TASK85245,Engineering,NDLS-UMB,2026-02-01 01:30,2026-02-01 06:17,Non-Interlocking Block,Approved
BR000822,TASK52949,Engineering,HWH-KGP,2026-02-01 01:45,2026-02-01 04:57,Track Renewal Block,Requested
BR000823,TASK85160,Traction,UBL-PUNE,2026-02-01 10:15,2026-02-01 10:47,OHE Maintenance Block,Rejected
BR000824,TASK84583,S&T,GZB-CNB,2026-02-01 11:00,2026-02-01 11:30,Interlocking Testing Block,Rejected
BR000825,TASK31827,Engineering,PUNE-CSMT,2026-02-01 12:45,2026-02-01 13:37,Non-Interlocking Block,Rejected
BR000826,TASK28244,S&T,SC-NGP,2026-02-01 13:30,2026-02-01 15:02,Signal Maintenance Block,Rejected
BR000827,TASK77185,Engineering,ADI-BRC,2026-02-01 22:00,2026-02-02 01:22,Bridge Inspection Block,Cancelled
BR000828,TASK35853,Traction,HWH-KGP,2026-02-01 22:30,2026-02-02 03:18,Traction Feed Block,Rejected
BR000829,TASK83127,S&T,JU-JP,2026-02-01 22:30,2026-02-02 02:17,Signal Maintenance Block,Approved
BR000830,TASK47857,S&T,BSR-BPL,2026-02-01 22:45,2026-02-02 03:42,Cable Block,Approved
BR000831,TASK59819,Engineering,NGP-BSP,2026-02-01 22:45,2026-02-02 02:21,Traffic Block,Approved
BR000832,TASK13738,S&T,NGP-BSP,2026-02-01 22:45,2026-02-02 02:06,Cable Block,Approved
BR000833,TASK39147,Engineering,NDLS-ASR,2026-02-01 23:00,2026-02-02 02:13,Traffic Block,Approved
BR000834,TASK63826,Engineering,VSKP-BZA,2026-02-01 23:15,2026-02-02 04:05,Track Renewal Block,Approved
BR000835,TASK79336,Engineering,BSP-R,2026-02-01 23:30,2026-02-02 02:41,Bridge Inspection Block,Approved
BR000836,TASK65716,Engineering,HWH-KGP,2026-02-02 00:30,2026-02-02 04:30,Bridge Inspection Block,Approved
BR000837,TASK25080,Engineering,KGP-VSKP,2026-02-02 01:15,2026-02-02 02:38,Track Renewal Block,Requested
BR000838,TASK15263,Engineering,HWH-KGP,2026-02-02 01:30,2026-02-02 06:00,Non-Interlocking Block,Approved
BR000839,TASK83911,Traction,KGP-VSKP,2026-02-02 01:30,2026-02-02 02:53,OHE Maintenance Block,Requested
BR000840,TASK93566,Traction,NDLS-GZB,2026-02-02 01:45,2026-02-02 03:10,Traction Feed Block,Completed
BR000841,TASK17730,Traction,VSKP-BZA,2026-02-02 10:15,2026-02-02 12:03,OHE Maintenance Block,Completed
BR000842,TASK66297,Traction,BRC-ST,2026-02-02 11:30,2026-02-02 13:03,Power Block,Approved
BR000843,TASK96355,Engineering,NDLS-ASR,2026-02-02 12:30,2026-02-02 13:07,Bridge Inspection Block,Completed
BR000844,TASK93812,S&T,MGS-HWH,2026-02-02 13:00,2026-02-02 14:35,Signal Maintenance Block,Approved
BR000845,TASK21404,S&T,GZB-CNB,2026-02-02 13:15,2026-02-02 14:05,Cable Block,Requested
BR000846,TASK77496,Engineering,CNB-ALD,2026-02-02 13:30,2026-02-02 15:04,Traffic Block,Approved
BR000847,TASK72583,Engineering,SBC-UBL,2026-02-02 14:00,2026-02-02 15:49,Non-Interlocking Block,Approved
BR000848,TASK25412,S&T,HWH-KGP,2026-02-02 14:45,2026-02-02 16:24,Cable Block,Approved
BR000849,TASK53770,Traction,PUNE-CSMT,2026-02-02 15:00,2026-02-02 16:07,Power Block,Approved
BR000850,TASK13995,Engineering,KGP-VSKP,2026-02-02 22:00,2026-02-03 00:47,Bridge Inspection Block,Requested
BR000851,TASK92085,Engineering,MGS-HWH,2026-02-02 23:00,2026-02-03 02:33,Traffic Block,Requested
BR000852,TASK33930,Engineering,MAS-JTJ,2026-02-02 23:00,2026-02-03 02:39,Track Renewal Block,Approved
BR000853,TASK97092,Engineering,NDLS-UMB,2026-02-02 23:15,2026-02-03 03:36,Track Renewal Block,Completed
BR000854,TASK42554,Engineering,ALD-MGS,2026-02-02 23:15,2026-02-03 03:55,Bridge Inspection Block,Approved
BR000855,TASK19686,Engineering,SBC-MAS,2026-02-02 23:30,2026-02-03 04:06,Track Renewal Block,Requested
BR000856,TASK99619,Traction,NDLS-ASR,2026-02-02 23:45,2026-02-03 03:15,OHE Maintenance Block,Completed
BR000857,TASK37388,Engineering,HWH-KGP,2026-02-03 00:00,2026-02-03 02:38,Non-Interlocking Block,Approved
BR000858,TASK33745,S&T,NJP-GHY,2026-02-03 00:15,2026-02-03 04:15,Interlocking Testing Block,Approved
BR000859,TASK94833,Engineering,BZA-MAS,2026-02-03 00:15,2026-02-03 02:57,Traffic Block,Approved
BR000860,TASK52047,Engineering,CNB-ALD,2026-02-03 00:30,2026-02-03 02:25,Traffic Block,Approved
BR000861,TASK57863,Engineering,PUNE-CSMT,2026-02-03 00:30,2026-02-03 05:24,Non-Interlocking Block,Completed
BR000862,TASK36887,Engineering,BZA-SC,2026-02-03 00:45,2026-02-03 02:31,Bridge Inspection Block,Completed
BR000863,TASK69166,Engineering,SBC-UBL,2026-02-03 00:45,2026-02-03 04:41,Bridge Inspection Block,Requested
BR000864,TASK36420,Engineering,NJP-GHY,2026-02-03 00:45,2026-02-03 02:05,Traffic Block,Requested
BR000865,TASK75715,S&T,NGP-BSP,2026-02-03 01:00,2026-02-03 03:19,Cable Block,Requested
BR000866,TASK19759,Engineering,HWH-NJP,2026-02-03 01:00,2026-02-03 05:50,Track Renewal Block,Approved
BR000867,TASK97051,Traction,ALD-MGS,2026-02-03 01:15,2026-02-03 02:34,OHE Maintenance Block,Approved
BR000868,TASK17686,Engineering,NGP-BSP,2026-02-03 01:15,2026-02-03 04:56,Bridge Inspection Block,Completed
BR000869,TASK80551,Traction,UBL-PUNE,2026-02-03 01:30,2026-02-03 02:48,Traction Feed Block,Approved
BR000870,TASK19975,S&T,NDLS-GZB,2026-02-03 01:30,2026-02-03 04:02,Cable Block,Approved
BR000871,TASK72182,Traction,BZA-MAS,2026-02-03 01:30,2026-02-03 03:17,Traction Feed Block,Approved
BR000872,TASK45762,S&T,NDLS-GZB,2026-02-03 01:45,2026-02-03 05:13,Cable Block,Cancelled
BR000873,TASK74653,Engineering,BSP-R,2026-02-03 01:45,2026-02-03 06:12,Traffic Block,Requested
BR000874,TASK66803,Traction,UBL-PUNE,2026-02-03 10:30,2026-02-03 12:15,OHE Maintenance Block,Approved
BR000875,TASK12826,Traction,PUNE-CSMT,2026-02-03 15:00,2026-02-03 16:34,OHE Maintenance Block,Cancelled
BR000876,TASK15829,S&T,GZB-CNB,2026-02-03 15:15,2026-02-03 15:54,Signal Maintenance Block,Cancelled
BR000877,TASK48744,Engineering,HWH-KGP,2026-02-03 22:00,2026-02-04 02:21,Traffic Block,Requested
BR000878,TASK14320,Engineering,CSMT-BSR,2026-02-03 22:15,2026-02-04 00:56,Track Renewal Block,Completed
BR000879,TASK49676,Engineering,SBC-MAS,2026-02-03 22:15,2026-02-04 03:01,Non-Interlocking Block,Approved
BR000880,TASK36559,Engineering,SBC-UBL,2026-02-03 22:15,2026-02-03 23:59,Bridge Inspection Block,Rejected
BR000881,TASK55146,Engineering,VSKP-BZA,2026-02-03 22:45,2026-02-04 02:25,Track Renewal Block,Completed
BR000882,TASK65280,Traction,DLI-JU,2026-02-03 23:15,2026-02-04 01:14,Power Block,Approved
BR000883,TASK78767,Engineering,CNB-ALD,2026-02-03 23:30,2026-02-04 02:08,Track Renewal Block,Rejected
BR000884,TASK22722,S&T,KGP-VSKP,2026-02-03 23:45,2026-02-04 04:34,Interlocking Testing Block,Approved
BR000885,TASK65928,Traction,JTJ-SBC,2026-02-03 23:45,2026-02-04 01:28,Power Block,Approved
BR000886,TASK69080,Traction,ADI-BRC,2026-02-04 00:00,2026-02-04 01:19,Traction Feed Block,Rejected
BR000887,TASK98585,Engineering,JP-ADI,2026-02-04 00:00,2026-02-04 03:51,Track Renewal Block,Approved
BR000888,TASK88490,Traction,KGP-VSKP,2026-02-04 00:15,2026-02-04 04:13,Traction Feed Block,Approved
BR000889,TASK35448,Traction,NDLS-UMB,2026-02-04 00:30,2026-02-04 02:04,Power Block,Completed
BR000890,TASK70487,Engineering,BSP-R,2026-02-04 00:45,2026-02-04 01:51,Track Renewal Block,Approved
BR000891,TASK16613,Engineering,ST-BCT,2026-02-04 01:00,2026-02-04 05:32,Bridge Inspection Block,Requested
BR000892,TASK16347,Engineering,BZA-SC,2026-02-04 01:15,2026-02-04 04:02,Bridge Inspection Block,Approved
BR000893,TASK86747,Traction,KGP-VSKP,2026-02-04 01:15,2026-02-04 05:09,OHE Maintenance Block,Approved
BR000894,TASK69443,S&T,DLI-JU,2026-02-04 01:30,2026-02-04 05:41,Signal Maintenance Block,Approved
BR000895,TASK68261,S&T,NDLS-UMB,2026-02-04 01:30,2026-02-04 05:37,Cable Block,Completed
BR000896,TASK99024,Engineering,NDLS-GZB,2026-02-04 01:45,2026-02-04 03:16,Track Renewal Block,Approved
BR000897,TASK65306,Engineering,GZB-CNB,2026-02-04 11:00,2026-02-04 11:51,Traffic Block,Rejected
BR000898,TASK63310,S&T,SC-NGP,2026-02-04 11:45,2026-02-04 12:27,Cable Block,Requested
BR000899,TASK82206,S&T,HWH-KGP,2026-02-04 12:30,2026-02-04 14:21,Interlocking Testing Block,Requested
BR000900,TASK55763,Engineering,BZA-MAS,2026-02-04 14:00,2026-02-04 15:42,Traffic Block,Requested
BR000901,TASK87080,S&T,HWH-KGP,2026-02-04 14:15,2026-02-04 15:43,Interlocking Testing Block,Completed
BR000902,TASK25290,S&T,BRC-ST,2026-02-04 14:45,2026-02-04 16:11,Interlocking Testing Block,Completed
BR000903,TASK34864,Engineering,NDLS-JHS,2026-02-04 15:30,2026-02-04 16:03,Track Renewal Block,Completed
BR000904,TASK92155,S&T,BSP-R,2026-02-04 22:00,2026-02-04 23:18,Signal Maintenance Block,Completed
BR000905,TASK27958,Engineering,BSR-BPL,2026-02-04 22:15,2026-02-05 03:09,Bridge Inspection Block,Requested
BR000906,TASK99166,Traction,SBC-MAS,2026-02-04 22:15,2026-02-04 23:44,Traction Feed Block,Rejected
BR000907,TASK40964,S&T,ST-BCT,2026-02-04 22:15,2026-02-05 00:22,Signal Maintenance Block,Approved
BR000908,TASK33152,S&T,ST-BCT,2026-02-04 22:15,2026-02-05 02:57,Cable Block,Completed
BR000909,TASK44522,Engineering,GZB-CNB,2026-02-04 22:15,2026-02-05 00:30,Traffic Block,Completed
BR000910,TASK45802,S&T,JU-JP,2026-02-04 22:30,2026-02-05 02:20,Interlocking Testing Block,Approved
BR000911,TASK94166,Engineering,NDLS-UMB,2026-02-04 22:45,2026-02-05 01:34,Traffic Block,Requested
BR000912,TASK40014,Traction,JTJ-SBC,2026-02-04 23:00,2026-02-05 03:01,OHE Maintenance Block,Completed
BR000913,TASK36217,S&T,JU-JP,2026-02-04 23:15,2026-02-05 01:33,Interlocking Testing Block,Approved
BR000914,TASK88613,Engineering,ST-BCT,2026-02-04 23:45,2026-02-05 03:14,Track Renewal Block,Completed
BR000915,TASK79904,Traction,NDLS-GZB,2026-02-05 00:00,2026-02-05 02:47,Power Block,Approved
BR000916,TASK21191,S&T,CSMT-BSR,2026-02-05 00:15,2026-02-05 04:49,Cable Block,Rejected
BR000917,TASK46915,Engineering,NDLS-JHS,2026-02-05 00:30,2026-02-05 02:21,Non-Interlocking Block,Cancelled
BR000918,TASK68293,Engineering,MGS-HWH,2026-02-05 00:30,2026-02-05 02:39,Traffic Block,Approved
BR000919,TASK38747,S&T,NDLS-GZB,2026-02-05 01:15,2026-02-05 04:23,Cable Block,Approved
BR000920,TASK39444,Traction,BPL-JHS,2026-02-05 01:15,2026-02-05 05:27,Traction Feed Block,Rejected
BR000921,TASK65835,S&T,NDLS-ASR,2026-02-05 01:15,2026-02-05 04:00,Signal Maintenance Block,Rejected
BR000922,TASK25086,S&T,KGP-VSKP,2026-02-05 01:45,2026-02-05 06:12,Interlocking Testing Block,Rejected
BR000923,TASK42484,Engineering,NDLS-UMB,2026-02-05 12:30,2026-02-05 14:00,Track Renewal Block,Approved
BR000924,TASK34286,Engineering,BZA-SC,2026-02-05 14:30,2026-02-05 15:57,Non-Interlocking Block,Requested
BR000925,TASK68587,Engineering,SC-NGP,2026-02-05 22:00,2026-02-06 01:16,Track Renewal Block,Approved
BR000926,TASK67263,Engineering,NJP-GHY,2026-02-05 22:15,2026-02-06 00:58,Track Renewal Block,Completed
BR000927,TASK98447,S&T,CSMT-BSR,2026-02-05 22:15,2026-02-05 23:51,Signal Maintenance Block,Requested
BR000928,TASK75776,S&T,ST-BCT,2026-02-05 22:30,2026-02-06 00:45,Cable Block,Approved
BR000929,TASK44466,Traction,NDLS-GZB,2026-02-05 22:45,2026-02-06 02:18,Traction Feed Block,Rejected
BR000930,TASK42291,Engineering,ALD-MGS,2026-02-05 23:00,2026-02-06 00:54,Traffic Block,Rejected
BR000931,TASK38409,Traction,SC-NGP,2026-02-05 23:00,2026-02-06 02:11,Power Block,Approved
BR000932,TASK33794,Engineering,ALD-MGS,2026-02-05 23:00,2026-02-06 00:38,Track Renewal Block,Approved
BR000933,TASK47260,Traction,JU-JP,2026-02-05 23:00,2026-02-06 01:15,Traction Feed Block,Rejected
BR000934,TASK50899,Engineering,SBC-UBL,2026-02-05 23:30,2026-02-06 00:43,Bridge Inspection Block,Requested
BR000935,TASK16093,S&T,GZB-CNB,2026-02-06 00:15,2026-02-06 04:48,Cable Block,Approved
BR000936,TASK28312,S&T,BPL-JHS,2026-02-06 00:15,2026-02-06 04:21,Interlocking Testing Block,Cancelled
BR000937,TASK15242,Engineering,NDLS-GZB,2026-02-06 00:15,2026-02-06 01:55,Track Renewal Block,Approved
BR000938,TASK13984,S&T,MGS-HWH,2026-02-06 00:30,2026-02-06 05:08,Cable Block,Approved
BR000939,TASK37194,Traction,NDLS-GZB,2026-02-06 00:30,2026-02-06 05:03,Power Block,Approved
BR000940,TASK64146,Traction,MGS-HWH,2026-02-06 00:45,2026-02-06 02:54,Traction Feed Block,Requested
BR000941,TASK94582,S&T,DLI-JU,2026-02-06 01:00,2026-02-06 03:16,Interlocking Testing Block,Requested
BR000942,TASK91059,Engineering,BZA-SC,2026-02-06 01:30,2026-02-06 05:02,Track Renewal Block,Approved
BR000943,TASK93820,S&T,BPL-JHS,2026-02-06 01:45,2026-02-06 04:04,Signal Maintenance Block,Requested
BR000944,TASK47326,S&T,BRC-ST,2026-02-06 01:45,2026-02-06 02:49,Interlocking Testing Block,Approved
BR000945,TASK33595,Engineering,MGS-HWH,2026-02-06 01:45,2026-02-06 02:47,Track Renewal Block,Approved
BR000946,TASK13703,Traction,CNB-ALD,2026-02-06 01:45,2026-02-06 02:56,OHE Maintenance Block,Approved
BR000947,TASK94608,Engineering,ADI-BRC,2026-02-06 12:15,2026-02-06 13:51,Track Renewal Block,Completed
BR000948,TASK31509,Engineering,BZA-MAS,2026-02-06 13:00,2026-02-06 13:45,Bridge Inspection Block,Approved
BR000949,TASK65008,Traction,MAS-JTJ,2026-02-06 13:00,2026-02-06 14:36,OHE Maintenance Block,Completed
BR000950,TASK92386,Traction,UBL-PUNE,2026-02-06 15:30,2026-02-06 16:16,OHE Maintenance Block,Approved
BR000951,TASK98767,S&T,CSMT-BSR,2026-02-06 22:00,2026-02-06 23:34,Cable Block,Cancelled
BR000952,TASK18070,Traction,ADI-BRC,2026-02-06 22:15,2026-02-07 01:48,Traction Feed Block,Approved
BR000953,TASK84717,Engineering,UBL-PUNE,2026-02-06 22:15,2026-02-07 00:11,Non-Interlocking Block,Requested
BR000954,TASK70102,S&T,BZA-SC,2026-02-06 22:30,2026-02-07 01:21,Interlocking Testing Block,Approved
BR000955,TASK53722,S&T,NDLS-GZB,2026-02-06 22:30,2026-02-06 23:58,Cable Block,Completed
BR000956,TASK38154,S&T,VSKP-BZA,2026-02-06 22:30,2026-02-07 01:12,Signal Maintenance Block,Requested
BR000957,TASK34222,Engineering,MAS-JTJ,2026-02-06 22:30,2026-02-07 02:46,Track Renewal Block,Cancelled
BR000958,TASK73468,S&T,BZA-MAS,2026-02-06 22:45,2026-02-07 02:25,Interlocking Testing Block,Completed
BR000959,TASK76176,Traction,NDLS-JHS,2026-02-06 23:15,2026-02-07 02:14,Traction Feed Block,Approved
BR000960,TASK21054,Engineering,NJP-GHY,2026-02-06 23:30,2026-02-07 02:50,Bridge Inspection Block,Completed
BR000961,TASK82519,Engineering,CSMT-BSR,2026-02-06 23:30,2026-02-07 04:27,Track Renewal Block,Completed
BR000962,TASK63463,Engineering,NDLS-JHS,2026-02-06 23:30,2026-02-07 04:13,Non-Interlocking Block,Approved
BR000963,TASK72999,Engineering,BPL-JHS,2026-02-07 00:00,2026-02-07 02:03,Non-Interlocking Block,Completed
BR000964,TASK98270,S&T,SBC-MAS,2026-02-07 00:00,2026-02-07 03:20,Cable Block,Approved
BR000965,TASK20567,Engineering,BSR-BPL,2026-02-07 00:15,2026-02-07 05:14,Bridge Inspection Block,Approved
BR000966,TASK82295,Engineering,MGS-HWH,2026-02-07 01:30,2026-02-07 05:02,Track Renewal Block,Approved
BR000967,TASK86766,Engineering,CNB-ALD,2026-02-07 01:30,2026-02-07 05:28,Traffic Block,Requested
BR000968,TASK92429,Engineering,NDLS-GZB,2026-02-07 01:30,2026-02-07 02:54,Traffic Block,Approved
BR000969,TASK53544,S&T,SBC-UBL,2026-02-07 01:45,2026-02-07 04:44,Interlocking Testing Block,Approved
BR000970,TASK71708,Engineering,ADI-BRC,2026-02-07 01:45,2026-02-07 04:52,Non-Interlocking Block,Approved
BR000971,TASK74590,Engineering,NDLS-JHS,2026-02-07 01:45,2026-02-07 06:22,Traffic Block,Completed
BR000972,TASK11875,S&T,MGS-HWH,2026-02-07 10:15,2026-02-07 11:17,Interlocking Testing Block,Completed
BR000973,TASK10465,S&T,PUNE-CSMT,2026-02-07 11:45,2026-02-07 13:32,Cable Block,Approved
BR000974,TASK32635,Engineering,VSKP-BZA,2026-02-07 12:15,2026-02-07 12:53,Track Renewal Block,Approved
BR000975,TASK90276,Traction,VSKP-BZA,2026-02-07 12:15,2026-02-07 13:26,Traction Feed Block,Approved
BR000976,TASK67724,Engineering,BSR-BPL,2026-02-07 12:45,2026-02-07 14:39,Traffic Block,Approved
BR000977,TASK24459,Engineering,VSKP-BZA,2026-02-07 13:15,2026-02-07 14:54,Track Renewal Block,Approved
BR000978,TASK16714,S&T,CNB-ALD,2026-02-07 13:15,2026-02-07 14:25,Cable Block,Requested
BR000979,TASK64240,Engineering,BRC-ST,2026-02-07 13:30,2026-02-07 14:59,Track Renewal Block,Completed
BR000980,TASK86692,Engineering,JTJ-SBC,2026-02-07 13:30,2026-02-07 14:06,Non-Interlocking Block,Approved
BR000981,TASK50377,S&T,NDLS-ASR,2026-02-07 14:30,2026-02-07 15:10,Signal Maintenance Block,Cancelled
BR000982,TASK92596,Engineering,BSR-BPL,2026-02-07 14:45,2026-02-07 16:14,Bridge Inspection Block,Approved
BR000983,TASK15270,S&T,NDLS-GZB,2026-02-07 22:00,2026-02-08 01:09,Cable Block,Completed
BR000984,TASK41601,Engineering,GZB-CNB,2026-02-07 22:00,2026-02-07 23:14,Non-Interlocking Block,Cancelled
BR000985,TASK54908,S&T,CSMT-BSR,2026-02-07 22:15,2026-02-08 02:10,Signal Maintenance Block,Approved
BR000986,TASK67893,S&T,ADI-BRC,2026-02-07 22:45,2026-02-08 00:34,Signal Maintenance Block,Completed
BR000987,TASK47180,Engineering,CNB-ALD,2026-02-07 22:45,2026-02-08 00:55,Traffic Block,Cancelled
BR000988,TASK47601,Engineering,JTJ-SBC,2026-02-07 23:30,2026-02-08 02:15,Bridge Inspection Block,Approved
BR000989,TASK24313,Traction,GZB-CNB,2026-02-07 23:45,2026-02-08 04:31,Traction Feed Block,Requested
BR000990,TASK67964,Traction,SC-NGP,2026-02-07 23:45,2026-02-08 03:24,OHE Maintenance Block,Approved
BR000991,TASK17949,Traction,BRC-ST,2026-02-07 23:45,2026-02-08 02:22,Power Block,Approved
BR000992,TASK42567,Engineering,BSR-BPL,2026-02-08 00:00,2026-02-08 01:29,Traffic Block,Approved
BR000993,TASK95706,Engineering,JTJ-SBC,2026-02-08 00:15,2026-02-08 04:55,Traffic Block,Cancelled
BR000994,TASK98674,Traction,BRC-ST,2026-02-08 00:15,2026-02-08 01:50,Traction Feed Block,Approved
BR000995,TASK23318,Engineering,KGP-VSKP,2026-02-08 00:30,2026-02-08 01:42,Traffic Block,Approved
BR000996,TASK89719,Engineering,NDLS-UMB,2026-02-08 00:30,2026-02-08 02:25,Bridge Inspection Block,Approved
BR000997,TASK14480,S&T,VSKP-BZA,2026-02-08 00:45,2026-02-08 04:17,Signal Maintenance Block,Approved
BR000998,TASK90759,Engineering,NDLS-ASR,2026-02-08 00:45,2026-02-08 02:48,Bridge Inspection Block,Requested
BR000999,TASK42291,S&T,ST-BCT,2026-02-08 01:00,2026-02-08 02:14,Signal Maintenance Block,Rejected
BR001000,TASK70135,Engineering,GZB-CNB,2026-02-08 01:00,2026-02-08 03:57,Traffic Block,Requested
BR001001,TASK32405,Traction,UBL-PUNE,2026-02-08 01:15,2026-02-08 02:31,Traction Feed Block,Rejected
BR001002,TASK73989,S&T,MGS-HWH,2026-02-08 01:15,2026-02-08 02:37,Interlocking Testing Block,Approved
BR001003,TASK97781,S&T,NDLS-JHS,2026-02-08 01:30,2026-02-08 05:53,Signal Maintenance Block,Approved
BR001004,TASK14395,Traction,NGP-BSP,2026-02-08 01:45,2026-02-08 06:03,OHE Maintenance Block,Requested
BR001005,TASK75187,Engineering,UBL-PUNE,2026-02-08 01:45,2026-02-08 06:36,Non-Interlocking Block,Completed
BR001006,TASK59432,Engineering,ALD-MGS,2026-02-08 01:45,2026-02-08 04:28,Bridge Inspection Block,Requested
BR001007,TASK37082,S&T,BZA-MAS,2026-02-08 01:45,2026-02-08 05:36,Signal Maintenance Block,Approved
BR001008,TASK69796,Engineering,SBC-UBL,2026-02-08 10:30,2026-02-08 12:14,Non-Interlocking Block,Approved
BR001009,TASK99874,S&T,SBC-UBL,2026-02-08 10:45,2026-02-08 11:23,Signal Maintenance Block,Approved
BR001010,TASK77421,Traction,ADI-BRC,2026-02-08 11:45,2026-02-08 13:10,Power Block,Requested
BR001011,TASK74103,S&T,ADI-BRC,2026-02-08 12:00,2026-02-08 13:59,Cable Block,Requested
BR001012,TASK66340,Engineering,NDLS-GZB,2026-02-08 12:00,2026-02-08 13:39,Track Renewal Block,Approved
BR001013,TASK72065,S&T,CNB-ALD,2026-02-08 12:15,2026-02-08 13:53,Interlocking Testing Block,Approved
BR001014,TASK25689,Engineering,NGP-BSP,2026-02-08 12:45,2026-02-08 13:21,Bridge Inspection Block,Completed
BR001015,TASK16939,S&T,CSMT-BSR,2026-02-08 12:45,2026-02-08 14:28,Interlocking Testing Block,Requested
BR001016,TASK84656,S&T,BZA-MAS,2026-02-08 22:00,2026-02-09 02:08,Interlocking Testing Block,Approved
BR001017,TASK64769,Traction,SBC-UBL,2026-02-08 22:00,2026-02-08 23:49,OHE Maintenance Block,Approved
BR001018,TASK15948,S&T,PUNE-CSMT,2026-02-08 22:15,2026-02-09 02:18,Cable Block,Approved
BR001019,TASK58259,Engineering,NDLS-JHS,2026-02-08 22:30,2026-02-09 03:11,Track Renewal Block,Cancelled
BR001020,TASK39854,Engineering,BZA-MAS,2026-02-08 22:45,2026-02-09 01:56,Non-Interlocking Block,Approved
BR001021,TASK18131,S&T,SBC-UBL,2026-02-08 22:45,2026-02-09 00:33,Interlocking Testing Block,Completed
BR001022,TASK59079,Engineering,KGP-VSKP,2026-02-08 23:15,2026-02-09 03:09,Track Renewal Block,Approved
BR001023,TASK92956,S&T,MGS-HWH,2026-02-08 23:30,2026-02-09 02:33,Interlocking Testing Block,Approved
BR001024,TASK81253,Engineering,PUNE-CSMT,2026-02-08 23:45,2026-02-09 01:51,Bridge Inspection Block,Completed
BR001025,TASK20869,Engineering,UBL-PUNE,2026-02-08 23:45,2026-02-09 03:44,Bridge Inspection Block,Completed
BR001026,TASK91354,S&T,CSMT-BSR,2026-02-09 00:00,2026-02-09 03:55,Interlocking Testing Block,Completed
BR001027,TASK49836,S&T,BSR-BPL,2026-02-09 00:15,2026-02-09 03:51,Signal Maintenance Block,Approved
BR001028,TASK83645,S&T,MAS-JTJ,2026-02-09 00:30,2026-02-09 03:07,Signal Maintenance Block,Approved
BR001029,TASK25223,Engineering,CSMT-BSR,2026-02-09 00:45,2026-02-09 05:04,Non-Interlocking Block,Completed
BR001030,TASK25516,Engineering,BRC-ST,2026-02-09 00:45,2026-02-09 02:04,Bridge Inspection Block,Completed
BR001031,TASK95064,Traction,KGP-VSKP,2026-02-09 00:45,2026-02-09 04:55,OHE Maintenance Block,Approved
BR001032,TASK47456,Traction,ST-BCT,2026-02-09 01:15,2026-02-09 02:55,OHE Maintenance Block,Requested
BR001033,TASK12217,S&T,BSR-BPL,2026-02-09 01:30,2026-02-09 04:44,Signal Maintenance Block,Approved
BR001034,TASK42430,Engineering,ST-BCT,2026-02-09 01:30,2026-02-09 03:38,Track Renewal Block,Rejected
BR001035,TASK71674,S&T,NDLS-UMB,2026-02-09 01:30,2026-02-09 04:13,Interlocking Testing Block,Requested
BR001036,TASK87318,Engineering,NDLS-JHS,2026-02-09 01:30,2026-02-09 02:31,Bridge Inspection Block,Approved
BR001037,TASK70477,Engineering,CNB-ALD,2026-02-09 01:30,2026-02-09 03:17,Traffic Block,Approved
BR001038,TASK84199,Engineering,ADI-BRC,2026-02-09 01:45,2026-02-09 06:44,Non-Interlocking Block,Approved
BR001039,TASK69919,Traction,NGP-BSP,2026-02-09 12:30,2026-02-09 13:07,Power Block,Requested
BR001040,TASK91509,S&T,NJP-GHY,2026-02-09 13:30,2026-02-09 14:43,Cable Block,Approved
BR001041,TASK43907,S&T,ST-BCT,2026-02-09 14:45,2026-02-09 15:44,Cable Block,Cancelled
BR001042,TASK77978,S&T,NGP-BSP,2026-02-09 15:00,2026-02-09 16:26,Interlocking Testing Block,Approved
BR001043,TASK52929,S&T,GZB-CNB,2026-02-09 15:30,2026-02-09 16:04,Signal Maintenance Block,Requested
BR001044,TASK76641,Engineering,CNB-ALD,2026-02-09 22:00,2026-02-10 02:31,Traffic Block,Approved
BR001045,TASK59742,Traction,SBC-UBL,2026-02-09 22:00,2026-02-10 02:35,Power Block,Approved
BR001046,TASK68205,S&T,BSP-R,2026-02-09 22:15,2026-02-09 23:45,Cable Block,Requested
BR001047,TASK34442,Traction,KGP-VSKP,2026-02-09 22:15,2026-02-10 00:27,OHE Maintenance Block,Approved
BR001048,TASK90470,S&T,CNB-ALD,2026-02-09 22:30,2026-02-10 00:46,Cable Block,Requested
BR001049,TASK68369,S&T,NGP-BSP,2026-02-09 22:30,2026-02-10 00:35,Cable Block,Approved
BR001050,TASK46360,S&T,MAS-JTJ,2026-02-09 22:30,2026-02-10 02:39,Signal Maintenance Block,Completed
BR001051,TASK34091,Engineering,KGP-VSKP,2026-02-09 22:45,2026-02-10 02:21,Non-Interlocking Block,Approved
BR001052,TASK67189,Engineering,CNB-ALD,2026-02-09 23:00,2026-02-10 00:40,Bridge Inspection Block,Approved
BR001053,TASK18885,Engineering,GZB-CNB,2026-02-09 23:30,2026-02-10 02:56,Bridge Inspection Block,Approved
BR001054,TASK47564,Engineering,BSR-BPL,2026-02-09 23:45,2026-02-10 01:58,Non-Interlocking Block,Approved
BR001055,TASK53594,Traction,ALD-MGS,2026-02-09 23:45,2026-02-10 03:02,Power Block,Approved
BR001056,TASK94073,Engineering,NJP-GHY,2026-02-09 23:45,2026-02-10 01:59,Track Renewal Block,Approved
BR001057,TASK30207,S&T,BSR-BPL,2026-02-10 00:00,2026-02-10 01:56,Cable Block,Rejected
BR001058,TASK84996,S&T,KGP-VSKP,2026-02-10 00:00,2026-02-10 02:32,Cable Block,Completed
BR001059,TASK97691,S&T,HWH-KGP,2026-02-10 00:00,2026-02-10 02:34,Interlocking Testing Block,Rejected
BR001060,TASK81880,Engineering,ST-BCT,2026-02-10 00:30,2026-02-10 02:55,Traffic Block,Completed
BR001061,TASK82796,Engineering,NDLS-UMB,2026-02-10 00:30,2026-02-10 05:12,Traffic Block,Approved
BR001062,TASK90516,S&T,KGP-VSKP,2026-02-10 00:45,2026-02-10 01:51,Interlocking Testing Block,Cancelled
BR001063,TASK72799,Traction,HWH-KGP,2026-02-10 00:45,2026-02-10 05:11,OHE Maintenance Block,Completed
BR001064,TASK51782,Engineering,BZA-SC,2026-02-10 00:45,2026-02-10 02:11,Non-Interlocking Block,Approved
BR001065,TASK19492,S&T,MGS-HWH,2026-02-10 01:00,2026-02-10 02:01,Interlocking Testing Block,Cancelled
BR001066,TASK79490,Engineering,NGP-BSP,2026-02-10 01:00,2026-02-10 02:21,Traffic Block,Completed
BR001067,TASK52049,S&T,JP-ADI,2026-02-10 01:15,2026-02-10 05:51,Interlocking Testing Block,Completed
BR001068,TASK98191,Engineering,CSMT-BSR,2026-02-10 01:15,2026-02-10 03:41,Bridge Inspection Block,Requested
BR001069,TASK60407,Engineering,BSR-BPL,2026-02-10 01:30,2026-02-10 04:25,Track Renewal Block,Approved
BR001070,TASK61824,Engineering,ADI-BRC,2026-02-10 01:30,2026-02-10 05:58,Bridge Inspection Block,Completed
BR001071,TASK35611,Engineering,BZA-MAS,2026-02-10 01:45,2026-02-10 05:48,Bridge Inspection Block,Approved
BR001072,TASK60813,Engineering,BZA-MAS,2026-02-10 01:45,2026-02-10 03:31,Traffic Block,Approved
BR001073,TASK57577,Engineering,SC-NGP,2026-02-10 10:45,2026-02-10 12:12,Traffic Block,Requested
BR001074,TASK93247,Traction,JTJ-SBC,2026-02-10 11:00,2026-02-10 12:39,Power Block,Approved
BR001075,TASK72645,S&T,NGP-BSP,2026-02-10 15:30,2026-02-10 16:54,Signal Maintenance Block,Approved
BR001076,TASK71155,S&T,SC-NGP,2026-02-10 22:15,2026-02-10 23:21,Signal Maintenance Block,Rejected
BR001077,TASK72090,Engineering,BZA-MAS,2026-02-10 22:30,2026-02-11 02:08,Non-Interlocking Block,Approved
BR001078,TASK48728,S&T,ST-BCT,2026-02-10 22:30,2026-02-11 02:20,Signal Maintenance Block,Completed
BR001079,TASK97997,Engineering,ST-BCT,2026-02-10 23:00,2026-02-11 00:46,Track Renewal Block,Approved
BR001080,TASK17742,Engineering,SBC-MAS,2026-02-10 23:00,2026-02-11 01:32,Traffic Block,Completed
BR001081,TASK94461,S&T,MAS-JTJ,2026-02-10 23:00,2026-02-11 03:17,Interlocking Testing Block,Rejected
BR001082,TASK85114,Engineering,ALD-MGS,2026-02-10 23:00,2026-02-11 02:13,Traffic Block,Requested
BR001083,TASK70928,Traction,BZA-SC,2026-02-10 23:15,2026-02-11 03:48,Traction Feed Block,Requested
BR001084,TASK85384,Engineering,JP-ADI,2026-02-11 00:15,2026-02-11 01:40,Non-Interlocking Block,Approved
BR001085,TASK53975,Engineering,CSMT-BSR,2026-02-11 01:00,2026-02-11 04:50,Non-Interlocking Block,Requested
BR001086,TASK75838,Engineering,BZA-MAS,2026-02-11 01:15,2026-02-11 03:15,Traffic Block,Requested
BR001087,TASK56351,Engineering,NDLS-UMB,2026-02-11 01:30,2026-02-11 02:56,Bridge Inspection Block,Requested
BR001088,TASK38195,Engineering,BRC-ST,2026-02-11 01:45,2026-02-11 05:47,Track Renewal Block,Requested
BR001089,TASK65262,Engineering,BSR-BPL,2026-02-11 10:45,2026-02-11 11:21,Bridge Inspection Block,Approved
BR001090,TASK16393,S&T,NGP-BSP,2026-02-11 11:15,2026-02-11 12:08,Cable Block,Approved
BR001091,TASK15546,Traction,SBC-UBL,2026-02-11 13:00,2026-02-11 14:42,Traction Feed Block,Cancelled
BR001092,TASK78395,S&T,SC-NGP,2026-02-11 14:15,2026-02-11 15:02,Interlocking Testing Block,Approved
BR001093,TASK79677,Engineering,ALD-MGS,2026-02-11 22:15,2026-02-12 01:00,Non-Interlocking Block,Completed
BR001094,TASK66229,S&T,KGP-VSKP,2026-02-11 22:30,2026-02-11 23:37,Interlocking Testing Block,Rejected
BR001095,TASK12477,Engineering,MAS-JTJ,2026-02-11 22:30,2026-02-12 00:56,Track Renewal Block,Approved
BR001096,TASK91665,S&T,HWH-NJP,2026-02-11 22:45,2026-02-12 01:53,Signal Maintenance Block,Approved
BR001097,TASK79268,Engineering,BRC-ST,2026-02-11 23:00,2026-02-12 03:20,Traffic Block,Approved
BR001098,TASK57214,S&T,BZA-MAS,2026-02-11 23:15,2026-02-12 02:23,Interlocking Testing Block,Rejected
BR001099,TASK50933,S&T,NDLS-GZB,2026-02-11 23:15,2026-02-12 02:14,Interlocking Testing Block,Approved
BR001100,TASK83122,Traction,MAS-JTJ,2026-02-11 23:15,2026-02-12 03:51,OHE Maintenance Block,Rejected
BR001101,TASK26666,S&T,BSR-BPL,2026-02-11 23:45,2026-02-12 02:51,Cable Block,Requested
BR001102,TASK70398,S&T,BPL-JHS,2026-02-12 00:00,2026-02-12 04:50,Cable Block,Approved
BR001103,TASK93857,Traction,NDLS-GZB,2026-02-12 00:30,2026-02-12 02:10,Traction Feed Block,Approved
BR001104,TASK17595,S&T,UBL-PUNE,2026-02-12 00:30,2026-02-12 04:53,Cable Block,Approved
BR001105,TASK88218,Engineering,KGP-VSKP,2026-02-12 00:45,2026-02-12 02:16,Non-Interlocking Block,Completed
BR001106,TASK74806,Engineering,ST-BCT,2026-02-12 00:45,2026-02-12 02:29,Traffic Block,Approved
BR001107,TASK95427,Engineering,SBC-UBL,2026-02-12 01:00,2026-02-12 05:57,Traffic Block,Rejected
BR001108,TASK15798,Engineering,BZA-SC,2026-02-12 01:15,2026-02-12 05:45,Traffic Block,Approved
BR001109,TASK42494,Traction,MGS-HWH,2026-02-12 01:15,2026-02-12 05:43,OHE Maintenance Block,Approved
BR001110,TASK62239,Traction,HWH-KGP,2026-02-12 10:00,2026-02-12 11:57,Traction Feed Block,Approved
BR001111,TASK14194,Engineering,BZA-MAS,2026-02-12 10:00,2026-02-12 11:27,Track Renewal Block,Completed
BR001112,TASK70638,S&T,PUNE-CSMT,2026-02-12 10:15,2026-02-12 11:36,Interlocking Testing Block,Approved
BR001113,TASK87756,Engineering,MGS-HWH,2026-02-12 12:30,2026-02-12 13:08,Track Renewal Block,Approved
BR001114,TASK67166,Engineering,ALD-MGS,2026-02-12 14:15,2026-02-12 15:29,Track Renewal Block,Completed
BR001115,TASK39733,Traction,BZA-SC,2026-02-12 14:30,2026-02-12 15:11,Power Block,Requested
BR001116,TASK33200,Traction,VSKP-BZA,2026-02-12 14:30,2026-02-12 16:16,OHE Maintenance Block,Rejected
BR001117,TASK72508,S&T,NDLS-JHS,2026-02-12 22:30,2026-02-13 02:07,Signal Maintenance Block,Approved
BR001118,TASK37990,Engineering,JU-JP,2026-02-12 22:45,2026-02-13 03:24,Non-Interlocking Block,Approved
BR001119,TASK13219,Engineering,SC-NGP,2026-02-12 23:00,2026-02-13 03:10,Non-Interlocking Block,Approved
BR001120,TASK92500,S&T,BRC-ST,2026-02-12 23:00,2026-02-13 01:14,Interlocking Testing Block,Approved
BR001121,TASK39233,S&T,KGP-VSKP,2026-02-12 23:00,2026-02-13 02:28,Interlocking Testing Block,Rejected
BR001122,TASK32087,Engineering,GZB-CNB,2026-02-12 23:15,2026-02-13 02:01,Non-Interlocking Block,Rejected
BR001123,TASK73377,Engineering,BZA-MAS,2026-02-12 23:30,2026-02-13 03:25,Track Renewal Block,Approved
BR001124,TASK27149,S&T,CNB-ALD,2026-02-12 23:45,2026-02-13 03:45,Signal Maintenance Block,Completed
BR001125,TASK45180,Engineering,HWH-KGP,2026-02-13 00:00,2026-02-13 02:40,Non-Interlocking Block,Approved
BR001126,TASK58883,Engineering,BZA-MAS,2026-02-13 00:00,2026-02-13 01:24,Bridge Inspection Block,Approved
BR001127,TASK34101,S&T,GZB-CNB,2026-02-13 00:30,2026-02-13 02:59,Interlocking Testing Block,Approved
BR001128,TASK60674,Engineering,ST-BCT,2026-02-13 00:30,2026-02-13 04:46,Traffic Block,Approved
BR001129,TASK33296,S&T,MGS-HWH,2026-02-13 01:00,2026-02-13 02:38,Cable Block,Approved
BR001130,TASK40213,Traction,BSR-BPL,2026-02-13 01:00,2026-02-13 03:28,Traction Feed Block,Requested
BR001131,TASK55990,S&T,NGP-BSP,2026-02-13 01:30,2026-02-13 05:40,Interlocking Testing Block,Approved
BR001132,TASK22430,Traction,MAS-JTJ,2026-02-13 01:30,2026-02-13 06:18,Traction Feed Block,Completed
BR001133,TASK27834,S&T,NDLS-JHS,2026-02-13 10:30,2026-02-13 12:12,Cable Block,Approved
BR001134,TASK10422,Engineering,NJP-GHY,2026-02-13 10:45,2026-02-13 12:26,Non-Interlocking Block,Completed
BR001135,TASK53691,Engineering,BZA-MAS,2026-02-13 12:30,2026-02-13 14:27,Traffic Block,Requested
BR001136,TASK37264,Engineering,CSMT-BSR,2026-02-13 13:00,2026-02-13 14:20,Bridge Inspection Block,Approved
BR001137,TASK49755,Engineering,BZA-SC,2026-02-13 14:00,2026-02-13 14:39,Non-Interlocking Block,Approved
BR001138,TASK14664,S&T,NDLS-ASR,2026-02-13 15:00,2026-02-13 15:58,Interlocking Testing Block,Approved
BR001139,TASK60649,S&T,BZA-SC,2026-02-13 15:00,2026-02-13 15:37,Cable Block,Approved
BR001140,TASK28565,Traction,SBC-UBL,2026-02-13 15:15,2026-02-13 16:42,Power Block,Approved
BR001141,TASK73011,Engineering,BPL-JHS,2026-02-13 15:15,2026-02-13 15:55,Non-Interlocking Block,Approved
BR001142,TASK31145,Traction,SBC-MAS,2026-02-13 15:15,2026-02-13 16:06,Traction Feed Block,Completed
BR001143,TASK71743,Traction,ALD-MGS,2026-02-13 22:00,2026-02-13 23:01,Traction Feed Block,Approved
BR001144,TASK11263,Engineering,ADI-BRC,2026-02-13 22:30,2026-02-14 02:52,Track Renewal Block,Approved
BR001145,TASK69276,Engineering,VSKP-BZA,2026-02-13 23:00,2026-02-14 03:03,Non-Interlocking Block,Approved
BR001146,TASK22500,Engineering,BPL-JHS,2026-02-13 23:00,2026-02-14 03:54,Non-Interlocking Block,Approved
BR001147,TASK64268,Engineering,UBL-PUNE,2026-02-13 23:00,2026-02-14 01:51,Non-Interlocking Block,Approved
BR001148,TASK78012,S&T,BSR-BPL,2026-02-14 00:15,2026-02-14 02:21,Signal Maintenance Block,Requested
BR001149,TASK59324,Engineering,BZA-MAS,2026-02-14 00:15,2026-02-14 04:14,Track Renewal Block,Approved
BR001150,TASK43085,Traction,NDLS-ASR,2026-02-14 00:30,2026-02-14 04:27,OHE Maintenance Block,Completed
BR001151,TASK76120,Engineering,BRC-ST,2026-02-14 00:30,2026-02-14 02:27,Track Renewal Block,Cancelled
BR001152,TASK42262,Engineering,JTJ-SBC,2026-02-14 00:45,2026-02-14 02:01,Non-Interlocking Block,Approved
BR001153,TASK71930,S&T,BRC-ST,2026-02-14 00:45,2026-02-14 03:09,Cable Block,Approved
BR001154,TASK44875,Engineering,SBC-MAS,2026-02-14 00:45,2026-02-14 05:06,Bridge Inspection Block,Approved
BR001155,TASK25640,Engineering,ST-BCT,2026-02-14 01:15,2026-02-14 04:57,Traffic Block,Approved
BR001156,TASK50078,Engineering,HWH-KGP,2026-02-14 01:30,2026-02-14 05:21,Non-Interlocking Block,Approved
BR001157,TASK82864,Traction,ALD-MGS,2026-02-14 10:00,2026-02-14 10:54,Traction Feed Block,Approved
BR001158,TASK50734,Engineering,NDLS-ASR,2026-02-14 11:15,2026-02-14 12:58,Traffic Block,Requested
BR001159,TASK58036,Engineering,BZA-MAS,2026-02-14 12:30,2026-02-14 13:35,Bridge Inspection Block,Approved
BR001160,TASK50887,Traction,UBL-PUNE,2026-02-14 13:00,2026-02-14 14:16,Traction Feed Block,Completed
BR001161,TASK26175,S&T,SBC-MAS,2026-02-14 22:00,2026-02-15 00:32,Interlocking Testing Block,Approved
BR001162,TASK72563,Engineering,MAS-JTJ,2026-02-14 22:30,2026-02-15 03:19,Traffic Block,Approved
BR001163,TASK61797,Traction,PUNE-CSMT,2026-02-14 22:30,2026-02-14 23:52,Traction Feed Block,Approved
BR001164,TASK42471,Engineering,NDLS-JHS,2026-02-14 22:30,2026-02-15 01:16,Bridge Inspection Block,Rejected
BR001165,TASK88301,Engineering,BPL-JHS,2026-02-14 22:45,2026-02-15 01:45,Bridge Inspection Block,Approved
BR001166,TASK80306,Engineering,BZA-MAS,2026-02-14 22:45,2026-02-15 01:00,Track Renewal Block,Approved
BR001167,TASK56736,S&T,NDLS-GZB,2026-02-14 23:00,2026-02-15 00:36,Signal Maintenance Block,Approved
BR001168,TASK73579,S&T,GZB-CNB,2026-02-14 23:00,2026-02-15 02:30,Interlocking Testing Block,Completed
BR001169,TASK12081,Engineering,BRC-ST,2026-02-14 23:15,2026-02-15 00:28,Bridge Inspection Block,Approved
BR001170,TASK74944,Engineering,NDLS-JHS,2026-02-14 23:30,2026-02-15 03:10,Bridge Inspection Block,Cancelled
BR001171,TASK78629,Engineering,BPL-JHS,2026-02-14 23:45,2026-02-15 04:22,Non-Interlocking Block,Completed
BR001172,TASK26833,Engineering,HWH-KGP,2026-02-14 23:45,2026-02-15 03:09,Bridge Inspection Block,Completed
BR001173,TASK56625,Engineering,PUNE-CSMT,2026-02-14 23:45,2026-02-15 04:22,Traffic Block,Approved
BR001174,TASK40171,Engineering,BZA-SC,2026-02-15 00:00,2026-02-15 04:37,Bridge Inspection Block,Requested
BR001175,TASK11161,Engineering,MGS-HWH,2026-02-15 00:00,2026-02-15 01:44,Track Renewal Block,Approved
BR001176,TASK14161,Traction,BZA-MAS,2026-02-15 00:15,2026-02-15 03:51,Power Block,Approved
BR001177,TASK69560,S&T,SBC-MAS,2026-02-15 00:15,2026-02-15 04:31,Cable Block,Cancelled
BR001178,TASK34778,Engineering,MGS-HWH,2026-02-15 00:30,2026-02-15 01:34,Bridge Inspection Block,Approved
BR001179,TASK73440,S&T,BRC-ST,2026-02-15 00:30,2026-02-15 05:14,Cable Block,Requested
BR001180,TASK48586,Traction,SC-NGP,2026-02-15 00:45,2026-02-15 04:56,Traction Feed Block,Rejected
BR001181,TASK53442,Traction,VSKP-BZA,2026-02-15 01:30,2026-02-15 03:28,OHE Maintenance Block,Rejected
BR001182,TASK83856,S&T,BRC-ST,2026-02-15 01:45,2026-02-15 04:50,Interlocking Testing Block,Approved
BR001183,TASK82203,S&T,NGP-BSP,2026-02-15 10:30,2026-02-15 11:47,Signal Maintenance Block,Rejected
BR001184,TASK24359,S&T,JTJ-SBC,2026-02-15 11:00,2026-02-15 11:44,Cable Block,Completed
BR001185,TASK12421,Engineering,CSMT-BSR,2026-02-15 11:30,2026-02-15 12:33,Bridge Inspection Block,Completed
BR001186,TASK11700,Engineering,NDLS-GZB,2026-02-15 11:30,2026-02-15 12:59,Track Renewal Block,Approved
BR001187,TASK87604,Traction,SBC-UBL,2026-02-15 12:45,2026-02-15 14:02,OHE Maintenance Block,Rejected
BR001188,TASK49993,Engineering,NDLS-UMB,2026-02-15 13:45,2026-02-15 15:30,Traffic Block,Approved
BR001189,TASK17766,S&T,PUNE-CSMT,2026-02-15 13:45,2026-02-15 15:39,Cable Block,Approved
BR001190,TASK20824,S&T,NDLS-UMB,2026-02-15 14:45,2026-02-15 16:17,Signal Maintenance Block,Requested
BR001191,TASK41041,Engineering,ADI-BRC,2026-02-15 15:30,2026-02-15 16:01,Track Renewal Block,Approved
BR001192,TASK10742,Engineering,SC-NGP,2026-02-15 22:15,2026-02-16 02:46,Bridge Inspection Block,Requested
BR001193,TASK21198,Traction,UBL-PUNE,2026-02-15 22:30,2026-02-16 02:31,Power Block,Completed
BR001194,TASK92381,Traction,SBC-UBL,2026-02-15 22:30,2026-02-16 02:03,Power Block,Completed
BR001195,TASK87441,Engineering,NDLS-GZB,2026-02-15 22:30,2026-02-16 00:12,Non-Interlocking Block,Approved
BR001196,TASK28697,Traction,ADI-BRC,2026-02-15 23:00,2026-02-16 03:28,OHE Maintenance Block,Approved
BR001197,TASK63974,Engineering,DLI-JU,2026-02-15 23:30,2026-02-16 03:16,Non-Interlocking Block,Approved
BR001198,TASK37985,S&T,ALD-MGS,2026-02-16 00:15,2026-02-16 01:27,Signal Maintenance Block,Approved
BR001199,TASK60038,Engineering,NDLS-JHS,2026-02-16 00:30,2026-02-16 03:08,Traffic Block,Rejected
BR001200,TASK98234,Engineering,ST-BCT,2026-02-16 00:30,2026-02-16 04:13,Traffic Block,Rejected
BR001201,TASK88150,Engineering,PUNE-CSMT,2026-02-16 01:00,2026-02-16 05:47,Track Renewal Block,Approved
BR001202,TASK58111,Traction,DLI-JU,2026-02-16 01:15,2026-02-16 02:41,OHE Maintenance Block,Completed
BR001203,TASK63991,Engineering,JP-ADI,2026-02-16 14:00,2026-02-16 14:53,Traffic Block,Approved
BR001204,TASK99703,S&T,BSR-BPL,2026-02-16 14:45,2026-02-16 16:27,Signal Maintenance Block,Completed
BR001205,TASK11193,Engineering,DLI-JU,2026-02-16 14:45,2026-02-16 15:27,Track Renewal Block,Approved
BR001206,TASK21282,Engineering,HWH-KGP,2026-02-16 15:45,2026-02-16 16:28,Bridge Inspection Block,Completed
BR001207,TASK61479,Engineering,SBC-MAS,2026-02-16 22:15,2026-02-17 02:58,Non-Interlocking Block,Approved
BR001208,TASK84913,S&T,BZA-MAS,2026-02-16 22:30,2026-02-17 02:42,Signal Maintenance Block,Approved
BR001209,TASK40428,S&T,MGS-HWH,2026-02-16 22:30,2026-02-17 00:10,Signal Maintenance Block,Rejected
BR001210,TASK23718,Engineering,NDLS-JHS,2026-02-16 22:45,2026-02-17 01:20,Traffic Block,Approved
BR001211,TASK43528,Traction,BZA-SC,2026-02-16 23:00,2026-02-17 02:38,Traction Feed Block,Approved
BR001212,TASK86931,S&T,DLI-JU,2026-02-16 23:00,2026-02-17 02:06,Cable Block,Rejected
BR001213,TASK35425,Traction,BPL-JHS,2026-02-17 00:15,2026-02-17 03:43,Power Block,Approved
BR001214,TASK16910,Engineering,HWH-KGP,2026-02-17 00:30,2026-02-17 03:06,Non-Interlocking Block,Approved
BR001215,TASK35193,Traction,ALD-MGS,2026-02-17 00:30,2026-02-17 05:20,Traction Feed Block,Requested
BR001216,TASK55296,Engineering,BZA-MAS,2026-02-17 00:30,2026-02-17 02:31,Traffic Block,Rejected
BR001217,TASK56877,Engineering,JTJ-SBC,2026-02-17 01:00,2026-02-17 04:48,Traffic Block,Approved
BR001218,TASK17167,S&T,DLI-JU,2026-02-17 01:00,2026-02-17 03:25,Signal Maintenance Block,Approved
BR001219,TASK31944,Engineering,BZA-MAS,2026-02-17 01:30,2026-02-17 03:31,Traffic Block,Approved
BR001220,TASK71484,Engineering,NDLS-GZB,2026-02-17 01:30,2026-02-17 06:03,Track Renewal Block,Rejected
BR001221,TASK87058,Engineering,SC-NGP,2026-02-17 01:45,2026-02-17 02:52,Non-Interlocking Block,Requested
BR001222,TASK75329,S&T,JTJ-SBC,2026-02-17 01:45,2026-02-17 04:21,Interlocking Testing Block,Requested
BR001223,TASK26111,Traction,NDLS-UMB,2026-02-17 01:45,2026-02-17 03:44,Power Block,Approved
BR001224,TASK64585,Traction,SBC-MAS,2026-02-17 10:30,2026-02-17 11:23,Traction Feed Block,Approved
BR001225,TASK91021,S&T,NDLS-ASR,2026-02-17 12:30,2026-02-17 13:22,Signal Maintenance Block,Approved
BR001226,TASK14236,Traction,ALD-MGS,2026-02-17 13:15,2026-02-17 14:14,Traction Feed Block,Approved
BR001227,TASK36337,Engineering,SC-NGP,2026-02-17 22:15,2026-02-18 01:22,Track Renewal Block,Completed
BR001228,TASK14923,Engineering,ALD-MGS,2026-02-17 22:30,2026-02-18 01:39,Traffic Block,Approved
BR001229,TASK95397,Traction,NGP-BSP,2026-02-17 23:15,2026-02-18 01:26,OHE Maintenance Block,Approved
BR001230,TASK14414,S&T,ALD-MGS,2026-02-17 23:30,2026-02-18 03:30,Signal Maintenance Block,Rejected
BR001231,TASK64172,S&T,SC-NGP,2026-02-17 23:30,2026-02-18 04:21,Interlocking Testing Block,Approved
BR001232,TASK48021,Engineering,SBC-MAS,2026-02-18 00:00,2026-02-18 01:19,Bridge Inspection Block,Completed
BR001233,TASK41962,S&T,NDLS-UMB,2026-02-18 00:15,2026-02-18 02:54,Signal Maintenance Block,Requested
BR001234,TASK85778,S&T,BZA-MAS,2026-02-18 00:30,2026-02-18 04:16,Interlocking Testing Block,Approved
BR001235,TASK63535,Traction,HWH-KGP,2026-02-18 00:45,2026-02-18 05:05,OHE Maintenance Block,Approved
BR001236,TASK81306,Engineering,NDLS-GZB,2026-02-18 01:00,2026-02-18 03:54,Non-Interlocking Block,Approved
BR001237,TASK26426,S&T,CNB-ALD,2026-02-18 01:00,2026-02-18 04:18,Cable Block,Approved
BR001238,TASK39025,S&T,BPL-JHS,2026-02-18 01:00,2026-02-18 03:24,Interlocking Testing Block,Approved
BR001239,TASK20314,S&T,NDLS-ASR,2026-02-18 01:30,2026-02-18 05:35,Signal Maintenance Block,Approved
BR001240,TASK79812,Engineering,SC-NGP,2026-02-18 01:30,2026-02-18 05:34,Bridge Inspection Block,Completed
BR001241,TASK76837,Engineering,SBC-MAS,2026-02-18 14:30,2026-02-18 15:23,Bridge Inspection Block,Requested
BR001242,TASK10971,S&T,SC-NGP,2026-02-18 15:15,2026-02-18 17:13,Signal Maintenance Block,Rejected
BR001243,TASK13514,S&T,MGS-HWH,2026-02-18 22:00,2026-02-19 00:10,Signal Maintenance Block,Completed
BR001244,TASK69768,Engineering,SBC-MAS,2026-02-18 22:15,2026-02-19 01:04,Track Renewal Block,Approved
BR001245,TASK64353,Engineering,ALD-MGS,2026-02-18 22:15,2026-02-19 00:19,Non-Interlocking Block,Rejected
BR001246,TASK94373,S&T,CNB-ALD,2026-02-18 22:30,2026-02-19 03:17,Signal Maintenance Block,Requested
BR001247,TASK80536,Traction,BSR-BPL,2026-02-18 22:45,2026-02-19 03:23,Traction Feed Block,Requested
BR001248,TASK55973,Traction,CSMT-BSR,2026-02-18 22:45,2026-02-19 00:08,OHE Maintenance Block,Requested
BR001249,TASK43846,Engineering,ADI-BRC,2026-02-18 23:00,2026-02-19 00:19,Bridge Inspection Block,Approved
BR001250,TASK35057,Engineering,CNB-ALD,2026-02-18 23:00,2026-02-19 03:42,Track Renewal Block,Completed
BR001251,TASK56406,S&T,ALD-MGS,2026-02-18 23:15,2026-02-19 03:03,Signal Maintenance Block,Approved
BR001252,TASK51021,S&T,CNB-ALD,2026-02-18 23:15,2026-02-19 02:49,Cable Block,Approved
BR001253,TASK37590,S&T,NGP-BSP,2026-02-18 23:30,2026-02-19 00:34,Signal Maintenance Block,Completed
BR001254,TASK96697,S&T,SBC-UBL,2026-02-18 23:30,2026-02-19 02:44,Signal Maintenance Block,Approved
BR001255,TASK33377,S&T,HWH-NJP,2026-02-18 23:45,2026-02-19 04:05,Interlocking Testing Block,Approved
BR001256,TASK18810,Engineering,BPL-JHS,2026-02-19 00:00,2026-02-19 02:17,Bridge Inspection Block,Requested
BR001257,TASK58336,Engineering,NDLS-ASR,2026-02-19 00:30,2026-02-19 04:39,Bridge Inspection Block,Approved
BR001258,TASK74997,Traction,JTJ-SBC,2026-02-19 00:45,2026-02-19 03:47,Power Block,Rejected
BR001259,TASK23238,S&T,MGS-HWH,2026-02-19 01:00,2026-02-19 03:33,Interlocking Testing Block,Completed
BR001260,TASK95054,Traction,GZB-CNB,2026-02-19 01:00,2026-02-19 04:41,OHE Maintenance Block,Approved
BR001261,TASK17211,Traction,HWH-NJP,2026-02-19 01:15,2026-02-19 04:41,Traction Feed Block,Rejected
BR001262,TASK85771,S&T,NDLS-UMB,2026-02-19 01:30,2026-02-19 04:39,Cable Block,Approved
BR001263,TASK88112,S&T,BRC-ST,2026-02-19 01:30,2026-02-19 02:33,Interlocking Testing Block,Requested
BR001264,TASK61853,S&T,HWH-KGP,2026-02-19 11:45,2026-02-19 12:22,Signal Maintenance Block,Approved
BR001265,TASK97055,Traction,MAS-JTJ,2026-02-19 12:15,2026-02-19 13:32,OHE Maintenance Block,Completed
BR001266,TASK44206,Engineering,VSKP-BZA,2026-02-19 12:30,2026-02-19 14:06,Non-Interlocking Block,Completed
BR001267,TASK57462,Traction,HWH-NJP,2026-02-19 13:00,2026-02-19 14:49,OHE Maintenance Block,Approved
BR001268,TASK26106,S&T,NDLS-ASR,2026-02-19 13:45,2026-02-19 14:57,Cable Block,Approved
BR001269,TASK75735,S&T,HWH-KGP,2026-02-19 13:45,2026-02-19 15:20,Interlocking Testing Block,Requested
BR001270,TASK85969,Traction,JTJ-SBC,2026-02-19 15:15,2026-02-19 15:52,OHE Maintenance Block,Requested
BR001271,TASK96602,S&T,ALD-MGS,2026-02-19 15:30,2026-02-19 16:28,Interlocking Testing Block,Approved
BR001272,TASK23824,Traction,ALD-MGS,2026-02-19 15:30,2026-02-19 16:14,Power Block,Completed
BR001273,TASK11750,S&T,MAS-JTJ,2026-02-19 22:00,2026-02-20 00:08,Signal Maintenance Block,Approved
BR001274,TASK66009,Traction,MGS-HWH,2026-02-19 22:30,2026-02-20 02:29,OHE Maintenance Block,Completed
BR001275,TASK55816,Engineering,ALD-MGS,2026-02-19 22:45,2026-02-20 03:31,Traffic Block,Approved
BR001276,TASK75494,Engineering,ADI-BRC,2026-02-19 23:00,2026-02-20 01:19,Bridge Inspection Block,Rejected
BR001277,TASK83640,Engineering,HWH-NJP,2026-02-19 23:15,2026-02-20 01:35,Non-Interlocking Block,Completed
BR001278,TASK94049,Engineering,NJP-GHY,2026-02-19 23:45,2026-02-20 00:58,Traffic Block,Approved
BR001279,TASK35832,Engineering,SBC-UBL,2026-02-19 23:45,2026-02-20 02:06,Bridge Inspection Block,Approved
BR001280,TASK95572,Engineering,ST-BCT,2026-02-19 23:45,2026-02-20 04:40,Track Renewal Block,Completed
BR001281,TASK54564,Traction,NDLS-UMB,2026-02-20 00:00,2026-02-20 02:09,Traction Feed Block,Rejected
BR001282,TASK98270,S&T,BSR-BPL,2026-02-20 00:30,2026-02-20 03:28,Cable Block,Requested
BR001283,TASK14919,Engineering,JU-JP,2026-02-20 00:45,2026-02-20 02:07,Non-Interlocking Block,Completed
BR001284,TASK61870,Traction,BZA-MAS,2026-02-20 01:00,2026-02-20 03:01,Power Block,Approved
BR001285,TASK37299,S&T,GZB-CNB,2026-02-20 01:00,2026-02-20 03:15,Signal Maintenance Block,Approved
BR001286,TASK28398,Engineering,VSKP-BZA,2026-02-20 01:00,2026-02-20 03:37,Track Renewal Block,Approved
BR001287,TASK19833,Engineering,BZA-SC,2026-02-20 01:30,2026-02-20 04:59,Track Renewal Block,Approved
BR001288,TASK84735,Engineering,ALD-MGS,2026-02-20 01:30,2026-02-20 04:44,Track Renewal Block,Approved
BR001289,TASK39631,Engineering,SC-NGP,2026-02-20 01:45,2026-02-20 03:24,Non-Interlocking Block,Approved
BR001290,TASK43662,Engineering,BPL-JHS,2026-02-20 11:15,2026-02-20 12:08,Track Renewal Block,Requested
BR001291,TASK71885,Engineering,SBC-UBL,2026-02-20 11:30,2026-02-20 12:13,Track Renewal Block,Requested
BR001292,TASK86077,S&T,NDLS-GZB,2026-02-20 12:15,2026-02-20 13:33,Interlocking Testing Block,Approved
BR001293,TASK32731,Traction,CSMT-BSR,2026-02-20 22:00,2026-02-21 02:28,Power Block,Requested
BR001294,TASK27728,Traction,CSMT-BSR,2026-02-20 22:15,2026-02-20 23:46,OHE Maintenance Block,Rejected
BR001295,TASK56471,S&T,BPL-JHS,2026-02-20 22:45,2026-02-21 03:23,Interlocking Testing Block,Rejected
BR001296,TASK45680,Traction,MGS-HWH,2026-02-20 22:45,2026-02-21 01:13,OHE Maintenance Block,Approved
BR001297,TASK63639,Engineering,ST-BCT,2026-02-20 22:45,2026-02-21 03:15,Bridge Inspection Block,Approved
BR001298,TASK33823,Engineering,BRC-ST,2026-02-20 23:00,2026-02-21 00:58,Non-Interlocking Block,Rejected
BR001299,TASK71985,Engineering,DLI-JU,2026-02-20 23:15,2026-02-21 02:19,Track Renewal Block,Approved
BR001300,TASK84143,Traction,SBC-UBL,2026-02-20 23:30,2026-02-21 00:54,OHE Maintenance Block,Approved
BR001301,TASK90673,Engineering,CSMT-BSR,2026-02-20 23:30,2026-02-21 03:32,Track Renewal Block,Requested
BR001302,TASK54068,Traction,ST-BCT,2026-02-20 23:45,2026-02-21 01:53,Traction Feed Block,Approved
BR001303,TASK32777,S&T,NDLS-JHS,2026-02-20 23:45,2026-02-21 03:12,Cable Block,Rejected
BR001304,TASK94971,S&T,BRC-ST,2026-02-21 00:00,2026-02-21 04:51,Signal Maintenance Block,Approved
BR001305,TASK58625,S&T,ADI-BRC,2026-02-21 00:00,2026-02-21 01:44,Signal Maintenance Block,Completed
BR001306,TASK89867,Engineering,BRC-ST,2026-02-21 00:15,2026-02-21 03:59,Track Renewal Block,Approved
BR001307,TASK52742,Engineering,ST-BCT,2026-02-21 00:15,2026-02-21 04:35,Track Renewal Block,Approved
BR001308,TASK51699,Engineering,CNB-ALD,2026-02-21 00:30,2026-02-21 02:07,Bridge Inspection Block,Approved
BR001309,TASK84279,Traction,HWH-NJP,2026-02-21 00:45,2026-02-21 03:15,Power Block,Requested
BR001310,TASK66133,Traction,ALD-MGS,2026-02-21 01:15,2026-02-21 03:38,OHE Maintenance Block,Completed
BR001311,TASK13793,Traction,VSKP-BZA,2026-02-21 01:30,2026-02-21 04:14,Traction Feed Block,Approved
BR001312,TASK91161,S&T,MAS-JTJ,2026-02-21 01:30,2026-02-21 05:08,Cable Block,Requested
BR001313,TASK89026,S&T,HWH-KGP,2026-02-21 01:45,2026-02-21 02:53,Interlocking Testing Block,Rejected
BR001314,TASK38740,Engineering,SC-NGP,2026-02-21 01:45,2026-02-21 04:12,Track Renewal Block,Rejected
BR001315,TASK56939,S&T,BPL-JHS,2026-02-21 01:45,2026-02-21 05:00,Interlocking Testing Block,Approved
BR001316,TASK20224,Engineering,SC-NGP,2026-02-21 01:45,2026-02-21 06:18,Track Renewal Block,Approved
BR001317,TASK68281,Traction,GZB-CNB,2026-02-21 10:00,2026-02-21 11:09,Power Block,Approved
BR001318,TASK37440,Traction,KGP-VSKP,2026-02-21 10:30,2026-02-21 11:57,Traction Feed Block,Requested
BR001319,TASK28147,Engineering,CNB-ALD,2026-02-21 12:00,2026-02-21 13:11,Non-Interlocking Block,Approved
BR001320,TASK53455,S&T,MGS-HWH,2026-02-21 12:00,2026-02-21 13:35,Signal Maintenance Block,Requested
BR001321,TASK20470,Engineering,VSKP-BZA,2026-02-21 14:45,2026-02-21 16:22,Non-Interlocking Block,Completed
BR001322,TASK20203,Engineering,PUNE-CSMT,2026-02-21 14:45,2026-02-21 16:33,Non-Interlocking Block,Completed
BR001323,TASK52250,Engineering,HWH-KGP,2026-02-21 22:00,2026-02-22 02:17,Non-Interlocking Block,Approved
BR001324,TASK95799,S&T,MGS-HWH,2026-02-21 22:30,2026-02-22 01:43,Signal Maintenance Block,Approved
BR001325,TASK27500,Traction,UBL-PUNE,2026-02-21 22:30,2026-02-22 01:51,OHE Maintenance Block,Approved
BR001326,TASK72929,Traction,CSMT-BSR,2026-02-21 22:45,2026-02-22 03:29,Power Block,Approved
BR001327,TASK77532,Engineering,SC-NGP,2026-02-21 23:00,2026-02-22 03:39,Track Renewal Block,Requested
BR001328,TASK73443,Traction,SC-NGP,2026-02-21 23:00,2026-02-22 01:01,OHE Maintenance Block,Approved
BR001329,TASK23705,Engineering,CSMT-BSR,2026-02-21 23:00,2026-02-22 00:34,Traffic Block,Rejected
BR001330,TASK13583,Traction,MGS-HWH,2026-02-21 23:15,2026-02-22 03:30,OHE Maintenance Block,Requested
BR001331,TASK26981,S&T,ALD-MGS,2026-02-21 23:30,2026-02-22 04:23,Signal Maintenance Block,Approved
BR001332,TASK56668,Engineering,MAS-JTJ,2026-02-21 23:45,2026-02-22 02:16,Non-Interlocking Block,Rejected
BR001333,TASK21688,Traction,MGS-HWH,2026-02-21 23:45,2026-02-22 04:21,Traction Feed Block,Approved
BR001334,TASK85729,S&T,KGP-VSKP,2026-02-21 23:45,2026-02-22 00:49,Interlocking Testing Block,Completed
BR001335,TASK73448,Traction,NDLS-GZB,2026-02-22 00:15,2026-02-22 03:58,OHE Maintenance Block,Approved
BR001336,TASK16828,S&T,SC-NGP,2026-02-22 00:30,2026-02-22 05:11,Cable Block,Approved
BR001337,TASK72198,S&T,NDLS-UMB,2026-02-22 00:30,2026-02-22 02:12,Interlocking Testing Block,Approved
BR001338,TASK22294,Engineering,ADI-BRC,2026-02-22 00:30,2026-02-22 04:41,Non-Interlocking Block,Approved
BR001339,TASK62428,Engineering,ADI-BRC,2026-02-22 00:45,2026-02-22 02:01,Bridge Inspection Block,Approved
BR001340,TASK11695,Engineering,HWH-NJP,2026-02-22 01:00,2026-02-22 02:29,Traffic Block,Completed
BR001341,TASK62116,S&T,SBC-MAS,2026-02-22 01:15,2026-02-22 03:00,Cable Block,Approved
BR001342,TASK83508,Engineering,ALD-MGS,2026-02-22 01:30,2026-02-22 06:25,Bridge Inspection Block,Approved
BR001343,TASK22382,Engineering,KGP-VSKP,2026-02-22 01:45,2026-02-22 02:57,Non-Interlocking Block,Approved
BR001344,TASK89662,Engineering,CSMT-BSR,2026-02-22 10:00,2026-02-22 10:34,Bridge Inspection Block,Approved
BR001345,TASK87078,Engineering,CSMT-BSR,2026-02-22 10:30,2026-02-22 11:29,Non-Interlocking Block,Cancelled
BR001346,TASK27533,S&T,NGP-BSP,2026-02-22 11:30,2026-02-22 12:08,Cable Block,Approved
BR001347,TASK35248,Engineering,CSMT-BSR,2026-02-22 11:45,2026-02-22 12:17,Bridge Inspection Block,Completed
BR001348,TASK87305,Engineering,MAS-JTJ,2026-02-22 13:00,2026-02-22 14:54,Non-Interlocking Block,Approved
BR001349,TASK58274,Engineering,JP-ADI,2026-02-22 22:00,2026-02-22 23:35,Non-Interlocking Block,Requested
BR001350,TASK95487,Engineering,SC-NGP,2026-02-22 22:15,2026-02-23 01:49,Non-Interlocking Block,Completed
BR001351,TASK40943,Traction,NDLS-UMB,2026-02-22 22:30,2026-02-23 01:43,Power Block,Rejected
BR001352,TASK70929,Engineering,HWH-NJP,2026-02-22 22:30,2026-02-23 00:21,Track Renewal Block,Requested
BR001353,TASK84779,Traction,JP-ADI,2026-02-22 22:30,2026-02-23 01:53,Power Block,Requested
BR001354,TASK36142,S&T,BZA-MAS,2026-02-22 22:30,2026-02-23 01:46,Interlocking Testing Block,Approved
BR001355,TASK24899,Engineering,SBC-MAS,2026-02-22 22:45,2026-02-23 01:35,Traffic Block,Rejected
BR001356,TASK61280,Engineering,CNB-ALD,2026-02-22 23:00,2026-02-23 01:55,Track Renewal Block,Rejected
BR001357,TASK76476,S&T,JTJ-SBC,2026-02-22 23:00,2026-02-23 02:51,Cable Block,Approved
BR001358,TASK30127,S&T,GZB-CNB,2026-02-22 23:45,2026-02-23 04:07,Signal Maintenance Block,Approved
BR001359,TASK38793,Traction,UBL-PUNE,2026-02-23 00:00,2026-02-23 03:21,Power Block,Approved
BR001360,TASK68937,Traction,BRC-ST,2026-02-23 00:00,2026-02-23 03:34,Traction Feed Block,Approved
BR001361,TASK87502,Traction,NGP-BSP,2026-02-23 00:00,2026-02-23 01:37,OHE Maintenance Block,Completed
BR001362,TASK61924,S&T,MGS-HWH,2026-02-23 00:15,2026-02-23 03:52,Signal Maintenance Block,Requested
BR001363,TASK64455,Engineering,NDLS-ASR,2026-02-23 00:30,2026-02-23 01:42,Traffic Block,Rejected
BR001364,TASK91408,S&T,KGP-VSKP,2026-02-23 00:45,2026-02-23 03:22,Interlocking Testing Block,Approved
BR001365,TASK55070,Engineering,NDLS-GZB,2026-02-23 00:45,2026-02-23 01:55,Non-Interlocking Block,Approved
BR001366,TASK87114,Engineering,UBL-PUNE,2026-02-23 01:00,2026-02-23 04:58,Traffic Block,Approved
BR001367,TASK12331,S&T,NDLS-ASR,2026-02-23 01:00,2026-02-23 05:38,Interlocking Testing Block,Completed
BR001368,TASK88416,S&T,SC-NGP,2026-02-23 01:15,2026-02-23 04:12,Cable Block,Cancelled
BR001369,TASK94387,Traction,BZA-MAS,2026-02-23 01:15,2026-02-23 03:37,Power Block,Approved
BR001370,TASK49354,S&T,UBL-PUNE,2026-02-23 01:30,2026-02-23 05:03,Cable Block,Rejected
BR001371,TASK57835,Engineering,MGS-HWH,2026-02-23 01:45,2026-02-23 02:52,Track Renewal Block,Approved
BR001372,TASK47506,Engineering,UBL-PUNE,2026-02-23 11:00,2026-02-23 11:50,Track Renewal Block,Approved
BR001373,TASK26249,Traction,CNB-ALD,2026-02-23 11:00,2026-02-23 12:19,OHE Maintenance Block,Completed
BR001374,TASK65845,S&T,BPL-JHS,2026-02-23 11:45,2026-02-23 13:33,Interlocking Testing Block,Approved
BR001375,TASK95773,Engineering,GZB-CNB,2026-02-23 12:30,2026-02-23 13:50,Track Renewal Block,Approved
BR001376,TASK88710,S&T,NDLS-JHS,2026-02-23 12:45,2026-02-23 14:09,Signal Maintenance Block,Approved
BR001377,TASK37874,Engineering,SBC-UBL,2026-02-23 12:45,2026-02-23 14:17,Bridge Inspection Block,Approved
BR001378,TASK53771,Engineering,ALD-MGS,2026-02-23 13:45,2026-02-23 15:22,Track Renewal Block,Completed
BR001379,TASK55442,Traction,JU-JP,2026-02-23 15:30,2026-02-23 16:55,Traction Feed Block,Approved
BR001380,TASK82051,Traction,ST-BCT,2026-02-23 22:00,2026-02-24 00:02,OHE Maintenance Block,Completed
BR001381,TASK65217,S&T,NGP-BSP,2026-02-23 22:00,2026-02-24 01:25,Interlocking Testing Block,Approved
BR001382,TASK51332,Traction,DLI-JU,2026-02-23 22:15,2026-02-24 02:30,Traction Feed Block,Approved
BR001383,TASK25994,Engineering,GZB-CNB,2026-02-23 22:30,2026-02-23 23:56,Bridge Inspection Block,Completed
BR001384,TASK53628,S&T,DLI-JU,2026-02-23 22:30,2026-02-24 02:10,Cable Block,Completed
BR001385,TASK28981,Engineering,BPL-JHS,2026-02-23 22:45,2026-02-24 02:56,Traffic Block,Completed
BR001386,TASK61852,Engineering,SC-NGP,2026-02-23 23:15,2026-02-24 00:51,Traffic Block,Requested
BR001387,TASK46858,S&T,NDLS-ASR,2026-02-23 23:15,2026-02-24 04:12,Cable Block,Approved
BR001388,TASK27190,Traction,NDLS-ASR,2026-02-23 23:15,2026-02-24 04:05,OHE Maintenance Block,Approved
BR001389,TASK69223,Traction,MGS-HWH,2026-02-23 23:45,2026-02-24 01:43,OHE Maintenance Block,Approved
BR001390,TASK40406,S&T,PUNE-CSMT,2026-02-23 23:45,2026-02-24 04:31,Cable Block,Approved
BR001391,TASK17985,S&T,CSMT-BSR,2026-02-23 23:45,2026-02-24 03:10,Cable Block,Rejected
BR001392,TASK67397,Traction,ALD-MGS,2026-02-24 00:00,2026-02-24 04:31,Power Block,Requested
BR001393,TASK41744,Traction,MGS-HWH,2026-02-24 00:00,2026-02-24 04:01,OHE Maintenance Block,Approved
BR001394,TASK21027,Traction,ADI-BRC,2026-02-24 00:30,2026-02-24 03:03,Traction Feed Block,Completed
BR001395,TASK97536,S&T,NJP-GHY,2026-02-24 00:30,2026-02-24 01:41,Cable Block,Cancelled
BR001396,TASK31621,Engineering,BRC-ST,2026-02-24 00:30,2026-02-24 02:26,Traffic Block,Completed
BR001397,TASK62489,Traction,NGP-BSP,2026-02-24 00:30,2026-02-24 01:53,Power Block,Rejected
BR001398,TASK44033,Engineering,BPL-JHS,2026-02-24 01:15,2026-02-24 03:06,Non-Interlocking Block,Completed
BR001399,TASK79464,S&T,HWH-KGP,2026-02-24 01:30,2026-02-24 04:46,Interlocking Testing Block,Approved
BR001400,TASK17313,Engineering,BZA-SC,2026-02-24 01:45,2026-02-24 03:40,Bridge Inspection Block,Requested
BR001401,TASK33555,S&T,BRC-ST,2026-02-24 01:45,2026-02-24 06:15,Signal Maintenance Block,Requested
BR001402,TASK10433,Engineering,NDLS-UMB,2026-02-24 11:15,2026-02-24 12:46,Non-Interlocking Block,Approved
BR001403,TASK22366,Engineering,NDLS-GZB,2026-02-24 12:00,2026-02-24 13:52,Non-Interlocking Block,Completed
BR001404,TASK16480,Engineering,ST-BCT,2026-02-24 12:00,2026-02-24 12:40,Bridge Inspection Block,Approved
BR001405,TASK33052,Engineering,NDLS-GZB,2026-02-24 12:15,2026-02-24 12:45,Bridge Inspection Block,Requested
BR001406,TASK25012,Engineering,ADI-BRC,2026-02-24 12:15,2026-02-24 13:58,Track Renewal Block,Cancelled
BR001407,TASK74376,Engineering,NGP-BSP,2026-02-24 22:00,2026-02-25 01:38,Traffic Block,Completed
BR001408,TASK21514,Traction,NJP-GHY,2026-02-24 22:00,2026-02-25 00:27,Traction Feed Block,Requested
BR001409,TASK60591,S&T,SC-NGP,2026-02-24 22:15,2026-02-25 02:06,Cable Block,Cancelled
BR001410,TASK89374,S&T,SBC-UBL,2026-02-24 22:15,2026-02-25 01:43,Cable Block,Approved
BR001411,TASK14947,Engineering,SC-NGP,2026-02-24 22:15,2026-02-25 01:11,Track Renewal Block,Approved
BR001412,TASK39932,Engineering,ST-BCT,2026-02-24 22:30,2026-02-25 01:23,Non-Interlocking Block,Approved
BR001413,TASK58574,Engineering,BSR-BPL,2026-02-24 22:45,2026-02-25 01:53,Bridge Inspection Block,Approved
BR001414,TASK81840,Engineering,NDLS-GZB,2026-02-24 23:00,2026-02-25 01:26,Non-Interlocking Block,Approved
BR001415,TASK26825,Engineering,DLI-JU,2026-02-24 23:15,2026-02-25 01:18,Non-Interlocking Block,Completed
BR001416,TASK65339,Traction,JP-ADI,2026-02-24 23:30,2026-02-25 02:05,Power Block,Approved
BR001417,TASK18557,Engineering,JTJ-SBC,2026-02-24 23:30,2026-02-25 01:47,Non-Interlocking Block,Completed
BR001418,TASK96422,Engineering,MAS-JTJ,2026-02-25 00:00,2026-02-25 01:33,Bridge Inspection Block,Completed
BR001419,TASK88659,S&T,CNB-ALD,2026-02-25 00:00,2026-02-25 04:17,Interlocking Testing Block,Completed
BR001420,TASK77818,S&T,MGS-HWH,2026-02-25 00:00,2026-02-25 04:55,Cable Block,Requested
BR001421,TASK26899,Traction,NJP-GHY,2026-02-25 00:00,2026-02-25 01:57,Traction Feed Block,Completed
BR001422,TASK79701,S&T,BZA-SC,2026-02-25 00:45,2026-02-25 02:13,Signal Maintenance Block,Completed
BR001423,TASK70623,Engineering,CNB-ALD,2026-02-25 01:00,2026-02-25 02:51,Bridge Inspection Block,Completed
BR001424,TASK27674,Traction,HWH-KGP,2026-02-25 01:15,2026-02-25 05:38,Power Block,Requested
BR001425,TASK81275,Engineering,BPL-JHS,2026-02-25 01:45,2026-02-25 03:53,Traffic Block,Approved
BR001426,TASK97667,Engineering,NDLS-GZB,2026-02-25 01:45,2026-02-25 05:15,Non-Interlocking Block,Completed
BR001427,TASK84179,Engineering,NDLS-GZB,2026-02-25 01:45,2026-02-25 05:22,Bridge Inspection Block,Requested
BR001428,TASK20016,S&T,ALD-MGS,2026-02-25 11:00,2026-02-25 12:22,Interlocking Testing Block,Approved
BR001429,TASK15681,Engineering,GZB-CNB,2026-02-25 12:45,2026-02-25 14:39,Non-Interlocking Block,Approved
BR001430,TASK58862,S&T,BRC-ST,2026-02-25 15:00,2026-02-25 16:54,Signal Maintenance Block,Approved
BR001431,TASK23673,Traction,JP-ADI,2026-02-25 15:00,2026-02-25 15:54,OHE Maintenance Block,Approved
BR001432,TASK65457,Engineering,KGP-VSKP,2026-02-25 22:00,2026-02-26 02:21,Traffic Block,Requested
BR001433,TASK19629,Engineering,NGP-BSP,2026-02-25 22:15,2026-02-26 03:13,Bridge Inspection Block,Approved
BR001434,TASK45191,Engineering,BRC-ST,2026-02-25 22:30,2026-02-26 02:44,Traffic Block,Requested
BR001435,TASK84352,Traction,VSKP-BZA,2026-02-25 23:00,2026-02-26 02:02,OHE Maintenance Block,Rejected
BR001436,TASK97103,Traction,MAS-JTJ,2026-02-25 23:15,2026-02-26 00:38,Traction Feed Block,Approved
BR001437,TASK31132,S&T,UBL-PUNE,2026-02-25 23:30,2026-02-26 04:03,Cable Block,Completed
BR001438,TASK56290,Engineering,UBL-PUNE,2026-02-25 23:30,2026-02-26 01:48,Non-Interlocking Block,Requested
BR001439,TASK63611,S&T,BSR-BPL,2026-02-26 00:00,2026-02-26 03:48,Signal Maintenance Block,Completed
BR001440,TASK93163,S&T,JTJ-SBC,2026-02-26 00:00,2026-02-26 01:25,Signal Maintenance Block,Approved
BR001441,TASK16202,S&T,CNB-ALD,2026-02-26 00:00,2026-02-26 04:33,Interlocking Testing Block,Approved
BR001442,TASK94399,S&T,VSKP-BZA,2026-02-26 00:15,2026-02-26 01:26,Cable Block,Approved
BR001443,TASK73949,Engineering,ADI-BRC,2026-02-26 00:30,2026-02-26 04:06,Track Renewal Block,Requested
BR001444,TASK90946,Traction,ST-BCT,2026-02-26 00:45,2026-02-26 02:13,OHE Maintenance Block,Requested
BR001445,TASK37524,Traction,JTJ-SBC,2026-02-26 00:45,2026-02-26 03:10,OHE Maintenance Block,Completed
BR001446,TASK82296,S&T,MGS-HWH,2026-02-26 01:15,2026-02-26 03:45,Interlocking Testing Block,Approved
BR001447,TASK41881,S&T,VSKP-BZA,2026-02-26 01:15,2026-02-26 03:17,Cable Block,Approved
BR001448,TASK50412,S&T,SBC-MAS,2026-02-26 14:30,2026-02-26 16:09,Cable Block,Approved
BR001449,TASK15058,Traction,BPL-JHS,2026-02-26 14:30,2026-02-26 15:12,OHE Maintenance Block,Approved
BR001450,TASK83474,Engineering,CSMT-BSR,2026-02-26 15:15,2026-02-26 16:39,Track Renewal Block,Approved
BR001451,TASK34336,Engineering,JP-ADI,2026-02-26 22:00,2026-02-27 00:39,Non-Interlocking Block,Requested
BR001452,TASK17724,Traction,HWH-KGP,2026-02-26 22:15,2026-02-27 01:39,Power Block,Requested
BR001453,TASK11805,S&T,VSKP-BZA,2026-02-26 22:15,2026-02-27 00:07,Signal Maintenance Block,Rejected
BR001454,TASK18029,Traction,GZB-CNB,2026-02-26 22:30,2026-02-27 00:16,Power Block,Requested
BR001455,TASK56090,Traction,KGP-VSKP,2026-02-26 22:30,2026-02-27 01:07,OHE Maintenance Block,Approved
BR001456,TASK11231,Engineering,JTJ-SBC,2026-02-26 23:00,2026-02-27 03:52,Track Renewal Block,Approved
BR001457,TASK15028,Engineering,SBC-UBL,2026-02-26 23:15,2026-02-27 03:42,Traffic Block,Approved
BR001458,TASK34947,S&T,UBL-PUNE,2026-02-26 23:30,2026-02-27 02:58,Cable Block,Completed
BR001459,TASK67748,Engineering,NDLS-JHS,2026-02-26 23:30,2026-02-27 00:35,Traffic Block,Requested
BR001460,TASK11509,Engineering,VSKP-BZA,2026-02-26 23:30,2026-02-27 01:52,Bridge Inspection Block,Approved
BR001461,TASK27097,S&T,BZA-MAS,2026-02-27 00:00,2026-02-27 01:26,Interlocking Testing Block,Approved
BR001462,TASK65050,Traction,BPL-JHS,2026-02-27 00:00,2026-02-27 03:41,Traction Feed Block,Cancelled
BR001463,TASK73704,Engineering,NDLS-ASR,2026-02-27 00:45,2026-02-27 01:59,Bridge Inspection Block,Approved
BR001464,TASK23142,S&T,NDLS-JHS,2026-02-27 01:00,2026-02-27 03:07,Interlocking Testing Block,Completed
BR001465,TASK10830,S&T,GZB-CNB,2026-02-27 01:15,2026-02-27 04:25,Interlocking Testing Block,Completed
BR001466,TASK77303,Engineering,HWH-NJP,2026-02-27 01:30,2026-02-27 05:49,Bridge Inspection Block,Requested
BR001467,TASK35454,S&T,VSKP-BZA,2026-02-27 01:30,2026-02-27 02:46,Cable Block,Approved
BR001468,TASK96749,Traction,CSMT-BSR,2026-02-27 13:45,2026-02-27 14:20,Power Block,Rejected
BR001469,TASK39344,Engineering,BSR-BPL,2026-02-27 14:00,2026-02-27 15:26,Non-Interlocking Block,Completed
BR001470,TASK91474,Engineering,BSR-BPL,2026-02-27 14:30,2026-02-27 15:16,Track Renewal Block,Approved
BR001471,TASK99788,Engineering,BZA-MAS,2026-02-27 22:00,2026-02-28 00:03,Non-Interlocking Block,Rejected
BR001472,TASK94513,Engineering,ADI-BRC,2026-02-27 22:15,2026-02-28 00:29,Non-Interlocking Block,Approved
BR001473,TASK99197,S&T,PUNE-CSMT,2026-02-27 22:30,2026-02-28 02:53,Cable Block,Requested
BR001474,TASK89482,S&T,UBL-PUNE,2026-02-27 22:30,2026-02-28 01:14,Cable Block,Approved
BR001475,TASK59454,Engineering,JTJ-SBC,2026-02-27 22:45,2026-02-28 01:55,Bridge Inspection Block,Completed
BR001476,TASK79161,S&T,NDLS-ASR,2026-02-27 23:00,2026-02-28 00:12,Interlocking Testing Block,Approved
BR001477,TASK63123,S&T,BSR-BPL,2026-02-27 23:15,2026-02-28 01:00,Interlocking Testing Block,Approved
BR001478,TASK67217,S&T,SBC-UBL,2026-02-27 23:15,2026-02-28 03:23,Signal Maintenance Block,Completed
BR001479,TASK20607,Engineering,NGP-BSP,2026-02-27 23:45,2026-02-28 02:23,Track Renewal Block,Approved
BR001480,TASK97471,Traction,NDLS-UMB,2026-02-27 23:45,2026-02-28 01:08,OHE Maintenance Block,Approved
BR001481,TASK42976,Engineering,NDLS-UMB,2026-02-28 00:00,2026-02-28 02:35,Track Renewal Block,Completed
BR001482,TASK88843,Traction,ST-BCT,2026-02-28 00:00,2026-02-28 04:33,Power Block,Completed
BR001483,TASK73927,Engineering,NDLS-ASR,2026-02-28 00:00,2026-02-28 03:10,Track Renewal Block,Approved
BR001484,TASK98410,S&T,BZA-MAS,2026-02-28 00:00,2026-02-28 02:06,Interlocking Testing Block,Approved
BR001485,TASK85692,S&T,CSMT-BSR,2026-02-28 00:15,2026-02-28 04:49,Signal Maintenance Block,Approved
BR001486,TASK70964,Engineering,DLI-JU,2026-02-28 00:15,2026-02-28 04:47,Bridge Inspection Block,Completed
BR001487,TASK49651,Engineering,JP-ADI,2026-02-28 00:30,2026-02-28 01:30,Non-Interlocking Block,Cancelled
BR001488,TASK86157,Engineering,BPL-JHS,2026-02-28 00:45,2026-02-28 03:42,Bridge Inspection Block,Rejected
BR001489,TASK59428,S&T,BPL-JHS,2026-02-28 01:30,2026-02-28 03:33,Signal Maintenance Block,Approved
BR001490,TASK77651,Traction,BZA-MAS,2026-02-28 01:30,2026-02-28 04:36,OHE Maintenance Block,Approved
BR001491,TASK36362,S&T,CNB-ALD,2026-02-28 01:45,2026-02-28 05:46,Cable Block,Completed
BR001492,TASK31575,S&T,BSP-R,2026-02-28 10:30,2026-02-28 11:11,Signal Maintenance Block,Approved
BR001493,TASK78056,S&T,ALD-MGS,2026-02-28 11:30,2026-02-28 13:10,Signal Maintenance Block,Requested
BR001494,TASK85020,S&T,JP-ADI,2026-02-28 12:15,2026-02-28 13:22,Cable Block,Requested
BR001495,TASK88514,Traction,HWH-NJP,2026-02-28 22:00,2026-03-01 01:16,Power Block,Requested
BR001496,TASK20263,Engineering,HWH-KGP,2026-02-28 22:00,2026-03-01 02:07,Non-Interlocking Block,Approved
BR001497,TASK90149,Engineering,NGP-BSP,2026-02-28 22:15,2026-03-01 03:11,Bridge Inspection Block,Approved
BR001498,TASK95641,Traction,BZA-MAS,2026-02-28 22:30,2026-02-28 23:48,Power Block,Requested
BR001499,TASK23411,Engineering,ADI-BRC,2026-02-28 22:45,2026-03-01 03:18,Bridge Inspection Block,Approved
BR001500,TASK48401,Engineering,MGS-HWH,2026-02-28 23:00,2026-03-01 00:10,Bridge Inspection Block,Completed
BR001501,TASK93852,S&T,MGS-HWH,2026-02-28 23:00,2026-03-01 03:51,Signal Maintenance Block,Approved
BR001502,TASK46826,Traction,DLI-JU,2026-02-28 23:00,2026-03-01 03:31,OHE Maintenance Block,Approved
BR001503,TASK65436,Engineering,UBL-PUNE,2026-02-28 23:15,2026-03-01 01:38,Non-Interlocking Block,Requested
BR001504,TASK23205,Engineering,JU-JP,2026-02-28 23:15,2026-03-01 03:47,Traffic Block,Requested
BR001505,TASK80586,S&T,BRC-ST,2026-03-01 00:00,2026-03-01 03:31,Interlocking Testing Block,Requested
BR001506,TASK49595,Traction,BPL-JHS,2026-03-01 00:00,2026-03-01 04:57,Power Block,Approved
BR001507,TASK32944,S&T,SBC-MAS,2026-03-01 00:30,2026-03-01 04:51,Interlocking Testing Block,Approved
BR001508,TASK56156,Traction,ALD-MGS,2026-03-01 00:30,2026-03-01 04:30,Power Block,Approved
BR001509,TASK42183,Traction,DLI-JU,2026-03-01 00:45,2026-03-01 03:10,Power Block,Approved
BR001510,TASK60322,S&T,HWH-KGP,2026-03-01 01:00,2026-03-01 03:27,Interlocking Testing Block,Approved
BR001511,TASK32649,Engineering,NDLS-GZB,2026-03-01 01:15,2026-03-01 05:58,Non-Interlocking Block,Requested
BR001512,TASK48413,S&T,NJP-GHY,2026-03-01 01:30,2026-03-01 06:17,Cable Block,Completed
BR001513,TASK47158,Traction,BPL-JHS,2026-03-01 01:30,2026-03-01 03:34,Traction Feed Block,Rejected
BR001514,TASK70098,S&T,BPL-JHS,2026-03-01 01:45,2026-03-01 02:59,Signal Maintenance Block,Approved
BR001515,TASK41069,Engineering,SBC-MAS,2026-03-01 10:00,2026-03-01 11:38,Track Renewal Block,Completed
BR001516,TASK11056,Engineering,CNB-ALD,2026-03-01 12:00,2026-03-01 13:55,Traffic Block,Approved
BR001517,TASK39825,Traction,NGP-BSP,2026-03-01 13:00,2026-03-01 13:44,Power Block,Requested
BR001518,TASK46325,S&T,HWH-KGP,2026-03-01 13:15,2026-03-01 14:23,Interlocking Testing Block,Cancelled
BR001519,TASK52193,Traction,BRC-ST,2026-03-01 15:00,2026-03-01 16:38,Traction Feed Block,Completed
BR001520,TASK24495,Engineering,NDLS-GZB,2026-03-01 15:00,2026-03-01 16:56,Traffic Block,Completed
BR001521,TASK13578,S&T,CSMT-BSR,2026-03-01 22:00,2026-03-02 02:31,Cable Block,Cancelled
BR001522,TASK17203,Engineering,KGP-VSKP,2026-03-01 22:00,2026-03-02 00:56,Track Renewal Block,Approved
BR001523,TASK38371,Engineering,GZB-CNB,2026-03-01 22:00,2026-03-02 01:15,Bridge Inspection Block,Cancelled
BR001524,TASK58343,S&T,CNB-ALD,2026-03-01 22:30,2026-03-02 00:29,Interlocking Testing Block,Requested
BR001525,TASK25327,S&T,BZA-MAS,2026-03-01 23:00,2026-03-02 02:22,Interlocking Testing Block,Approved
BR001526,TASK17238,Engineering,MAS-JTJ,2026-03-01 23:15,2026-03-02 02:35,Bridge Inspection Block,Approved
BR001527,TASK99603,S&T,UBL-PUNE,2026-03-01 23:30,2026-03-02 04:28,Interlocking Testing Block,Approved
BR001528,TASK16348,Engineering,MAS-JTJ,2026-03-02 00:15,2026-03-02 02:17,Non-Interlocking Block,Requested
BR001529,TASK98798,S&T,HWH-KGP,2026-03-02 00:15,2026-03-02 01:43,Signal Maintenance Block,Approved
BR001530,TASK46136,S&T,MAS-JTJ,2026-03-02 01:00,2026-03-02 05:21,Cable Block,Approved
BR001531,TASK60619,Traction,HWH-KGP,2026-03-02 01:45,2026-03-02 05:07,OHE Maintenance Block,Approved
BR001532,TASK12438,Engineering,ST-BCT,2026-03-02 14:00,2026-03-02 15:15,Traffic Block,Approved
BR001533,TASK66917,Traction,JU-JP,2026-03-02 14:30,2026-03-02 15:10,Traction Feed Block,Cancelled
BR001534,TASK70130,Engineering,BZA-MAS,2026-03-02 22:00,2026-03-02 23:42,Bridge Inspection Block,Approved
BR001535,TASK24517,Engineering,HWH-KGP,2026-03-02 22:00,2026-03-03 01:19,Bridge Inspection Block,Approved
BR001536,TASK77726,Engineering,KGP-VSKP,2026-03-02 22:00,2026-03-03 00:24,Traffic Block,Approved
BR001537,TASK99343,S&T,DLI-JU,2026-03-02 22:45,2026-03-03 02:25,Signal Maintenance Block,Cancelled
BR001538,TASK24065,Engineering,BZA-MAS,2026-03-02 22:45,2026-03-03 00:42,Track Renewal Block,Approved
BR001539,TASK21709,Traction,GZB-CNB,2026-03-02 23:45,2026-03-03 01:36,Power Block,Approved
BR001540,TASK16540,S&T,JP-ADI,2026-03-02 23:45,2026-03-03 03:06,Interlocking Testing Block,Completed
BR001541,TASK57741,Engineering,JTJ-SBC,2026-03-03 00:15,2026-03-03 04:22,Traffic Block,Completed
BR001542,TASK98549,S&T,BRC-ST,2026-03-03 00:30,2026-03-03 01:36,Cable Block,Approved
BR001543,TASK39327,Traction,HWH-KGP,2026-03-03 00:30,2026-03-03 04:21,Power Block,Approved
BR001544,TASK11574,Engineering,BPL-JHS,2026-03-03 01:00,2026-03-03 04:42,Non-Interlocking Block,Approved
BR001545,TASK56883,S&T,HWH-KGP,2026-03-03 01:00,2026-03-03 02:33,Interlocking Testing Block,Rejected
BR001546,TASK76684,Engineering,VSKP-BZA,2026-03-03 01:00,2026-03-03 02:23,Track Renewal Block,Approved
BR001547,TASK19493,Engineering,MAS-JTJ,2026-03-03 01:15,2026-03-03 04:43,Non-Interlocking Block,Approved
BR001548,TASK27146,Engineering,HWH-KGP,2026-03-03 01:30,2026-03-03 04:43,Non-Interlocking Block,Approved
BR001549,TASK64123,Traction,CSMT-BSR,2026-03-03 01:30,2026-03-03 06:28,OHE Maintenance Block,Completed
BR001550,TASK19174,Engineering,BZA-MAS,2026-03-03 01:45,2026-03-03 05:02,Non-Interlocking Block,Completed
BR001551,TASK22138,Engineering,DLI-JU,2026-03-03 01:45,2026-03-03 05:39,Non-Interlocking Block,Approved
BR001552,TASK88214,S&T,NJP-GHY,2026-03-03 10:45,2026-03-03 12:20,Interlocking Testing Block,Approved
BR001553,TASK50358,S&T,GZB-CNB,2026-03-03 11:30,2026-03-03 12:26,Signal Maintenance Block,Approved
BR001554,TASK46560,S&T,MAS-JTJ,2026-03-03 12:15,2026-03-03 12:57,Interlocking Testing Block,Approved
BR001555,TASK58591,Traction,PUNE-CSMT,2026-03-03 12:30,2026-03-03 14:06,OHE Maintenance Block,Approved
BR001556,TASK74820,S&T,CNB-ALD,2026-03-03 13:00,2026-03-03 14:19,Interlocking Testing Block,Approved
BR001557,TASK24191,Traction,ADI-BRC,2026-03-03 15:30,2026-03-03 16:32,Power Block,Cancelled
BR001558,TASK26308,Engineering,BRC-ST,2026-03-03 22:00,2026-03-04 00:54,Bridge Inspection Block,Approved
BR001559,TASK54596,S&T,NDLS-JHS,2026-03-03 22:30,2026-03-04 01:31,Interlocking Testing Block,Completed
BR001560,TASK49516,S&T,ST-BCT,2026-03-03 22:30,2026-03-04 01:11,Cable Block,Requested
BR001561,TASK38153,Traction,ST-BCT,2026-03-03 23:00,2026-03-04 02:46,Power Block,Approved
BR001562,TASK84402,Engineering,NDLS-GZB,2026-03-03 23:15,2026-03-04 03:22,Bridge Inspection Block,Approved
BR001563,TASK45848,Engineering,NDLS-GZB,2026-03-03 23:45,2026-03-04 02:59,Traffic Block,Approved
BR001564,TASK85173,S&T,CNB-ALD,2026-03-04 00:00,2026-03-04 02:18,Cable Block,Approved
BR001565,TASK44488,Engineering,BPL-JHS,2026-03-04 00:30,2026-03-04 04:20,Track Renewal Block,Approved
BR001566,TASK16751,Engineering,CSMT-BSR,2026-03-04 00:30,2026-03-04 03:22,Track Renewal Block,Approved
BR001567,TASK65840,S&T,NJP-GHY,2026-03-04 00:45,2026-03-04 01:54,Interlocking Testing Block,Cancelled
BR001568,TASK15601,S&T,UBL-PUNE,2026-03-04 01:00,2026-03-04 03:15,Cable Block,Approved
BR001569,TASK31112,Engineering,DLI-JU,2026-03-04 01:00,2026-03-04 04:29,Bridge Inspection Block,Approved
BR001570,TASK35788,S&T,BSP-R,2026-03-04 01:15,2026-03-04 03:51,Cable Block,Approved
BR001571,TASK81991,S&T,MGS-HWH,2026-03-04 01:45,2026-03-04 04:16,Interlocking Testing Block,Requested
BR001572,TASK35406,Engineering,BSP-R,2026-03-04 10:30,2026-03-04 11:46,Traffic Block,Approved
BR001573,TASK82720,Traction,SC-NGP,2026-03-04 10:30,2026-03-04 11:43,OHE Maintenance Block,Requested
BR001574,TASK45237,Traction,SBC-UBL,2026-03-04 10:30,2026-03-04 12:18,OHE Maintenance Block,Approved
BR001575,TASK25177,Engineering,NDLS-GZB,2026-03-04 10:45,2026-03-04 11:17,Bridge Inspection Block,Requested
BR001576,TASK23649,Traction,BSR-BPL,2026-03-04 11:15,2026-03-04 11:58,Power Block,Requested
BR001577,TASK31858,S&T,HWH-NJP,2026-03-04 11:30,2026-03-04 12:20,Signal Maintenance Block,Approved
BR001578,TASK24626,Engineering,BSP-R,2026-03-04 11:45,2026-03-04 12:56,Track Renewal Block,Approved
BR001579,TASK72157,Traction,MGS-HWH,2026-03-04 22:00,2026-03-05 01:41,Power Block,Completed
BR001580,TASK58925,Traction,NDLS-GZB,2026-03-04 22:15,2026-03-04 23:19,Traction Feed Block,Completed
BR001581,TASK28370,Engineering,HWH-NJP,2026-03-04 22:30,2026-03-05 02:10,Non-Interlocking Block,Approved
BR001582,TASK74087,Engineering,MAS-JTJ,2026-03-04 22:30,2026-03-05 03:11,Bridge Inspection Block,Completed
BR001583,TASK57249,Traction,NJP-GHY,2026-03-04 22:30,2026-03-05 02:54,Traction Feed Block,Approved
BR001584,TASK57802,S&T,ADI-BRC,2026-03-04 22:30,2026-03-04 23:45,Cable Block,Approved
BR001585,TASK55846,Traction,GZB-CNB,2026-03-04 22:30,2026-03-05 00:19,Traction Feed Block,Approved
BR001586,TASK38194,S&T,ALD-MGS,2026-03-04 22:45,2026-03-05 00:17,Cable Block,Completed
BR001587,TASK75698,Engineering,ALD-MGS,2026-03-04 22:45,2026-03-05 00:24,Traffic Block,Cancelled
BR001588,TASK48575,S&T,GZB-CNB,2026-03-04 23:15,2026-03-05 02:19,Interlocking Testing Block,Rejected
BR001589,TASK56017,Engineering,NDLS-ASR,2026-03-04 23:15,2026-03-05 01:20,Traffic Block,Approved
BR001590,TASK50937,Engineering,BRC-ST,2026-03-04 23:15,2026-03-05 02:56,Non-Interlocking Block,Approved
BR001591,TASK90058,S&T,JP-ADI,2026-03-04 23:15,2026-03-05 01:27,Cable Block,Approved
BR001592,TASK24784,Engineering,CSMT-BSR,2026-03-04 23:30,2026-03-05 03:04,Traffic Block,Completed
BR001593,TASK88352,S&T,UBL-PUNE,2026-03-04 23:30,2026-03-05 03:32,Cable Block,Requested
BR001594,TASK55066,S&T,SBC-MAS,2026-03-04 23:30,2026-03-05 03:41,Cable Block,Completed
BR001595,TASK68976,Traction,BZA-MAS,2026-03-04 23:45,2026-03-05 01:06,Power Block,Approved
BR001596,TASK56112,S&T,ALD-MGS,2026-03-05 00:00,2026-03-05 03:08,Signal Maintenance Block,Approved
BR001597,TASK25188,Traction,ADI-BRC,2026-03-05 00:15,2026-03-05 04:14,OHE Maintenance Block,Rejected
BR001598,TASK28084,S&T,ST-BCT,2026-03-05 00:15,2026-03-05 01:17,Cable Block,Approved
BR001599,TASK62122,Engineering,JTJ-SBC,2026-03-05 00:15,2026-03-05 03:06,Non-Interlocking Block,Approved
BR001600,TASK51600,Traction,ALD-MGS,2026-03-05 00:15,2026-03-05 02:18,Power Block,Approved
BR001601,TASK48681,Engineering,GZB-CNB,2026-03-05 00:45,2026-03-05 03:57,Non-Interlocking Block,Approved
BR001602,TASK87502,Engineering,DLI-JU,2026-03-05 00:45,2026-03-05 03:44,Bridge Inspection Block,Requested
BR001603,TASK47353,Engineering,SBC-MAS,2026-03-05 01:00,2026-03-05 05:46,Track Renewal Block,Completed
BR001604,TASK32810,Traction,ST-BCT,2026-03-05 01:15,2026-03-05 05:00,Traction Feed Block,Completed
BR001605,TASK75577,S&T,BRC-ST,2026-03-05 01:30,2026-03-05 06:11,Signal Maintenance Block,Approved
BR001606,TASK18688,S&T,JTJ-SBC,2026-03-05 10:45,2026-03-05 11:32,Signal Maintenance Block,Rejected
BR001607,TASK35322,Engineering,NDLS-GZB,2026-03-05 14:00,2026-03-05 15:29,Track Renewal Block,Approved
BR001608,TASK15784,S&T,ADI-BRC,2026-03-05 14:30,2026-03-05 15:51,Interlocking Testing Block,Approved
BR001609,TASK51884,Traction,BZA-SC,2026-03-05 15:30,2026-03-05 16:44,Traction Feed Block,Completed
BR001610,TASK52619,Engineering,BSR-BPL,2026-03-05 22:00,2026-03-05 23:29,Bridge Inspection Block,Rejected
BR001611,TASK68309,S&T,BRC-ST,2026-03-05 22:15,2026-03-05 23:31,Cable Block,Rejected
BR001612,TASK65743,Engineering,BSR-BPL,2026-03-05 22:30,2026-03-06 00:52,Bridge Inspection Block,Approved
BR001613,TASK29221,Traction,BRC-ST,2026-03-05 22:45,2026-03-06 01:48,OHE Maintenance Block,Approved
BR001614,TASK96406,S&T,SBC-UBL,2026-03-05 23:30,2026-03-06 01:10,Signal Maintenance Block,Approved
BR001615,TASK62732,S&T,HWH-KGP,2026-03-05 23:45,2026-03-06 00:52,Interlocking Testing Block,Requested
BR001616,TASK32515,S&T,DLI-JU,2026-03-05 23:45,2026-03-06 02:41,Signal Maintenance Block,Approved
BR001617,TASK87190,Traction,JP-ADI,2026-03-06 00:00,2026-03-06 03:20,Traction Feed Block,Approved
BR001618,TASK79016,Traction,ADI-BRC,2026-03-06 00:15,2026-03-06 03:08,Traction Feed Block,Rejected
BR001619,TASK10060,Engineering,HWH-KGP,2026-03-06 00:15,2026-03-06 02:42,Traffic Block,Requested
BR001620,TASK27274,S&T,BZA-MAS,2026-03-06 00:30,2026-03-06 04:00,Interlocking Testing Block,Approved
BR001621,TASK26375,Engineering,BPL-JHS,2026-03-06 00:30,2026-03-06 02:30,Track Renewal Block,Approved
BR001622,TASK61869,Engineering,CNB-ALD,2026-03-06 00:45,2026-03-06 05:41,Non-Interlocking Block,Rejected
BR001623,TASK32643,Engineering,BPL-JHS,2026-03-06 00:45,2026-03-06 05:29,Bridge Inspection Block,Approved
BR001624,TASK21759,Traction,CNB-ALD,2026-03-06 01:00,2026-03-06 02:27,OHE Maintenance Block,Approved
BR001625,TASK90516,Engineering,NDLS-GZB,2026-03-06 01:00,2026-03-06 04:12,Bridge Inspection Block,Approved
BR001626,TASK46359,Traction,GZB-CNB,2026-03-06 01:15,2026-03-06 05:30,OHE Maintenance Block,Approved
BR001627,TASK51517,Engineering,ADI-BRC,2026-03-06 01:15,2026-03-06 05:53,Bridge Inspection Block,Approved
BR001628,TASK97399,S&T,UBL-PUNE,2026-03-06 01:30,2026-03-06 04:02,Signal Maintenance Block,Requested
BR001629,TASK78177,Engineering,NDLS-JHS,2026-03-06 01:45,2026-03-06 06:44,Traffic Block,Completed
BR001630,TASK44187,Traction,CNB-ALD,2026-03-06 01:45,2026-03-06 05:43,Traction Feed Block,Rejected
BR001631,TASK52518,Traction,VSKP-BZA,2026-03-06 10:15,2026-03-06 12:12,Traction Feed Block,Approved
BR001632,TASK36346,Engineering,ADI-BRC,2026-03-06 10:15,2026-03-06 11:09,Non-Interlocking Block,Approved
BR001633,TASK36379,Traction,CSMT-BSR,2026-03-06 10:30,2026-03-06 11:49,Traction Feed Block,Approved
BR001634,TASK44958,S&T,ALD-MGS,2026-03-06 12:30,2026-03-06 13:06,Signal Maintenance Block,Approved
BR001635,TASK84252,Engineering,NDLS-JHS,2026-03-06 13:00,2026-03-06 14:54,Bridge Inspection Block,Approved
BR001636,TASK12689,Engineering,NJP-GHY,2026-03-06 14:45,2026-03-06 16:18,Track Renewal Block,Approved
BR001637,TASK57908,Traction,JP-ADI,2026-03-06 22:45,2026-03-06 23:52,OHE Maintenance Block,Approved
BR001638,TASK17796,S&T,KGP-VSKP,2026-03-06 22:45,2026-03-07 03:25,Signal Maintenance Block,Approved
BR001639,TASK92561,S&T,NDLS-UMB,2026-03-06 23:15,2026-03-07 01:05,Signal Maintenance Block,Approved
BR001640,TASK95511,S&T,JTJ-SBC,2026-03-06 23:45,2026-03-07 03:20,Signal Maintenance Block,Approved
BR001641,TASK97440,Traction,BRC-ST,2026-03-06 23:45,2026-03-07 01:53,Traction Feed Block,Completed
BR001642,TASK55461,Traction,BSR-BPL,2026-03-07 00:00,2026-03-07 04:53,Power Block,Approved
BR001643,TASK68988,S&T,MAS-JTJ,2026-03-07 00:00,2026-03-07 02:03,Signal Maintenance Block,Approved
BR001644,TASK28067,Traction,NJP-GHY,2026-03-07 00:00,2026-03-07 02:54,Power Block,Requested
BR001645,TASK36313,Traction,SC-NGP,2026-03-07 00:15,2026-03-07 02:40,Traction Feed Block,Rejected
BR001646,TASK97090,Engineering,JTJ-SBC,2026-03-07 00:30,2026-03-07 02:12,Track Renewal Block,Completed
BR001647,TASK49311,Traction,BZA-SC,2026-03-07 00:30,2026-03-07 03:16,Traction Feed Block,Rejected
BR001648,TASK75485,Engineering,GZB-CNB,2026-03-07 00:30,2026-03-07 03:50,Non-Interlocking Block,Approved
BR001649,TASK82134,Traction,BPL-JHS,2026-03-07 00:45,2026-03-07 01:46,OHE Maintenance Block,Completed
BR001650,TASK80545,Traction,JP-ADI,2026-03-07 00:45,2026-03-07 02:00,Traction Feed Block,Rejected
BR001651,TASK84752,Engineering,HWH-KGP,2026-03-07 01:00,2026-03-07 05:31,Track Renewal Block,Approved
BR001652,TASK23713,Engineering,KGP-VSKP,2026-03-07 01:15,2026-03-07 03:47,Traffic Block,Rejected
BR001653,TASK16610,Traction,CSMT-BSR,2026-03-07 01:15,2026-03-07 06:12,Power Block,Rejected
BR001654,TASK67809,Traction,BRC-ST,2026-03-07 01:30,2026-03-07 04:17,Traction Feed Block,Requested
BR001655,TASK48352,Engineering,NDLS-ASR,2026-03-07 01:45,2026-03-07 04:21,Traffic Block,Completed
BR001656,TASK65606,S&T,BZA-MAS,2026-03-07 01:45,2026-03-07 05:32,Interlocking Testing Block,Cancelled
BR001657,TASK40501,Engineering,NDLS-ASR,2026-03-07 10:45,2026-03-07 12:30,Traffic Block,Rejected
BR001658,TASK63780,S&T,SC-NGP,2026-03-07 13:15,2026-03-07 14:38,Cable Block,Requested
BR001659,TASK88721,Engineering,PUNE-CSMT,2026-03-07 22:00,2026-03-08 02:49,Traffic Block,Requested
BR001660,TASK20531,Engineering,CSMT-BSR,2026-03-07 22:00,2026-03-08 00:11,Non-Interlocking Block,Approved
BR001661,TASK64829,Engineering,JP-ADI,2026-03-07 22:15,2026-03-08 01:59,Bridge Inspection Block,Completed
BR001662,TASK88478,S&T,SC-NGP,2026-03-07 22:30,2026-03-08 00:13,Signal Maintenance Block,Requested
BR001663,TASK43847,S&T,BRC-ST,2026-03-07 23:15,2026-03-08 00:44,Cable Block,Approved
BR001664,TASK96461,Engineering,VSKP-BZA,2026-03-07 23:15,2026-03-08 02:19,Non-Interlocking Block,Completed
BR001665,TASK28557,S&T,BPL-JHS,2026-03-07 23:30,2026-03-08 01:19,Cable Block,Requested
BR001666,TASK48070,Engineering,BZA-SC,2026-03-07 23:30,2026-03-08 03:36,Bridge Inspection Block,Rejected
BR001667,TASK98144,Traction,MAS-JTJ,2026-03-07 23:30,2026-03-08 02:55,Traction Feed Block,Approved
BR001668,TASK11233,S&T,SC-NGP,2026-03-08 00:00,2026-03-08 02:45,Interlocking Testing Block,Approved
BR001669,TASK41005,Traction,NGP-BSP,2026-03-08 00:15,2026-03-08 03:53,OHE Maintenance Block,Cancelled
BR001670,TASK36681,Traction,JTJ-SBC,2026-03-08 00:15,2026-03-08 03:46,Traction Feed Block,Rejected
BR001671,TASK95912,Traction,UBL-PUNE,2026-03-08 00:15,2026-03-08 02:45,OHE Maintenance Block,Approved
BR001672,TASK49513,Engineering,HWH-KGP,2026-03-08 00:15,2026-03-08 01:42,Track Renewal Block,Approved
BR001673,TASK55001,Engineering,BZA-SC,2026-03-08 01:00,2026-03-08 04:16,Traffic Block,Requested
BR001674,TASK13549,Engineering,ALD-MGS,2026-03-08 01:15,2026-03-08 06:03,Non-Interlocking Block,Approved
BR001675,TASK14826,S&T,VSKP-BZA,2026-03-08 01:15,2026-03-08 05:54,Cable Block,Approved
BR001676,TASK96032,Traction,NDLS-JHS,2026-03-08 01:15,2026-03-08 04:07,Power Block,Approved
BR001677,TASK90515,S&T,BRC-ST,2026-03-08 01:30,2026-03-08 06:16,Signal Maintenance Block,Rejected
BR001678,TASK80757,S&T,ADI-BRC,2026-03-08 01:30,2026-03-08 05:18,Interlocking Testing Block,Approved
BR001679,TASK64682,S&T,NDLS-GZB,2026-03-08 10:30,2026-03-08 12:17,Cable Block,Completed
BR001680,TASK80737,Engineering,KGP-VSKP,2026-03-08 13:15,2026-03-08 13:45,Traffic Block,Requested
BR001681,TASK36640,S&T,KGP-VSKP,2026-03-08 14:15,2026-03-08 15:02,Signal Maintenance Block,Requested
BR001682,TASK68034,S&T,BZA-SC,2026-03-08 14:30,2026-03-08 16:24,Signal Maintenance Block,Approved
BR001683,TASK83220,Traction,DLI-JU,2026-03-08 22:15,2026-03-09 00:33,OHE Maintenance Block,Completed
BR001684,TASK15748,Traction,BSR-BPL,2026-03-08 22:15,2026-03-09 00:30,OHE Maintenance Block,Requested
BR001685,TASK87261,Traction,MGS-HWH,2026-03-08 22:15,2026-03-08 23:28,OHE Maintenance Block,Completed
BR001686,TASK44002,Traction,NDLS-ASR,2026-03-08 22:15,2026-03-08 23:48,Power Block,Rejected
BR001687,TASK99937,Traction,SBC-MAS,2026-03-08 22:15,2026-03-09 02:54,Traction Feed Block,Approved
BR001688,TASK23919,Engineering,MGS-HWH,2026-03-08 22:30,2026-03-09 00:40,Bridge Inspection Block,Requested
BR001689,TASK95324,S&T,BSP-R,2026-03-08 22:30,2026-03-09 02:28,Cable Block,Completed
BR001690,TASK66401,Engineering,SC-NGP,2026-03-08 22:45,2026-03-09 02:51,Non-Interlocking Block,Completed
BR001691,TASK66622,S&T,NDLS-UMB,2026-03-08 22:45,2026-03-09 02:22,Cable Block,Requested
BR001692,TASK31674,Traction,JP-ADI,2026-03-08 23:00,2026-03-09 01:36,Power Block,Completed
BR001693,TASK50021,Engineering,GZB-CNB,2026-03-08 23:00,2026-03-09 01:25,Non-Interlocking Block,Requested
BR001694,TASK49387,Engineering,MGS-HWH,2026-03-08 23:30,2026-03-09 02:40,Traffic Block,Completed
BR001695,TASK64855,S&T,PUNE-CSMT,2026-03-08 23:30,2026-03-09 01:18,Interlocking Testing Block,Approved
BR001696,TASK88008,Traction,NDLS-UMB,2026-03-08 23:30,2026-03-09 01:52,OHE Maintenance Block,Approved
BR001697,TASK78637,Engineering,ST-BCT,2026-03-08 23:45,2026-03-09 04:37,Track Renewal Block,Approved
BR001698,TASK31195,Traction,ALD-MGS,2026-03-09 00:00,2026-03-09 04:29,Power Block,Approved
BR001699,TASK97250,Engineering,MGS-HWH,2026-03-09 00:15,2026-03-09 02:44,Bridge Inspection Block,Approved
BR001700,TASK27464,Traction,BZA-SC,2026-03-09 00:15,2026-03-09 02:03,Power Block,Approved
BR001701,TASK89501,Engineering,JTJ-SBC,2026-03-09 00:15,2026-03-09 02:50,Bridge Inspection Block,Approved
BR001702,TASK22968,S&T,SBC-MAS,2026-03-09 00:30,2026-03-09 02:29,Interlocking Testing Block,Requested
BR001703,TASK77094,Traction,NDLS-ASR,2026-03-09 00:30,2026-03-09 02:28,Traction Feed Block,Rejected
BR001704,TASK88214,S&T,VSKP-BZA,2026-03-09 00:30,2026-03-09 05:14,Cable Block,Approved
BR001705,TASK96245,Traction,BZA-SC,2026-03-09 00:45,2026-03-09 05:19,OHE Maintenance Block,Rejected
BR001706,TASK20347,S&T,BZA-MAS,2026-03-09 01:00,2026-03-09 05:13,Cable Block,Approved
BR001707,TASK45394,S&T,JTJ-SBC,2026-03-09 01:15,2026-03-09 02:43,Cable Block,Approved
BR001708,TASK97682,Engineering,CSMT-BSR,2026-03-09 01:15,2026-03-09 05:48,Track Renewal Block,Rejected
BR001709,TASK77287,Engineering,BZA-MAS,2026-03-09 01:30,2026-03-09 03:23,Bridge Inspection Block,Requested
BR001710,TASK23670,Traction,JU-JP,2026-03-09 01:45,2026-03-09 05:50,Traction Feed Block,Rejected
BR001711,TASK14991,Traction,NDLS-JHS,2026-03-09 10:45,2026-03-09 11:57,Power Block,Approved
BR001712,TASK15944,Engineering,NDLS-JHS,2026-03-09 11:30,2026-03-09 12:38,Bridge Inspection Block,Rejected
BR001713,TASK29840,Engineering,BPL-JHS,2026-03-09 22:00,2026-03-10 01:36,Traffic Block,Approved
BR001714,TASK55730,S&T,SBC-UBL,2026-03-09 22:15,2026-03-10 02:07,Signal Maintenance Block,Requested
BR001715,TASK74181,Traction,NDLS-GZB,2026-03-09 22:15,2026-03-09 23:41,Power Block,Completed
BR001716,TASK85918,Traction,NDLS-JHS,2026-03-09 22:15,2026-03-09 23:47,Power Block,Cancelled
BR001717,TASK30875,Traction,PUNE-CSMT,2026-03-09 22:30,2026-03-10 02:26,Power Block,Completed
BR001718,TASK77658,Engineering,PUNE-CSMT,2026-03-09 22:30,2026-03-10 03:28,Non-Interlocking Block,Requested
BR001719,TASK11863,Traction,SBC-UBL,2026-03-09 22:45,2026-03-10 01:02,Power Block,Rejected
BR001720,TASK30427,S&T,ST-BCT,2026-03-09 22:45,2026-03-10 01:50,Signal Maintenance Block,Rejected
BR001721,TASK67114,S&T,BRC-ST,2026-03-09 22:45,2026-03-10 02:53,Cable Block,Approved
BR001722,TASK90264,Engineering,SC-NGP,2026-03-09 23:00,2026-03-10 00:23,Track Renewal Block,Approved
BR001723,TASK77453,S&T,BPL-JHS,2026-03-09 23:15,2026-03-10 03:37,Cable Block,Requested
BR001724,TASK57130,S&T,MGS-HWH,2026-03-09 23:15,2026-03-10 01:05,Signal Maintenance Block,Cancelled
BR001725,TASK87201,Traction,GZB-CNB,2026-03-09 23:15,2026-03-10 02:49,OHE Maintenance Block,Rejected
BR001726,TASK33738,Traction,NDLS-ASR,2026-03-09 23:30,2026-03-10 04:10,Traction Feed Block,Approved
BR001727,TASK70327,Traction,CNB-ALD,2026-03-09 23:30,2026-03-10 02:24,Power Block,Approved
BR001728,TASK77196,Traction,BZA-MAS,2026-03-10 00:00,2026-03-10 04:18,Traction Feed Block,Approved
BR001729,TASK84513,Traction,NDLS-ASR,2026-03-10 00:15,2026-03-10 03:50,Power Block,Completed
BR001730,TASK40139,Traction,GZB-CNB,2026-03-10 00:30,2026-03-10 01:58,Power Block,Completed
BR001731,TASK66867,Traction,HWH-KGP,2026-03-10 00:45,2026-03-10 02:22,Traction Feed Block,Approved
BR001732,TASK76146,Engineering,ST-BCT,2026-03-10 00:45,2026-03-10 03:54,Non-Interlocking Block,Requested
BR001733,TASK98181,Engineering,ALD-MGS,2026-03-10 00:45,2026-03-10 02:36,Traffic Block,Approved
BR001734,TASK94988,S&T,MGS-HWH,2026-03-10 01:00,2026-03-10 04:21,Cable Block,Approved
BR001735,TASK16357,Traction,ST-BCT,2026-03-10 01:30,2026-03-10 06:20,Traction Feed Block,Completed
BR001736,TASK42982,Engineering,PUNE-CSMT,2026-03-10 01:45,2026-03-10 03:54,Traffic Block,Requested
BR001737,TASK23804,Engineering,JTJ-SBC,2026-03-10 01:45,2026-03-10 05:34,Non-Interlocking Block,Approved
BR001738,TASK50797,S&T,BRC-ST,2026-03-10 01:45,2026-03-10 03:29,Signal Maintenance Block,Approved
BR001739,TASK67144,Engineering,HWH-KGP,2026-03-10 11:00,2026-03-10 12:11,Non-Interlocking Block,Approved
BR001740,TASK79740,Engineering,SBC-UBL,2026-03-10 11:15,2026-03-10 13:14,Non-Interlocking Block,Approved
BR001741,TASK16482,S&T,NDLS-UMB,2026-03-10 14:30,2026-03-10 15:54,Interlocking Testing Block,Approved
BR001742,TASK29730,S&T,SBC-MAS,2026-03-10 14:45,2026-03-10 15:31,Cable Block,Approved
BR001743,TASK40023,Traction,NDLS-GZB,2026-03-10 22:00,2026-03-11 01:09,Traction Feed Block,Completed
BR001744,TASK35238,S&T,CNB-ALD,2026-03-10 22:15,2026-03-11 00:42,Signal Maintenance Block,Approved
BR001745,TASK12927,Engineering,ALD-MGS,2026-03-10 22:30,2026-03-10 23:38,Bridge Inspection Block,Requested
BR001746,TASK46087,Traction,BRC-ST,2026-03-10 22:45,2026-03-10 23:47,Traction Feed Block,Completed
BR001747,TASK45618,Engineering,BPL-JHS,2026-03-10 23:15,2026-03-11 01:44,Bridge Inspection Block,Completed
BR001748,TASK36084,Engineering,SC-NGP,2026-03-10 23:30,2026-03-11 02:34,Traffic Block,Approved
BR001749,TASK69812,Engineering,CSMT-BSR,2026-03-10 23:45,2026-03-11 01:34,Bridge Inspection Block,Approved
BR001750,TASK95900,Engineering,NDLS-JHS,2026-03-11 00:00,2026-03-11 02:10,Traffic Block,Approved
BR001751,TASK65520,Traction,HWH-KGP,2026-03-11 00:00,2026-03-11 02:49,Power Block,Approved
BR001752,TASK95041,S&T,SBC-MAS,2026-03-11 00:15,2026-03-11 04:14,Signal Maintenance Block,Approved
BR001753,TASK77398,Traction,KGP-VSKP,2026-03-11 00:30,2026-03-11 02:44,Power Block,Approved
BR001754,TASK34697,S&T,BZA-MAS,2026-03-11 00:30,2026-03-11 05:12,Interlocking Testing Block,Completed
BR001755,TASK35406,Traction,NDLS-GZB,2026-03-11 00:45,2026-03-11 05:26,Traction Feed Block,Rejected
BR001756,TASK44213,S&T,KGP-VSKP,2026-03-11 01:00,2026-03-11 03:56,Signal Maintenance Block,Approved
BR001757,TASK47039,Engineering,JP-ADI,2026-03-11 01:00,2026-03-11 02:32,Traffic Block,Approved
BR001758,TASK77347,Engineering,BPL-JHS,2026-03-11 01:15,2026-03-11 05:05,Traffic Block,Requested
BR001759,TASK64460,Engineering,SC-NGP,2026-03-11 01:30,2026-03-11 04:18,Bridge Inspection Block,Approved
BR001760,TASK14059,Engineering,DLI-JU,2026-03-11 01:45,2026-03-11 04:17,Non-Interlocking Block,Completed
BR001761,TASK25405,Engineering,NDLS-ASR,2026-03-11 01:45,2026-03-11 04:30,Non-Interlocking Block,Rejected
BR001762,TASK26358,Engineering,CNB-ALD,2026-03-11 12:15,2026-03-11 13:07,Track Renewal Block,Approved
BR001763,TASK93344,Engineering,PUNE-CSMT,2026-03-11 14:15,2026-03-11 16:08,Traffic Block,Requested
BR001764,TASK16094,S&T,PUNE-CSMT,2026-03-11 15:45,2026-03-11 17:41,Cable Block,Cancelled
BR001765,TASK19469,Engineering,BZA-SC,2026-03-11 22:00,2026-03-12 01:43,Bridge Inspection Block,Completed
BR001766,TASK88162,Traction,NDLS-UMB,2026-03-11 22:30,2026-03-12 02:16,OHE Maintenance Block,Cancelled
BR001767,TASK97858,Traction,MGS-HWH,2026-03-11 22:45,2026-03-12 03:28,OHE Maintenance Block,Approved
BR001768,TASK15511,S&T,BSP-R,2026-03-11 23:00,2026-03-12 00:07,Cable Block,Requested
BR001769,TASK30535,Traction,NDLS-ASR,2026-03-11 23:00,2026-03-12 00:03,Traction Feed Block,Completed
BR001770,TASK46013,S&T,MGS-HWH,2026-03-11 23:00,2026-03-12 03:20,Signal Maintenance Block,Rejected
BR001771,TASK43501,Engineering,KGP-VSKP,2026-03-11 23:15,2026-03-12 02:18,Traffic Block,Completed
BR001772,TASK90015,Engineering,KGP-VSKP,2026-03-11 23:15,2026-03-12 01:07,Non-Interlocking Block,Approved
BR001773,TASK96401,Engineering,ST-BCT,2026-03-11 23:15,2026-03-12 01:26,Bridge Inspection Block,Requested
BR001774,TASK34371,S&T,CNB-ALD,2026-03-11 23:30,2026-03-12 01:07,Signal Maintenance Block,Approved
BR001775,TASK70332,S&T,PUNE-CSMT,2026-03-11 23:30,2026-03-12 01:43,Interlocking Testing Block,Cancelled
BR001776,TASK73601,Engineering,CSMT-BSR,2026-03-11 23:30,2026-03-12 01:10,Traffic Block,Approved
BR001777,TASK42925,Engineering,BZA-SC,2026-03-11 23:45,2026-03-12 03:04,Track Renewal Block,Approved
BR001778,TASK19660,S&T,NDLS-ASR,2026-03-12 00:30,2026-03-12 05:24,Cable Block,Approved
BR001779,TASK74986,Engineering,NDLS-JHS,2026-03-12 01:00,2026-03-12 02:58,Bridge Inspection Block,Cancelled
BR001780,TASK38270,Traction,NDLS-GZB,2026-03-12 01:45,2026-03-12 05:45,OHE Maintenance Block,Requested
BR001781,TASK40528,S&T,JP-ADI,2026-03-12 01:45,2026-03-12 03:59,Signal Maintenance Block,Completed
BR001782,TASK24138,Engineering,GZB-CNB,2026-03-12 11:30,2026-03-12 12:57,Bridge Inspection Block,Requested
BR001783,TASK48294,S&T,BSP-R,2026-03-12 12:15,2026-03-12 14:13,Interlocking Testing Block,Approved
BR001784,TASK15125,Traction,JTJ-SBC,2026-03-12 12:15,2026-03-12 13:33,Traction Feed Block,Approved
BR001785,TASK33903,S&T,JU-JP,2026-03-12 13:15,2026-03-12 14:58,Signal Maintenance Block,Rejected
BR001786,TASK49117,Engineering,BSR-BPL,2026-03-12 13:15,2026-03-12 15:05,Track Renewal Block,Approved
BR001787,TASK66640,Traction,NGP-BSP,2026-03-12 15:00,2026-03-12 16:03,Power Block,Rejected
BR001788,TASK95210,S&T,GZB-CNB,2026-03-12 15:15,2026-03-12 17:03,Signal Maintenance Block,Approved
BR001789,TASK46548,Engineering,NDLS-ASR,2026-03-12 22:15,2026-03-12 23:20,Bridge Inspection Block,Approved
BR001790,TASK85998,S&T,GZB-CNB,2026-03-12 22:15,2026-03-13 03:09,Interlocking Testing Block,Approved
BR001791,TASK64394,S&T,MAS-JTJ,2026-03-12 22:30,2026-03-13 03:00,Signal Maintenance Block,Completed
BR001792,TASK81608,Engineering,ST-BCT,2026-03-12 22:45,2026-03-13 00:52,Bridge Inspection Block,Approved
BR001793,TASK32675,Traction,PUNE-CSMT,2026-03-12 22:45,2026-03-13 00:06,Traction Feed Block,Approved
BR001794,TASK40955,Engineering,MGS-HWH,2026-03-12 22:45,2026-03-13 01:54,Bridge Inspection Block,Requested
BR001795,TASK31038,Engineering,ST-BCT,2026-03-12 22:45,2026-03-13 01:20,Non-Interlocking Block,Rejected
BR001796,TASK43255,Traction,ST-BCT,2026-03-12 23:15,2026-03-13 03:50,Traction Feed Block,Approved
BR001797,TASK45339,S&T,BZA-MAS,2026-03-12 23:45,2026-03-13 01:08,Signal Maintenance Block,Rejected
BR001798,TASK92301,Engineering,CNB-ALD,2026-03-12 23:45,2026-03-13 04:26,Traffic Block,Approved
BR001799,TASK58006,Engineering,SBC-UBL,2026-03-13 00:00,2026-03-13 02:17,Non-Interlocking Block,Requested
BR001800,TASK16401,Traction,BZA-SC,2026-03-13 00:00,2026-03-13 03:25,Power Block,Approved
BR001801,TASK76960,Engineering,MGS-HWH,2026-03-13 00:00,2026-03-13 02:55,Track Renewal Block,Approved
BR001802,TASK96517,Engineering,ST-BCT,2026-03-13 00:15,2026-03-13 01:44,Bridge Inspection Block,Rejected
BR001803,TASK89415,Traction,MAS-JTJ,2026-03-13 00:15,2026-03-13 02:41,Traction Feed Block,Requested
BR001804,TASK96459,Engineering,ST-BCT,2026-03-13 00:15,2026-03-13 03:30,Non-Interlocking Block,Approved
BR001805,TASK74954,Traction,BSR-BPL,2026-03-13 00:30,2026-03-13 04:09,Power Block,Approved
BR001806,TASK39019,Engineering,KGP-VSKP,2026-03-13 01:00,2026-03-13 02:39,Bridge Inspection Block,Completed
BR001807,TASK55723,S&T,BZA-SC,2026-03-13 01:15,2026-03-13 04:17,Signal Maintenance Block,Completed
BR001808,TASK77391,Traction,BPL-JHS,2026-03-13 01:15,2026-03-13 04:32,Power Block,Completed
BR001809,TASK46438,Engineering,ST-BCT,2026-03-13 01:45,2026-03-13 05:22,Track Renewal Block,Completed
BR001810,TASK66700,Engineering,ALD-MGS,2026-03-13 01:45,2026-03-13 03:34,Non-Interlocking Block,Approved
BR001811,TASK93739,Engineering,BPL-JHS,2026-03-13 12:45,2026-03-13 13:28,Traffic Block,Approved
BR001812,TASK52061,Engineering,NDLS-ASR,2026-03-13 13:30,2026-03-13 14:47,Non-Interlocking Block,Requested
BR001813,TASK93150,Engineering,MAS-JTJ,2026-03-13 13:30,2026-03-13 15:05,Bridge Inspection Block,Requested
BR001814,TASK59484,S&T,CSMT-BSR,2026-03-13 14:00,2026-03-13 15:08,Interlocking Testing Block,Approved
BR001815,TASK29009,S&T,ALD-MGS,2026-03-13 14:00,2026-03-13 15:38,Signal Maintenance Block,Approved
BR001816,TASK62131,Engineering,CSMT-BSR,2026-03-13 22:00,2026-03-13 23:48,Traffic Block,Approved
BR001817,TASK19001,Engineering,MAS-JTJ,2026-03-13 22:15,2026-03-13 23:37,Traffic Block,Rejected
BR001818,TASK86176,Traction,ST-BCT,2026-03-13 22:30,2026-03-14 02:13,OHE Maintenance Block,Approved
BR001819,TASK56725,Engineering,JP-ADI,2026-03-13 22:45,2026-03-14 00:44,Traffic Block,Requested
BR001820,TASK85603,Traction,NDLS-GZB,2026-03-13 22:45,2026-03-14 01:07,Power Block,Approved
BR001821,TASK33531,S&T,SBC-MAS,2026-03-13 22:45,2026-03-14 00:19,Interlocking Testing Block,Approved
BR001822,TASK91720,Traction,ADI-BRC,2026-03-13 23:00,2026-03-14 00:50,Traction Feed Block,Approved
BR001823,TASK45401,Traction,BZA-MAS,2026-03-13 23:00,2026-03-14 01:51,OHE Maintenance Block,Approved
BR001824,TASK60263,Traction,MGS-HWH,2026-03-13 23:15,2026-03-14 02:41,Power Block,Approved
BR001825,TASK74922,Engineering,NDLS-JHS,2026-03-13 23:30,2026-03-14 02:29,Bridge Inspection Block,Rejected
BR001826,TASK42892,Traction,HWH-KGP,2026-03-13 23:30,2026-03-14 02:10,Traction Feed Block,Approved
BR001827,TASK11655,S&T,BSP-R,2026-03-13 23:30,2026-03-14 02:38,Interlocking Testing Block,Cancelled
BR001828,TASK16147,S&T,GZB-CNB,2026-03-13 23:30,2026-03-14 02:20,Interlocking Testing Block,Approved
BR001829,TASK60028,Engineering,ALD-MGS,2026-03-13 23:45,2026-03-14 02:08,Traffic Block,Rejected
BR001830,TASK18236,Engineering,JP-ADI,2026-03-14 00:00,2026-03-14 04:09,Traffic Block,Requested
BR001831,TASK49641,S&T,KGP-VSKP,2026-03-14 00:00,2026-03-14 02:22,Interlocking Testing Block,Requested
BR001832,TASK36883,Engineering,KGP-VSKP,2026-03-14 00:30,2026-03-14 01:50,Bridge Inspection Block,Approved
BR001833,TASK82484,Engineering,SC-NGP,2026-03-14 01:00,2026-03-14 02:55,Non-Interlocking Block,Requested
BR001834,TASK69799,Engineering,CSMT-BSR,2026-03-14 01:15,2026-03-14 04:00,Track Renewal Block,Approved
BR001835,TASK28046,Traction,BSR-BPL,2026-03-14 01:15,2026-03-14 05:50,OHE Maintenance Block,Requested
BR001836,TASK93882,S&T,NDLS-GZB,2026-03-14 01:15,2026-03-14 04:36,Cable Block,Approved
BR001837,TASK86624,S&T,NDLS-ASR,2026-03-14 01:30,2026-03-14 04:23,Cable Block,Requested
BR001838,TASK13808,Engineering,GZB-CNB,2026-03-14 01:30,2026-03-14 03:29,Track Renewal Block,Requested
BR001839,TASK14444,Engineering,JTJ-SBC,2026-03-14 01:45,2026-03-14 03:28,Traffic Block,Completed
BR001840,TASK34263,Engineering,BRC-ST,2026-03-14 01:45,2026-03-14 03:11,Non-Interlocking Block,Rejected
BR001841,TASK21597,Engineering,MGS-HWH,2026-03-14 10:00,2026-03-14 11:21,Traffic Block,Approved
BR001842,TASK55812,S&T,PUNE-CSMT,2026-03-14 10:00,2026-03-14 11:04,Signal Maintenance Block,Approved
BR001843,TASK99667,Traction,ST-BCT,2026-03-14 14:15,2026-03-14 15:37,Power Block,Cancelled
BR001844,TASK35845,S&T,NDLS-GZB,2026-03-14 22:00,2026-03-15 02:27,Signal Maintenance Block,Completed
BR001845,TASK61101,Engineering,MGS-HWH,2026-03-14 22:15,2026-03-15 02:42,Track Renewal Block,Approved
BR001846,TASK60327,Traction,MGS-HWH,2026-03-14 22:15,2026-03-15 00:19,Traction Feed Block,Requested
BR001847,TASK79301,S&T,MAS-JTJ,2026-03-14 22:15,2026-03-15 01:50,Signal Maintenance Block,Completed
BR001848,TASK77691,Traction,DLI-JU,2026-03-14 22:15,2026-03-15 02:06,Traction Feed Block,Completed
BR001849,TASK24195,S&T,SBC-MAS,2026-03-14 22:30,2026-03-15 01:07,Interlocking Testing Block,Approved
BR001850,TASK12573,Engineering,CNB-ALD,2026-03-14 22:30,2026-03-15 01:00,Track Renewal Block,Approved
BR001851,TASK20299,Traction,ADI-BRC,2026-03-14 22:30,2026-03-15 01:17,Power Block,Approved
BR001852,TASK39201,Engineering,ALD-MGS,2026-03-14 22:30,2026-03-15 01:05,Track Renewal Block,Completed
BR001853,TASK33648,S&T,SC-NGP,2026-03-14 22:30,2026-03-15 00:51,Signal Maintenance Block,Approved
BR001854,TASK21740,S&T,CNB-ALD,2026-03-14 22:45,2026-03-15 03:35,Cable Block,Completed
BR001855,TASK94026,Engineering,CSMT-BSR,2026-03-14 22:45,2026-03-14 23:51,Track Renewal Block,Cancelled
BR001856,TASK24081,S&T,NGP-BSP,2026-03-14 22:45,2026-03-15 00:36,Interlocking Testing Block,Approved
BR001857,TASK95519,Engineering,NGP-BSP,2026-03-14 23:00,2026-03-15 02:25,Bridge Inspection Block,Rejected
BR001858,TASK66609,Engineering,BSP-R,2026-03-14 23:00,2026-03-15 02:24,Traffic Block,Completed
BR001859,TASK79022,Traction,CNB-ALD,2026-03-14 23:15,2026-03-15 02:08,Traction Feed Block,Approved
BR001860,TASK24435,Engineering,HWH-NJP,2026-03-14 23:15,2026-03-15 00:49,Traffic Block,Approved
BR001861,TASK82562,Engineering,VSKP-BZA,2026-03-14 23:30,2026-03-15 01:39,Non-Interlocking Block,Approved
BR001862,TASK32357,S&T,PUNE-CSMT,2026-03-14 23:45,2026-03-15 03:11,Signal Maintenance Block,Completed
BR001863,TASK80307,Traction,NDLS-UMB,2026-03-15 00:15,2026-03-15 04:43,Power Block,Approved
BR001864,TASK62183,Engineering,NDLS-GZB,2026-03-15 00:30,2026-03-15 03:29,Traffic Block,Rejected
BR001865,TASK37163,Engineering,NJP-GHY,2026-03-15 01:15,2026-03-15 05:23,Traffic Block,Approved
BR001866,TASK80808,Engineering,JP-ADI,2026-03-15 01:30,2026-03-15 04:23,Track Renewal Block,Completed
BR001867,TASK55757,Traction,ST-BCT,2026-03-15 10:00,2026-03-15 11:55,Power Block,Completed
BR001868,TASK25240,Traction,BRC-ST,2026-03-15 11:15,2026-03-15 12:15,OHE Maintenance Block,Requested
BR001869,TASK24759,Traction,BSR-BPL,2026-03-15 13:15,2026-03-15 14:24,OHE Maintenance Block,Approved
BR001870,TASK11040,Engineering,NDLS-GZB,2026-03-15 15:45,2026-03-15 16:45,Non-Interlocking Block,Requested
BR001871,TASK61841,S&T,PUNE-CSMT,2026-03-15 22:00,2026-03-16 00:05,Interlocking Testing Block,Rejected
BR001872,TASK49271,S&T,ADI-BRC,2026-03-15 22:15,2026-03-16 00:59,Signal Maintenance Block,Requested
BR001873,TASK14760,Engineering,BZA-SC,2026-03-15 22:15,2026-03-15 23:43,Traffic Block,Approved
BR001874,TASK79822,Engineering,ADI-BRC,2026-03-15 22:45,2026-03-16 00:05,Bridge Inspection Block,Approved
BR001875,TASK66291,Engineering,CNB-ALD,2026-03-15 23:00,2026-03-16 00:28,Traffic Block,Approved
BR001876,TASK70530,Engineering,ALD-MGS,2026-03-15 23:00,2026-03-16 00:53,Traffic Block,Approved
BR001877,TASK98571,Traction,BSP-R,2026-03-15 23:15,2026-03-16 02:39,OHE Maintenance Block,Completed
BR001878,TASK70386,S&T,BZA-MAS,2026-03-15 23:30,2026-03-16 01:55,Interlocking Testing Block,Approved
BR001879,TASK81051,Traction,NDLS-UMB,2026-03-15 23:30,2026-03-16 02:50,Traction Feed Block,Requested
BR001880,TASK28591,Traction,NDLS-GZB,2026-03-15 23:30,2026-03-16 01:45,Power Block,Approved
BR001881,TASK60074,Traction,HWH-NJP,2026-03-15 23:45,2026-03-16 01:53,Traction Feed Block,Approved
BR001882,TASK65544,Engineering,UBL-PUNE,2026-03-16 01:00,2026-03-16 05:42,Bridge Inspection Block,Approved
BR001883,TASK40727,Engineering,ST-BCT,2026-03-16 01:15,2026-03-16 04:08,Traffic Block,Requested
BR001884,TASK37997,Engineering,MAS-JTJ,2026-03-16 01:30,2026-03-16 04:22,Track Renewal Block,Requested
BR001885,TASK22849,Engineering,MGS-HWH,2026-03-16 01:30,2026-03-16 05:34,Traffic Block,Approved
BR001886,TASK94564,Engineering,BZA-MAS,2026-03-16 01:45,2026-03-16 03:05,Bridge Inspection Block,Approved
BR001887,TASK83645,Traction,MAS-JTJ,2026-03-16 10:30,2026-03-16 12:18,Power Block,Approved
BR001888,TASK44796,Engineering,BSR-BPL,2026-03-16 11:15,2026-03-16 11:52,Non-Interlocking Block,Approved
BR001889,TASK53575,Engineering,JTJ-SBC,2026-03-16 12:30,2026-03-16 14:28,Bridge Inspection Block,Completed
BR001890,TASK77767,Traction,SBC-MAS,2026-03-16 13:00,2026-03-16 14:56,Power Block,Cancelled
BR001891,TASK19749,Engineering,VSKP-BZA,2026-03-16 15:30,2026-03-16 16:42,Bridge Inspection Block,Approved
BR001892,TASK81648,S&T,ADI-BRC,2026-03-16 22:00,2026-03-17 00:43,Signal Maintenance Block,Completed
BR001893,TASK61477,S&T,PUNE-CSMT,2026-03-16 22:15,2026-03-17 01:37,Signal Maintenance Block,Rejected
BR001894,TASK50326,S&T,BRC-ST,2026-03-16 22:15,2026-03-17 02:41,Signal Maintenance Block,Approved
BR001895,TASK21491,S&T,ST-BCT,2026-03-16 22:15,2026-03-17 00:25,Interlocking Testing Block,Completed
BR001896,TASK43237,S&T,ST-BCT,2026-03-16 23:15,2026-03-17 02:36,Interlocking Testing Block,Approved
BR001897,TASK75012,S&T,ADI-BRC,2026-03-16 23:30,2026-03-17 02:57,Cable Block,Completed
BR001898,TASK53000,Engineering,BSR-BPL,2026-03-16 23:45,2026-03-17 02:29,Traffic Block,Approved
BR001899,TASK12166,S&T,BSR-BPL,2026-03-17 00:00,2026-03-17 03:50,Cable Block,Approved
BR001900,TASK14934,S&T,BRC-ST,2026-03-17 00:15,2026-03-17 01:31,Cable Block,Approved
BR001901,TASK41616,Traction,BPL-JHS,2026-03-17 00:45,2026-03-17 03:13,Traction Feed Block,Approved
BR001902,TASK94656,Engineering,JTJ-SBC,2026-03-17 01:15,2026-03-17 05:28,Non-Interlocking Block,Requested
BR001903,TASK33118,Engineering,ST-BCT,2026-03-17 01:30,2026-03-17 02:37,Bridge Inspection Block,Approved
BR001904,TASK54256,Engineering,HWH-KGP,2026-03-17 01:45,2026-03-17 06:43,Non-Interlocking Block,Approved
BR001905,TASK42548,Traction,CSMT-BSR,2026-03-17 01:45,2026-03-17 03:50,Power Block,Rejected
BR001906,TASK16944,Engineering,BSP-R,2026-03-17 11:00,2026-03-17 12:51,Bridge Inspection Block,Requested
BR001907,TASK94103,Engineering,HWH-KGP,2026-03-17 15:00,2026-03-17 16:45,Traffic Block,Approved
BR001908,TASK84496,Engineering,CNB-ALD,2026-03-17 22:00,2026-03-18 01:26,Track Renewal Block,Completed
BR001909,TASK27864,S&T,ALD-MGS,2026-03-17 22:00,2026-03-18 00:36,Signal Maintenance Block,Approved
BR001910,TASK33888,Engineering,SBC-UBL,2026-03-17 22:15,2026-03-18 01:31,Bridge Inspection Block,Rejected
BR001911,TASK46144,Engineering,BSR-BPL,2026-03-17 22:15,2026-03-18 03:01,Non-Interlocking Block,Completed
BR001912,TASK23903,Traction,ST-BCT,2026-03-17 22:30,2026-03-18 01:50,OHE Maintenance Block,Completed
BR001913,TASK28591,Engineering,NDLS-UMB,2026-03-17 22:30,2026-03-17 23:52,Bridge Inspection Block,Approved
BR001914,TASK32799,Traction,ADI-BRC,2026-03-17 22:45,2026-03-18 03:06,Power Block,Completed
BR001915,TASK61728,S&T,ALD-MGS,2026-03-17 23:15,2026-03-18 01:18,Cable Block,Approved
BR001916,TASK84933,Traction,PUNE-CSMT,2026-03-17 23:30,2026-03-18 02:09,OHE Maintenance Block,Approved
BR001917,TASK57394,Traction,BSR-BPL,2026-03-17 23:45,2026-03-18 04:41,Traction Feed Block,Rejected
BR001918,TASK91613,Engineering,KGP-VSKP,2026-03-17 23:45,2026-03-18 02:20,Track Renewal Block,Approved
BR001919,TASK63515,Traction,CSMT-BSR,2026-03-18 00:00,2026-03-18 03:20,OHE Maintenance Block,Requested
BR001920,TASK77865,Engineering,BZA-SC,2026-03-18 00:00,2026-03-18 01:34,Track Renewal Block,Requested
BR001921,TASK51853,S&T,NDLS-JHS,2026-03-18 00:15,2026-03-18 05:04,Signal Maintenance Block,Approved
BR001922,TASK23790,Engineering,VSKP-BZA,2026-03-18 00:30,2026-03-18 01:34,Non-Interlocking Block,Approved
BR001923,TASK81173,Traction,NDLS-GZB,2026-03-18 00:45,2026-03-18 02:58,Traction Feed Block,Approved
BR001924,TASK79593,S&T,JTJ-SBC,2026-03-18 00:45,2026-03-18 01:53,Interlocking Testing Block,Requested
BR001925,TASK79590,Engineering,NDLS-UMB,2026-03-18 01:00,2026-03-18 05:23,Non-Interlocking Block,Rejected
BR001926,TASK94814,Engineering,GZB-CNB,2026-03-18 01:00,2026-03-18 02:37,Traffic Block,Requested
BR001927,TASK80655,Traction,UBL-PUNE,2026-03-18 01:15,2026-03-18 06:01,OHE Maintenance Block,Approved
BR001928,TASK25640,S&T,BZA-SC,2026-03-18 01:45,2026-03-18 06:00,Cable Block,Approved
BR001929,TASK86180,S&T,UBL-PUNE,2026-03-18 10:15,2026-03-18 11:12,Cable Block,Requested
BR001930,TASK73616,Engineering,JU-JP,2026-03-18 11:30,2026-03-18 12:07,Traffic Block,Completed
BR001931,TASK23096,Engineering,BSR-BPL,2026-03-18 14:45,2026-03-18 16:05,Non-Interlocking Block,Approved
BR001932,TASK45343,Engineering,BSP-R,2026-03-18 15:15,2026-03-18 16:01,Bridge Inspection Block,Requested
BR001933,TASK77387,Engineering,ALD-MGS,2026-03-18 15:45,2026-03-18 17:10,Track Renewal Block,Approved
BR001934,TASK40059,S&T,BSR-BPL,2026-03-18 22:00,2026-03-19 01:33,Signal Maintenance Block,Approved
BR001935,TASK89704,Traction,JTJ-SBC,2026-03-18 22:00,2026-03-19 01:05,Power Block,Approved
BR001936,TASK89088,Engineering,BSR-BPL,2026-03-18 22:15,2026-03-19 01:18,Non-Interlocking Block,Requested
BR001937,TASK93064,Engineering,MGS-HWH,2026-03-18 22:15,2026-03-19 02:04,Bridge Inspection Block,Completed
BR001938,TASK61609,Engineering,MGS-HWH,2026-03-18 22:30,2026-03-19 00:57,Track Renewal Block,Rejected
BR001939,TASK49344,S&T,UBL-PUNE,2026-03-18 23:00,2026-03-19 03:20,Signal Maintenance Block,Approved
BR001940,TASK17681,S&T,JP-ADI,2026-03-18 23:00,2026-03-19 01:29,Cable Block,Rejected
BR001941,TASK90781,Engineering,MAS-JTJ,2026-03-18 23:15,2026-03-19 00:28,Bridge Inspection Block,Approved
BR001942,TASK93424,Engineering,BSR-BPL,2026-03-18 23:30,2026-03-19 02:40,Track Renewal Block,Approved
BR001943,TASK14633,Engineering,SBC-UBL,2026-03-18 23:45,2026-03-19 04:20,Bridge Inspection Block,Approved
BR001944,TASK16059,Traction,VSKP-BZA,2026-03-19 00:00,2026-03-19 01:36,Traction Feed Block,Completed
BR001945,TASK13849,Engineering,NDLS-GZB,2026-03-19 00:00,2026-03-19 01:30,Track Renewal Block,Requested
BR001946,TASK91996,Engineering,SC-NGP,2026-03-19 00:00,2026-03-19 03:29,Traffic Block,Completed
BR001947,TASK50749,Traction,DLI-JU,2026-03-19 00:30,2026-03-19 04:11,Traction Feed Block,Requested
BR001948,TASK88125,Traction,NJP-GHY,2026-03-19 00:30,2026-03-19 01:31,Traction Feed Block,Approved
BR001949,TASK77834,S&T,CNB-ALD,2026-03-19 00:45,2026-03-19 04:52,Cable Block,Cancelled
BR001950,TASK14982,Engineering,GZB-CNB,2026-03-19 00:45,2026-03-19 04:20,Non-Interlocking Block,Approved
BR001951,TASK29875,S&T,ADI-BRC,2026-03-19 01:00,2026-03-19 03:23,Cable Block,Requested
BR001952,TASK19061,Traction,ST-BCT,2026-03-19 01:30,2026-03-19 05:24,Traction Feed Block,Approved
BR001953,TASK97677,S&T,BRC-ST,2026-03-19 01:30,2026-03-19 03:44,Interlocking Testing Block,Rejected
BR001954,TASK44098,Engineering,HWH-KGP,2026-03-19 01:30,2026-03-19 03:16,Non-Interlocking Block,Approved
BR001955,TASK37635,Traction,SBC-MAS,2026-03-19 01:45,2026-03-19 05:14,Traction Feed Block,Requested
BR001956,TASK34763,Traction,ST-BCT,2026-03-19 12:15,2026-03-19 13:26,OHE Maintenance Block,Requested
BR001957,TASK15724,S&T,ALD-MGS,2026-03-19 12:30,2026-03-19 13:57,Cable Block,Approved
BR001958,TASK45861,S&T,DLI-JU,2026-03-19 13:45,2026-03-19 15:16,Signal Maintenance Block,Approved
BR001959,TASK95099,Engineering,MGS-HWH,2026-03-19 14:00,2026-03-19 14:40,Traffic Block,Approved
BR001960,TASK73215,Traction,MGS-HWH,2026-03-19 14:30,2026-03-19 15:24,Traction Feed Block,Approved
BR001961,TASK23781,S&T,MGS-HWH,2026-03-19 15:00,2026-03-19 15:45,Interlocking Testing Block,Approved
BR001962,TASK98233,S&T,NDLS-GZB,2026-03-19 22:00,2026-03-19 23:09,Interlocking Testing Block,Requested
BR001963,TASK53212,Traction,BSR-BPL,2026-03-19 22:30,2026-03-19 23:43,Power Block,Approved
BR001964,TASK79527,Engineering,HWH-KGP,2026-03-19 22:45,2026-03-20 00:14,Traffic Block,Cancelled
BR001965,TASK49260,S&T,NDLS-ASR,2026-03-19 22:45,2026-03-20 02:08,Signal Maintenance Block,Completed
BR001966,TASK73935,Traction,NDLS-UMB,2026-03-19 23:00,2026-03-20 02:59,Power Block,Rejected
BR001967,TASK10642,Engineering,BZA-MAS,2026-03-19 23:30,2026-03-20 03:52,Bridge Inspection Block,Cancelled
BR001968,TASK37035,Traction,MGS-HWH,2026-03-20 00:15,2026-03-20 03:14,Power Block,Approved
BR001969,TASK60439,Engineering,JU-JP,2026-03-20 00:30,2026-03-20 01:41,Bridge Inspection Block,Approved
BR001970,TASK68677,S&T,CNB-ALD,2026-03-20 00:45,2026-03-20 03:50,Interlocking Testing Block,Approved
BR001971,TASK50026,Engineering,ST-BCT,2026-03-20 00:45,2026-03-20 03:02,Non-Interlocking Block,Cancelled
BR001972,TASK27290,S&T,NDLS-ASR,2026-03-20 01:00,2026-03-20 05:12,Signal Maintenance Block,Requested
BR001973,TASK91958,S&T,NDLS-GZB,2026-03-20 01:15,2026-03-20 05:55,Signal Maintenance Block,Approved
BR001974,TASK59550,Engineering,BRC-ST,2026-03-20 01:15,2026-03-20 05:55,Track Renewal Block,Approved
BR001975,TASK49300,Traction,BSP-R,2026-03-20 01:15,2026-03-20 05:10,Traction Feed Block,Requested
BR001976,TASK23806,Engineering,ST-BCT,2026-03-20 01:15,2026-03-20 02:24,Bridge Inspection Block,Approved
BR001977,TASK89391,S&T,ALD-MGS,2026-03-20 01:30,2026-03-20 04:28,Interlocking Testing Block,Rejected
BR001978,TASK10830,Traction,CNB-ALD,2026-03-20 01:45,2026-03-20 04:08,Power Block,Requested
BR001979,TASK83786,Engineering,NDLS-ASR,2026-03-20 14:30,2026-03-20 15:03,Non-Interlocking Block,Completed
BR001980,TASK67411,S&T,BPL-JHS,2026-03-20 15:30,2026-03-20 16:31,Interlocking Testing Block,Rejected
BR001981,TASK70523,Engineering,BZA-MAS,2026-03-20 22:15,2026-03-20 23:44,Traffic Block,Approved
BR001982,TASK52674,S&T,NGP-BSP,2026-03-20 22:30,2026-03-21 01:37,Cable Block,Approved
BR001983,TASK25008,Engineering,BZA-SC,2026-03-20 22:30,2026-03-21 00:42,Bridge Inspection Block,Completed
BR001984,TASK72354,Traction,HWH-KGP,2026-03-20 22:45,2026-03-21 00:40,OHE Maintenance Block,Cancelled
BR001985,TASK81480,Engineering,JTJ-SBC,2026-03-20 22:45,2026-03-21 01:35,Non-Interlocking Block,Completed
BR001986,TASK62574,Engineering,BZA-SC,2026-03-20 23:00,2026-03-21 01:18,Bridge Inspection Block,Approved
BR001987,TASK64571,S&T,BSR-BPL,2026-03-20 23:15,2026-03-21 00:17,Cable Block,Approved
BR001988,TASK94470,Engineering,ALD-MGS,2026-03-20 23:30,2026-03-21 02:48,Track Renewal Block,Requested
BR001989,TASK79188,Engineering,MGS-HWH,2026-03-21 00:15,2026-03-21 04:14,Bridge Inspection Block,Rejected
BR001990,TASK82272,Traction,NDLS-ASR,2026-03-21 00:15,2026-03-21 03:05,Power Block,Approved
BR001991,TASK39851,Engineering,GZB-CNB,2026-03-21 00:45,2026-03-21 02:46,Bridge Inspection Block,Rejected
BR001992,TASK95550,Engineering,HWH-KGP,2026-03-21 00:45,2026-03-21 02:44,Track Renewal Block,Approved
BR001993,TASK18987,Traction,CSMT-BSR,2026-03-21 00:45,2026-03-21 03:03,Power Block,Completed
BR001994,TASK66523,Engineering,GZB-CNB,2026-03-21 01:00,2026-03-21 02:58,Non-Interlocking Block,Approved
BR001995,TASK48781,S&T,SBC-MAS,2026-03-21 01:00,2026-03-21 04:40,Cable Block,Requested
BR001996,TASK11483,Traction,HWH-KGP,2026-03-21 01:15,2026-03-21 04:46,OHE Maintenance Block,Completed
BR001997,TASK36494,Engineering,BPL-JHS,2026-03-21 01:30,2026-03-21 02:44,Track Renewal Block,Approved
BR001998,TASK78531,Engineering,ST-BCT,2026-03-21 01:30,2026-03-21 03:00,Bridge Inspection Block,Completed
BR001999,TASK91730,S&T,KGP-VSKP,2026-03-21 01:45,2026-03-21 03:53,Cable Block,Completed
BR002000,TASK23668,Engineering,SBC-UBL,2026-03-21 10:30,2026-03-21 12:19,Non-Interlocking Block,Approved
BR002001,TASK34540,Engineering,MGS-HWH,2026-03-21 11:00,2026-03-21 12:20,Traffic Block,Requested
BR002002,TASK44381,Traction,BZA-SC,2026-03-21 11:45,2026-03-21 12:37,Traction Feed Block,Completed
BR002003,TASK85846,Traction,CSMT-BSR,2026-03-21 13:15,2026-03-21 14:01,Power Block,Approved
BR002004,TASK22481,Engineering,MGS-HWH,2026-03-21 14:15,2026-03-21 15:46,Bridge Inspection Block,Approved
BR002005,TASK41020,S&T,SBC-MAS,2026-03-21 22:15,2026-03-22 02:27,Cable Block,Approved
BR002006,TASK70007,Traction,BZA-MAS,2026-03-21 22:15,2026-03-22 02:47,Traction Feed Block,Completed
BR002007,TASK26538,Engineering,BZA-MAS,2026-03-21 22:30,2026-03-22 01:10,Traffic Block,Approved
BR002008,TASK34654,Engineering,BZA-MAS,2026-03-21 22:45,2026-03-22 02:24,Non-Interlocking Block,Rejected
BR002009,TASK75113,S&T,NDLS-JHS,2026-03-21 22:45,2026-03-22 00:57,Signal Maintenance Block,Requested
BR002010,TASK55871,Engineering,ADI-BRC,2026-03-21 23:00,2026-03-22 03:40,Track Renewal Block,Approved
BR002011,TASK58670,Traction,CSMT-BSR,2026-03-21 23:15,2026-03-22 02:23,Power Block,Completed
BR002012,TASK88319,Traction,HWH-KGP,2026-03-21 23:15,2026-03-22 02:05,OHE Maintenance Block,Cancelled
BR002013,TASK50432,Traction,JTJ-SBC,2026-03-21 23:30,2026-03-22 01:11,Traction Feed Block,Requested
BR002014,TASK33759,Engineering,BSR-BPL,2026-03-21 23:45,2026-03-22 04:19,Traffic Block,Completed
BR002015,TASK15001,S&T,JTJ-SBC,2026-03-21 23:45,2026-03-22 02:54,Cable Block,Approved
BR002016,TASK57199,S&T,CSMT-BSR,2026-03-22 00:00,2026-03-22 04:04,Signal Maintenance Block,Completed
BR002017,TASK24018,Engineering,NDLS-GZB,2026-03-22 00:15,2026-03-22 01:39,Bridge Inspection Block,Completed
BR002018,TASK12420,Traction,SBC-UBL,2026-03-22 00:15,2026-03-22 03:55,Power Block,Approved
BR002019,TASK64153,Engineering,ST-BCT,2026-03-22 00:30,2026-03-22 03:39,Traffic Block,Requested
BR002020,TASK55436,Engineering,GZB-CNB,2026-03-22 01:15,2026-03-22 05:57,Traffic Block,Approved
BR002021,TASK75984,Engineering,CNB-ALD,2026-03-22 01:30,2026-03-22 03:37,Bridge Inspection Block,Approved
BR002022,TASK30852,Engineering,DLI-JU,2026-03-22 01:30,2026-03-22 04:57,Non-Interlocking Block,Approved
BR002023,TASK58557,Traction,MAS-JTJ,2026-03-22 01:30,2026-03-22 05:37,Traction Feed Block,Approved
BR002024,TASK49999,Traction,HWH-NJP,2026-03-22 01:45,2026-03-22 05:15,Power Block,Rejected
BR002025,TASK42461,Engineering,KGP-VSKP,2026-03-22 01:45,2026-03-22 05:00,Bridge Inspection Block,Requested
BR002026,TASK87267,Engineering,ST-BCT,2026-03-22 01:45,2026-03-22 03:50,Bridge Inspection Block,Approved
BR002027,TASK90765,Engineering,JU-JP,2026-03-22 10:45,2026-03-22 12:28,Track Renewal Block,Approved
BR002028,TASK99066,Engineering,ADI-BRC,2026-03-22 11:15,2026-03-22 13:11,Traffic Block,Approved
BR002029,TASK93295,Traction,CSMT-BSR,2026-03-22 12:15,2026-03-22 13:05,Power Block,Approved
BR002030,TASK24950,S&T,MAS-JTJ,2026-03-22 15:15,2026-03-22 15:51,Interlocking Testing Block,Rejected
BR002031,TASK75083,Engineering,HWH-KGP,2026-03-22 22:00,2026-03-23 01:13,Traffic Block,Requested
BR002032,TASK18518,S&T,VSKP-BZA,2026-03-22 22:15,2026-03-22 23:37,Signal Maintenance Block,Approved
BR002033,TASK88004,Engineering,BSR-BPL,2026-03-22 22:45,2026-03-23 03:34,Traffic Block,Approved
BR002034,TASK76509,S&T,JTJ-SBC,2026-03-22 23:00,2026-03-23 01:06,Signal Maintenance Block,Approved
BR002035,TASK23528,Engineering,NDLS-ASR,2026-03-22 23:00,2026-03-23 01:14,Track Renewal Block,Completed
BR002036,TASK79343,S&T,ADI-BRC,2026-03-22 23:00,2026-03-23 00:43,Cable Block,Approved
BR002037,TASK53936,S&T,UBL-PUNE,2026-03-22 23:00,2026-03-23 02:41,Interlocking Testing Block,Approved
BR002038,TASK87142,Traction,NJP-GHY,2026-03-22 23:00,2026-03-23 02:59,OHE Maintenance Block,Approved
BR002039,TASK33623,S&T,ALD-MGS,2026-03-22 23:15,2026-03-23 00:18,Signal Maintenance Block,Completed
BR002040,TASK69081,Traction,NDLS-ASR,2026-03-22 23:30,2026-03-23 02:27,Traction Feed Block,Approved
BR002041,TASK54589,S&T,HWH-KGP,2026-03-22 23:30,2026-03-23 02:03,Interlocking Testing Block,Requested
BR002042,TASK32944,S&T,NDLS-UMB,2026-03-22 23:45,2026-03-23 02:27,Cable Block,Requested
BR002043,TASK43655,Engineering,HWH-KGP,2026-03-23 00:00,2026-03-23 04:26,Non-Interlocking Block,Approved
BR002044,TASK54664,Traction,SBC-UBL,2026-03-23 00:45,2026-03-23 01:51,OHE Maintenance Block,Approved
BR002045,TASK23682,S&T,SC-NGP,2026-03-23 00:45,2026-03-23 05:18,Cable Block,Completed
BR002046,TASK36960,Traction,MGS-HWH,2026-03-23 01:30,2026-03-23 03:24,Traction Feed Block,Completed
BR002047,TASK14964,Traction,JTJ-SBC,2026-03-23 01:30,2026-03-23 04:32,Traction Feed Block,Rejected
BR002048,TASK32385,Engineering,ADI-BRC,2026-03-23 01:45,2026-03-23 06:38,Non-Interlocking Block,Requested
BR002049,TASK53137,Traction,KGP-VSKP,2026-03-23 15:15,2026-03-23 16:35,OHE Maintenance Block,Approved
BR002050,TASK32200,Traction,VSKP-BZA,2026-03-23 22:00,2026-03-24 02:47,Traction Feed Block,Approved
BR002051,TASK50093,Engineering,BRC-ST,2026-03-23 22:15,2026-03-24 00:50,Track Renewal Block,Approved
BR002052,TASK56411,Engineering,NDLS-JHS,2026-03-23 22:15,2026-03-24 02:18,Non-Interlocking Block,Approved
BR002053,TASK37230,Traction,SBC-MAS,2026-03-23 22:30,2026-03-24 00:02,Traction Feed Block,Requested
BR002054,TASK19811,Engineering,SBC-MAS,2026-03-23 22:45,2026-03-24 01:08,Non-Interlocking Block,Approved
BR002055,TASK99687,Engineering,BZA-SC,2026-03-23 23:15,2026-03-24 04:12,Track Renewal Block,Requested
BR002056,TASK74133,Engineering,HWH-KGP,2026-03-23 23:15,2026-03-24 03:33,Traffic Block,Approved
BR002057,TASK92465,S&T,BZA-MAS,2026-03-23 23:45,2026-03-24 00:53,Interlocking Testing Block,Approved
BR002058,TASK19436,Engineering,ST-BCT,2026-03-23 23:45,2026-03-24 03:07,Track Renewal Block,Requested
BR002059,TASK23557,Engineering,SBC-MAS,2026-03-23 23:45,2026-03-24 01:22,Non-Interlocking Block,Approved
BR002060,TASK93283,Engineering,DLI-JU,2026-03-24 00:00,2026-03-24 03:44,Track Renewal Block,Approved
BR002061,TASK45323,S&T,CNB-ALD,2026-03-24 00:15,2026-03-24 03:19,Signal Maintenance Block,Approved
BR002062,TASK19968,Traction,NDLS-ASR,2026-03-24 00:30,2026-03-24 03:40,OHE Maintenance Block,Requested
BR002063,TASK12924,S&T,JP-ADI,2026-03-24 00:30,2026-03-24 03:11,Cable Block,Approved
BR002064,TASK65746,Traction,NDLS-UMB,2026-03-24 00:30,2026-03-24 01:55,OHE Maintenance Block,Rejected
BR002065,TASK43290,Engineering,CSMT-BSR,2026-03-24 00:30,2026-03-24 03:51,Track Renewal Block,Approved
BR002066,TASK44414,Traction,BSR-BPL,2026-03-24 00:45,2026-03-24 02:20,OHE Maintenance Block,Approved
BR002067,TASK41517,Engineering,GZB-CNB,2026-03-24 01:15,2026-03-24 02:30,Track Renewal Block,Rejected
BR002068,TASK95067,S&T,UBL-PUNE,2026-03-24 01:45,2026-03-24 05:16,Cable Block,Requested
BR002069,TASK83514,S&T,ADI-BRC,2026-03-24 01:45,2026-03-24 05:54,Cable Block,Approved
BR002070,TASK94833,Traction,GZB-CNB,2026-03-24 10:45,2026-03-24 12:25,Power Block,Requested
BR002071,TASK65760,S&T,BRC-ST,2026-03-24 13:15,2026-03-24 14:02,Signal Maintenance Block,Requested
BR002072,TASK32792,S&T,JP-ADI,2026-03-24 22:00,2026-03-25 01:14,Signal Maintenance Block,Approved
BR002073,TASK77526,S&T,UBL-PUNE,2026-03-24 22:15,2026-03-25 01:09,Cable Block,Rejected
BR002074,TASK41742,Engineering,BSR-BPL,2026-03-24 22:15,2026-03-25 01:53,Track Renewal Block,Approved
BR002075,TASK85213,Traction,JTJ-SBC,2026-03-24 22:15,2026-03-25 01:21,Power Block,Approved
BR002076,TASK61229,Engineering,ADI-BRC,2026-03-24 22:30,2026-03-25 01:46,Track Renewal Block,Approved
BR002077,TASK65078,S&T,BSP-R,2026-03-24 22:45,2026-03-25 00:20,Interlocking Testing Block,Requested
BR002078,TASK61940,Engineering,NGP-BSP,2026-03-24 22:45,2026-03-25 00:20,Bridge Inspection Block,Approved
BR002079,TASK68166,Engineering,NDLS-ASR,2026-03-24 23:00,2026-03-25 02:43,Track Renewal Block,Requested
BR002080,TASK22823,Engineering,JP-ADI,2026-03-24 23:15,2026-03-25 01:48,Track Renewal Block,Rejected
BR002081,TASK61754,Engineering,HWH-NJP,2026-03-24 23:15,2026-03-25 02:24,Track Renewal Block,Requested
BR002082,TASK89978,Engineering,NDLS-GZB,2026-03-24 23:15,2026-03-25 02:41,Non-Interlocking Block,Approved
BR002083,TASK10329,S&T,NDLS-GZB,2026-03-24 23:30,2026-03-25 02:53,Cable Block,Requested
BR002084,TASK31653,Traction,DLI-JU,2026-03-24 23:45,2026-03-25 02:28,Traction Feed Block,Approved
BR002085,TASK54414,Engineering,BSR-BPL,2026-03-25 00:15,2026-03-25 04:46,Traffic Block,Rejected
BR002086,TASK59189,Traction,UBL-PUNE,2026-03-25 00:15,2026-03-25 03:40,OHE Maintenance Block,Approved
BR002087,TASK85571,S&T,NDLS-UMB,2026-03-25 00:30,2026-03-25 02:06,Interlocking Testing Block,Approved
BR002088,TASK94718,S&T,ST-BCT,2026-03-25 00:45,2026-03-25 05:32,Signal Maintenance Block,Rejected
BR002089,TASK17898,Traction,BSR-BPL,2026-03-25 01:00,2026-03-25 05:05,Power Block,Approved
BR002090,TASK83608,S&T,GZB-CNB,2026-03-25 01:45,2026-03-25 03:59,Interlocking Testing Block,Completed
BR002091,TASK49813,Engineering,BRC-ST,2026-03-25 01:45,2026-03-25 06:02,Traffic Block,Approved
BR002092,TASK84045,Engineering,BZA-SC,2026-03-25 12:30,2026-03-25 14:20,Non-Interlocking Block,Completed
BR002093,TASK33564,Engineering,DLI-JU,2026-03-25 14:00,2026-03-25 14:38,Non-Interlocking Block,Approved
BR002094,TASK70184,Engineering,JTJ-SBC,2026-03-25 15:30,2026-03-25 17:00,Bridge Inspection Block,Cancelled
BR002095,TASK19542,S&T,HWH-KGP,2026-03-25 22:00,2026-03-26 00:15,Cable Block,Approved
BR002096,TASK81955,S&T,NDLS-UMB,2026-03-25 22:00,2026-03-26 02:17,Cable Block,Requested
BR002097,TASK70273,Traction,ST-BCT,2026-03-25 22:00,2026-03-26 02:48,OHE Maintenance Block,Approved
BR002098,TASK66829,S&T,JP-ADI,2026-03-25 22:15,2026-03-26 02:50,Cable Block,Approved
BR002099,TASK77583,Engineering,ST-BCT,2026-03-25 23:00,2026-03-26 01:05,Bridge Inspection Block,Approved
BR002100,TASK90399,Engineering,HWH-KGP,2026-03-25 23:15,2026-03-26 03:02,Non-Interlocking Block,Requested
BR002101,TASK44440,Traction,ADI-BRC,2026-03-25 23:15,2026-03-26 02:08,OHE Maintenance Block,Approved
BR002102,TASK29085,Traction,ST-BCT,2026-03-25 23:30,2026-03-26 00:48,Traction Feed Block,Completed
BR002103,TASK79419,Engineering,BZA-MAS,2026-03-25 23:30,2026-03-26 01:53,Traffic Block,Completed
BR002104,TASK92543,Engineering,NDLS-GZB,2026-03-25 23:45,2026-03-26 03:11,Non-Interlocking Block,Approved
BR002105,TASK41370,Engineering,CSMT-BSR,2026-03-26 00:00,2026-03-26 02:03,Bridge Inspection Block,Requested
BR002106,TASK44078,Traction,ADI-BRC,2026-03-26 00:00,2026-03-26 03:26,Traction Feed Block,Approved
BR002107,TASK22494,S&T,NGP-BSP,2026-03-26 00:15,2026-03-26 02:29,Signal Maintenance Block,Requested
BR002108,TASK67681,Traction,NDLS-UMB,2026-03-26 00:30,2026-03-26 04:13,OHE Maintenance Block,Rejected
BR002109,TASK17061,Engineering,NDLS-GZB,2026-03-26 01:00,2026-03-26 05:59,Track Renewal Block,Approved
BR002110,TASK58670,Engineering,NGP-BSP,2026-03-26 01:15,2026-03-26 05:04,Non-Interlocking Block,Completed
BR002111,TASK18957,S&T,JP-ADI,2026-03-26 01:30,2026-03-26 05:47,Interlocking Testing Block,Approved
BR002112,TASK47434,Traction,NDLS-UMB,2026-03-26 01:45,2026-03-26 04:43,Traction Feed Block,Rejected
BR002113,TASK61250,S&T,BZA-MAS,2026-03-26 01:45,2026-03-26 02:49,Signal Maintenance Block,Completed
BR002114,TASK12460,Traction,JTJ-SBC,2026-03-26 13:15,2026-03-26 14:13,Traction Feed Block,Approved
BR002115,TASK72213,Engineering,NDLS-GZB,2026-03-26 15:45,2026-03-26 17:23,Bridge Inspection Block,Requested
BR002116,TASK99545,S&T,BRC-ST,2026-03-26 22:00,2026-03-27 01:56,Cable Block,Approved
BR002117,TASK27726,Traction,CNB-ALD,2026-03-26 22:00,2026-03-27 00:53,OHE Maintenance Block,Approved
BR002118,TASK78765,Engineering,HWH-KGP,2026-03-26 22:00,2026-03-27 00:07,Traffic Block,Cancelled
BR002119,TASK68261,Engineering,NJP-GHY,2026-03-26 22:15,2026-03-27 02:27,Traffic Block,Approved
BR002120,TASK95241,S&T,DLI-JU,2026-03-26 22:30,2026-03-27 00:23,Signal Maintenance Block,Cancelled
BR002121,TASK22636,Traction,NDLS-UMB,2026-03-26 22:45,2026-03-27 00:13,Power Block,Approved
BR002122,TASK87833,Traction,SBC-UBL,2026-03-26 22:45,2026-03-27 02:35,OHE Maintenance Block,Completed
BR002123,TASK36209,Traction,HWH-KGP,2026-03-26 23:00,2026-03-27 01:35,Traction Feed Block,Approved
BR002124,TASK84361,S&T,ST-BCT,2026-03-26 23:15,2026-03-27 02:01,Cable Block,Cancelled
BR002125,TASK72735,S&T,MAS-JTJ,2026-03-26 23:45,2026-03-27 03:32,Interlocking Testing Block,Requested
BR002126,TASK12512,S&T,SC-NGP,2026-03-27 00:00,2026-03-27 03:06,Interlocking Testing Block,Approved
BR002127,TASK55028,S&T,NDLS-JHS,2026-03-27 00:15,2026-03-27 04:49,Signal Maintenance Block,Approved
BR002128,TASK10003,Engineering,DLI-JU,2026-03-27 00:15,2026-03-27 03:47,Bridge Inspection Block,Approved
BR002129,TASK50264,S&T,HWH-KGP,2026-03-27 00:15,2026-03-27 04:31,Interlocking Testing Block,Approved
BR002130,TASK21093,S&T,HWH-KGP,2026-03-27 00:30,2026-03-27 04:46,Cable Block,Approved
BR002131,TASK67263,Engineering,SC-NGP,2026-03-27 00:30,2026-03-27 02:52,Non-Interlocking Block,Requested
BR002132,TASK51020,Engineering,ALD-MGS,2026-03-27 00:45,2026-03-27 02:17,Bridge Inspection Block,Requested
BR002133,TASK98699,Traction,BZA-MAS,2026-03-27 01:00,2026-03-27 02:02,OHE Maintenance Block,Cancelled
BR002134,TASK50500,S&T,ST-BCT,2026-03-27 01:00,2026-03-27 02:56,Cable Block,Approved
BR002135,TASK57033,Engineering,JP-ADI,2026-03-27 01:15,2026-03-27 05:52,Bridge Inspection Block,Approved
BR002136,TASK85695,Traction,NDLS-GZB,2026-03-27 01:30,2026-03-27 03:20,OHE Maintenance Block,Approved
BR002137,TASK39652,Traction,MGS-HWH,2026-03-27 01:45,2026-03-27 03:28,Traction Feed Block,Completed
BR002138,TASK20683,Engineering,KGP-VSKP,2026-03-27 01:45,2026-03-27 05:14,Bridge Inspection Block,Approved
BR002139,TASK41083,Engineering,SC-NGP,2026-03-27 10:30,2026-03-27 11:11,Track Renewal Block,Rejected
BR002140,TASK77318,Engineering,GZB-CNB,2026-03-27 13:00,2026-03-27 13:49,Track Renewal Block,Rejected
BR002141,TASK58206,Engineering,BZA-SC,2026-03-27 13:30,2026-03-27 14:58,Traffic Block,Approved
BR002142,TASK74481,Engineering,DLI-JU,2026-03-27 13:45,2026-03-27 15:38,Non-Interlocking Block,Approved
BR002143,TASK51853,S&T,BSR-BPL,2026-03-27 15:15,2026-03-27 15:55,Interlocking Testing Block,Approved
BR002144,TASK61202,Traction,NDLS-JHS,2026-03-27 15:30,2026-03-27 16:49,OHE Maintenance Block,Approved
BR002145,TASK45554,S&T,GZB-CNB,2026-03-27 22:00,2026-03-27 23:39,Interlocking Testing Block,Rejected
BR002146,TASK55368,Traction,BSR-BPL,2026-03-27 22:00,2026-03-28 01:18,Power Block,Rejected
BR002147,TASK15513,Traction,GZB-CNB,2026-03-27 22:00,2026-03-28 01:59,Traction Feed Block,Approved
BR002148,TASK37827,Engineering,MAS-JTJ,2026-03-27 22:15,2026-03-28 00:45,Non-Interlocking Block,Approved
BR002149,TASK98323,Traction,BSP-R,2026-03-27 22:15,2026-03-28 00:40,Traction Feed Block,Approved
BR002150,TASK70110,Engineering,ALD-MGS,2026-03-27 22:30,2026-03-28 02:51,Track Renewal Block,Completed
BR002151,TASK98544,S&T,MGS-HWH,2026-03-27 22:30,2026-03-27 23:32,Signal Maintenance Block,Completed
BR002152,TASK64591,S&T,NDLS-JHS,2026-03-27 23:00,2026-03-28 02:18,Signal Maintenance Block,Cancelled
BR002153,TASK44585,S&T,BPL-JHS,2026-03-27 23:15,2026-03-28 04:13,Cable Block,Approved
BR002154,TASK34348,Traction,SBC-MAS,2026-03-27 23:45,2026-03-28 01:30,Traction Feed Block,Cancelled
BR002155,TASK65625,S&T,GZB-CNB,2026-03-28 00:00,2026-03-28 03:25,Cable Block,Cancelled
BR002156,TASK41860,Engineering,ST-BCT,2026-03-28 00:00,2026-03-28 03:33,Bridge Inspection Block,Requested
BR002157,TASK37678,Traction,ST-BCT,2026-03-28 00:15,2026-03-28 03:55,OHE Maintenance Block,Approved
BR002158,TASK82438,S&T,CSMT-BSR,2026-03-28 00:45,2026-03-28 05:01,Cable Block,Rejected
BR002159,TASK94527,Engineering,SBC-MAS,2026-03-28 01:45,2026-03-28 02:57,Non-Interlocking Block,Approved
BR002160,TASK40380,Engineering,SBC-MAS,2026-03-28 12:00,2026-03-28 12:44,Traffic Block,Approved
BR002161,TASK85212,Engineering,SBC-UBL,2026-03-28 13:00,2026-03-28 13:48,Traffic Block,Approved
BR002162,TASK88124,Engineering,GZB-CNB,2026-03-28 13:15,2026-03-28 13:54,Bridge Inspection Block,Approved
BR002163,TASK84078,Traction,KGP-VSKP,2026-03-28 14:15,2026-03-28 14:52,OHE Maintenance Block,Requested
BR002164,TASK90775,Engineering,GZB-CNB,2026-03-28 14:45,2026-03-28 16:40,Non-Interlocking Block,Approved
BR002165,TASK82373,Traction,BZA-MAS,2026-03-28 22:00,2026-03-29 00:37,OHE Maintenance Block,Rejected
BR002166,TASK66329,S&T,JTJ-SBC,2026-03-28 22:15,2026-03-29 02:30,Interlocking Testing Block,Approved
BR002167,TASK88098,S&T,CSMT-BSR,2026-03-28 22:30,2026-03-29 01:26,Interlocking Testing Block,Approved
BR002168,TASK21977,Engineering,BRC-ST,2026-03-28 22:30,2026-03-29 02:43,Bridge Inspection Block,Requested
BR002169,TASK12447,Traction,BSR-BPL,2026-03-28 22:45,2026-03-29 02:13,Power Block,Approved
BR002170,TASK87895,Traction,HWH-KGP,2026-03-28 22:45,2026-03-29 01:25,Power Block,Approved
BR002171,TASK41498,Engineering,NDLS-JHS,2026-03-28 22:45,2026-03-29 01:15,Bridge Inspection Block,Completed
BR002172,TASK81916,Traction,JTJ-SBC,2026-03-28 22:45,2026-03-29 03:29,OHE Maintenance Block,Cancelled
BR002173,TASK98318,Engineering,MGS-HWH,2026-03-28 23:00,2026-03-29 03:29,Bridge Inspection Block,Rejected
BR002174,TASK79332,Engineering,JU-JP,2026-03-28 23:00,2026-03-29 03:26,Traffic Block,Approved
BR002175,TASK35112,S&T,BPL-JHS,2026-03-28 23:15,2026-03-29 02:56,Interlocking Testing Block,Requested
BR002176,TASK26673,Traction,BRC-ST,2026-03-28 23:15,2026-03-29 01:22,OHE Maintenance Block,Approved
BR002177,TASK72714,Engineering,BSR-BPL,2026-03-28 23:30,2026-03-29 02:31,Non-Interlocking Block,Completed
BR002178,TASK19921,Engineering,SBC-UBL,2026-03-29 00:00,2026-03-29 03:14,Non-Interlocking Block,Approved
BR002179,TASK49073,S&T,UBL-PUNE,2026-03-29 00:15,2026-03-29 03:32,Cable Block,Approved
BR002180,TASK52379,S&T,NDLS-ASR,2026-03-29 00:30,2026-03-29 04:38,Cable Block,Approved
BR002181,TASK58612,Engineering,BZA-SC,2026-03-29 00:30,2026-03-29 05:19,Non-Interlocking Block,Approved
BR002182,TASK53547,Traction,MAS-JTJ,2026-03-29 00:30,2026-03-29 04:12,Traction Feed Block,Requested
BR002183,TASK71289,Engineering,BPL-JHS,2026-03-29 00:45,2026-03-29 03:46,Bridge Inspection Block,Approved
BR002184,TASK32282,S&T,SBC-MAS,2026-03-29 00:45,2026-03-29 05:23,Cable Block,Completed
BR002185,TASK48355,Traction,SBC-MAS,2026-03-29 00:45,2026-03-29 03:13,Power Block,Approved
BR002186,TASK60949,Engineering,ST-BCT,2026-03-29 01:00,2026-03-29 04:40,Traffic Block,Completed
BR002187,TASK29455,Engineering,MGS-HWH,2026-03-29 01:00,2026-03-29 02:46,Non-Interlocking Block,Rejected
BR002188,TASK45804,S&T,UBL-PUNE,2026-03-29 01:15,2026-03-29 02:22,Signal Maintenance Block,Completed
BR002189,TASK89936,Engineering,ST-BCT,2026-03-29 01:15,2026-03-29 02:38,Track Renewal Block,Approved
BR002190,TASK35630,Traction,GZB-CNB,2026-03-29 01:30,2026-03-29 03:56,Power Block,Requested
BR002191,TASK57375,S&T,GZB-CNB,2026-03-29 01:30,2026-03-29 02:46,Interlocking Testing Block,Completed
BR002192,TASK79255,Engineering,CSMT-BSR,2026-03-29 01:45,2026-03-29 04:19,Non-Interlocking Block,Approved
BR002193,TASK30309,S&T,CNB-ALD,2026-03-29 01:45,2026-03-29 05:23,Signal Maintenance Block,Requested
BR002194,TASK86119,S&T,NDLS-JHS,2026-03-29 10:00,2026-03-29 11:22,Cable Block,Completed
BR002195,TASK33721,S&T,KGP-VSKP,2026-03-29 13:45,2026-03-29 15:37,Cable Block,Approved
BR002196,TASK97026,S&T,BZA-MAS,2026-03-29 14:00,2026-03-29 15:42,Interlocking Testing Block,Approved
BR002197,TASK75017,S&T,KGP-VSKP,2026-03-29 15:00,2026-03-29 15:51,Cable Block,Approved
BR002198,TASK21270,S&T,HWH-KGP,2026-03-29 15:45,2026-03-29 17:38,Cable Block,Approved
BR002199,TASK72551,Engineering,NDLS-UMB,2026-03-29 22:15,2026-03-30 01:59,Bridge Inspection Block,Approved
BR002200,TASK17787,Engineering,MAS-JTJ,2026-03-29 22:15,2026-03-30 00:09,Non-Interlocking Block,Approved
BR002201,TASK65472,Engineering,MAS-JTJ,2026-03-29 22:30,2026-03-30 00:51,Track Renewal Block,Rejected
BR002202,TASK61726,Engineering,UBL-PUNE,2026-03-29 23:15,2026-03-30 03:31,Traffic Block,Approved
BR002203,TASK54741,Traction,CSMT-BSR,2026-03-30 00:15,2026-03-30 04:32,Power Block,Cancelled
BR002204,TASK22651,Traction,ADI-BRC,2026-03-30 00:15,2026-03-30 01:20,Traction Feed Block,Requested
BR002205,TASK75246,Traction,BZA-MAS,2026-03-30 00:15,2026-03-30 03:48,Traction Feed Block,Approved
BR002206,TASK53438,Engineering,NDLS-JHS,2026-03-30 00:45,2026-03-30 01:50,Non-Interlocking Block,Requested
BR002207,TASK23776,Engineering,NDLS-JHS,2026-03-30 01:00,2026-03-30 04:26,Bridge Inspection Block,Completed
BR002208,TASK99744,Engineering,NDLS-UMB,2026-03-30 01:15,2026-03-30 05:06,Track Renewal Block,Cancelled
BR002209,TASK18700,Traction,HWH-KGP,2026-03-30 01:15,2026-03-30 05:34,Power Block,Completed
BR002210,TASK77793,Traction,HWH-KGP,2026-03-30 01:30,2026-03-30 02:33,OHE Maintenance Block,Completed
BR002211,TASK44743,Traction,MGS-HWH,2026-03-30 10:45,2026-03-30 11:33,OHE Maintenance Block,Rejected
BR002212,TASK45867,Traction,HWH-KGP,2026-03-30 11:00,2026-03-30 11:32,OHE Maintenance Block,Completed
BR002213,TASK28349,Engineering,UBL-PUNE,2026-03-30 11:30,2026-03-30 13:05,Non-Interlocking Block,Completed
BR002214,TASK51460,Engineering,ALD-MGS,2026-03-30 12:15,2026-03-30 13:43,Non-Interlocking Block,Rejected
BR002215,TASK91742,S&T,ADI-BRC,2026-03-30 14:00,2026-03-30 14:53,Signal Maintenance Block,Completed
BR002216,TASK15535,Engineering,NDLS-ASR,2026-03-30 15:00,2026-03-30 16:04,Track Renewal Block,Cancelled
BR002217,TASK98179,S&T,HWH-NJP,2026-03-30 22:00,2026-03-31 00:27,Cable Block,Rejected
BR002218,TASK14053,S&T,HWH-NJP,2026-03-30 22:30,2026-03-31 02:04,Interlocking Testing Block,Requested
BR002219,TASK79010,Traction,ADI-BRC,2026-03-30 22:45,2026-03-31 03:21,Power Block,Completed
BR002220,TASK77471,Engineering,NGP-BSP,2026-03-30 23:15,2026-03-31 03:21,Bridge Inspection Block,Approved
BR002221,TASK84116,Traction,UBL-PUNE,2026-03-30 23:15,2026-03-31 00:21,Traction Feed Block,Completed
BR002222,TASK86309,Engineering,GZB-CNB,2026-03-30 23:15,2026-03-31 03:35,Track Renewal Block,Approved
BR002223,TASK38972,Engineering,NDLS-GZB,2026-03-30 23:15,2026-03-31 03:39,Traffic Block,Approved
BR002224,TASK64669,S&T,ADI-BRC,2026-03-30 23:15,2026-03-31 00:49,Interlocking Testing Block,Approved
BR002225,TASK53085,S&T,SBC-UBL,2026-03-30 23:15,2026-03-31 02:03,Signal Maintenance Block,Completed
BR002226,TASK13575,S&T,JU-JP,2026-03-30 23:15,2026-03-31 01:13,Signal Maintenance Block,Requested
BR002227,TASK43246,Engineering,GZB-CNB,2026-03-30 23:30,2026-03-31 04:03,Bridge Inspection Block,Approved
BR002228,TASK29606,Traction,HWH-NJP,2026-03-30 23:45,2026-03-31 04:16,Power Block,Approved
BR002229,TASK13174,Engineering,BZA-SC,2026-03-31 00:15,2026-03-31 03:23,Non-Interlocking Block,Approved
BR002230,TASK42730,S&T,GZB-CNB,2026-03-31 00:30,2026-03-31 02:08,Signal Maintenance Block,Approved
BR002231,TASK90517,Traction,BPL-JHS,2026-03-31 00:30,2026-03-31 03:16,Traction Feed Block,Approved
BR002232,TASK44895,Engineering,NDLS-ASR,2026-03-31 00:30,2026-03-31 02:56,Traffic Block,Approved
BR002233,TASK85030,Traction,HWH-KGP,2026-03-31 01:15,2026-03-31 02:34,OHE Maintenance Block,Approved
BR002234,TASK40163,Engineering,VSKP-BZA,2026-03-31 01:30,2026-03-31 03:51,Track Renewal Block,Cancelled
BR002235,TASK94317,Engineering,ADI-BRC,2026-03-31 01:30,2026-03-31 02:48,Non-Interlocking Block,Approved
BR002236,TASK29986,S&T,NDLS-GZB,2026-03-31 01:45,2026-03-31 04:32,Interlocking Testing Block,Approved
BR002237,TASK50295,Engineering,BZA-SC,2026-03-31 11:00,2026-03-31 11:45,Traffic Block,Approved
BR002238,TASK18388,Engineering,NGP-BSP,2026-03-31 11:45,2026-03-31 13:12,Non-Interlocking Block,Approved
BR002239,TASK93265,Traction,JTJ-SBC,2026-03-31 12:45,2026-03-31 13:41,Power Block,Approved
BR002240,TASK31192,Engineering,BSR-BPL,2026-03-31 14:45,2026-03-31 16:34,Non-Interlocking Block,Cancelled
BR002241,TASK45687,Engineering,HWH-KGP,2026-03-31 15:45,2026-03-31 17:40,Track Renewal Block,Approved
BR002242,TASK91865,Engineering,HWH-NJP,2026-03-31 22:00,2026-04-01 01:25,Traffic Block,Approved
BR002243,TASK55352,Engineering,GZB-CNB,2026-03-31 22:00,2026-03-31 23:08,Traffic Block,Approved
BR002244,TASK38727,Engineering,GZB-CNB,2026-03-31 22:15,2026-03-31 23:30,Bridge Inspection Block,Approved
BR002245,TASK17571,S&T,DLI-JU,2026-03-31 22:45,2026-04-01 00:14,Interlocking Testing Block,Approved
BR002246,TASK74553,Engineering,PUNE-CSMT,2026-03-31 23:00,2026-04-01 00:07,Non-Interlocking Block,Completed
BR002247,TASK51739,Traction,HWH-KGP,2026-03-31 23:30,2026-04-01 01:41,Power Block,Approved
BR002248,TASK85283,Traction,JTJ-SBC,2026-03-31 23:30,2026-04-01 01:35,OHE Maintenance Block,Approved
BR002249,TASK26468,Traction,KGP-VSKP,2026-03-31 23:45,2026-04-01 03:24,OHE Maintenance Block,Approved
BR002250,TASK19910,S&T,NGP-BSP,2026-04-01 00:00,2026-04-01 03:51,Cable Block,Approved
BR002251,TASK64840,Traction,HWH-NJP,2026-04-01 00:15,2026-04-01 03:18,OHE Maintenance Block,Requested
BR002252,TASK64281,Traction,CSMT-BSR,2026-04-01 00:15,2026-04-01 01:23,Traction Feed Block,Requested
BR002253,TASK81658,S&T,NJP-GHY,2026-04-01 00:30,2026-04-01 01:33,Signal Maintenance Block,Approved
BR002254,TASK19647,Engineering,HWH-NJP,2026-04-01 00:45,2026-04-01 01:53,Non-Interlocking Block,Rejected
BR002255,TASK55010,Engineering,JP-ADI,2026-04-01 01:00,2026-04-01 03:52,Non-Interlocking Block,Approved
BR002256,TASK93560,S&T,KGP-VSKP,2026-04-01 01:00,2026-04-01 05:37,Interlocking Testing Block,Approved
BR002257,TASK58576,S&T,ALD-MGS,2026-04-01 01:30,2026-04-01 06:27,Signal Maintenance Block,Approved
BR002258,TASK10292,S&T,NDLS-GZB,2026-04-01 01:45,2026-04-01 06:38,Cable Block,Completed
BR002259,TASK47690,Engineering,CSMT-BSR,2026-04-01 01:45,2026-04-01 05:24,Bridge Inspection Block,Approved
BR002260,TASK53692,S&T,HWH-KGP,2026-04-01 01:45,2026-04-01 03:30,Interlocking Testing Block,Approved
BR002261,TASK18926,S&T,MGS-HWH,2026-04-01 10:15,2026-04-01 11:04,Cable Block,Approved
BR002262,TASK74011,Traction,PUNE-CSMT,2026-04-01 10:15,2026-04-01 11:17,Power Block,Approved
BR002263,TASK79539,Engineering,CNB-ALD,2026-04-01 22:15,2026-04-02 03:09,Traffic Block,Approved
BR002264,TASK69023,S&T,NGP-BSP,2026-04-01 22:30,2026-04-01 23:51,Signal Maintenance Block,Approved
BR002265,TASK80835,Traction,BSR-BPL,2026-04-01 22:45,2026-04-02 02:47,Power Block,Approved
BR002266,TASK71839,S&T,NDLS-JHS,2026-04-01 23:15,2026-04-02 03:50,Interlocking Testing Block,Completed
BR002267,TASK14572,Engineering,ALD-MGS,2026-04-01 23:30,2026-04-02 04:02,Non-Interlocking Block,Approved
BR002268,TASK90184,Engineering,BRC-ST,2026-04-01 23:45,2026-04-02 02:14,Traffic Block,Approved
BR002269,TASK27844,Engineering,GZB-CNB,2026-04-01 23:45,2026-04-02 04:16,Non-Interlocking Block,Rejected
BR002270,TASK70334,S&T,BZA-MAS,2026-04-02 00:00,2026-04-02 02:57,Interlocking Testing Block,Approved
BR002271,TASK20413,Engineering,BPL-JHS,2026-04-02 00:15,2026-04-02 04:09,Traffic Block,Approved
BR002272,TASK96637,S&T,PUNE-CSMT,2026-04-02 00:30,2026-04-02 03:05,Interlocking Testing Block,Approved
BR002273,TASK21928,Traction,SBC-UBL,2026-04-02 00:45,2026-04-02 04:11,OHE Maintenance Block,Approved
BR002274,TASK84994,Engineering,MGS-HWH,2026-04-02 01:00,2026-04-02 04:00,Track Renewal Block,Approved
BR002275,TASK94192,Engineering,MAS-JTJ,2026-04-02 01:00,2026-04-02 04:47,Non-Interlocking Block,Approved
BR002276,TASK20448,Engineering,CNB-ALD,2026-04-02 01:15,2026-04-02 03:14,Traffic Block,Approved
BR002277,TASK50107,Engineering,HWH-NJP,2026-04-02 01:30,2026-04-02 04:46,Traffic Block,Rejected
BR002278,TASK40033,Engineering,SBC-UBL,2026-04-02 01:30,2026-04-02 04:00,Non-Interlocking Block,Approved
BR002279,TASK16621,Traction,SBC-UBL,2026-04-02 01:30,2026-04-02 06:12,Traction Feed Block,Approved
BR002280,TASK66053,S&T,SC-NGP,2026-04-02 01:30,2026-04-02 05:54,Signal Maintenance Block,Approved
BR002281,TASK82427,Engineering,BZA-SC,2026-04-02 11:00,2026-04-02 12:46,Traffic Block,Approved
BR002282,TASK42420,Traction,ADI-BRC,2026-04-02 12:00,2026-04-02 12:50,Traction Feed Block,Approved
BR002283,TASK89525,S&T,SBC-MAS,2026-04-02 12:15,2026-04-02 12:45,Interlocking Testing Block,Requested
BR002284,TASK96314,Engineering,MGS-HWH,2026-04-02 14:15,2026-04-02 15:29,Traffic Block,Approved
BR002285,TASK22892,Engineering,KGP-VSKP,2026-04-02 15:00,2026-04-02 16:47,Bridge Inspection Block,Requested
BR002286,TASK84908,Traction,ST-BCT,2026-04-02 22:00,2026-04-03 01:23,OHE Maintenance Block,Approved
BR002287,TASK47174,S&T,JP-ADI,2026-04-02 22:15,2026-04-03 01:35,Cable Block,Completed
BR002288,TASK12750,Traction,BZA-MAS,2026-04-02 22:15,2026-04-03 02:04,OHE Maintenance Block,Cancelled
BR002289,TASK80137,Traction,SBC-UBL,2026-04-02 22:15,2026-04-03 02:32,Power Block,Approved
BR002290,TASK36248,Engineering,HWH-NJP,2026-04-02 22:30,2026-04-03 00:01,Traffic Block,Requested
BR002291,TASK59338,S&T,NDLS-JHS,2026-04-02 22:45,2026-04-03 03:32,Signal Maintenance Block,Rejected
BR002292,TASK94838,Traction,NGP-BSP,2026-04-02 23:00,2026-04-03 00:30,OHE Maintenance Block,Requested
BR002293,TASK71729,S&T,NGP-BSP,2026-04-02 23:00,2026-04-03 02:54,Interlocking Testing Block,Approved
BR002294,TASK72115,S&T,BRC-ST,2026-04-02 23:15,2026-04-03 01:09,Signal Maintenance Block,Completed
BR002295,TASK32317,Traction,BZA-MAS,2026-04-02 23:15,2026-04-03 03:51,Power Block,Approved
BR002296,TASK24495,S&T,BRC-ST,2026-04-02 23:45,2026-04-03 02:05,Cable Block,Approved
BR002297,TASK19667,Engineering,BZA-MAS,2026-04-03 00:00,2026-04-03 02:51,Bridge Inspection Block,Cancelled
BR002298,TASK17771,Engineering,UBL-PUNE,2026-04-03 00:00,2026-04-03 04:52,Non-Interlocking Block,Completed
BR002299,TASK21150,Engineering,CSMT-BSR,2026-04-03 00:15,2026-04-03 03:02,Non-Interlocking Block,Rejected
BR002300,TASK96198,Engineering,CSMT-BSR,2026-04-03 00:15,2026-04-03 01:20,Track Renewal Block,Approved
BR002301,TASK46243,S&T,VSKP-BZA,2026-04-03 00:45,2026-04-03 05:41,Interlocking Testing Block,Approved
BR002302,TASK21023,Engineering,PUNE-CSMT,2026-04-03 01:00,2026-04-03 05:52,Track Renewal Block,Approved
BR002303,TASK96306,Engineering,GZB-CNB,2026-04-03 01:00,2026-04-03 02:40,Traffic Block,Approved
BR002304,TASK10272,S&T,HWH-KGP,2026-04-03 01:15,2026-04-03 03:40,Cable Block,Approved
BR002305,TASK63493,Traction,BPL-JHS,2026-04-03 01:30,2026-04-03 04:58,OHE Maintenance Block,Cancelled
BR002306,TASK48511,Traction,ADI-BRC,2026-04-03 01:45,2026-04-03 04:33,Traction Feed Block,Approved
BR002307,TASK58227,Engineering,BRC-ST,2026-04-03 10:15,2026-04-03 11:46,Track Renewal Block,Approved
BR002308,TASK36243,Engineering,BZA-MAS,2026-04-03 11:30,2026-04-03 12:49,Non-Interlocking Block,Approved
BR002309,TASK56445,Traction,SBC-UBL,2026-04-03 13:00,2026-04-03 14:09,OHE Maintenance Block,Approved
BR002310,TASK22339,Engineering,NDLS-UMB,2026-04-03 13:30,2026-04-03 14:02,Traffic Block,Rejected
BR002311,TASK41026,S&T,UBL-PUNE,2026-04-03 22:15,2026-04-04 02:29,Interlocking Testing Block,Rejected
BR002312,TASK70182,Traction,SBC-UBL,2026-04-03 22:15,2026-04-04 00:31,Power Block,Completed
BR002313,TASK67232,Engineering,JTJ-SBC,2026-04-03 22:45,2026-04-04 01:10,Bridge Inspection Block,Rejected
BR002314,TASK95287,Engineering,NDLS-UMB,2026-04-03 23:15,2026-04-04 00:24,Track Renewal Block,Approved
BR002315,TASK86377,Engineering,NGP-BSP,2026-04-03 23:15,2026-04-04 01:06,Traffic Block,Approved
BR002316,TASK44308,Engineering,BZA-SC,2026-04-03 23:30,2026-04-04 03:24,Traffic Block,Approved
BR002317,TASK27839,Traction,DLI-JU,2026-04-03 23:30,2026-04-04 01:57,Power Block,Approved
BR002318,TASK80246,Engineering,BRC-ST,2026-04-03 23:45,2026-04-04 02:09,Track Renewal Block,Approved
BR002319,TASK22034,Engineering,JTJ-SBC,2026-04-03 23:45,2026-04-04 02:16,Traffic Block,Requested
BR002320,TASK61876,Engineering,CSMT-BSR,2026-04-04 00:00,2026-04-04 04:36,Bridge Inspection Block,Approved
BR002321,TASK57866,S&T,NGP-BSP,2026-04-04 00:15,2026-04-04 02:47,Cable Block,Approved
BR002322,TASK11071,Engineering,UBL-PUNE,2026-04-04 00:30,2026-04-04 02:00,Traffic Block,Completed
BR002323,TASK16018,Traction,UBL-PUNE,2026-04-04 01:00,2026-04-04 05:54,OHE Maintenance Block,Rejected
BR002324,TASK13463,Engineering,NDLS-ASR,2026-04-04 01:00,2026-04-04 04:52,Traffic Block,Approved
BR002325,TASK22107,Engineering,NGP-BSP,2026-04-04 01:15,2026-04-04 05:14,Track Renewal Block,Approved
BR002326,TASK82727,Engineering,ADI-BRC,2026-04-04 01:15,2026-04-04 05:20,Non-Interlocking Block,Approved
BR002327,TASK97842,Engineering,BSR-BPL,2026-04-04 01:30,2026-04-04 03:20,Traffic Block,Approved
BR002328,TASK84726,S&T,JU-JP,2026-04-04 01:30,2026-04-04 04:17,Cable Block,Approved
BR002329,TASK54547,Traction,BZA-SC,2026-04-04 01:45,2026-04-04 04:15,Power Block,Approved
BR002330,TASK33302,Engineering,GZB-CNB,2026-04-04 13:15,2026-04-04 14:30,Non-Interlocking Block,Approved
BR002331,TASK94941,Engineering,JU-JP,2026-04-04 14:15,2026-04-04 14:56,Non-Interlocking Block,Approved
BR002332,TASK63582,Engineering,NDLS-UMB,2026-04-04 14:15,2026-04-04 16:08,Track Renewal Block,Approved
BR002333,TASK47583,Engineering,SC-NGP,2026-04-04 22:00,2026-04-05 01:26,Track Renewal Block,Completed
BR002334,TASK13993,Engineering,GZB-CNB,2026-04-04 22:00,2026-04-04 23:00,Bridge Inspection Block,Completed
BR002335,TASK71917,S&T,BSR-BPL,2026-04-04 22:00,2026-04-05 02:55,Signal Maintenance Block,Approved
BR002336,TASK54518,Traction,BZA-SC,2026-04-04 22:15,2026-04-05 02:09,Traction Feed Block,Approved
BR002337,TASK33552,Traction,CSMT-BSR,2026-04-04 22:30,2026-04-05 01:48,Traction Feed Block,Cancelled
BR002338,TASK70681,Engineering,NDLS-UMB,2026-04-04 22:30,2026-04-05 00:21,Bridge Inspection Block,Approved
BR002339,TASK46285,Engineering,BZA-SC,2026-04-04 23:00,2026-04-05 02:02,Non-Interlocking Block,Completed
BR002340,TASK26386,Traction,GZB-CNB,2026-04-04 23:00,2026-04-05 03:10,Power Block,Rejected
BR002341,TASK55009,S&T,JTJ-SBC,2026-04-04 23:00,2026-04-05 02:23,Interlocking Testing Block,Approved
BR002342,TASK73205,Engineering,GZB-CNB,2026-04-04 23:45,2026-04-05 01:21,Track Renewal Block,Approved
BR002343,TASK31268,Traction,UBL-PUNE,2026-04-05 00:00,2026-04-05 02:10,OHE Maintenance Block,Rejected
BR002344,TASK39274,S&T,HWH-KGP,2026-04-05 00:15,2026-04-05 01:37,Interlocking Testing Block,Requested
BR002345,TASK10772,Traction,MGS-HWH,2026-04-05 00:15,2026-04-05 04:08,OHE Maintenance Block,Approved
BR002346,TASK49150,S&T,BZA-SC,2026-04-05 00:45,2026-04-05 03:38,Interlocking Testing Block,Completed
BR002347,TASK56847,Traction,VSKP-BZA,2026-04-05 00:45,2026-04-05 04:57,Power Block,Completed
BR002348,TASK37417,S&T,BPL-JHS,2026-04-05 00:45,2026-04-05 02:43,Cable Block,Approved
BR002349,TASK31329,Traction,DLI-JU,2026-04-05 01:00,2026-04-05 02:38,Traction Feed Block,Approved
BR002350,TASK19363,S&T,BZA-SC,2026-04-05 01:15,2026-04-05 03:49,Cable Block,Rejected
BR002351,TASK54909,Engineering,NGP-BSP,2026-04-05 01:15,2026-04-05 06:08,Track Renewal Block,Rejected
BR002352,TASK47699,Engineering,UBL-PUNE,2026-04-05 01:30,2026-04-05 04:14,Bridge Inspection Block,Rejected
BR002353,TASK98656,Engineering,SBC-MAS,2026-04-05 01:45,2026-04-05 04:02,Non-Interlocking Block,Approved
BR002354,TASK73530,Engineering,KGP-VSKP,2026-04-05 10:45,2026-04-05 12:29,Bridge Inspection Block,Approved
BR002355,TASK68961,Engineering,MGS-HWH,2026-04-05 15:00,2026-04-05 16:14,Bridge Inspection Block,Approved
BR002356,TASK57795,Engineering,ST-BCT,2026-04-05 15:15,2026-04-05 16:33,Track Renewal Block,Cancelled
BR002357,TASK84714,Engineering,HWH-NJP,2026-04-05 22:00,2026-04-06 00:52,Traffic Block,Approved
BR002358,TASK38558,S&T,HWH-KGP,2026-04-05 22:00,2026-04-06 00:33,Signal Maintenance Block,Approved
BR002359,TASK78293,Engineering,ST-BCT,2026-04-05 22:15,2026-04-05 23:22,Traffic Block,Approved
BR002360,TASK12563,Traction,ADI-BRC,2026-04-05 22:15,2026-04-06 01:14,Traction Feed Block,Rejected
BR002361,TASK65116,S&T,NJP-GHY,2026-04-05 22:30,2026-04-06 02:59,Signal Maintenance Block,Rejected
BR002362,TASK55429,Traction,ST-BCT,2026-04-05 22:30,2026-04-06 00:35,Traction Feed Block,Requested
BR002363,TASK80450,Engineering,CSMT-BSR,2026-04-05 22:30,2026-04-06 00:08,Bridge Inspection Block,Approved
BR002364,TASK39211,Engineering,BZA-MAS,2026-04-05 22:30,2026-04-06 02:07,Traffic Block,Cancelled
BR002365,TASK20000,Engineering,SBC-MAS,2026-04-05 22:45,2026-04-06 01:40,Track Renewal Block,Approved
BR002366,TASK64893,Engineering,NJP-GHY,2026-04-05 23:15,2026-04-06 03:43,Non-Interlocking Block,Approved
BR002367,TASK60134,Engineering,GZB-CNB,2026-04-05 23:15,2026-04-06 02:39,Track Renewal Block,Requested
BR002368,TASK99590,S&T,CSMT-BSR,2026-04-05 23:15,2026-04-06 03:02,Cable Block,Completed
BR002369,TASK24317,Traction,BZA-SC,2026-04-05 23:30,2026-04-06 03:53,OHE Maintenance Block,Approved
BR002370,TASK53813,Traction,VSKP-BZA,2026-04-05 23:30,2026-04-06 02:54,Traction Feed Block,Cancelled
BR002371,TASK11637,Traction,BSR-BPL,2026-04-05 23:30,2026-04-06 02:18,OHE Maintenance Block,Approved
BR002372,TASK39438,S&T,MGS-HWH,2026-04-05 23:45,2026-04-06 01:14,Interlocking Testing Block,Approved
BR002373,TASK71951,Traction,ADI-BRC,2026-04-06 00:00,2026-04-06 01:08,Power Block,Completed
BR002374,TASK28603,Engineering,PUNE-CSMT,2026-04-06 00:00,2026-04-06 01:20,Bridge Inspection Block,Approved
BR002375,TASK58321,Engineering,BZA-SC,2026-04-06 00:30,2026-04-06 01:39,Bridge Inspection Block,Requested
BR002376,TASK20044,Engineering,JTJ-SBC,2026-04-06 00:45,2026-04-06 02:35,Traffic Block,Completed
BR002377,TASK45996,Engineering,NGP-BSP,2026-04-06 01:15,2026-04-06 03:33,Bridge Inspection Block,Approved
BR002378,TASK17994,Traction,GZB-CNB,2026-04-06 10:30,2026-04-06 11:21,Traction Feed Block,Rejected
BR002379,TASK95484,Engineering,ADI-BRC,2026-04-06 10:45,2026-04-06 12:02,Traffic Block,Approved
BR002380,TASK50066,Traction,MAS-JTJ,2026-04-06 11:15,2026-04-06 12:44,Traction Feed Block,Approved
BR002381,TASK32240,S&T,MGS-HWH,2026-04-06 12:30,2026-04-06 13:43,Signal Maintenance Block,Requested
BR002382,TASK90422,Engineering,BZA-SC,2026-04-06 22:15,2026-04-06 23:31,Non-Interlocking Block,Approved
BR002383,TASK16098,Engineering,SC-NGP,2026-04-06 22:15,2026-04-07 00:17,Bridge Inspection Block,Approved
BR002384,TASK36535,Traction,HWH-NJP,2026-04-06 22:30,2026-04-07 03:28,Traction Feed Block,Approved
BR002385,TASK28402,S&T,UBL-PUNE,2026-04-06 22:45,2026-04-07 00:00,Cable Block,Approved
BR002386,TASK81627,Traction,NJP-GHY,2026-04-06 22:45,2026-04-07 03:08,Traction Feed Block,Approved
BR002387,TASK44903,S&T,BSR-BPL,2026-04-06 23:00,2026-04-07 00:01,Interlocking Testing Block,Approved
BR002388,TASK40664,Traction,NDLS-GZB,2026-04-06 23:00,2026-04-07 02:59,Traction Feed Block,Completed
BR002389,TASK52855,Engineering,ADI-BRC,2026-04-06 23:15,2026-04-07 01:15,Non-Interlocking Block,Approved
BR002390,TASK83860,Engineering,DLI-JU,2026-04-06 23:30,2026-04-07 04:05,Non-Interlocking Block,Approved
BR002391,TASK67268,Engineering,HWH-KGP,2026-04-07 00:15,2026-04-07 03:26,Track Renewal Block,Requested
BR002392,TASK74080,Traction,SC-NGP,2026-04-07 00:30,2026-04-07 01:37,OHE Maintenance Block,Completed
BR002393,TASK59703,Engineering,BPL-JHS,2026-04-07 00:30,2026-04-07 04:46,Bridge Inspection Block,Approved
BR002394,TASK61945,S&T,UBL-PUNE,2026-04-07 00:45,2026-04-07 03:16,Interlocking Testing Block,Cancelled
BR002395,TASK18936,Engineering,BPL-JHS,2026-04-07 01:00,2026-04-07 05:10,Bridge Inspection Block,Approved
BR002396,TASK57544,Engineering,JTJ-SBC,2026-04-07 01:00,2026-04-07 05:19,Non-Interlocking Block,Cancelled
BR002397,TASK74257,Traction,MGS-HWH,2026-04-07 01:15,2026-04-07 03:59,Power Block,Cancelled
BR002398,TASK67510,S&T,NDLS-UMB,2026-04-07 01:30,2026-04-07 06:12,Cable Block,Approved
BR002399,TASK51915,S&T,BRC-ST,2026-04-07 01:30,2026-04-07 05:16,Interlocking Testing Block,Approved
BR002400,TASK98087,Engineering,GZB-CNB,2026-04-07 01:30,2026-04-07 04:16,Non-Interlocking Block,Completed
BR002401,TASK59434,Engineering,ADI-BRC,2026-04-07 01:45,2026-04-07 06:12,Track Renewal Block,Completed
BR002402,TASK81030,Engineering,BPL-JHS,2026-04-07 01:45,2026-04-07 05:20,Track Renewal Block,Approved
BR002403,TASK82607,Engineering,MAS-JTJ,2026-04-07 13:45,2026-04-07 15:39,Non-Interlocking Block,Rejected
BR002404,TASK59673,Traction,BZA-MAS,2026-04-07 14:00,2026-04-07 15:31,Power Block,Approved
BR002405,TASK71944,S&T,NDLS-GZB,2026-04-07 14:15,2026-04-07 15:03,Signal Maintenance Block,Approved
BR002406,TASK19211,Traction,MGS-HWH,2026-04-07 15:15,2026-04-07 16:17,Traction Feed Block,Requested
BR002407,TASK48146,Engineering,NJP-GHY,2026-04-07 22:15,2026-04-07 23:15,Track Renewal Block,Approved
BR002408,TASK56007,Engineering,BZA-SC,2026-04-07 22:30,2026-04-08 01:07,Track Renewal Block,Requested
BR002409,TASK45481,Engineering,MGS-HWH,2026-04-07 23:15,2026-04-08 00:19,Track Renewal Block,Completed
BR002410,TASK78403,Traction,ADI-BRC,2026-04-07 23:15,2026-04-08 03:36,OHE Maintenance Block,Requested
BR002411,TASK43035,Engineering,ST-BCT,2026-04-07 23:30,2026-04-08 03:40,Bridge Inspection Block,Approved
BR002412,TASK92770,S&T,NDLS-ASR,2026-04-07 23:30,2026-04-08 00:34,Signal Maintenance Block,Requested
BR002413,TASK71261,Traction,NDLS-GZB,2026-04-07 23:45,2026-04-08 04:44,Power Block,Approved
BR002414,TASK88041,S&T,BZA-SC,2026-04-08 00:00,2026-04-08 03:02,Interlocking Testing Block,Rejected
BR002415,TASK54613,Traction,NDLS-GZB,2026-04-08 00:00,2026-04-08 03:15,OHE Maintenance Block,Completed
BR002416,TASK39959,Traction,ADI-BRC,2026-04-08 00:00,2026-04-08 02:06,Power Block,Requested
BR002417,TASK32468,S&T,BPL-JHS,2026-04-08 00:15,2026-04-08 03:11,Signal Maintenance Block,Approved
BR002418,TASK38325,Traction,CNB-ALD,2026-04-08 00:30,2026-04-08 02:39,OHE Maintenance Block,Rejected
BR002419,TASK16857,Engineering,ST-BCT,2026-04-08 00:45,2026-04-08 05:34,Bridge Inspection Block,Approved
BR002420,TASK44452,Engineering,NDLS-JHS,2026-04-08 01:00,2026-04-08 04:26,Track Renewal Block,Approved
BR002421,TASK23314,Engineering,CNB-ALD,2026-04-08 01:00,2026-04-08 04:46,Non-Interlocking Block,Approved
BR002422,TASK76758,Engineering,SBC-MAS,2026-04-08 01:00,2026-04-08 04:33,Non-Interlocking Block,Approved
BR002423,TASK44034,Traction,BSP-R,2026-04-08 01:00,2026-04-08 05:37,OHE Maintenance Block,Approved
BR002424,TASK93342,Traction,HWH-KGP,2026-04-08 01:30,2026-04-08 03:38,OHE Maintenance Block,Requested
BR002425,TASK62529,Engineering,BZA-MAS,2026-04-08 01:30,2026-04-08 05:26,Bridge Inspection Block,Approved
BR002426,TASK45990,S&T,BSP-R,2026-04-08 01:45,2026-04-08 06:29,Cable Block,Approved
BR002427,TASK41780,Engineering,NDLS-UMB,2026-04-08 01:45,2026-04-08 06:21,Track Renewal Block,Approved
BR002428,TASK17589,Engineering,NDLS-JHS,2026-04-08 01:45,2026-04-08 02:58,Bridge Inspection Block,Approved
BR002429,TASK47811,Traction,BSR-BPL,2026-04-08 01:45,2026-04-08 04:24,Power Block,Requested
BR002430,TASK86311,Engineering,NJP-GHY,2026-04-08 01:45,2026-04-08 04:59,Non-Interlocking Block,Completed
BR002431,TASK77398,Engineering,DLI-JU,2026-04-08 12:00,2026-04-08 12:44,Traffic Block,Approved
BR002432,TASK43558,S&T,JTJ-SBC,2026-04-08 12:30,2026-04-08 14:25,Cable Block,Completed
BR002433,TASK82358,Engineering,NDLS-GZB,2026-04-08 15:15,2026-04-08 16:26,Traffic Block,Approved
BR002434,TASK78264,Engineering,BRC-ST,2026-04-08 15:15,2026-04-08 15:51,Traffic Block,Approved
BR002435,TASK48701,Engineering,VSKP-BZA,2026-04-08 22:15,2026-04-09 01:20,Traffic Block,Completed
BR002436,TASK39033,S&T,NDLS-GZB,2026-04-08 22:30,2026-04-09 01:44,Signal Maintenance Block,Approved
BR002437,TASK32220,Engineering,BSR-BPL,2026-04-08 22:30,2026-04-09 03:10,Non-Interlocking Block,Approved
BR002438,TASK71848,S&T,NDLS-ASR,2026-04-08 22:30,2026-04-09 00:55,Signal Maintenance Block,Approved
BR002439,TASK68840,Engineering,NDLS-UMB,2026-04-08 22:45,2026-04-09 03:23,Traffic Block,Requested
BR002440,TASK38061,Traction,NDLS-GZB,2026-04-08 23:30,2026-04-09 00:33,OHE Maintenance Block,Rejected
BR002441,TASK17135,Traction,VSKP-BZA,2026-04-09 00:00,2026-04-09 02:06,Traction Feed Block,Approved
BR002442,TASK92220,Traction,SC-NGP,2026-04-09 00:00,2026-04-09 04:02,Power Block,Approved
BR002443,TASK19632,Engineering,VSKP-BZA,2026-04-09 00:00,2026-04-09 03:14,Track Renewal Block,Completed
BR002444,TASK47128,Engineering,CSMT-BSR,2026-04-09 00:30,2026-04-09 01:56,Track Renewal Block,Requested
BR002445,TASK47583,Engineering,DLI-JU,2026-04-09 00:45,2026-04-09 03:22,Traffic Block,Completed
BR002446,TASK29984,S&T,BSR-BPL,2026-04-09 01:15,2026-04-09 05:44,Signal Maintenance Block,Approved
BR002447,TASK30158,Traction,MAS-JTJ,2026-04-09 01:30,2026-04-09 05:15,Power Block,Cancelled
BR002448,TASK49807,Traction,BZA-MAS,2026-04-09 01:30,2026-04-09 05:10,OHE Maintenance Block,Rejected
BR002449,TASK12848,S&T,VSKP-BZA,2026-04-09 01:45,2026-04-09 04:49,Interlocking Testing Block,Approved
BR002450,TASK67366,Engineering,ADI-BRC,2026-04-09 10:45,2026-04-09 12:23,Bridge Inspection Block,Rejected
BR002451,TASK53205,Engineering,BZA-SC,2026-04-09 11:15,2026-04-09 11:49,Bridge Inspection Block,Approved
BR002452,TASK60405,S&T,ADI-BRC,2026-04-09 11:15,2026-04-09 11:55,Signal Maintenance Block,Approved
BR002453,TASK45101,Traction,BPL-JHS,2026-04-09 13:00,2026-04-09 14:48,Traction Feed Block,Approved
BR002454,TASK93299,Engineering,BRC-ST,2026-04-09 13:30,2026-04-09 15:13,Non-Interlocking Block,Approved
BR002455,TASK62366,S&T,BZA-MAS,2026-04-09 14:00,2026-04-09 15:10,Interlocking Testing Block,Requested
BR002456,TASK75091,Traction,GZB-CNB,2026-04-09 15:30,2026-04-09 16:39,OHE Maintenance Block,Requested
BR002457,TASK43842,Engineering,NGP-BSP,2026-04-09 22:00,2026-04-10 01:49,Non-Interlocking Block,Rejected
BR002458,TASK59690,Engineering,HWH-KGP,2026-04-09 22:15,2026-04-09 23:20,Track Renewal Block,Approved
BR002459,TASK92707,Engineering,BSR-BPL,2026-04-09 22:45,2026-04-09 23:48,Track Renewal Block,Completed
BR002460,TASK52044,Engineering,ALD-MGS,2026-04-09 23:00,2026-04-10 02:17,Bridge Inspection Block,Requested
BR002461,TASK99081,Engineering,BPL-JHS,2026-04-09 23:00,2026-04-10 03:43,Bridge Inspection Block,Rejected
BR002462,TASK32935,Engineering,DLI-JU,2026-04-09 23:45,2026-04-10 04:06,Traffic Block,Completed
BR002463,TASK64700,Engineering,BZA-MAS,2026-04-09 23:45,2026-04-10 04:08,Track Renewal Block,Completed
BR002464,TASK43703,S&T,GZB-CNB,2026-04-09 23:45,2026-04-10 02:49,Signal Maintenance Block,Cancelled
BR002465,TASK46825,Engineering,BZA-MAS,2026-04-09 23:45,2026-04-10 01:45,Bridge Inspection Block,Approved
BR002466,TASK10250,Traction,SC-NGP,2026-04-10 00:00,2026-04-10 01:30,OHE Maintenance Block,Approved
BR002467,TASK33846,Traction,MAS-JTJ,2026-04-10 00:00,2026-04-10 01:59,Traction Feed Block,Approved
BR002468,TASK87440,Engineering,KGP-VSKP,2026-04-10 00:15,2026-04-10 04:05,Non-Interlocking Block,Approved
BR002469,TASK76439,Traction,NGP-BSP,2026-04-10 00:15,2026-04-10 04:07,Power Block,Requested
BR002470,TASK29359,S&T,HWH-KGP,2026-04-10 00:30,2026-04-10 04:31,Cable Block,Approved
BR002471,TASK95196,Traction,JU-JP,2026-04-10 01:00,2026-04-10 02:34,OHE Maintenance Block,Approved
BR002472,TASK92549,Traction,NDLS-JHS,2026-04-10 01:45,2026-04-10 06:14,OHE Maintenance Block,Approved
BR002473,TASK17766,Traction,NDLS-GZB,2026-04-10 10:00,2026-04-10 11:30,OHE Maintenance Block,Approved
BR002474,TASK41241,Engineering,HWH-KGP,2026-04-10 14:00,2026-04-10 14:34,Bridge Inspection Block,Approved
BR002475,TASK40908,Traction,CNB-ALD,2026-04-10 15:30,2026-04-10 16:08,Traction Feed Block,Requested
BR002476,TASK49217,Engineering,PUNE-CSMT,2026-04-10 22:15,2026-04-11 02:43,Non-Interlocking Block,Completed
BR002477,TASK90642,Engineering,GZB-CNB,2026-04-10 22:30,2026-04-11 02:13,Bridge Inspection Block,Approved
BR002478,TASK99210,Traction,BRC-ST,2026-04-10 22:30,2026-04-11 00:53,OHE Maintenance Block,Approved
BR002479,TASK74987,Engineering,HWH-KGP,2026-04-10 22:30,2026-04-10 23:58,Traffic Block,Approved
BR002480,TASK94824,Engineering,BZA-SC,2026-04-10 22:45,2026-04-11 00:48,Non-Interlocking Block,Approved
BR002481,TASK40086,Engineering,MGS-HWH,2026-04-10 23:00,2026-04-11 03:01,Non-Interlocking Block,Requested
BR002482,TASK58835,Engineering,BRC-ST,2026-04-10 23:30,2026-04-11 03:48,Bridge Inspection Block,Approved
BR002483,TASK10009,Engineering,GZB-CNB,2026-04-10 23:30,2026-04-11 01:33,Track Renewal Block,Approved
BR002484,TASK47911,Engineering,GZB-CNB,2026-04-10 23:30,2026-04-11 03:25,Non-Interlocking Block,Requested
BR002485,TASK77858,Engineering,CSMT-BSR,2026-04-10 23:45,2026-04-11 00:53,Bridge Inspection Block,Approved
BR002486,TASK59105,Engineering,ST-BCT,2026-04-11 00:15,2026-04-11 03:10,Bridge Inspection Block,Completed
BR002487,TASK79142,Engineering,NGP-BSP,2026-04-11 00:15,2026-04-11 02:47,Traffic Block,Rejected
BR002488,TASK61732,S&T,BSP-R,2026-04-11 00:30,2026-04-11 02:54,Cable Block,Approved
BR002489,TASK68083,Engineering,SBC-MAS,2026-04-11 00:30,2026-04-11 01:54,Non-Interlocking Block,Requested
BR002490,TASK48061,Engineering,ALD-MGS,2026-04-11 00:30,2026-04-11 05:21,Traffic Block,Approved
BR002491,TASK24064,S&T,SC-NGP,2026-04-11 00:45,2026-04-11 01:59,Signal Maintenance Block,Approved
BR002492,TASK15196,Engineering,CNB-ALD,2026-04-11 00:45,2026-04-11 04:09,Track Renewal Block,Approved
BR002493,TASK12009,S&T,BZA-SC,2026-04-11 00:45,2026-04-11 05:04,Interlocking Testing Block,Rejected
BR002494,TASK63295,Traction,CSMT-BSR,2026-04-11 00:45,2026-04-11 04:27,Power Block,Approved
BR002495,TASK87188,S&T,CSMT-BSR,2026-04-11 00:45,2026-04-11 03:10,Signal Maintenance Block,Requested
BR002496,TASK42858,Engineering,SC-NGP,2026-04-11 01:00,2026-04-11 03:31,Traffic Block,Approved
BR002497,TASK80013,S&T,SC-NGP,2026-04-11 01:00,2026-04-11 04:35,Signal Maintenance Block,Approved
BR002498,TASK11113,S&T,JTJ-SBC,2026-04-11 01:30,2026-04-11 02:39,Cable Block,Approved
BR002499,TASK89729,Traction,BSR-BPL,2026-04-11 01:30,2026-04-11 02:48,Power Block,Rejected
BR002500,TASK29767,Engineering,GZB-CNB,2026-04-11 01:45,2026-04-11 03:05,Traffic Block,Rejected
BR002501,TASK63757,Engineering,BZA-MAS,2026-04-11 01:45,2026-04-11 04:16,Non-Interlocking Block,Rejected
BR002502,TASK49127,Engineering,JTJ-SBC,2026-04-11 14:15,2026-04-11 15:54,Traffic Block,Completed
BR002503,TASK40032,Engineering,NDLS-JHS,2026-04-11 15:45,2026-04-11 16:28,Non-Interlocking Block,Approved
BR002504,TASK74754,Engineering,MGS-HWH,2026-04-11 22:00,2026-04-12 02:48,Non-Interlocking Block,Approved
BR002505,TASK60216,Traction,MGS-HWH,2026-04-11 22:00,2026-04-12 02:46,OHE Maintenance Block,Approved
BR002506,TASK98026,Engineering,NJP-GHY,2026-04-11 22:00,2026-04-11 23:48,Traffic Block,Approved
BR002507,TASK29234,Engineering,SBC-MAS,2026-04-11 22:15,2026-04-12 01:50,Bridge Inspection Block,Rejected
BR002508,TASK32411,Engineering,DLI-JU,2026-04-11 22:30,2026-04-12 00:37,Traffic Block,Approved
BR002509,TASK44296,S&T,BPL-JHS,2026-04-11 22:30,2026-04-12 00:03,Interlocking Testing Block,Requested
BR002510,TASK11426,S&T,CSMT-BSR,2026-04-11 22:45,2026-04-12 00:47,Interlocking Testing Block,Requested
BR002511,TASK25242,Engineering,ADI-BRC,2026-04-11 22:45,2026-04-11 23:59,Traffic Block,Approved
BR002512,TASK67028,Traction,BSR-BPL,2026-04-11 23:00,2026-04-12 03:25,OHE Maintenance Block,Requested
BR002513,TASK80095,Engineering,GZB-CNB,2026-04-11 23:00,2026-04-12 03:39,Traffic Block,Requested
BR002514,TASK55256,Engineering,ALD-MGS,2026-04-11 23:30,2026-04-12 04:19,Traffic Block,Approved
BR002515,TASK96291,S&T,BSP-R,2026-04-11 23:30,2026-04-12 00:50,Signal Maintenance Block,Approved
BR002516,TASK46202,S&T,SC-NGP,2026-04-11 23:30,2026-04-12 01:52,Cable Block,Approved
BR002517,TASK25645,Engineering,BZA-MAS,2026-04-11 23:30,2026-04-12 03:20,Traffic Block,Requested
BR002518,TASK97971,Engineering,NJP-GHY,2026-04-12 00:00,2026-04-12 02:18,Track Renewal Block,Approved
BR002519,TASK12586,S&T,ST-BCT,2026-04-12 00:00,2026-04-12 02:27,Cable Block,Requested
BR002520,TASK86215,Engineering,BSR-BPL,2026-04-12 00:30,2026-04-12 02:38,Bridge Inspection Block,Completed
BR002521,TASK11251,Traction,VSKP-BZA,2026-04-12 00:30,2026-04-12 03:17,Power Block,Rejected
BR002522,TASK90179,Traction,SC-NGP,2026-04-12 00:45,2026-04-12 02:06,OHE Maintenance Block,Approved
BR002523,TASK31016,S&T,MGS-HWH,2026-04-12 00:45,2026-04-12 02:43,Cable Block,Requested
BR002524,TASK98811,S&T,PUNE-CSMT,2026-04-12 01:00,2026-04-12 04:43,Signal Maintenance Block,Approved
BR002525,TASK85849,Engineering,NJP-GHY,2026-04-12 01:00,2026-04-12 05:42,Bridge Inspection Block,Approved
BR002526,TASK12591,Traction,DLI-JU,2026-04-12 01:30,2026-04-12 03:09,OHE Maintenance Block,Requested
BR002527,TASK41888,Traction,UBL-PUNE,2026-04-12 10:00,2026-04-12 11:58,Traction Feed Block,Approved
BR002528,TASK63431,Engineering,ALD-MGS,2026-04-12 10:30,2026-04-12 11:35,Non-Interlocking Block,Rejected
BR002529,TASK92831,Engineering,BPL-JHS,2026-04-12 11:00,2026-04-12 12:55,Track Renewal Block,Approved
BR002530,TASK49542,S&T,ST-BCT,2026-04-12 11:15,2026-04-12 12:20,Signal Maintenance Block,Completed
BR002531,TASK12354,Traction,NDLS-JHS,2026-04-12 11:45,2026-04-12 13:37,Traction Feed Block,Approved
BR002532,TASK26615,S&T,ALD-MGS,2026-04-12 13:45,2026-04-12 14:27,Interlocking Testing Block,Rejected
BR002533,TASK85669,Engineering,NDLS-UMB,2026-04-12 14:15,2026-04-12 14:49,Non-Interlocking Block,Approved
BR002534,TASK81416,Engineering,NGP-BSP,2026-04-12 15:45,2026-04-12 17:14,Bridge Inspection Block,Requested
BR002535,TASK35931,Engineering,BSR-BPL,2026-04-12 15:45,2026-04-12 17:20,Non-Interlocking Block,Approved
BR002536,TASK99455,S&T,CNB-ALD,2026-04-12 22:00,2026-04-13 00:18,Interlocking Testing Block,Approved
BR002537,TASK16756,Engineering,SBC-UBL,2026-04-12 22:00,2026-04-13 02:47,Bridge Inspection Block,Rejected
BR002538,TASK17872,S&T,CNB-ALD,2026-04-12 22:15,2026-04-13 01:20,Cable Block,Approved
BR002539,TASK90064,S&T,NDLS-GZB,2026-04-12 23:00,2026-04-13 00:27,Signal Maintenance Block,Requested
BR002540,TASK17559,S&T,KGP-VSKP,2026-04-12 23:30,2026-04-13 03:24,Cable Block,Approved
BR002541,TASK25306,Engineering,UBL-PUNE,2026-04-12 23:45,2026-04-13 01:34,Bridge Inspection Block,Approved
BR002542,TASK47208,S&T,BRC-ST,2026-04-12 23:45,2026-04-13 01:58,Interlocking Testing Block,Approved
BR002543,TASK10206,Engineering,CSMT-BSR,2026-04-13 00:15,2026-04-13 03:54,Non-Interlocking Block,Approved
BR002544,TASK67974,Engineering,BZA-MAS,2026-04-13 00:15,2026-04-13 01:48,Track Renewal Block,Approved
BR002545,TASK24296,Traction,KGP-VSKP,2026-04-13 10:00,2026-04-13 10:50,OHE Maintenance Block,Approved
BR002546,TASK14889,S&T,NDLS-JHS,2026-04-13 10:30,2026-04-13 12:13,Cable Block,Approved
BR002547,TASK92243,S&T,BZA-MAS,2026-04-13 10:30,2026-04-13 11:18,Cable Block,Approved
BR002548,TASK56856,Engineering,BZA-SC,2026-04-13 11:00,2026-04-13 12:51,Track Renewal Block,Requested
BR002549,TASK50697,Engineering,BRC-ST,2026-04-13 11:30,2026-04-13 12:57,Non-Interlocking Block,Approved
BR002550,TASK80243,Engineering,MGS-HWH,2026-04-13 13:30,2026-04-13 14:32,Non-Interlocking Block,Approved
BR002551,TASK21815,Engineering,JTJ-SBC,2026-04-13 14:00,2026-04-13 14:54,Track Renewal Block,Approved
BR002552,TASK25569,S&T,KGP-VSKP,2026-04-13 14:00,2026-04-13 15:12,Cable Block,Rejected
BR002553,TASK54151,Traction,BZA-MAS,2026-04-13 15:00,2026-04-13 15:57,Traction Feed Block,Approved
BR002554,TASK82606,Engineering,ST-BCT,2026-04-13 22:00,2026-04-14 02:20,Non-Interlocking Block,Approved
BR002555,TASK10583,S&T,DLI-JU,2026-04-13 22:15,2026-04-13 23:24,Interlocking Testing Block,Completed
BR002556,TASK92758,Engineering,ST-BCT,2026-04-13 22:30,2026-04-14 01:33,Track Renewal Block,Rejected
BR002557,TASK52096,Engineering,ALD-MGS,2026-04-13 22:45,2026-04-14 00:00,Traffic Block,Approved
BR002558,TASK19681,Traction,NDLS-GZB,2026-04-13 23:15,2026-04-14 00:35,OHE Maintenance Block,Approved
BR002559,TASK42825,Traction,NJP-GHY,2026-04-13 23:30,2026-04-14 03:49,Traction Feed Block,Completed
BR002560,TASK80506,S&T,ST-BCT,2026-04-14 00:00,2026-04-14 01:45,Signal Maintenance Block,Completed
BR002561,TASK21391,Engineering,BRC-ST,2026-04-14 00:15,2026-04-14 02:42,Non-Interlocking Block,Completed
BR002562,TASK70028,Engineering,BRC-ST,2026-04-14 00:30,2026-04-14 02:44,Traffic Block,Approved
BR002563,TASK39604,S&T,VSKP-BZA,2026-04-14 00:45,2026-04-14 01:48,Interlocking Testing Block,Approved
BR002564,TASK28544,Traction,NDLS-ASR,2026-04-14 01:00,2026-04-14 03:46,Power Block,Approved
BR002565,TASK27014,S&T,CSMT-BSR,2026-04-14 01:00,2026-04-14 05:00,Signal Maintenance Block,Approved
BR002566,TASK32493,Traction,NGP-BSP,2026-04-14 01:00,2026-04-14 05:30,Power Block,Approved
BR002567,TASK58334,Engineering,BRC-ST,2026-04-14 01:00,2026-04-14 04:10,Non-Interlocking Block,Approved
BR002568,TASK88240,Traction,MGS-HWH,2026-04-14 01:15,2026-04-14 04:43,Traction Feed Block,Approved
BR002569,TASK84197,Engineering,ADI-BRC,2026-04-14 01:15,2026-04-14 06:08,Traffic Block,Approved
BR002570,TASK17603,Engineering,BSR-BPL,2026-04-14 01:30,2026-04-14 02:44,Bridge Inspection Block,Requested
BR002571,TASK35584,Traction,BZA-MAS,2026-04-14 11:00,2026-04-14 12:26,OHE Maintenance Block,Approved
BR002572,TASK47786,Traction,SC-NGP,2026-04-14 11:00,2026-04-14 11:55,Traction Feed Block,Requested
BR002573,TASK11533,Engineering,SBC-MAS,2026-04-14 11:30,2026-04-14 13:26,Track Renewal Block,Approved
BR002574,TASK42062,S&T,JP-ADI,2026-04-14 12:30,2026-04-14 13:34,Signal Maintenance Block,Requested
BR002575,TASK40931,Engineering,BSR-BPL,2026-04-14 14:15,2026-04-14 15:20,Non-Interlocking Block,Approved
BR002576,TASK85151,S&T,ST-BCT,2026-04-14 14:15,2026-04-14 15:58,Interlocking Testing Block,Approved
BR002577,TASK57611,Engineering,BSR-BPL,2026-04-14 15:00,2026-04-14 16:05,Bridge Inspection Block,Approved
BR002578,TASK42738,Engineering,CSMT-BSR,2026-04-14 15:45,2026-04-14 17:32,Bridge Inspection Block,Approved
BR002579,TASK91967,Traction,BPL-JHS,2026-04-14 22:00,2026-04-15 01:04,OHE Maintenance Block,Approved
BR002580,TASK20277,Engineering,UBL-PUNE,2026-04-14 22:15,2026-04-15 00:19,Track Renewal Block,Approved
BR002581,TASK99059,Traction,NDLS-UMB,2026-04-14 22:15,2026-04-14 23:51,Power Block,Approved
BR002582,TASK32763,Engineering,ADI-BRC,2026-04-14 22:45,2026-04-15 02:18,Traffic Block,Approved
BR002583,TASK95337,Traction,UBL-PUNE,2026-04-14 23:00,2026-04-15 03:13,Power Block,Completed
BR002584,TASK56102,Traction,BZA-MAS,2026-04-14 23:15,2026-04-15 02:39,OHE Maintenance Block,Approved
BR002585,TASK33481,Traction,HWH-KGP,2026-04-14 23:15,2026-04-15 02:35,OHE Maintenance Block,Approved
BR002586,TASK32990,Engineering,SBC-UBL,2026-04-14 23:30,2026-04-15 02:53,Non-Interlocking Block,Approved
BR002587,TASK17004,Engineering,MGS-HWH,2026-04-14 23:30,2026-04-15 00:42,Non-Interlocking Block,Approved
BR002588,TASK29608,Traction,NJP-GHY,2026-04-14 23:45,2026-04-15 01:38,Traction Feed Block,Rejected
BR002589,TASK47530,Engineering,SBC-MAS,2026-04-15 00:00,2026-04-15 03:56,Track Renewal Block,Approved
BR002590,TASK76004,Engineering,NDLS-JHS,2026-04-15 00:15,2026-04-15 03:44,Non-Interlocking Block,Requested
BR002591,TASK96617,Traction,BPL-JHS,2026-04-15 00:15,2026-04-15 02:25,OHE Maintenance Block,Approved
BR002592,TASK62616,S&T,MAS-JTJ,2026-04-15 00:15,2026-04-15 01:27,Interlocking Testing Block,Approved
BR002593,TASK61074,Engineering,NDLS-ASR,2026-04-15 00:30,2026-04-15 03:42,Traffic Block,Approved
BR002594,TASK15305,S&T,SBC-MAS,2026-04-15 00:45,2026-04-15 04:13,Signal Maintenance Block,Rejected
BR002595,TASK52087,S&T,UBL-PUNE,2026-04-15 00:45,2026-04-15 04:30,Cable Block,Approved
BR002596,TASK34721,Traction,BRC-ST,2026-04-15 00:45,2026-04-15 04:29,OHE Maintenance Block,Requested
BR002597,TASK77298,Engineering,ADI-BRC,2026-04-15 01:00,2026-04-15 04:40,Track Renewal Block,Completed
BR002598,TASK56413,Traction,NGP-BSP,2026-04-15 01:00,2026-04-15 04:21,Power Block,Rejected
BR002599,TASK82330,Engineering,CSMT-BSR,2026-04-15 01:00,2026-04-15 04:16,Bridge Inspection Block,Approved
BR002600,TASK64623,Traction,MGS-HWH,2026-04-15 01:15,2026-04-15 05:19,Power Block,Completed
BR002601,TASK31490,Traction,HWH-NJP,2026-04-15 01:15,2026-04-15 05:54,Traction Feed Block,Cancelled
BR002602,TASK84214,Traction,MGS-HWH,2026-04-15 01:30,2026-04-15 05:31,Traction Feed Block,Completed
BR002603,TASK24981,Engineering,CNB-ALD,2026-04-15 01:45,2026-04-15 05:54,Non-Interlocking Block,Approved
BR002604,TASK43280,Engineering,SC-NGP,2026-04-15 10:15,2026-04-15 11:15,Non-Interlocking Block,Approved
BR002605,TASK63032,Engineering,MAS-JTJ,2026-04-15 11:00,2026-04-15 12:16,Bridge Inspection Block,Approved
BR002606,TASK86517,S&T,NDLS-GZB,2026-04-15 12:00,2026-04-15 12:54,Signal Maintenance Block,Approved
BR002607,TASK94273,Traction,HWH-NJP,2026-04-15 12:30,2026-04-15 13:09,Traction Feed Block,Approved
BR002608,TASK82006,S&T,KGP-VSKP,2026-04-15 12:45,2026-04-15 14:24,Cable Block,Completed
BR002609,TASK35696,Engineering,NDLS-GZB,2026-04-15 14:00,2026-04-15 14:49,Non-Interlocking Block,Completed
BR002610,TASK54637,Traction,ST-BCT,2026-04-15 14:30,2026-04-15 15:33,OHE Maintenance Block,Approved
BR002611,TASK97310,Engineering,BZA-SC,2026-04-15 22:00,2026-04-16 00:33,Bridge Inspection Block,Rejected
BR002612,TASK91581,S&T,BZA-MAS,2026-04-15 22:15,2026-04-16 02:42,Cable Block,Rejected
BR002613,TASK86534,Engineering,NDLS-GZB,2026-04-15 22:15,2026-04-15 23:52,Non-Interlocking Block,Requested
BR002614,TASK72038,Traction,KGP-VSKP,2026-04-15 22:15,2026-04-16 00:56,Power Block,Approved
BR002615,TASK42789,Engineering,ST-BCT,2026-04-15 22:30,2026-04-15 23:34,Bridge Inspection Block,Requested
BR002616,TASK75361,Engineering,JP-ADI,2026-04-15 22:30,2026-04-16 01:13,Bridge Inspection Block,Approved
BR002617,TASK54015,Traction,BRC-ST,2026-04-15 22:45,2026-04-16 00:11,Traction Feed Block,Rejected
BR002618,TASK15431,Engineering,BZA-MAS,2026-04-15 23:15,2026-04-16 01:41,Non-Interlocking Block,Approved
BR002619,TASK19858,S&T,JTJ-SBC,2026-04-15 23:15,2026-04-16 02:24,Interlocking Testing Block,Approved
BR002620,TASK15296,Engineering,PUNE-CSMT,2026-04-15 23:30,2026-04-16 02:15,Traffic Block,Rejected
BR002621,TASK41915,S&T,CNB-ALD,2026-04-16 00:00,2026-04-16 03:27,Cable Block,Approved
BR002622,TASK14093,Engineering,MAS-JTJ,2026-04-16 00:15,2026-04-16 02:22,Track Renewal Block,Completed
BR002623,TASK57508,Engineering,ADI-BRC,2026-04-16 00:45,2026-04-16 02:46,Traffic Block,Requested
BR002624,TASK10780,S&T,HWH-KGP,2026-04-16 01:00,2026-04-16 02:03,Cable Block,Approved
BR002625,TASK14746,Traction,JTJ-SBC,2026-04-16 01:00,2026-04-16 05:51,Power Block,Rejected
BR002626,TASK50706,Engineering,NDLS-JHS,2026-04-16 01:15,2026-04-16 03:48,Bridge Inspection Block,Approved
BR002627,TASK74285,Engineering,BSP-R,2026-04-16 01:30,2026-04-16 04:59,Bridge Inspection Block,Approved
BR002628,TASK41988,Traction,MAS-JTJ,2026-04-16 10:45,2026-04-16 12:35,Traction Feed Block,Requested
BR002629,TASK48199,S&T,UBL-PUNE,2026-04-16 11:00,2026-04-16 12:39,Signal Maintenance Block,Rejected
BR002630,TASK83085,Engineering,ADI-BRC,2026-04-16 11:45,2026-04-16 13:39,Track Renewal Block,Requested
BR002631,TASK27423,S&T,BSR-BPL,2026-04-16 12:00,2026-04-16 13:35,Interlocking Testing Block,Requested
BR002632,TASK38569,S&T,NDLS-GZB,2026-04-16 12:15,2026-04-16 13:43,Signal Maintenance Block,Approved
BR002633,TASK20822,Traction,BZA-MAS,2026-04-16 13:00,2026-04-16 13:48,Power Block,Approved
BR002634,TASK27363,Traction,NGP-BSP,2026-04-16 13:00,2026-04-16 14:19,OHE Maintenance Block,Requested
BR002635,TASK71267,S&T,MAS-JTJ,2026-04-16 15:45,2026-04-16 17:02,Cable Block,Requested
BR002636,TASK68274,S&T,NDLS-GZB,2026-04-16 22:00,2026-04-17 00:07,Signal Maintenance Block,Cancelled
BR002637,TASK88861,Engineering,CSMT-BSR,2026-04-16 22:00,2026-04-17 02:28,Bridge Inspection Block,Completed
BR002638,TASK49058,Traction,BZA-MAS,2026-04-16 22:00,2026-04-17 01:22,Traction Feed Block,Approved
BR002639,TASK79962,S&T,JTJ-SBC,2026-04-16 22:15,2026-04-16 23:53,Interlocking Testing Block,Approved
BR002640,TASK71063,S&T,UBL-PUNE,2026-04-16 22:30,2026-04-17 02:05,Interlocking Testing Block,Approved
BR002641,TASK86564,Traction,SBC-MAS,2026-04-16 22:45,2026-04-17 02:08,OHE Maintenance Block,Requested
BR002642,TASK83983,S&T,UBL-PUNE,2026-04-16 22:45,2026-04-17 01:45,Signal Maintenance Block,Approved
BR002643,TASK35811,S&T,BZA-SC,2026-04-16 22:45,2026-04-17 01:04,Interlocking Testing Block,Rejected
BR002644,TASK93528,Engineering,NDLS-ASR,2026-04-16 23:00,2026-04-17 01:41,Traffic Block,Approved
BR002645,TASK58373,S&T,NGP-BSP,2026-04-16 23:00,2026-04-17 01:45,Cable Block,Approved
BR002646,TASK57674,S&T,ADI-BRC,2026-04-16 23:15,2026-04-17 04:08,Signal Maintenance Block,Requested
BR002647,TASK10418,Engineering,NDLS-GZB,2026-04-16 23:15,2026-04-17 03:06,Non-Interlocking Block,Approved
BR002648,TASK73155,Engineering,BZA-SC,2026-04-17 00:00,2026-04-17 04:14,Non-Interlocking Block,Approved
BR002649,TASK82149,Traction,NDLS-GZB,2026-04-17 00:00,2026-04-17 02:09,Power Block,Approved
BR002650,TASK90962,Traction,NDLS-GZB,2026-04-17 00:15,2026-04-17 01:33,Traction Feed Block,Approved
BR002651,TASK84241,Engineering,JU-JP,2026-04-17 00:15,2026-04-17 02:19,Non-Interlocking Block,Requested
BR002652,TASK71352,Traction,ALD-MGS,2026-04-17 00:15,2026-04-17 01:45,Traction Feed Block,Completed
BR002653,TASK32207,Engineering,JTJ-SBC,2026-04-17 00:45,2026-04-17 02:49,Traffic Block,Cancelled
BR002654,TASK12999,Engineering,NGP-BSP,2026-04-17 00:45,2026-04-17 02:47,Non-Interlocking Block,Approved
BR002655,TASK21038,Engineering,BZA-MAS,2026-04-17 00:45,2026-04-17 02:35,Bridge Inspection Block,Requested
BR002656,TASK30130,Traction,JP-ADI,2026-04-17 00:45,2026-04-17 02:27,Traction Feed Block,Approved
BR002657,TASK27736,S&T,MAS-JTJ,2026-04-17 01:00,2026-04-17 04:16,Cable Block,Completed
BR002658,TASK70188,S&T,MGS-HWH,2026-04-17 01:00,2026-04-17 05:03,Interlocking Testing Block,Approved
BR002659,TASK78356,S&T,ALD-MGS,2026-04-17 01:15,2026-04-17 03:55,Cable Block,Approved
BR002660,TASK65130,Engineering,SC-NGP,2026-04-17 01:15,2026-04-17 03:02,Traffic Block,Approved
BR002661,TASK17372,Traction,JTJ-SBC,2026-04-17 01:30,2026-04-17 03:49,Power Block,Approved
BR002662,TASK24362,S&T,ST-BCT,2026-04-17 01:30,2026-04-17 03:09,Interlocking Testing Block,Rejected
BR002663,TASK90776,Engineering,PUNE-CSMT,2026-04-17 12:30,2026-04-17 13:29,Bridge Inspection Block,Approved
BR002664,TASK12963,S&T,NDLS-GZB,2026-04-17 12:45,2026-04-17 14:23,Interlocking Testing Block,Rejected
BR002665,TASK70270,Engineering,ST-BCT,2026-04-17 13:45,2026-04-17 14:34,Non-Interlocking Block,Approved
BR002666,TASK33051,S&T,BZA-SC,2026-04-17 15:00,2026-04-17 16:54,Signal Maintenance Block,Approved
BR002667,TASK87240,S&T,ADI-BRC,2026-04-17 22:30,2026-04-18 00:01,Signal Maintenance Block,Rejected
BR002668,TASK42285,Traction,JTJ-SBC,2026-04-17 22:30,2026-04-18 03:17,OHE Maintenance Block,Rejected
BR002669,TASK19361,S&T,MAS-JTJ,2026-04-17 22:45,2026-04-18 00:38,Cable Block,Rejected
BR002670,TASK55651,Traction,BSP-R,2026-04-17 22:45,2026-04-18 01:44,OHE Maintenance Block,Approved
BR002671,TASK95362,Traction,NDLS-ASR,2026-04-17 22:45,2026-04-17 23:53,OHE Maintenance Block,Approved
BR002672,TASK64870,Traction,BRC-ST,2026-04-17 23:00,2026-04-18 01:13,Traction Feed Block,Requested
BR002673,TASK94193,Engineering,CSMT-BSR,2026-04-17 23:15,2026-04-18 02:54,Non-Interlocking Block,Cancelled
BR002674,TASK68788,S&T,NGP-BSP,2026-04-17 23:15,2026-04-18 02:53,Signal Maintenance Block,Approved
BR002675,TASK44269,Traction,NDLS-UMB,2026-04-17 23:30,2026-04-18 02:44,Traction Feed Block,Approved
BR002676,TASK38178,Engineering,NDLS-GZB,2026-04-17 23:30,2026-04-18 02:26,Traffic Block,Approved
BR002677,TASK75101,Traction,ST-BCT,2026-04-17 23:45,2026-04-18 01:38,Power Block,Approved
BR002678,TASK35891,Traction,SC-NGP,2026-04-17 23:45,2026-04-18 02:48,Power Block,Approved
BR002679,TASK73760,Engineering,NDLS-UMB,2026-04-18 00:00,2026-04-18 02:04,Bridge Inspection Block,Rejected
BR002680,TASK61619,S&T,NDLS-JHS,2026-04-18 00:00,2026-04-18 03:01,Cable Block,Requested
BR002681,TASK27899,Traction,SBC-MAS,2026-04-18 00:30,2026-04-18 04:52,OHE Maintenance Block,Cancelled
BR002682,TASK85795,Traction,UBL-PUNE,2026-04-18 00:30,2026-04-18 04:41,Traction Feed Block,Approved
BR002683,TASK67871,Engineering,BSR-BPL,2026-04-18 00:30,2026-04-18 04:57,Track Renewal Block,Approved
BR002684,TASK89708,Traction,MGS-HWH,2026-04-18 00:45,2026-04-18 04:45,Traction Feed Block,Approved
BR002685,TASK17564,Engineering,NDLS-GZB,2026-04-18 00:45,2026-04-18 02:50,Bridge Inspection Block,Approved
BR002686,TASK82781,S&T,ADI-BRC,2026-04-18 01:00,2026-04-18 04:13,Interlocking Testing Block,Approved
BR002687,TASK76550,S&T,ADI-BRC,2026-04-18 01:00,2026-04-18 02:54,Signal Maintenance Block,Requested
BR002688,TASK38266,Engineering,KGP-VSKP,2026-04-18 01:15,2026-04-18 05:52,Bridge Inspection Block,Approved
BR002689,TASK29545,S&T,JP-ADI,2026-04-18 01:30,2026-04-18 06:02,Signal Maintenance Block,Requested
BR002690,TASK40068,Engineering,NDLS-GZB,2026-04-18 01:30,2026-04-18 05:19,Track Renewal Block,Approved
BR002691,TASK71830,S&T,NDLS-UMB,2026-04-18 01:45,2026-04-18 03:20,Signal Maintenance Block,Approved
BR002692,TASK28241,Engineering,SC-NGP,2026-04-18 10:30,2026-04-18 11:36,Non-Interlocking Block,Rejected
BR002693,TASK55714,Traction,HWH-KGP,2026-04-18 11:00,2026-04-18 11:52,OHE Maintenance Block,Approved
BR002694,TASK54486,Engineering,GZB-CNB,2026-04-18 11:00,2026-04-18 12:42,Bridge Inspection Block,Rejected
BR002695,TASK25272,Engineering,BZA-SC,2026-04-18 12:45,2026-04-18 14:31,Track Renewal Block,Rejected
BR002696,TASK94579,Traction,ALD-MGS,2026-04-18 13:30,2026-04-18 15:22,Power Block,Rejected
BR002697,TASK27874,Engineering,BZA-MAS,2026-04-18 13:45,2026-04-18 15:04,Track Renewal Block,Approved
BR002698,TASK48720,S&T,SC-NGP,2026-04-18 14:00,2026-04-18 14:45,Cable Block,Approved
BR002699,TASK85128,Engineering,NDLS-UMB,2026-04-18 22:00,2026-04-19 00:12,Bridge Inspection Block,Approved
BR002700,TASK96786,Traction,JTJ-SBC,2026-04-18 22:00,2026-04-19 02:43,Traction Feed Block,Rejected
BR002701,TASK44233,Engineering,HWH-NJP,2026-04-18 22:00,2026-04-18 23:00,Track Renewal Block,Approved
BR002702,TASK45326,S&T,ST-BCT,2026-04-18 22:15,2026-04-19 01:52,Interlocking Testing Block,Cancelled
BR002703,TASK91773,Traction,BZA-MAS,2026-04-18 22:30,2026-04-19 00:05,Power Block,Approved
BR002704,TASK35066,S&T,BPL-JHS,2026-04-18 22:30,2026-04-19 01:20,Signal Maintenance Block,Approved
BR002705,TASK82168,Engineering,BRC-ST,2026-04-18 23:15,2026-04-19 00:54,Bridge Inspection Block,Approved
BR002706,TASK50862,S&T,HWH-NJP,2026-04-18 23:30,2026-04-19 01:35,Interlocking Testing Block,Approved
BR002707,TASK58580,S&T,BRC-ST,2026-04-18 23:45,2026-04-19 01:02,Interlocking Testing Block,Approved
BR002708,TASK51867,Engineering,BSR-BPL,2026-04-19 00:15,2026-04-19 02:29,Bridge Inspection Block,Requested
BR002709,TASK75471,Engineering,NDLS-UMB,2026-04-19 00:30,2026-04-19 01:31,Track Renewal Block,Rejected
BR002710,TASK91594,Traction,ST-BCT,2026-04-19 00:30,2026-04-19 01:40,Traction Feed Block,Completed
BR002711,TASK40190,Engineering,NDLS-GZB,2026-04-19 00:45,2026-04-19 03:49,Traffic Block,Approved
BR002712,TASK56374,Engineering,BZA-MAS,2026-04-19 00:45,2026-04-19 01:50,Traffic Block,Approved
BR002713,TASK13786,S&T,ADI-BRC,2026-04-19 01:00,2026-04-19 03:13,Interlocking Testing Block,Approved
BR002714,TASK85369,S&T,JU-JP,2026-04-19 01:15,2026-04-19 05:28,Cable Block,Cancelled
BR002715,TASK95294,Engineering,BZA-MAS,2026-04-19 01:45,2026-04-19 02:48,Traffic Block,Approved
BR002716,TASK73299,Engineering,BSP-R,2026-04-19 10:15,2026-04-19 12:12,Track Renewal Block,Approved
BR002717,TASK43666,Engineering,NDLS-ASR,2026-04-19 10:15,2026-04-19 12:00,Non-Interlocking Block,Approved
BR002718,TASK51844,S&T,ADI-BRC,2026-04-19 10:30,2026-04-19 12:13,Signal Maintenance Block,Completed
BR002719,TASK99924,Traction,BZA-MAS,2026-04-19 10:30,2026-04-19 11:25,Traction Feed Block,Requested
BR002720,TASK90262,Engineering,MAS-JTJ,2026-04-19 11:00,2026-04-19 12:03,Traffic Block,Rejected
BR002721,TASK17040,Engineering,CNB-ALD,2026-04-19 13:15,2026-04-19 15:02,Track Renewal Block,Approved
BR002722,TASK22303,Engineering,ST-BCT,2026-04-19 14:00,2026-04-19 14:53,Bridge Inspection Block,Approved
BR002723,TASK97905,Engineering,PUNE-CSMT,2026-04-19 15:30,2026-04-19 16:37,Non-Interlocking Block,Requested
BR002724,TASK95113,Engineering,ADI-BRC,2026-04-19 22:00,2026-04-20 02:36,Traffic Block,Approved
BR002725,TASK68678,Engineering,GZB-CNB,2026-04-19 22:00,2026-04-20 00:01,Non-Interlocking Block,Rejected
BR002726,TASK59904,S&T,BZA-SC,2026-04-19 22:00,2026-04-20 01:31,Signal Maintenance Block,Requested
BR002727,TASK81203,Traction,BPL-JHS,2026-04-19 22:15,2026-04-20 02:01,Power Block,Completed
BR002728,TASK28500,Engineering,CSMT-BSR,2026-04-19 22:15,2026-04-19 23:52,Non-Interlocking Block,Approved
BR002729,TASK26133,S&T,KGP-VSKP,2026-04-19 22:15,2026-04-20 01:21,Interlocking Testing Block,Requested
BR002730,TASK93693,Traction,MAS-JTJ,2026-04-19 22:15,2026-04-19 23:21,Traction Feed Block,Approved
BR002731,TASK23991,S&T,ADI-BRC,2026-04-19 22:45,2026-04-20 01:03,Cable Block,Approved
BR002732,TASK35829,Traction,MGS-HWH,2026-04-19 23:00,2026-04-20 00:38,Power Block,Approved
BR002733,TASK25948,S&T,MGS-HWH,2026-04-19 23:15,2026-04-20 00:49,Cable Block,Completed
BR002734,TASK94714,Traction,NDLS-UMB,2026-04-19 23:30,2026-04-20 01:18,OHE Maintenance Block,Approved
BR002735,TASK32807,S&T,BSR-BPL,2026-04-19 23:45,2026-04-20 03:03,Signal Maintenance Block,Approved
BR002736,TASK29815,Engineering,CSMT-BSR,2026-04-20 00:00,2026-04-20 02:31,Non-Interlocking Block,Completed
BR002737,TASK15511,S&T,ADI-BRC,2026-04-20 00:00,2026-04-20 01:18,Cable Block,Approved
BR002738,TASK81158,Engineering,HWH-KGP,2026-04-20 00:00,2026-04-20 02:33,Track Renewal Block,Completed
BR002739,TASK34416,S&T,JP-ADI,2026-04-20 00:15,2026-04-20 03:08,Signal Maintenance Block,Approved
BR002740,TASK58629,Engineering,PUNE-CSMT,2026-04-20 00:45,2026-04-20 04:15,Track Renewal Block,Approved
BR002741,TASK80962,Traction,HWH-NJP,2026-04-20 01:15,2026-04-20 03:19,OHE Maintenance Block,Requested
BR002742,TASK94826,Engineering,ADI-BRC,2026-04-20 01:15,2026-04-20 04:29,Track Renewal Block,Completed
BR002743,TASK87673,Engineering,BZA-MAS,2026-04-20 01:30,2026-04-20 06:29,Track Renewal Block,Completed
BR002744,TASK25522,S&T,MAS-JTJ,2026-04-20 01:30,2026-04-20 04:24,Cable Block,Approved
BR002745,TASK27549,S&T,KGP-VSKP,2026-04-20 11:15,2026-04-20 12:57,Signal Maintenance Block,Completed
BR002746,TASK28861,S&T,BRC-ST,2026-04-20 11:15,2026-04-20 12:59,Signal Maintenance Block,Approved
BR002747,TASK52044,Traction,BSR-BPL,2026-04-20 11:45,2026-04-20 13:36,Power Block,Approved
BR002748,TASK90732,S&T,JTJ-SBC,2026-04-20 11:45,2026-04-20 12:26,Signal Maintenance Block,Approved
BR002749,TASK54791,Engineering,JP-ADI,2026-04-20 12:00,2026-04-20 13:27,Track Renewal Block,Rejected
BR002750,TASK80768,Engineering,SBC-UBL,2026-04-20 12:15,2026-04-20 13:21,Track Renewal Block,Approved
BR002751,TASK30499,S&T,BZA-SC,2026-04-20 12:45,2026-04-20 14:05,Cable Block,Requested
BR002752,TASK66902,S&T,HWH-NJP,2026-04-20 13:15,2026-04-20 15:05,Interlocking Testing Block,Completed
BR002753,TASK23043,Engineering,BZA-MAS,2026-04-20 14:00,2026-04-20 15:22,Bridge Inspection Block,Requested
BR002754,TASK63872,Engineering,MGS-HWH,2026-04-20 15:00,2026-04-20 16:16,Track Renewal Block,Approved
BR002755,TASK45105,Engineering,ALD-MGS,2026-04-20 22:00,2026-04-21 02:54,Bridge Inspection Block,Approved
BR002756,TASK29346,Engineering,JTJ-SBC,2026-04-20 22:15,2026-04-21 02:54,Bridge Inspection Block,Approved
BR002757,TASK89421,Engineering,ST-BCT,2026-04-20 22:15,2026-04-20 23:33,Bridge Inspection Block,Approved
BR002758,TASK63439,Engineering,NJP-GHY,2026-04-20 22:30,2026-04-20 23:48,Track Renewal Block,Approved
BR002759,TASK30078,Traction,BSR-BPL,2026-04-20 22:30,2026-04-21 02:11,Traction Feed Block,Requested
BR002760,TASK41964,Engineering,ADI-BRC,2026-04-20 22:45,2026-04-21 02:39,Bridge Inspection Block,Approved
BR002761,TASK98131,Engineering,MGS-HWH,2026-04-20 22:45,2026-04-21 03:04,Non-Interlocking Block,Approved
BR002762,TASK80000,Engineering,JTJ-SBC,2026-04-20 23:00,2026-04-21 02:27,Bridge Inspection Block,Approved
BR002763,TASK95044,Traction,SBC-MAS,2026-04-20 23:15,2026-04-21 03:37,OHE Maintenance Block,Completed
BR002764,TASK87837,Engineering,SC-NGP,2026-04-20 23:15,2026-04-21 01:41,Non-Interlocking Block,Approved
BR002765,TASK65717,S&T,SBC-MAS,2026-04-20 23:15,2026-04-21 03:04,Interlocking Testing Block,Approved
BR002766,TASK37155,S&T,BZA-SC,2026-04-20 23:30,2026-04-21 00:52,Cable Block,Completed
BR002767,TASK43957,Engineering,NDLS-GZB,2026-04-20 23:30,2026-04-21 03:11,Non-Interlocking Block,Rejected
BR002768,TASK59845,S&T,BZA-SC,2026-04-20 23:45,2026-04-21 04:05,Cable Block,Approved
BR002769,TASK29663,S&T,ALD-MGS,2026-04-21 00:00,2026-04-21 02:33,Signal Maintenance Block,Approved
BR002770,TASK11413,Engineering,NDLS-JHS,2026-04-21 00:00,2026-04-21 03:37,Non-Interlocking Block,Requested
BR002771,TASK18195,Traction,BZA-MAS,2026-04-21 00:15,2026-04-21 03:14,OHE Maintenance Block,Requested
BR002772,TASK28336,S&T,MGS-HWH,2026-04-21 00:15,2026-04-21 02:07,Signal Maintenance Block,Completed
BR002773,TASK37940,Traction,NDLS-GZB,2026-04-21 01:15,2026-04-21 04:34,Traction Feed Block,Approved
BR002774,TASK57163,Engineering,ADI-BRC,2026-04-21 01:30,2026-04-21 02:33,Non-Interlocking Block,Requested
BR002775,TASK22922,Traction,JTJ-SBC,2026-04-21 10:15,2026-04-21 12:10,Power Block,Approved
BR002776,TASK96715,Engineering,MGS-HWH,2026-04-21 11:30,2026-04-21 13:20,Non-Interlocking Block,Approved
BR002777,TASK25235,Engineering,ST-BCT,2026-04-21 13:00,2026-04-21 14:48,Track Renewal Block,Approved
BR002778,TASK74758,Engineering,BZA-MAS,2026-04-21 13:30,2026-04-21 14:34,Traffic Block,Completed
BR002779,TASK64465,S&T,NJP-GHY,2026-04-21 15:30,2026-04-21 16:24,Cable Block,Rejected
BR002780,TASK72643,S&T,SBC-MAS,2026-04-21 22:15,2026-04-22 01:57,Interlocking Testing Block,Completed
BR002781,TASK48742,Engineering,PUNE-CSMT,2026-04-21 22:30,2026-04-22 01:47,Bridge Inspection Block,Approved
BR002782,TASK44692,S&T,MGS-HWH,2026-04-21 22:30,2026-04-22 00:02,Signal Maintenance Block,Approved
BR002783,TASK47456,Traction,SC-NGP,2026-04-21 22:30,2026-04-22 01:38,Traction Feed Block,Approved
BR002784,TASK85821,S&T,UBL-PUNE,2026-04-21 22:45,2026-04-21 23:49,Cable Block,Approved
BR002785,TASK80995,S&T,CNB-ALD,2026-04-21 22:45,2026-04-22 00:20,Interlocking Testing Block,Approved
BR002786,TASK83380,Traction,BSR-BPL,2026-04-21 22:45,2026-04-22 03:11,Traction Feed Block,Approved
BR002787,TASK58096,Engineering,GZB-CNB,2026-04-21 23:30,2026-04-22 03:05,Non-Interlocking Block,Requested
BR002788,TASK29966,S&T,DLI-JU,2026-04-21 23:30,2026-04-22 01:11,Signal Maintenance Block,Requested
BR002789,TASK93317,Engineering,NDLS-ASR,2026-04-21 23:30,2026-04-22 02:19,Track Renewal Block,Approved
BR002790,TASK99883,Engineering,SBC-UBL,2026-04-21 23:45,2026-04-22 01:15,Track Renewal Block,Approved
BR002791,TASK33018,Traction,NDLS-JHS,2026-04-21 23:45,2026-04-22 01:50,Traction Feed Block,Completed
BR002792,TASK56854,Engineering,KGP-VSKP,2026-04-22 00:00,2026-04-22 04:36,Traffic Block,Approved
BR002793,TASK57842,Traction,BRC-ST,2026-04-22 00:15,2026-04-22 05:14,OHE Maintenance Block,Cancelled
BR002794,TASK87063,Traction,HWH-KGP,2026-04-22 00:30,2026-04-22 03:45,OHE Maintenance Block,Rejected
BR002795,TASK49869,Engineering,HWH-KGP,2026-04-22 00:30,2026-04-22 03:13,Traffic Block,Approved
BR002796,TASK18759,Traction,ALD-MGS,2026-04-22 01:00,2026-04-22 05:42,Power Block,Approved
BR002797,TASK26681,Traction,VSKP-BZA,2026-04-22 01:00,2026-04-22 02:49,Power Block,Approved
BR002798,TASK28903,Traction,GZB-CNB,2026-04-22 01:15,2026-04-22 05:34,OHE Maintenance Block,Requested
BR002799,TASK63649,S&T,NDLS-UMB,2026-04-22 01:30,2026-04-22 03:26,Cable Block,Approved
BR002800,TASK84047,Engineering,ALD-MGS,2026-04-22 01:30,2026-04-22 04:53,Traffic Block,Cancelled
BR002801,TASK99061,S&T,MGS-HWH,2026-04-22 01:30,2026-04-22 02:53,Interlocking Testing Block,Completed
BR002802,TASK66308,S&T,SBC-MAS,2026-04-22 01:45,2026-04-22 06:39,Signal Maintenance Block,Approved
BR002803,TASK58720,S&T,BRC-ST,2026-04-22 10:00,2026-04-22 11:18,Signal Maintenance Block,Rejected
BR002804,TASK13250,Traction,NDLS-ASR,2026-04-22 10:45,2026-04-22 11:30,OHE Maintenance Block,Approved
BR002805,TASK55720,Engineering,SBC-MAS,2026-04-22 14:30,2026-04-22 16:21,Non-Interlocking Block,Approved
BR002806,TASK90881,S&T,VSKP-BZA,2026-04-22 22:00,2026-04-23 00:57,Cable Block,Approved
BR002807,TASK15222,Engineering,GZB-CNB,2026-04-22 22:00,2026-04-22 23:04,Track Renewal Block,Approved
BR002808,TASK91395,Traction,BZA-MAS,2026-04-22 22:00,2026-04-22 23:42,Power Block,Completed
BR002809,TASK20479,Engineering,NDLS-JHS,2026-04-22 22:30,2026-04-23 03:05,Bridge Inspection Block,Approved
BR002810,TASK95366,Traction,NDLS-GZB,2026-04-22 22:30,2026-04-23 01:55,Power Block,Approved
BR002811,TASK45297,Engineering,HWH-KGP,2026-04-22 22:45,2026-04-22 23:45,Non-Interlocking Block,Completed
BR002812,TASK99119,Traction,CNB-ALD,2026-04-22 23:15,2026-04-23 01:40,OHE Maintenance Block,Approved
BR002813,TASK80424,Engineering,ST-BCT,2026-04-22 23:15,2026-04-23 02:21,Bridge Inspection Block,Approved
BR002814,TASK26617,S&T,CSMT-BSR,2026-04-22 23:15,2026-04-23 02:02,Interlocking Testing Block,Approved
BR002815,TASK51620,Engineering,BRC-ST,2026-04-22 23:30,2026-04-23 04:22,Non-Interlocking Block,Completed
BR002816,TASK93354,Traction,ADI-BRC,2026-04-22 23:30,2026-04-23 02:03,Power Block,Approved
BR002817,TASK89749,S&T,MAS-JTJ,2026-04-22 23:45,2026-04-23 02:57,Signal Maintenance Block,Approved
BR002818,TASK68229,S&T,ST-BCT,2026-04-23 00:00,2026-04-23 04:41,Signal Maintenance Block,Approved
BR002819,TASK12426,Engineering,BRC-ST,2026-04-23 00:00,2026-04-23 04:11,Traffic Block,Cancelled
BR002820,TASK73077,S&T,BZA-MAS,2026-04-23 00:15,2026-04-23 02:44,Cable Block,Approved
BR002821,TASK46620,Traction,NDLS-UMB,2026-04-23 00:15,2026-04-23 02:51,Traction Feed Block,Approved
BR002822,TASK39152,Engineering,BRC-ST,2026-04-23 00:15,2026-04-23 01:20,Non-Interlocking Block,Completed
BR002823,TASK94393,Engineering,BRC-ST,2026-04-23 00:30,2026-04-23 02:47,Track Renewal Block,Approved
BR002824,TASK28476,Engineering,SBC-MAS,2026-04-23 00:30,2026-04-23 03:30,Track Renewal Block,Completed
BR002825,TASK20475,Engineering,NDLS-UMB,2026-04-23 00:45,2026-04-23 02:20,Track Renewal Block,Approved
BR002826,TASK73180,S&T,NDLS-GZB,2026-04-23 00:45,2026-04-23 03:08,Signal Maintenance Block,Approved
BR002827,TASK15949,S&T,ST-BCT,2026-04-23 00:45,2026-04-23 05:11,Interlocking Testing Block,Cancelled
BR002828,TASK22764,Traction,JU-JP,2026-04-23 00:45,2026-04-23 04:08,Power Block,Approved
BR002829,TASK82650,S&T,JP-ADI,2026-04-23 01:00,2026-04-23 02:19,Interlocking Testing Block,Approved
BR002830,TASK44024,Engineering,GZB-CNB,2026-04-23 01:00,2026-04-23 04:08,Traffic Block,Approved
BR002831,TASK58497,S&T,PUNE-CSMT,2026-04-23 01:15,2026-04-23 05:35,Signal Maintenance Block,Requested
BR002832,TASK85375,S&T,NDLS-ASR,2026-04-23 01:30,2026-04-23 06:28,Signal Maintenance Block,Requested
BR002833,TASK43515,S&T,BSP-R,2026-04-23 01:45,2026-04-23 04:10,Interlocking Testing Block,Approved
BR002834,TASK58866,Traction,NDLS-JHS,2026-04-23 10:00,2026-04-23 11:06,Power Block,Completed
BR002835,TASK14707,Engineering,SBC-UBL,2026-04-23 11:15,2026-04-23 12:51,Non-Interlocking Block,Approved
BR002836,TASK79641,Traction,SBC-UBL,2026-04-23 13:00,2026-04-23 14:06,OHE Maintenance Block,Approved
BR002837,TASK26362,Traction,BZA-SC,2026-04-23 22:00,2026-04-24 00:10,Power Block,Rejected
BR002838,TASK18721,S&T,NDLS-JHS,2026-04-23 22:00,2026-04-23 23:22,Signal Maintenance Block,Completed
BR002839,TASK12077,S&T,BSR-BPL,2026-04-23 22:00,2026-04-24 00:57,Cable Block,Approved
BR002840,TASK82207,Engineering,SBC-MAS,2026-04-23 22:00,2026-04-23 23:47,Track Renewal Block,Completed
BR002841,TASK91496,S&T,SBC-UBL,2026-04-23 22:30,2026-04-24 01:38,Signal Maintenance Block,Completed
BR002842,TASK49815,Engineering,PUNE-CSMT,2026-04-23 22:30,2026-04-24 02:38,Traffic Block,Completed
BR002843,TASK96320,Engineering,BZA-MAS,2026-04-23 23:00,2026-04-24 00:45,Traffic Block,Cancelled
BR002844,TASK20946,Engineering,ADI-BRC,2026-04-23 23:45,2026-04-24 01:49,Track Renewal Block,Approved
BR002845,TASK43006,S&T,ALD-MGS,2026-04-24 00:15,2026-04-24 03:02,Signal Maintenance Block,Completed
BR002846,TASK39745,Engineering,NDLS-GZB,2026-04-24 00:45,2026-04-24 03:55,Non-Interlocking Block,Approved
BR002847,TASK30615,Engineering,BRC-ST,2026-04-24 00:45,2026-04-24 02:46,Non-Interlocking Block,Rejected
BR002848,TASK36480,Traction,SC-NGP,2026-04-24 01:00,2026-04-24 03:54,Traction Feed Block,Approved
BR002849,TASK51923,Engineering,ADI-BRC,2026-04-24 01:00,2026-04-24 03:12,Track Renewal Block,Completed
BR002850,TASK47841,Engineering,SBC-MAS,2026-04-24 01:15,2026-04-24 05:57,Bridge Inspection Block,Rejected
BR002851,TASK10894,Traction,ADI-BRC,2026-04-24 01:15,2026-04-24 03:34,Power Block,Requested
BR002852,TASK62715,Engineering,BSR-BPL,2026-04-24 01:30,2026-04-24 05:52,Non-Interlocking Block,Requested
BR002853,TASK71816,Engineering,BRC-ST,2026-04-24 01:45,2026-04-24 03:48,Track Renewal Block,Approved
BR002854,TASK17893,Traction,GZB-CNB,2026-04-24 10:45,2026-04-24 11:55,Traction Feed Block,Cancelled
BR002855,TASK13560,Engineering,KGP-VSKP,2026-04-24 11:15,2026-04-24 12:15,Bridge Inspection Block,Rejected
BR002856,TASK11598,S&T,SC-NGP,2026-04-24 11:30,2026-04-24 12:47,Interlocking Testing Block,Cancelled
BR002857,TASK42274,Traction,HWH-KGP,2026-04-24 12:45,2026-04-24 14:15,Power Block,Requested
BR002858,TASK97968,Engineering,NJP-GHY,2026-04-24 12:45,2026-04-24 13:54,Bridge Inspection Block,Rejected
BR002859,TASK44772,S&T,HWH-NJP,2026-04-24 13:30,2026-04-24 14:50,Cable Block,Approved
BR002860,TASK68538,S&T,SBC-MAS,2026-04-24 13:45,2026-04-24 15:06,Cable Block,Approved
BR002861,TASK20542,S&T,DLI-JU,2026-04-24 15:30,2026-04-24 16:45,Interlocking Testing Block,Approved
BR002862,TASK49743,Engineering,NGP-BSP,2026-04-24 15:30,2026-04-24 17:06,Traffic Block,Approved
BR002863,TASK60060,Engineering,NDLS-ASR,2026-04-24 22:30,2026-04-25 00:59,Traffic Block,Requested
BR002864,TASK44565,Traction,BRC-ST,2026-04-24 22:45,2026-04-25 01:21,Traction Feed Block,Rejected
BR002865,TASK15960,Engineering,NDLS-ASR,2026-04-24 23:00,2026-04-25 01:17,Track Renewal Block,Approved
BR002866,TASK34126,S&T,NDLS-GZB,2026-04-24 23:15,2026-04-25 04:04,Cable Block,Approved
BR002867,TASK16110,Engineering,NJP-GHY,2026-04-24 23:15,2026-04-25 01:57,Track Renewal Block,Approved
BR002868,TASK54415,Engineering,BSR-BPL,2026-04-24 23:15,2026-04-25 03:14,Track Renewal Block,Cancelled
BR002869,TASK72620,Engineering,ST-BCT,2026-04-24 23:45,2026-04-25 02:27,Bridge Inspection Block,Approved
BR002870,TASK70550,Engineering,BRC-ST,2026-04-24 23:45,2026-04-25 03:22,Track Renewal Block,Rejected
BR002871,TASK25497,Traction,JP-ADI,2026-04-24 23:45,2026-04-25 04:21,Traction Feed Block,Approved
BR002872,TASK96346,S&T,BRC-ST,2026-04-25 01:15,2026-04-25 02:40,Cable Block,Approved
BR002873,TASK10984,S&T,ST-BCT,2026-04-25 01:15,2026-04-25 04:09,Interlocking Testing Block,Completed
BR002874,TASK97499,Traction,ALD-MGS,2026-04-25 01:30,2026-04-25 05:11,Traction Feed Block,Completed
BR002875,TASK67530,S&T,NDLS-GZB,2026-04-25 01:30,2026-04-25 05:14,Cable Block,Approved
BR002876,TASK43009,Engineering,NDLS-GZB,2026-04-25 01:30,2026-04-25 04:57,Non-Interlocking Block,Completed
BR002877,TASK89229,S&T,UBL-PUNE,2026-04-25 01:45,2026-04-25 06:12,Signal Maintenance Block,Requested
BR002878,TASK27039,Traction,BZA-SC,2026-04-25 10:00,2026-04-25 11:03,Power Block,Rejected
BR002879,TASK32167,S&T,GZB-CNB,2026-04-25 10:45,2026-04-25 11:37,Interlocking Testing Block,Approved
BR002880,TASK54164,Traction,NDLS-JHS,2026-04-25 14:45,2026-04-25 15:29,Power Block,Approved
BR002881,TASK87570,Traction,BSR-BPL,2026-04-25 15:15,2026-04-25 15:48,Traction Feed Block,Approved
BR002882,TASK74888,S&T,SBC-MAS,2026-04-25 22:00,2026-04-26 00:11,Cable Block,Approved
BR002883,TASK80606,Traction,SBC-UBL,2026-04-25 22:30,2026-04-26 00:48,Traction Feed Block,Approved
BR002884,TASK22001,Traction,SBC-MAS,2026-04-25 22:30,2026-04-25 23:43,OHE Maintenance Block,Cancelled
BR002885,TASK16067,Engineering,VSKP-BZA,2026-04-25 22:45,2026-04-26 02:20,Track Renewal Block,Approved
BR002886,TASK92651,Traction,GZB-CNB,2026-04-25 22:45,2026-04-26 02:23,Power Block,Approved
BR002887,TASK33161,S&T,JP-ADI,2026-04-25 23:00,2026-04-26 00:42,Cable Block,Completed
BR002888,TASK29229,Traction,BSP-R,2026-04-25 23:00,2026-04-26 01:28,Traction Feed Block,Approved
BR002889,TASK12906,Engineering,BSP-R,2026-04-25 23:15,2026-04-26 00:26,Traffic Block,Approved
BR002890,TASK93875,S&T,SBC-MAS,2026-04-25 23:15,2026-04-26 03:16,Cable Block,Completed
BR002891,TASK17285,Traction,PUNE-CSMT,2026-04-25 23:15,2026-04-26 01:15,Traction Feed Block,Approved
BR002892,TASK11159,Engineering,HWH-KGP,2026-04-25 23:15,2026-04-26 03:15,Traffic Block,Requested
BR002893,TASK72411,Engineering,HWH-NJP,2026-04-25 23:15,2026-04-26 03:11,Track Renewal Block,Requested
BR002894,TASK29817,S&T,BZA-MAS,2026-04-25 23:30,2026-04-26 01:06,Cable Block,Approved
BR002895,TASK65191,Traction,PUNE-CSMT,2026-04-25 23:30,2026-04-26 03:08,Power Block,Rejected
BR002896,TASK80568,Engineering,NDLS-JHS,2026-04-25 23:30,2026-04-26 04:28,Track Renewal Block,Rejected
BR002897,TASK58602,Engineering,VSKP-BZA,2026-04-26 00:00,2026-04-26 02:01,Traffic Block,Approved
BR002898,TASK91199,S&T,BPL-JHS,2026-04-26 00:00,2026-04-26 03:41,Interlocking Testing Block,Approved
BR002899,TASK41162,S&T,ALD-MGS,2026-04-26 00:15,2026-04-26 02:08,Signal Maintenance Block,Approved
BR002900,TASK28615,Traction,SC-NGP,2026-04-26 00:30,2026-04-26 02:29,Traction Feed Block,Approved
BR002901,TASK29843,Engineering,MAS-JTJ,2026-04-26 00:30,2026-04-26 03:49,Non-Interlocking Block,Completed
BR002902,TASK79165,Traction,BRC-ST,2026-04-26 01:30,2026-04-26 02:54,OHE Maintenance Block,Approved
BR002903,TASK59124,Traction,CNB-ALD,2026-04-26 01:45,2026-04-26 03:47,Power Block,Approved
BR002904,TASK55945,Engineering,ST-BCT,2026-04-26 01:45,2026-04-26 04:57,Bridge Inspection Block,Completed
BR002905,TASK29046,Engineering,NDLS-UMB,2026-04-26 11:15,2026-04-26 12:09,Bridge Inspection Block,Cancelled
BR002906,TASK17400,Engineering,DLI-JU,2026-04-26 12:30,2026-04-26 14:26,Non-Interlocking Block,Approved
BR002907,TASK94380,Engineering,MAS-JTJ,2026-04-26 14:00,2026-04-26 15:40,Bridge Inspection Block,Approved
BR002908,TASK12801,Engineering,MAS-JTJ,2026-04-26 22:00,2026-04-27 01:11,Track Renewal Block,Approved
BR002909,TASK22536,Engineering,JU-JP,2026-04-26 22:00,2026-04-26 23:58,Traffic Block,Rejected
BR002910,TASK83567,Engineering,BRC-ST,2026-04-26 22:30,2026-04-27 02:25,Non-Interlocking Block,Approved
BR002911,TASK52999,Traction,CSMT-BSR,2026-04-26 22:45,2026-04-27 01:20,Power Block,Requested
BR002912,TASK85332,Engineering,BZA-MAS,2026-04-26 22:45,2026-04-27 03:13,Bridge Inspection Block,Approved
BR002913,TASK68298,Traction,CNB-ALD,2026-04-26 23:00,2026-04-27 00:01,Power Block,Requested
BR002914,TASK10615,Engineering,SBC-MAS,2026-04-26 23:00,2026-04-27 02:38,Track Renewal Block,Approved
BR002915,TASK59736,Traction,ALD-MGS,2026-04-26 23:00,2026-04-27 02:23,Traction Feed Block,Completed
BR002916,TASK69082,S&T,BPL-JHS,2026-04-26 23:15,2026-04-27 02:17,Signal Maintenance Block,Completed
BR002917,TASK68545,Engineering,MAS-JTJ,2026-04-26 23:30,2026-04-27 01:08,Non-Interlocking Block,Approved
BR002918,TASK99677,Engineering,ST-BCT,2026-04-27 00:00,2026-04-27 04:44,Bridge Inspection Block,Approved
BR002919,TASK81752,Engineering,HWH-NJP,2026-04-27 00:15,2026-04-27 04:44,Traffic Block,Approved
BR002920,TASK47915,Engineering,GZB-CNB,2026-04-27 00:30,2026-04-27 04:00,Non-Interlocking Block,Completed
BR002921,TASK69780,Engineering,NDLS-UMB,2026-04-27 00:30,2026-04-27 04:08,Traffic Block,Requested
BR002922,TASK10148,Engineering,NGP-BSP,2026-04-27 00:30,2026-04-27 04:42,Bridge Inspection Block,Approved
BR002923,TASK81163,Engineering,MGS-HWH,2026-04-27 00:45,2026-04-27 03:12,Traffic Block,Approved
BR002924,TASK79032,Engineering,CNB-ALD,2026-04-27 01:15,2026-04-27 05:53,Bridge Inspection Block,Approved
BR002925,TASK29000,S&T,DLI-JU,2026-04-27 01:30,2026-04-27 04:15,Interlocking Testing Block,Approved
BR002926,TASK94610,S&T,DLI-JU,2026-04-27 01:45,2026-04-27 05:11,Cable Block,Approved
BR002927,TASK26652,Traction,BSP-R,2026-04-27 01:45,2026-04-27 04:59,Power Block,Requested
BR002928,TASK30392,Engineering,NJP-GHY,2026-04-27 10:45,2026-04-27 12:33,Non-Interlocking Block,Requested
BR002929,TASK14507,S&T,BZA-MAS,2026-04-27 12:45,2026-04-27 14:05,Interlocking Testing Block,Approved
BR002930,TASK92747,Engineering,ADI-BRC,2026-04-27 12:45,2026-04-27 13:48,Non-Interlocking Block,Completed
BR002931,TASK99450,S&T,ALD-MGS,2026-04-27 15:45,2026-04-27 17:27,Interlocking Testing Block,Rejected
BR002932,TASK17586,Engineering,BZA-SC,2026-04-27 22:15,2026-04-28 02:05,Non-Interlocking Block,Approved
BR002933,TASK26647,Engineering,SBC-MAS,2026-04-27 22:30,2026-04-28 02:49,Track Renewal Block,Approved
BR002934,TASK68060,Engineering,ALD-MGS,2026-04-27 22:45,2026-04-28 02:55,Non-Interlocking Block,Rejected
BR002935,TASK45761,S&T,BZA-MAS,2026-04-27 22:45,2026-04-28 03:15,Interlocking Testing Block,Approved
BR002936,TASK97151,Engineering,BSR-BPL,2026-04-27 23:00,2026-04-28 02:16,Non-Interlocking Block,Requested
BR002937,TASK76525,S&T,VSKP-BZA,2026-04-27 23:00,2026-04-28 02:16,Cable Block,Approved
BR002938,TASK88501,Traction,MGS-HWH,2026-04-27 23:00,2026-04-28 03:58,OHE Maintenance Block,Approved
BR002939,TASK30888,Engineering,NDLS-ASR,2026-04-27 23:15,2026-04-28 01:21,Traffic Block,Approved
BR002940,TASK98595,Traction,GZB-CNB,2026-04-27 23:30,2026-04-28 02:39,OHE Maintenance Block,Approved
BR002941,TASK84677,S&T,BZA-MAS,2026-04-27 23:45,2026-04-28 01:39,Signal Maintenance Block,Completed
BR002942,TASK90050,Engineering,JP-ADI,2026-04-27 23:45,2026-04-28 02:26,Traffic Block,Approved
BR002943,TASK91227,S&T,JTJ-SBC,2026-04-27 23:45,2026-04-28 01:31,Signal Maintenance Block,Requested
BR002944,TASK94073,Traction,ADI-BRC,2026-04-28 00:00,2026-04-28 04:37,OHE Maintenance Block,Requested
BR002945,TASK25886,Traction,ADI-BRC,2026-04-28 00:00,2026-04-28 01:57,OHE Maintenance Block,Completed
BR002946,TASK69469,Traction,BZA-SC,2026-04-28 00:00,2026-04-28 04:02,OHE Maintenance Block,Approved
BR002947,TASK45539,Engineering,BSR-BPL,2026-04-28 00:00,2026-04-28 04:49,Non-Interlocking Block,Approved
BR002948,TASK48031,Engineering,BZA-MAS,2026-04-28 00:00,2026-04-28 03:27,Non-Interlocking Block,Approved
BR002949,TASK38206,Engineering,BSP-R,2026-04-28 00:15,2026-04-28 03:50,Bridge Inspection Block,Approved
BR002950,TASK51700,S&T,ALD-MGS,2026-04-28 00:45,2026-04-28 05:21,Interlocking Testing Block,Completed
BR002951,TASK21202,Traction,BPL-JHS,2026-04-28 01:00,2026-04-28 03:25,Power Block,Approved
BR002952,TASK43823,Engineering,NDLS-UMB,2026-04-28 10:30,2026-04-28 12:20,Traffic Block,Completed
BR002953,TASK50747,S&T,VSKP-BZA,2026-04-28 11:15,2026-04-28 12:54,Interlocking Testing Block,Completed
BR002954,TASK44182,Engineering,PUNE-CSMT,2026-04-28 11:30,2026-04-28 13:01,Traffic Block,Approved
BR002955,TASK30026,Engineering,CNB-ALD,2026-04-28 11:45,2026-04-28 12:35,Bridge Inspection Block,Approved
BR002956,TASK15293,S&T,SC-NGP,2026-04-28 11:45,2026-04-28 13:37,Interlocking Testing Block,Requested
BR002957,TASK19305,Engineering,VSKP-BZA,2026-04-28 12:00,2026-04-28 12:31,Non-Interlocking Block,Completed
BR002958,TASK30310,S&T,BSP-R,2026-04-28 12:30,2026-04-28 14:16,Signal Maintenance Block,Approved
BR002959,TASK72062,S&T,CNB-ALD,2026-04-28 12:30,2026-04-28 14:00,Signal Maintenance Block,Cancelled
BR002960,TASK76555,Traction,ST-BCT,2026-04-28 14:15,2026-04-28 16:04,Power Block,Rejected
BR002961,TASK39110,S&T,JTJ-SBC,2026-04-28 15:00,2026-04-28 16:14,Signal Maintenance Block,Completed
BR002962,TASK74257,Engineering,NDLS-UMB,2026-04-28 15:00,2026-04-28 16:54,Bridge Inspection Block,Completed
BR002963,TASK72764,Engineering,CSMT-BSR,2026-04-28 22:00,2026-04-29 02:16,Bridge Inspection Block,Approved
BR002964,TASK31694,Traction,BSP-R,2026-04-28 22:00,2026-04-29 02:46,OHE Maintenance Block,Approved
BR002965,TASK48589,Engineering,ST-BCT,2026-04-28 22:00,2026-04-29 00:39,Bridge Inspection Block,Approved
BR002966,TASK95728,Engineering,HWH-NJP,2026-04-28 22:15,2026-04-28 23:22,Track Renewal Block,Completed
BR002967,TASK42189,Engineering,UBL-PUNE,2026-04-28 22:30,2026-04-29 02:23,Bridge Inspection Block,Completed
BR002968,TASK16131,Traction,ADI-BRC,2026-04-28 22:30,2026-04-28 23:57,Traction Feed Block,Requested
BR002969,TASK11152,Traction,HWH-KGP,2026-04-28 23:00,2026-04-29 01:51,OHE Maintenance Block,Requested
BR002970,TASK94554,Traction,BPL-JHS,2026-04-28 23:00,2026-04-29 02:40,OHE Maintenance Block,Approved
BR002971,TASK94541,Engineering,ADI-BRC,2026-04-28 23:00,2026-04-29 01:02,Traffic Block,Approved
BR002972,TASK99041,S&T,ST-BCT,2026-04-28 23:15,2026-04-29 04:13,Interlocking Testing Block,Completed
BR002973,TASK72205,Traction,SC-NGP,2026-04-28 23:15,2026-04-29 01:01,OHE Maintenance Block,Approved
BR002974,TASK50534,Engineering,GZB-CNB,2026-04-28 23:30,2026-04-29 02:54,Traffic Block,Completed
BR002975,TASK21060,Traction,ST-BCT,2026-04-28 23:45,2026-04-29 00:52,Power Block,Cancelled
BR002976,TASK60974,Engineering,CNB-ALD,2026-04-28 23:45,2026-04-29 03:02,Non-Interlocking Block,Rejected
BR002977,TASK59031,Engineering,NDLS-UMB,2026-04-29 00:30,2026-04-29 03:44,Non-Interlocking Block,Rejected
BR002978,TASK74881,S&T,UBL-PUNE,2026-04-29 00:45,2026-04-29 04:05,Signal Maintenance Block,Requested
BR002979,TASK59541,Traction,CSMT-BSR,2026-04-29 00:45,2026-04-29 04:57,Traction Feed Block,Approved
BR002980,TASK79745,S&T,UBL-PUNE,2026-04-29 01:15,2026-04-29 03:52,Interlocking Testing Block,Completed
BR002981,TASK23731,S&T,NDLS-UMB,2026-04-29 01:30,2026-04-29 05:30,Signal Maintenance Block,Approved
BR002982,TASK32247,Traction,NDLS-JHS,2026-04-29 01:30,2026-04-29 03:02,OHE Maintenance Block,Approved
BR002983,TASK26649,S&T,JTJ-SBC,2026-04-29 01:45,2026-04-29 02:45,Interlocking Testing Block,Completed
BR002984,TASK46961,S&T,NDLS-GZB,2026-04-29 11:30,2026-04-29 12:43,Signal Maintenance Block,Rejected
BR002985,TASK93773,Traction,BPL-JHS,2026-04-29 12:15,2026-04-29 14:05,Traction Feed Block,Requested
BR002986,TASK93936,S&T,MGS-HWH,2026-04-29 13:00,2026-04-29 14:28,Cable Block,Approved
BR002987,TASK30491,Engineering,ALD-MGS,2026-04-29 14:00,2026-04-29 15:47,Track Renewal Block,Approved
BR002988,TASK64902,S&T,BSR-BPL,2026-04-29 15:00,2026-04-29 15:46,Interlocking Testing Block,Approved
BR002989,TASK45016,Traction,NDLS-UMB,2026-04-29 15:30,2026-04-29 16:28,Traction Feed Block,Rejected
BR002990,TASK56966,Engineering,VSKP-BZA,2026-04-29 22:15,2026-04-30 02:24,Bridge Inspection Block,Approved
BR002991,TASK41274,S&T,SBC-UBL,2026-04-29 22:30,2026-04-29 23:57,Cable Block,Rejected
BR002992,TASK50164,Engineering,CNB-ALD,2026-04-29 22:30,2026-04-30 02:55,Bridge Inspection Block,Completed
BR002993,TASK55660,Engineering,CNB-ALD,2026-04-29 23:00,2026-04-30 02:37,Traffic Block,Completed
BR002994,TASK56192,Engineering,MAS-JTJ,2026-04-29 23:00,2026-04-30 00:31,Track Renewal Block,Cancelled
BR002995,TASK66229,Engineering,BSR-BPL,2026-04-29 23:15,2026-04-30 02:46,Traffic Block,Approved
BR002996,TASK52689,Engineering,CNB-ALD,2026-04-29 23:30,2026-04-30 03:57,Traffic Block,Approved
BR002997,TASK65983,Engineering,ALD-MGS,2026-04-29 23:30,2026-04-30 04:17,Traffic Block,Cancelled
BR002998,TASK92758,Traction,BRC-ST,2026-04-29 23:45,2026-04-30 01:48,Power Block,Approved
BR002999,TASK67248,Engineering,SBC-UBL,2026-04-29 23:45,2026-04-30 03:49,Bridge Inspection Block,Approved
BR003000,TASK26147,S&T,NDLS-UMB,2026-04-30 00:30,2026-04-30 03:55,Signal Maintenance Block,Approved
BR003001,TASK73139,Traction,JTJ-SBC,2026-04-30 00:30,2026-04-30 02:36,OHE Maintenance Block,Requested
BR003002,TASK93103,Engineering,UBL-PUNE,2026-04-30 00:45,2026-04-30 05:37,Bridge Inspection Block,Approved
BR003003,TASK40636,S&T,NDLS-GZB,2026-04-30 01:00,2026-04-30 03:25,Cable Block,Approved
BR003004,TASK97872,S&T,JU-JP,2026-04-30 01:00,2026-04-30 04:03,Interlocking Testing Block,Requested
BR003005,TASK70616,Engineering,CSMT-BSR,2026-04-30 01:00,2026-04-30 02:25,Non-Interlocking Block,Rejected
BR003006,TASK59767,S&T,BZA-SC,2026-04-30 01:00,2026-04-30 02:05,Interlocking Testing Block,Approved
BR003007,TASK81722,Engineering,BRC-ST,2026-04-30 01:30,2026-04-30 05:36,Bridge Inspection Block,Requested
BR003008,TASK63437,Engineering,KGP-VSKP,2026-04-30 01:45,2026-04-30 05:57,Traffic Block,Approved
BR003009,TASK14548,Traction,JP-ADI,2026-04-30 10:15,2026-04-30 10:59,Traction Feed Block,Approved
BR003010,TASK13858,S&T,ALD-MGS,2026-04-30 11:45,2026-04-30 13:06,Cable Block,Approved
BR003011,TASK18854,Engineering,SBC-UBL,2026-04-30 13:15,2026-04-30 14:04,Non-Interlocking Block,Approved
BR003012,TASK30290,Engineering,NDLS-JHS,2026-04-30 13:45,2026-04-30 14:57,Track Renewal Block,Cancelled
BR003013,TASK24088,S&T,MGS-HWH,2026-04-30 14:30,2026-04-30 15:25,Cable Block,Requested
BR003014,TASK38382,Engineering,BSP-R,2026-04-30 14:45,2026-04-30 15:51,Traffic Block,Rejected
BR003015,TASK70010,S&T,CNB-ALD,2026-04-30 15:15,2026-04-30 16:29,Interlocking Testing Block,Completed
BR003016,TASK92218,Traction,BPL-JHS,2026-04-30 22:00,2026-04-30 23:57,OHE Maintenance Block,Approved
BR003017,TASK56674,Engineering,DLI-JU,2026-04-30 22:00,2026-05-01 01:25,Track Renewal Block,Cancelled
BR003018,TASK90978,S&T,SC-NGP,2026-04-30 22:45,2026-05-01 00:00,Signal Maintenance Block,Approved
BR003019,TASK72299,Engineering,ALD-MGS,2026-04-30 22:45,2026-05-01 01:22,Traffic Block,Cancelled
BR003020,TASK67048,Engineering,VSKP-BZA,2026-04-30 23:00,2026-05-01 00:40,Traffic Block,Approved
BR003021,TASK70326,Engineering,BSP-R,2026-04-30 23:15,2026-05-01 01:54,Bridge Inspection Block,Approved
BR003022,TASK61200,S&T,SBC-UBL,2026-04-30 23:15,2026-05-01 01:07,Signal Maintenance Block,Approved
BR003023,TASK39129,Engineering,NDLS-GZB,2026-04-30 23:45,2026-05-01 02:53,Traffic Block,Approved
BR003024,TASK76892,S&T,CNB-ALD,2026-05-01 00:00,2026-05-01 02:01,Signal Maintenance Block,Approved
BR003025,TASK31956,Engineering,BRC-ST,2026-05-01 00:00,2026-05-01 03:01,Traffic Block,Approved
BR003026,TASK18788,Traction,NDLS-ASR,2026-05-01 00:00,2026-05-01 03:18,Power Block,Requested
BR003027,TASK82094,Traction,GZB-CNB,2026-05-01 00:15,2026-05-01 04:11,Power Block,Rejected
BR003028,TASK66334,Traction,MGS-HWH,2026-05-01 00:15,2026-05-01 03:33,OHE Maintenance Block,Completed
BR003029,TASK11932,S&T,ADI-BRC,2026-05-01 00:30,2026-05-01 03:03,Interlocking Testing Block,Approved
BR003030,TASK44827,Engineering,ALD-MGS,2026-05-01 00:30,2026-05-01 03:05,Non-Interlocking Block,Approved
BR003031,TASK14276,Engineering,ALD-MGS,2026-05-01 00:45,2026-05-01 05:28,Track Renewal Block,Completed
BR003032,TASK81650,Engineering,KGP-VSKP,2026-05-01 01:00,2026-05-01 05:20,Bridge Inspection Block,Approved
BR003033,TASK56376,Engineering,GZB-CNB,2026-05-01 01:00,2026-05-01 04:49,Traffic Block,Approved
BR003034,TASK29216,S&T,SC-NGP,2026-05-01 01:00,2026-05-01 03:38,Cable Block,Approved
BR003035,TASK17316,S&T,BSR-BPL,2026-05-01 01:00,2026-05-01 03:38,Interlocking Testing Block,Completed
BR003036,TASK88754,S&T,HWH-KGP,2026-05-01 01:15,2026-05-01 06:01,Cable Block,Approved
BR003037,TASK41989,S&T,VSKP-BZA,2026-05-01 01:15,2026-05-01 03:58,Interlocking Testing Block,Approved
BR003038,TASK56745,Engineering,CSMT-BSR,2026-05-01 01:30,2026-05-01 05:36,Non-Interlocking Block,Approved
BR003039,TASK44709,S&T,BPL-JHS,2026-05-01 01:30,2026-05-01 03:50,Signal Maintenance Block,Requested
BR003040,TASK98157,Engineering,JTJ-SBC,2026-05-01 01:45,2026-05-01 06:18,Non-Interlocking Block,Approved
BR003041,TASK58759,Traction,CSMT-BSR,2026-05-01 01:45,2026-05-01 05:38,Power Block,Approved
BR003042,TASK69272,S&T,HWH-KGP,2026-05-01 10:15,2026-05-01 10:49,Interlocking Testing Block,Approved
BR003043,TASK92253,Engineering,NDLS-GZB,2026-05-01 12:15,2026-05-01 13:41,Traffic Block,Completed
BR003044,TASK95519,S&T,GZB-CNB,2026-05-01 12:15,2026-05-01 13:15,Signal Maintenance Block,Approved
BR003045,TASK76480,S&T,JU-JP,2026-05-01 13:15,2026-05-01 14:51,Signal Maintenance Block,Completed
BR003046,TASK78596,Traction,MGS-HWH,2026-05-01 13:30,2026-05-01 14:04,OHE Maintenance Block,Approved
BR003047,TASK95882,Engineering,GZB-CNB,2026-05-01 22:15,2026-05-01 23:29,Non-Interlocking Block,Approved
BR003048,TASK36097,S&T,NDLS-GZB,2026-05-01 22:45,2026-05-02 03:35,Signal Maintenance Block,Approved
BR003049,TASK96822,S&T,ST-BCT,2026-05-01 22:45,2026-05-02 02:43,Interlocking Testing Block,Approved
BR003050,TASK43129,Engineering,BZA-MAS,2026-05-01 22:45,2026-05-02 03:04,Track Renewal Block,Rejected
BR003051,TASK99944,Engineering,HWH-NJP,2026-05-01 22:45,2026-05-02 02:59,Bridge Inspection Block,Completed
BR003052,TASK82002,S&T,NDLS-GZB,2026-05-01 23:00,2026-05-02 01:54,Signal Maintenance Block,Completed
BR003053,TASK53896,Traction,SC-NGP,2026-05-01 23:00,2026-05-02 02:46,OHE Maintenance Block,Rejected
BR003054,TASK24374,S&T,BRC-ST,2026-05-01 23:15,2026-05-02 02:45,Cable Block,Approved
BR003055,TASK29579,S&T,SC-NGP,2026-05-01 23:30,2026-05-02 00:30,Cable Block,Approved
BR003056,TASK99259,Traction,BZA-MAS,2026-05-01 23:30,2026-05-02 01:15,OHE Maintenance Block,Approved
BR003057,TASK65886,Engineering,MGS-HWH,2026-05-01 23:45,2026-05-02 04:23,Track Renewal Block,Requested
BR003058,TASK19291,Engineering,BRC-ST,2026-05-01 23:45,2026-05-02 03:40,Non-Interlocking Block,Rejected
BR003059,TASK28494,S&T,NGP-BSP,2026-05-02 00:00,2026-05-02 02:14,Interlocking Testing Block,Requested
BR003060,TASK18986,Engineering,GZB-CNB,2026-05-02 00:00,2026-05-02 03:02,Non-Interlocking Block,Rejected
BR003061,TASK36071,Engineering,JTJ-SBC,2026-05-02 00:00,2026-05-02 02:10,Non-Interlocking Block,Approved
BR003062,TASK65611,Engineering,NDLS-ASR,2026-05-02 00:30,2026-05-02 03:41,Non-Interlocking Block,Approved
BR003063,TASK87273,Engineering,ADI-BRC,2026-05-02 00:30,2026-05-02 02:03,Bridge Inspection Block,Rejected
BR003064,TASK55050,Engineering,CSMT-BSR,2026-05-02 00:30,2026-05-02 01:32,Non-Interlocking Block,Requested
BR003065,TASK79706,S&T,HWH-KGP,2026-05-02 00:45,2026-05-02 02:53,Signal Maintenance Block,Completed
BR003066,TASK27875,Traction,BPL-JHS,2026-05-02 00:45,2026-05-02 04:51,Power Block,Rejected
BR003067,TASK13895,Engineering,BSR-BPL,2026-05-02 01:00,2026-05-02 03:14,Track Renewal Block,Completed
BR003068,TASK21541,Engineering,CSMT-BSR,2026-05-02 01:15,2026-05-02 04:28,Bridge Inspection Block,Approved
BR003069,TASK45917,Engineering,NDLS-JHS,2026-05-02 01:15,2026-05-02 04:54,Bridge Inspection Block,Approved
BR003070,TASK54478,Engineering,JTJ-SBC,2026-05-02 01:15,2026-05-02 03:24,Traffic Block,Completed
BR003071,TASK10399,Engineering,SC-NGP,2026-05-02 01:30,2026-05-02 05:00,Bridge Inspection Block,Approved
BR003072,TASK28439,Engineering,NDLS-ASR,2026-05-02 01:45,2026-05-02 04:29,Bridge Inspection Block,Rejected
BR003073,TASK34621,Traction,HWH-KGP,2026-05-02 10:15,2026-05-02 11:45,Power Block,Requested
BR003074,TASK35492,Engineering,NDLS-UMB,2026-05-02 11:15,2026-05-02 12:23,Non-Interlocking Block,Approved
BR003075,TASK18194,Traction,SC-NGP,2026-05-02 12:15,2026-05-02 13:08,Power Block,Approved
BR003076,TASK36969,Traction,GZB-CNB,2026-05-02 14:00,2026-05-02 15:19,OHE Maintenance Block,Approved
BR003077,TASK49649,Traction,HWH-NJP,2026-05-02 14:45,2026-05-02 15:37,Traction Feed Block,Approved
BR003078,TASK82726,S&T,BSP-R,2026-05-02 15:30,2026-05-02 16:46,Signal Maintenance Block,Approved
BR003079,TASK60377,Engineering,HWH-KGP,2026-05-02 22:15,2026-05-03 00:53,Non-Interlocking Block,Approved
BR003080,TASK25269,S&T,BRC-ST,2026-05-02 23:15,2026-05-03 01:52,Cable Block,Approved
BR003081,TASK79642,Engineering,JTJ-SBC,2026-05-02 23:15,2026-05-03 04:11,Non-Interlocking Block,Approved
BR003082,TASK81785,S&T,NJP-GHY,2026-05-02 23:45,2026-05-03 02:39,Signal Maintenance Block,Requested
BR003083,TASK57247,Traction,MGS-HWH,2026-05-02 23:45,2026-05-03 02:44,OHE Maintenance Block,Rejected
BR003084,TASK67027,Engineering,DLI-JU,2026-05-03 00:00,2026-05-03 01:54,Bridge Inspection Block,Approved
BR003085,TASK26194,Traction,HWH-NJP,2026-05-03 00:45,2026-05-03 03:23,Traction Feed Block,Approved
BR003086,TASK37713,Traction,CNB-ALD,2026-05-03 01:00,2026-05-03 05:04,OHE Maintenance Block,Rejected
BR003087,TASK17223,Engineering,MGS-HWH,2026-05-03 01:15,2026-05-03 05:11,Non-Interlocking Block,Completed
BR003088,TASK18120,Engineering,GZB-CNB,2026-05-03 01:15,2026-05-03 05:08,Non-Interlocking Block,Rejected
BR003089,TASK38824,Engineering,SBC-MAS,2026-05-03 01:30,2026-05-03 03:15,Track Renewal Block,Approved
BR003090,TASK64091,Traction,ALD-MGS,2026-05-03 01:30,2026-05-03 04:10,OHE Maintenance Block,Approved
BR003091,TASK56289,Engineering,JTJ-SBC,2026-05-03 01:45,2026-05-03 05:27,Non-Interlocking Block,Completed
BR003092,TASK78753,Traction,JU-JP,2026-05-03 10:00,2026-05-03 11:09,OHE Maintenance Block,Approved
BR003093,TASK47198,Traction,BPL-JHS,2026-05-03 11:45,2026-05-03 12:58,Traction Feed Block,Approved
BR003094,TASK95205,S&T,SBC-UBL,2026-05-03 12:15,2026-05-03 13:55,Signal Maintenance Block,Approved
BR003095,TASK79606,Engineering,NDLS-JHS,2026-05-03 12:15,2026-05-03 13:16,Track Renewal Block,Approved
BR003096,TASK39261,Traction,JP-ADI,2026-05-03 12:15,2026-05-03 14:07,OHE Maintenance Block,Approved
BR003097,TASK62689,S&T,UBL-PUNE,2026-05-03 14:00,2026-05-03 15:02,Cable Block,Approved
BR003098,TASK58659,Engineering,NDLS-UMB,2026-05-03 22:00,2026-05-04 01:22,Bridge Inspection Block,Requested
BR003099,TASK40919,Engineering,HWH-KGP,2026-05-03 22:00,2026-05-04 00:09,Track Renewal Block,Approved
BR003100,TASK97162,Engineering,CNB-ALD,2026-05-03 22:00,2026-05-04 00:05,Traffic Block,Completed
BR003101,TASK87513,Engineering,CNB-ALD,2026-05-03 22:15,2026-05-04 02:47,Bridge Inspection Block,Approved
BR003102,TASK66725,S&T,ADI-BRC,2026-05-03 22:30,2026-05-03 23:53,Interlocking Testing Block,Rejected
BR003103,TASK85325,Engineering,HWH-KGP,2026-05-03 22:45,2026-05-04 01:09,Track Renewal Block,Completed
BR003104,TASK17714,Engineering,UBL-PUNE,2026-05-03 22:45,2026-05-04 01:09,Bridge Inspection Block,Requested
BR003105,TASK45131,S&T,NJP-GHY,2026-05-03 22:45,2026-05-03 23:55,Cable Block,Requested
BR003106,TASK17226,Engineering,JU-JP,2026-05-03 22:45,2026-05-04 01:23,Non-Interlocking Block,Completed
BR003107,TASK88074,Engineering,CNB-ALD,2026-05-03 23:15,2026-05-04 03:39,Track Renewal Block,Approved
BR003108,TASK14398,S&T,CSMT-BSR,2026-05-03 23:30,2026-05-04 01:46,Interlocking Testing Block,Approved
BR003109,TASK66213,Traction,BZA-MAS,2026-05-03 23:45,2026-05-04 01:34,OHE Maintenance Block,Requested
BR003110,TASK48772,Engineering,SBC-UBL,2026-05-03 23:45,2026-05-04 04:44,Track Renewal Block,Completed
BR003111,TASK73007,Engineering,BPL-JHS,2026-05-04 00:00,2026-05-04 02:50,Track Renewal Block,Approved
BR003112,TASK70090,Engineering,GZB-CNB,2026-05-04 00:15,2026-05-04 05:09,Non-Interlocking Block,Approved
BR003113,TASK90840,Traction,ST-BCT,2026-05-04 01:00,2026-05-04 05:44,OHE Maintenance Block,Approved
BR003114,TASK92988,Traction,PUNE-CSMT,2026-05-04 01:45,2026-05-04 04:26,Power Block,Requested
BR003115,TASK21786,Engineering,NDLS-UMB,2026-05-04 12:30,2026-05-04 13:45,Track Renewal Block,Approved
BR003116,TASK43315,Engineering,DLI-JU,2026-05-04 12:45,2026-05-04 14:43,Traffic Block,Requested
BR003117,TASK24055,Traction,ADI-BRC,2026-05-04 13:00,2026-05-04 13:46,Power Block,Requested
BR003118,TASK17892,Traction,BZA-SC,2026-05-04 13:00,2026-05-04 14:08,OHE Maintenance Block,Approved
BR003119,TASK22956,S&T,MAS-JTJ,2026-05-04 13:30,2026-05-04 14:23,Cable Block,Approved
BR003120,TASK84280,S&T,SBC-MAS,2026-05-04 22:00,2026-05-05 00:55,Interlocking Testing Block,Requested
BR003121,TASK86786,Traction,ALD-MGS,2026-05-04 22:00,2026-05-04 23:37,Traction Feed Block,Requested
BR003122,TASK60406,Traction,GZB-CNB,2026-05-04 22:00,2026-05-04 23:43,Power Block,Rejected
BR003123,TASK45165,Engineering,GZB-CNB,2026-05-04 22:15,2026-05-05 00:51,Traffic Block,Approved
BR003124,TASK44551,S&T,BZA-MAS,2026-05-04 22:15,2026-05-05 00:30,Signal Maintenance Block,Approved
BR003125,TASK91005,Traction,ADI-BRC,2026-05-04 22:30,2026-05-05 02:10,OHE Maintenance Block,Rejected
BR003126,TASK65215,Traction,DLI-JU,2026-05-04 22:45,2026-05-05 00:01,Traction Feed Block,Approved
BR003127,TASK14080,S&T,PUNE-CSMT,2026-05-04 22:45,2026-05-05 02:29,Signal Maintenance Block,Approved
BR003128,TASK52471,Traction,CSMT-BSR,2026-05-04 22:45,2026-05-05 02:48,Power Block,Approved
BR003129,TASK48842,Engineering,UBL-PUNE,2026-05-04 22:45,2026-05-05 02:55,Non-Interlocking Block,Requested
BR003130,TASK25452,S&T,HWH-NJP,2026-05-04 23:30,2026-05-05 03:00,Cable Block,Approved
BR003131,TASK88390,Engineering,BZA-SC,2026-05-04 23:30,2026-05-05 02:09,Track Renewal Block,Approved
BR003132,TASK78097,Engineering,MAS-JTJ,2026-05-04 23:45,2026-05-05 02:18,Non-Interlocking Block,Approved
BR003133,TASK33927,S&T,NDLS-JHS,2026-05-04 23:45,2026-05-05 03:04,Signal Maintenance Block,Approved
BR003134,TASK31557,Traction,NDLS-JHS,2026-05-04 23:45,2026-05-05 02:46,OHE Maintenance Block,Requested
BR003135,TASK45171,Engineering,HWH-KGP,2026-05-05 01:00,2026-05-05 03:06,Bridge Inspection Block,Approved
BR003136,TASK86255,Traction,NDLS-UMB,2026-05-05 01:15,2026-05-05 02:49,Power Block,Approved
BR003137,TASK20016,S&T,CSMT-BSR,2026-05-05 01:15,2026-05-05 02:31,Signal Maintenance Block,Approved
BR003138,TASK15862,Traction,BSR-BPL,2026-05-05 01:15,2026-05-05 05:36,OHE Maintenance Block,Approved
BR003139,TASK38216,Engineering,GZB-CNB,2026-05-05 01:30,2026-05-05 04:19,Traffic Block,Approved
BR003140,TASK99782,S&T,BZA-SC,2026-05-05 01:45,2026-05-05 05:09,Signal Maintenance Block,Approved
BR003141,TASK85824,Engineering,JP-ADI,2026-05-05 01:45,2026-05-05 04:57,Track Renewal Block,Requested
BR003142,TASK36017,S&T,BZA-SC,2026-05-05 01:45,2026-05-05 06:20,Cable Block,Approved
BR003143,TASK23812,Engineering,ST-BCT,2026-05-05 10:00,2026-05-05 11:48,Bridge Inspection Block,Requested
BR003144,TASK98234,Traction,MGS-HWH,2026-05-05 11:00,2026-05-05 12:10,Traction Feed Block,Approved
BR003145,TASK65411,Engineering,NDLS-GZB,2026-05-05 11:15,2026-05-05 13:11,Bridge Inspection Block,Approved
BR003146,TASK87836,Traction,MGS-HWH,2026-05-05 12:45,2026-05-05 14:25,Power Block,Requested
BR003147,TASK49531,Engineering,ALD-MGS,2026-05-05 13:45,2026-05-05 15:29,Bridge Inspection Block,Approved
BR003148,TASK58670,Engineering,UBL-PUNE,2026-05-05 15:45,2026-05-05 17:08,Bridge Inspection Block,Rejected
BR003149,TASK64153,Engineering,BRC-ST,2026-05-05 22:15,2026-05-06 00:19,Non-Interlocking Block,Cancelled
BR003150,TASK44012,Engineering,ST-BCT,2026-05-05 22:15,2026-05-06 00:57,Traffic Block,Completed
BR003151,TASK59728,Engineering,BSR-BPL,2026-05-05 22:30,2026-05-06 01:33,Track Renewal Block,Approved
BR003152,TASK73860,Traction,BZA-SC,2026-05-05 22:45,2026-05-06 01:43,OHE Maintenance Block,Approved
BR003153,TASK70309,S&T,VSKP-BZA,2026-05-05 23:00,2026-05-06 02:28,Cable Block,Rejected
BR003154,TASK30148,Traction,HWH-NJP,2026-05-05 23:00,2026-05-06 02:50,OHE Maintenance Block,Rejected
BR003155,TASK95113,S&T,MGS-HWH,2026-05-05 23:30,2026-05-06 01:32,Signal Maintenance Block,Approved
BR003156,TASK98121,Engineering,NDLS-UMB,2026-05-05 23:45,2026-05-06 01:08,Track Renewal Block,Approved
BR003157,TASK87229,Traction,MAS-JTJ,2026-05-05 23:45,2026-05-06 03:52,OHE Maintenance Block,Requested
BR003158,TASK86205,S&T,ADI-BRC,2026-05-06 01:00,2026-05-06 04:27,Signal Maintenance Block,Requested
BR003159,TASK72220,Traction,MGS-HWH,2026-05-06 01:00,2026-05-06 03:46,Traction Feed Block,Approved
BR003160,TASK65265,S&T,ADI-BRC,2026-05-06 01:15,2026-05-06 02:31,Interlocking Testing Block,Requested
BR003161,TASK40120,S&T,KGP-VSKP,2026-05-06 01:15,2026-05-06 05:02,Interlocking Testing Block,Requested
BR003162,TASK54480,Traction,SBC-UBL,2026-05-06 01:30,2026-05-06 06:24,Power Block,Rejected
BR003163,TASK83850,S&T,GZB-CNB,2026-05-06 01:45,2026-05-06 04:11,Interlocking Testing Block,Requested
BR003164,TASK67970,Engineering,SC-NGP,2026-05-06 14:45,2026-05-06 15:44,Traffic Block,Approved
BR003165,TASK44415,Engineering,ALD-MGS,2026-05-06 22:00,2026-05-07 02:51,Track Renewal Block,Rejected
BR003166,TASK10604,Engineering,BSP-R,2026-05-06 22:00,2026-05-07 02:53,Traffic Block,Approved
BR003167,TASK88221,Engineering,NDLS-UMB,2026-05-06 22:00,2026-05-07 02:33,Bridge Inspection Block,Approved
BR003168,TASK42166,Engineering,BZA-MAS,2026-05-06 23:30,2026-05-07 01:33,Track Renewal Block,Approved
BR003169,TASK57591,Engineering,BRC-ST,2026-05-06 23:30,2026-05-07 01:55,Bridge Inspection Block,Approved
BR003170,TASK68094,Engineering,ADI-BRC,2026-05-06 23:45,2026-05-07 01:46,Track Renewal Block,Completed
BR003171,TASK20522,S&T,BZA-SC,2026-05-06 23:45,2026-05-07 03:25,Signal Maintenance Block,Completed
BR003172,TASK80811,Engineering,CSMT-BSR,2026-05-07 00:15,2026-05-07 03:23,Traffic Block,Requested
BR003173,TASK69880,Traction,NDLS-JHS,2026-05-07 00:15,2026-05-07 04:20,Power Block,Cancelled
BR003174,TASK47151,S&T,KGP-VSKP,2026-05-07 00:45,2026-05-07 02:38,Signal Maintenance Block,Approved
BR003175,TASK73298,Engineering,ALD-MGS,2026-05-07 01:15,2026-05-07 03:18,Non-Interlocking Block,Approved
BR003176,TASK20209,Engineering,CNB-ALD,2026-05-07 01:15,2026-05-07 02:26,Non-Interlocking Block,Requested
BR003177,TASK51267,S&T,ALD-MGS,2026-05-07 01:30,2026-05-07 04:04,Cable Block,Requested
BR003178,TASK16108,S&T,JP-ADI,2026-05-07 01:30,2026-05-07 04:24,Cable Block,Completed
BR003179,TASK73495,S&T,ST-BCT,2026-05-07 01:45,2026-05-07 04:36,Interlocking Testing Block,Completed
BR003180,TASK88518,S&T,JTJ-SBC,2026-05-07 10:45,2026-05-07 12:08,Signal Maintenance Block,Approved
BR003181,TASK42103,Engineering,NDLS-UMB,2026-05-07 11:45,2026-05-07 12:54,Non-Interlocking Block,Completed
BR003182,TASK81179,Engineering,BPL-JHS,2026-05-07 13:00,2026-05-07 14:47,Track Renewal Block,Approved
BR003183,TASK24480,S&T,NGP-BSP,2026-05-07 13:30,2026-05-07 14:38,Signal Maintenance Block,Approved
BR003184,TASK70626,S&T,DLI-JU,2026-05-07 13:30,2026-05-07 14:52,Cable Block,Requested
BR003185,TASK37911,S&T,MGS-HWH,2026-05-07 15:00,2026-05-07 16:24,Interlocking Testing Block,Rejected
BR003186,TASK81565,Engineering,NDLS-UMB,2026-05-07 15:30,2026-05-07 16:59,Bridge Inspection Block,Requested
BR003187,TASK79941,Engineering,ALD-MGS,2026-05-07 22:00,2026-05-07 23:01,Traffic Block,Approved
BR003188,TASK74615,S&T,HWH-KGP,2026-05-07 22:15,2026-05-08 00:51,Signal Maintenance Block,Approved
BR003189,TASK33376,Traction,MGS-HWH,2026-05-07 22:45,2026-05-08 02:03,OHE Maintenance Block,Rejected
BR003190,TASK24328,Engineering,BRC-ST,2026-05-07 22:45,2026-05-08 02:19,Bridge Inspection Block,Approved
BR003191,TASK93526,Engineering,UBL-PUNE,2026-05-07 23:00,2026-05-08 02:19,Bridge Inspection Block,Approved
BR003192,TASK47809,Traction,BSR-BPL,2026-05-07 23:00,2026-05-08 02:51,Power Block,Rejected
BR003193,TASK57841,S&T,BZA-MAS,2026-05-07 23:15,2026-05-08 04:00,Signal Maintenance Block,Rejected
BR003194,TASK41786,S&T,BSR-BPL,2026-05-07 23:30,2026-05-08 01:35,Cable Block,Approved
BR003195,TASK84767,S&T,BSP-R,2026-05-07 23:45,2026-05-08 01:17,Interlocking Testing Block,Rejected
BR003196,TASK91605,S&T,BRC-ST,2026-05-07 23:45,2026-05-08 04:16,Signal Maintenance Block,Approved
BR003197,TASK38446,Engineering,MGS-HWH,2026-05-08 00:00,2026-05-08 01:56,Traffic Block,Approved
BR003198,TASK96861,Traction,MGS-HWH,2026-05-08 00:15,2026-05-08 03:08,Power Block,Approved
BR003199,TASK57420,Engineering,NDLS-ASR,2026-05-08 00:15,2026-05-08 05:04,Traffic Block,Rejected
BR003200,TASK38726,Engineering,MGS-HWH,2026-05-08 00:30,2026-05-08 05:25,Bridge Inspection Block,Approved
BR003201,TASK48554,Traction,BZA-SC,2026-05-08 01:30,2026-05-08 06:25,OHE Maintenance Block,Completed
BR003202,TASK60618,Engineering,BRC-ST,2026-05-08 01:45,2026-05-08 03:23,Bridge Inspection Block,Approved
BR003203,TASK87060,S&T,VSKP-BZA,2026-05-08 01:45,2026-05-08 04:07,Signal Maintenance Block,Requested
BR003204,TASK30975,Traction,NDLS-ASR,2026-05-08 10:30,2026-05-08 11:41,Power Block,Approved
BR003205,TASK52837,Traction,NGP-BSP,2026-05-08 12:00,2026-05-08 13:52,Power Block,Approved
BR003206,TASK62367,S&T,BSR-BPL,2026-05-08 12:15,2026-05-08 13:46,Interlocking Testing Block,Approved
BR003207,TASK38084,S&T,HWH-KGP,2026-05-08 12:45,2026-05-08 14:23,Signal Maintenance Block,Completed
BR003208,TASK87051,S&T,UBL-PUNE,2026-05-08 12:45,2026-05-08 13:24,Interlocking Testing Block,Approved
BR003209,TASK11138,Engineering,HWH-KGP,2026-05-08 13:15,2026-05-08 14:47,Non-Interlocking Block,Approved
BR003210,TASK81357,Engineering,BZA-MAS,2026-05-08 22:00,2026-05-08 23:55,Track Renewal Block,Requested
BR003211,TASK20035,Traction,BSR-BPL,2026-05-08 22:00,2026-05-09 00:00,OHE Maintenance Block,Approved
BR003212,TASK36715,Engineering,BZA-MAS,2026-05-08 22:15,2026-05-09 01:43,Bridge Inspection Block,Approved
BR003213,TASK74255,S&T,KGP-VSKP,2026-05-08 22:15,2026-05-09 00:04,Interlocking Testing Block,Completed
BR003214,TASK25440,Engineering,BSP-R,2026-05-08 22:30,2026-05-09 02:58,Traffic Block,Approved
BR003215,TASK85201,Engineering,BRC-ST,2026-05-08 22:45,2026-05-09 01:12,Non-Interlocking Block,Approved
BR003216,TASK55504,Engineering,UBL-PUNE,2026-05-08 22:45,2026-05-09 00:23,Track Renewal Block,Completed
BR003217,TASK53523,Traction,CSMT-BSR,2026-05-08 22:45,2026-05-09 03:39,OHE Maintenance Block,Rejected
BR003218,TASK92971,Engineering,JP-ADI,2026-05-08 23:00,2026-05-09 00:08,Track Renewal Block,Requested
BR003219,TASK63805,S&T,BPL-JHS,2026-05-08 23:00,2026-05-09 02:05,Cable Block,Approved
BR003220,TASK35184,S&T,BSR-BPL,2026-05-08 23:15,2026-05-09 00:33,Cable Block,Approved
BR003221,TASK54882,Engineering,UBL-PUNE,2026-05-08 23:15,2026-05-09 03:47,Non-Interlocking Block,Approved
BR003222,TASK62254,Traction,NDLS-UMB,2026-05-08 23:15,2026-05-09 03:09,Power Block,Approved
BR003223,TASK17389,Engineering,NGP-BSP,2026-05-08 23:30,2026-05-09 01:02,Traffic Block,Approved
BR003224,TASK24029,S&T,NDLS-JHS,2026-05-08 23:30,2026-05-09 02:18,Signal Maintenance Block,Approved
BR003225,TASK34368,Engineering,PUNE-CSMT,2026-05-08 23:45,2026-05-09 03:36,Bridge Inspection Block,Approved
BR003226,TASK14585,Engineering,ALD-MGS,2026-05-08 23:45,2026-05-09 01:25,Non-Interlocking Block,Approved
BR003227,TASK31836,Traction,JU-JP,2026-05-08 23:45,2026-05-09 04:28,Power Block,Approved
BR003228,TASK37989,S&T,BSR-BPL,2026-05-09 00:00,2026-05-09 02:46,Interlocking Testing Block,Completed
BR003229,TASK14343,Traction,ST-BCT,2026-05-09 00:00,2026-05-09 03:14,OHE Maintenance Block,Approved
BR003230,TASK62714,Engineering,ALD-MGS,2026-05-09 00:00,2026-05-09 01:41,Non-Interlocking Block,Completed
BR003231,TASK12158,Traction,UBL-PUNE,2026-05-09 00:30,2026-05-09 03:12,OHE Maintenance Block,Requested
BR003232,TASK58662,Engineering,MGS-HWH,2026-05-09 00:45,2026-05-09 04:04,Non-Interlocking Block,Approved
BR003233,TASK64873,Engineering,BRC-ST,2026-05-09 00:45,2026-05-09 04:23,Traffic Block,Approved
BR003234,TASK27593,Engineering,BSR-BPL,2026-05-09 01:15,2026-05-09 05:33,Traffic Block,Rejected
BR003235,TASK21755,S&T,ADI-BRC,2026-05-09 01:30,2026-05-09 04:16,Interlocking Testing Block,Approved
BR003236,TASK32981,Engineering,NDLS-GZB,2026-05-09 01:30,2026-05-09 02:35,Traffic Block,Completed
BR003237,TASK91241,Engineering,MGS-HWH,2026-05-09 01:45,2026-05-09 04:42,Non-Interlocking Block,Approved
BR003238,TASK98294,Engineering,GZB-CNB,2026-05-09 01:45,2026-05-09 06:17,Traffic Block,Rejected
BR003239,TASK18339,S&T,SBC-MAS,2026-05-09 10:45,2026-05-09 11:46,Interlocking Testing Block,Completed
BR003240,TASK23495,Engineering,MGS-HWH,2026-05-09 10:45,2026-05-09 11:41,Track Renewal Block,Requested
BR003241,TASK23308,Engineering,ALD-MGS,2026-05-09 12:15,2026-05-09 13:20,Bridge Inspection Block,Rejected
BR003242,TASK70981,Engineering,NDLS-GZB,2026-05-09 13:45,2026-05-09 15:41,Bridge Inspection Block,Rejected
BR003243,TASK88869,Engineering,GZB-CNB,2026-05-09 14:45,2026-05-09 16:07,Bridge Inspection Block,Rejected
BR003244,TASK48972,Traction,GZB-CNB,2026-05-09 15:30,2026-05-09 17:04,OHE Maintenance Block,Approved
BR003245,TASK70180,S&T,MAS-JTJ,2026-05-09 22:15,2026-05-09 23:38,Interlocking Testing Block,Approved
BR003246,TASK98955,Engineering,UBL-PUNE,2026-05-09 22:15,2026-05-10 00:28,Non-Interlocking Block,Approved
BR003247,TASK97042,S&T,MAS-JTJ,2026-05-09 22:15,2026-05-09 23:37,Signal Maintenance Block,Requested
BR003248,TASK45018,S&T,ST-BCT,2026-05-09 22:15,2026-05-10 02:29,Cable Block,Approved
BR003249,TASK71039,Traction,MAS-JTJ,2026-05-09 22:30,2026-05-10 00:43,OHE Maintenance Block,Rejected
BR003250,TASK90532,Engineering,VSKP-BZA,2026-05-09 22:45,2026-05-10 03:12,Non-Interlocking Block,Rejected
BR003251,TASK68948,Engineering,JU-JP,2026-05-09 23:30,2026-05-10 04:23,Bridge Inspection Block,Rejected
BR003252,TASK72383,Engineering,ALD-MGS,2026-05-09 23:45,2026-05-10 02:10,Bridge Inspection Block,Approved
BR003253,TASK84172,S&T,BPL-JHS,2026-05-09 23:45,2026-05-10 01:42,Cable Block,Approved
BR003254,TASK45418,Traction,MAS-JTJ,2026-05-10 00:00,2026-05-10 04:44,Power Block,Approved
BR003255,TASK30370,Engineering,SBC-UBL,2026-05-10 00:15,2026-05-10 01:18,Track Renewal Block,Approved
BR003256,TASK75600,S&T,ALD-MGS,2026-05-10 00:15,2026-05-10 01:47,Signal Maintenance Block,Requested
BR003257,TASK17685,S&T,MAS-JTJ,2026-05-10 00:30,2026-05-10 04:02,Signal Maintenance Block,Approved
BR003258,TASK58049,S&T,NJP-GHY,2026-05-10 00:30,2026-05-10 02:53,Signal Maintenance Block,Approved
BR003259,TASK54039,Traction,BZA-SC,2026-05-10 00:45,2026-05-10 03:39,Power Block,Approved
BR003260,TASK72318,Traction,ST-BCT,2026-05-10 01:00,2026-05-10 05:54,Traction Feed Block,Cancelled
BR003261,TASK54754,Traction,BRC-ST,2026-05-10 01:00,2026-05-10 04:24,OHE Maintenance Block,Approved
BR003262,TASK33090,S&T,NDLS-UMB,2026-05-10 01:00,2026-05-10 02:46,Cable Block,Approved
BR003263,TASK68185,Engineering,SBC-MAS,2026-05-10 01:15,2026-05-10 03:32,Bridge Inspection Block,Completed
BR003264,TASK31051,S&T,MGS-HWH,2026-05-10 01:15,2026-05-10 04:38,Cable Block,Approved
BR003265,TASK93369,Engineering,BZA-MAS,2026-05-10 01:15,2026-05-10 02:40,Bridge Inspection Block,Cancelled
BR003266,TASK84565,Engineering,NDLS-ASR,2026-05-10 01:30,2026-05-10 04:48,Bridge Inspection Block,Cancelled
BR003267,TASK18659,Engineering,ADI-BRC,2026-05-10 01:45,2026-05-10 05:20,Bridge Inspection Block,Cancelled
BR003268,TASK81134,Engineering,CSMT-BSR,2026-05-10 01:45,2026-05-10 04:47,Traffic Block,Rejected
BR003269,TASK92790,S&T,SBC-UBL,2026-05-10 10:15,2026-05-10 10:54,Cable Block,Approved
BR003270,TASK38300,S&T,JTJ-SBC,2026-05-10 10:30,2026-05-10 11:01,Cable Block,Cancelled
BR003271,TASK79836,Engineering,SBC-MAS,2026-05-10 11:00,2026-05-10 12:09,Bridge Inspection Block,Completed
BR003272,TASK71547,Engineering,BRC-ST,2026-05-10 11:15,2026-05-10 12:20,Non-Interlocking Block,Approved
BR003273,TASK27162,Engineering,BSR-BPL,2026-05-10 11:45,2026-05-10 12:45,Bridge Inspection Block,Approved
BR003274,TASK15021,S&T,BSR-BPL,2026-05-10 11:45,2026-05-10 12:25,Interlocking Testing Block,Approved
BR003275,TASK22648,Engineering,BZA-SC,2026-05-10 15:00,2026-05-10 16:34,Bridge Inspection Block,Completed
BR003276,TASK20624,S&T,UBL-PUNE,2026-05-10 15:00,2026-05-10 15:32,Signal Maintenance Block,Approved
BR003277,TASK66783,Traction,HWH-KGP,2026-05-10 15:45,2026-05-10 17:35,Power Block,Approved
BR003278,TASK44318,Traction,JU-JP,2026-05-10 22:00,2026-05-10 23:12,Traction Feed Block,Rejected
BR003279,TASK94162,Engineering,CNB-ALD,2026-05-10 22:15,2026-05-11 00:48,Bridge Inspection Block,Approved
BR003280,TASK27113,Engineering,JTJ-SBC,2026-05-10 22:15,2026-05-11 01:15,Bridge Inspection Block,Cancelled
BR003281,TASK35547,Engineering,GZB-CNB,2026-05-10 22:30,2026-05-10 23:40,Bridge Inspection Block,Completed
BR003282,TASK58140,Engineering,JTJ-SBC,2026-05-10 22:30,2026-05-11 00:14,Bridge Inspection Block,Rejected
BR003283,TASK43512,S&T,JU-JP,2026-05-10 23:00,2026-05-11 00:22,Signal Maintenance Block,Approved
BR003284,TASK82589,Engineering,JU-JP,2026-05-10 23:00,2026-05-11 02:10,Bridge Inspection Block,Approved
BR003285,TASK49012,Traction,ALD-MGS,2026-05-10 23:15,2026-05-11 02:36,OHE Maintenance Block,Completed
BR003286,TASK33704,Engineering,NGP-BSP,2026-05-10 23:15,2026-05-11 00:28,Traffic Block,Approved
BR003287,TASK35250,Engineering,ADI-BRC,2026-05-10 23:45,2026-05-11 04:09,Non-Interlocking Block,Completed
BR003288,TASK77649,Engineering,CNB-ALD,2026-05-10 23:45,2026-05-11 02:00,Traffic Block,Rejected
BR003289,TASK17478,Traction,MGS-HWH,2026-05-11 00:15,2026-05-11 04:13,Traction Feed Block,Completed
BR003290,TASK92324,Traction,GZB-CNB,2026-05-11 01:00,2026-05-11 05:35,Power Block,Completed
BR003291,TASK53255,S&T,CNB-ALD,2026-05-11 01:30,2026-05-11 03:30,Interlocking Testing Block,Completed
BR003292,TASK52254,S&T,NJP-GHY,2026-05-11 01:30,2026-05-11 04:01,Interlocking Testing Block,Approved
BR003293,TASK91458,S&T,NGP-BSP,2026-05-11 01:45,2026-05-11 04:26,Interlocking Testing Block,Rejected
BR003294,TASK48141,S&T,NDLS-GZB,2026-05-11 01:45,2026-05-11 03:11,Signal Maintenance Block,Completed
BR003295,TASK67416,Engineering,VSKP-BZA,2026-05-11 01:45,2026-05-11 05:28,Track Renewal Block,Rejected
BR003296,TASK26778,Traction,NDLS-UMB,2026-05-11 11:45,2026-05-11 13:39,Traction Feed Block,Approved
BR003297,TASK93163,Engineering,MGS-HWH,2026-05-11 14:00,2026-05-11 15:14,Traffic Block,Approved
BR003298,TASK95486,S&T,NDLS-JHS,2026-05-11 22:15,2026-05-12 01:45,Interlocking Testing Block,Rejected
BR003299,TASK71243,Engineering,SC-NGP,2026-05-11 22:30,2026-05-12 00:21,Non-Interlocking Block,Approved
BR003300,TASK36751,S&T,BSR-BPL,2026-05-11 22:30,2026-05-12 01:51,Cable Block,Approved
BR003301,TASK30026,Traction,ST-BCT,2026-05-11 22:30,2026-05-12 00:00,OHE Maintenance Block,Approved
BR003302,TASK98170,Engineering,BZA-SC,2026-05-11 22:45,2026-05-11 23:51,Bridge Inspection Block,Completed
BR003303,TASK34784,Engineering,NGP-BSP,2026-05-11 22:45,2026-05-12 03:31,Non-Interlocking Block,Cancelled
BR003304,TASK72737,Engineering,PUNE-CSMT,2026-05-11 23:00,2026-05-12 01:11,Track Renewal Block,Approved
BR003305,TASK13873,S&T,JP-ADI,2026-05-11 23:00,2026-05-12 01:50,Cable Block,Approved
BR003306,TASK75826,Traction,PUNE-CSMT,2026-05-11 23:30,2026-05-12 02:53,OHE Maintenance Block,Approved
BR003307,TASK97949,Engineering,MGS-HWH,2026-05-11 23:45,2026-05-12 03:18,Track Renewal Block,Approved
BR003308,TASK17226,Engineering,KGP-VSKP,2026-05-12 00:15,2026-05-12 01:59,Bridge Inspection Block,Approved
BR003309,TASK22459,Traction,BSP-R,2026-05-12 00:15,2026-05-12 01:36,Power Block,Requested
BR003310,TASK59128,Engineering,CSMT-BSR,2026-05-12 00:15,2026-05-12 03:12,Non-Interlocking Block,Approved
BR003311,TASK11719,Engineering,ST-BCT,2026-05-12 00:30,2026-05-12 04:59,Non-Interlocking Block,Approved
BR003312,TASK61958,Engineering,BZA-MAS,2026-05-12 00:30,2026-05-12 04:51,Traffic Block,Approved
BR003313,TASK14727,Traction,NDLS-UMB,2026-05-12 00:30,2026-05-12 05:13,Traction Feed Block,Completed
BR003314,TASK61871,Traction,BSP-R,2026-05-12 00:30,2026-05-12 01:33,Power Block,Approved
BR003315,TASK19822,Engineering,CSMT-BSR,2026-05-12 00:30,2026-05-12 04:24,Track Renewal Block,Requested
BR003316,TASK58593,Engineering,NDLS-GZB,2026-05-12 00:30,2026-05-12 02:56,Track Renewal Block,Completed
BR003317,TASK11489,Engineering,HWH-KGP,2026-05-12 01:00,2026-05-12 02:46,Non-Interlocking Block,Approved
BR003318,TASK55836,Engineering,NJP-GHY,2026-05-12 01:15,2026-05-12 02:56,Traffic Block,Completed
BR003319,TASK88249,S&T,BSP-R,2026-05-12 01:30,2026-05-12 02:40,Signal Maintenance Block,Completed
BR003320,TASK83569,Engineering,KGP-VSKP,2026-05-12 01:30,2026-05-12 06:12,Traffic Block,Requested
BR003321,TASK45677,S&T,NDLS-ASR,2026-05-12 01:45,2026-05-12 04:11,Signal Maintenance Block,Approved
BR003322,TASK84889,S&T,GZB-CNB,2026-05-12 11:15,2026-05-12 11:48,Signal Maintenance Block,Approved
BR003323,TASK38529,S&T,BPL-JHS,2026-05-12 12:45,2026-05-12 14:26,Cable Block,Approved
BR003324,TASK16999,Traction,ST-BCT,2026-05-12 15:15,2026-05-12 16:48,Power Block,Approved
BR003325,TASK16503,Traction,VSKP-BZA,2026-05-12 22:00,2026-05-13 00:42,Power Block,Approved
BR003326,TASK67903,S&T,NDLS-JHS,2026-05-12 22:15,2026-05-13 01:55,Interlocking Testing Block,Requested
BR003327,TASK30727,S&T,JU-JP,2026-05-12 22:15,2026-05-13 01:42,Interlocking Testing Block,Rejected
BR003328,TASK15658,S&T,BZA-MAS,2026-05-12 22:15,2026-05-13 02:01,Cable Block,Cancelled
BR003329,TASK59530,Engineering,CNB-ALD,2026-05-12 22:15,2026-05-13 02:43,Non-Interlocking Block,Approved
BR003330,TASK85609,Traction,SBC-MAS,2026-05-12 22:15,2026-05-13 02:59,Power Block,Approved
BR003331,TASK93147,S&T,CSMT-BSR,2026-05-12 22:15,2026-05-13 02:31,Signal Maintenance Block,Approved
BR003332,TASK27130,S&T,PUNE-CSMT,2026-05-12 22:30,2026-05-13 01:20,Interlocking Testing Block,Rejected
BR003333,TASK15535,Traction,NDLS-GZB,2026-05-12 22:45,2026-05-13 00:11,OHE Maintenance Block,Approved
BR003334,TASK50219,S&T,JTJ-SBC,2026-05-12 23:00,2026-05-13 02:28,Cable Block,Approved
BR003335,TASK44939,Engineering,JP-ADI,2026-05-12 23:00,2026-05-13 02:00,Track Renewal Block,Approved
BR003336,TASK21748,S&T,NDLS-ASR,2026-05-12 23:30,2026-05-13 02:10,Signal Maintenance Block,Approved
BR003337,TASK11855,Engineering,ALD-MGS,2026-05-12 23:30,2026-05-13 02:53,Track Renewal Block,Completed
BR003338,TASK70112,Traction,HWH-NJP,2026-05-12 23:30,2026-05-13 01:44,Power Block,Completed
BR003339,TASK48937,Engineering,NJP-GHY,2026-05-13 00:00,2026-05-13 03:51,Bridge Inspection Block,Approved
BR003340,TASK61666,Engineering,BSR-BPL,2026-05-13 00:00,2026-05-13 03:15,Non-Interlocking Block,Approved
BR003341,TASK12715,S&T,CSMT-BSR,2026-05-13 00:45,2026-05-13 02:14,Interlocking Testing Block,Approved
BR003342,TASK91134,Engineering,NDLS-ASR,2026-05-13 01:00,2026-05-13 02:29,Track Renewal Block,Requested
BR003343,TASK75436,S&T,VSKP-BZA,2026-05-13 01:00,2026-05-13 03:11,Signal Maintenance Block,Approved
BR003344,TASK86432,Engineering,BZA-MAS,2026-05-13 01:00,2026-05-13 03:16,Track Renewal Block,Approved
BR003345,TASK63714,S&T,SC-NGP,2026-05-13 01:00,2026-05-13 02:42,Signal Maintenance Block,Requested
BR003346,TASK21399,Traction,CSMT-BSR,2026-05-13 01:00,2026-05-13 02:52,Traction Feed Block,Completed
BR003347,TASK36732,Traction,HWH-KGP,2026-05-13 01:00,2026-05-13 02:06,OHE Maintenance Block,Approved
BR003348,TASK75680,Traction,JP-ADI,2026-05-13 01:15,2026-05-13 03:45,Power Block,Approved
BR003349,TASK53432,Traction,JTJ-SBC,2026-05-13 01:30,2026-05-13 03:12,OHE Maintenance Block,Approved
BR003350,TASK93371,Engineering,KGP-VSKP,2026-05-13 01:45,2026-05-13 03:05,Non-Interlocking Block,Approved
BR003351,TASK14823,Traction,BPL-JHS,2026-05-13 10:15,2026-05-13 10:57,OHE Maintenance Block,Approved
BR003352,TASK67956,Engineering,BSP-R,2026-05-13 12:30,2026-05-13 13:24,Bridge Inspection Block,Approved
BR003353,TASK49782,Engineering,MGS-HWH,2026-05-13 13:45,2026-05-13 15:36,Track Renewal Block,Approved
BR003354,TASK20433,S&T,SBC-MAS,2026-05-13 15:00,2026-05-13 16:57,Signal Maintenance Block,Approved
BR003355,TASK62702,Engineering,BRC-ST,2026-05-13 22:15,2026-05-14 01:41,Bridge Inspection Block,Rejected
BR003356,TASK75668,S&T,DLI-JU,2026-05-13 22:30,2026-05-14 02:59,Signal Maintenance Block,Approved
BR003357,TASK99263,Traction,HWH-KGP,2026-05-13 22:45,2026-05-14 03:26,OHE Maintenance Block,Approved
BR003358,TASK12475,Traction,CNB-ALD,2026-05-13 22:45,2026-05-14 03:22,OHE Maintenance Block,Approved
BR003359,TASK91812,Traction,MGS-HWH,2026-05-13 23:00,2026-05-14 00:54,Power Block,Completed
BR003360,TASK20986,Engineering,VSKP-BZA,2026-05-13 23:00,2026-05-14 02:49,Track Renewal Block,Rejected
BR003361,TASK63145,Engineering,BPL-JHS,2026-05-13 23:15,2026-05-14 03:41,Track Renewal Block,Requested
BR003362,TASK52234,Traction,GZB-CNB,2026-05-13 23:30,2026-05-14 00:32,Traction Feed Block,Approved
BR003363,TASK25383,Engineering,ST-BCT,2026-05-13 23:45,2026-05-14 03:24,Traffic Block,Requested
BR003364,TASK54314,Traction,BPL-JHS,2026-05-13 23:45,2026-05-14 01:44,Traction Feed Block,Approved
BR003365,TASK60127,Engineering,MAS-JTJ,2026-05-14 00:00,2026-05-14 01:06,Non-Interlocking Block,Requested
BR003366,TASK42729,Traction,GZB-CNB,2026-05-14 00:00,2026-05-14 04:18,Power Block,Approved
BR003367,TASK23765,Engineering,SC-NGP,2026-05-14 00:15,2026-05-14 03:14,Traffic Block,Approved
BR003368,TASK19138,Engineering,PUNE-CSMT,2026-05-14 00:15,2026-05-14 02:27,Track Renewal Block,Approved
BR003369,TASK46652,Engineering,MGS-HWH,2026-05-14 00:30,2026-05-14 05:20,Bridge Inspection Block,Completed
BR003370,TASK15991,S&T,BZA-MAS,2026-05-14 00:45,2026-05-14 01:49,Cable Block,Cancelled
BR003371,TASK85354,Engineering,KGP-VSKP,2026-05-14 01:00,2026-05-14 04:30,Non-Interlocking Block,Approved
BR003372,TASK41963,Traction,NDLS-GZB,2026-05-14 01:45,2026-05-14 05:31,Power Block,Completed
BR003373,TASK24949,Traction,NGP-BSP,2026-05-14 11:45,2026-05-14 13:04,Traction Feed Block,Approved
BR003374,TASK32341,Traction,BZA-MAS,2026-05-14 11:45,2026-05-14 13:11,OHE Maintenance Block,Requested
BR003375,TASK12133,Engineering,MAS-JTJ,2026-05-14 12:00,2026-05-14 12:57,Bridge Inspection Block,Approved
BR003376,TASK55086,Engineering,NDLS-JHS,2026-05-14 12:45,2026-05-14 13:15,Traffic Block,Rejected
BR003377,TASK41036,S&T,NDLS-GZB,2026-05-14 15:30,2026-05-14 16:45,Cable Block,Requested
BR003378,TASK33947,Engineering,VSKP-BZA,2026-05-14 22:00,2026-05-15 00:25,Non-Interlocking Block,Approved
BR003379,TASK52280,Engineering,VSKP-BZA,2026-05-14 22:30,2026-05-15 00:49,Track Renewal Block,Approved
BR003380,TASK36782,S&T,NDLS-JHS,2026-05-14 22:45,2026-05-15 01:59,Cable Block,Approved
BR003381,TASK34770,Engineering,BZA-SC,2026-05-14 22:45,2026-05-15 03:17,Track Renewal Block,Approved
BR003382,TASK31954,Engineering,BRC-ST,2026-05-14 22:45,2026-05-15 00:05,Non-Interlocking Block,Approved
BR003383,TASK24739,S&T,JP-ADI,2026-05-14 23:00,2026-05-15 01:56,Cable Block,Requested
BR003384,TASK74565,Traction,ST-BCT,2026-05-14 23:15,2026-05-15 00:50,OHE Maintenance Block,Completed
BR003385,TASK18063,Traction,SBC-MAS,2026-05-14 23:15,2026-05-15 03:19,OHE Maintenance Block,Approved
BR003386,TASK38244,Engineering,JU-JP,2026-05-14 23:15,2026-05-15 03:07,Non-Interlocking Block,Approved
BR003387,TASK21629,Engineering,BSP-R,2026-05-14 23:30,2026-05-15 03:58,Bridge Inspection Block,Requested
BR003388,TASK35623,Engineering,NDLS-GZB,2026-05-14 23:30,2026-05-15 02:26,Non-Interlocking Block,Completed
BR003389,TASK70698,Engineering,BSR-BPL,2026-05-14 23:45,2026-05-15 02:18,Traffic Block,Completed
BR003390,TASK20976,Engineering,JTJ-SBC,2026-05-15 00:30,2026-05-15 02:25,Traffic Block,Requested
BR003391,TASK94327,S&T,ADI-BRC,2026-05-15 01:00,2026-05-15 05:10,Signal Maintenance Block,Approved
BR003392,TASK62709,Engineering,BRC-ST,2026-05-15 01:00,2026-05-15 02:50,Bridge Inspection Block,Requested
BR003393,TASK52043,Engineering,SC-NGP,2026-05-15 01:15,2026-05-15 03:09,Traffic Block,Approved
BR003394,TASK29844,Traction,ALD-MGS,2026-05-15 01:15,2026-05-15 05:10,OHE Maintenance Block,Rejected
BR003395,TASK79351,S&T,CNB-ALD,2026-05-15 01:30,2026-05-15 02:56,Cable Block,Cancelled
BR003396,TASK66073,Engineering,ALD-MGS,2026-05-15 01:30,2026-05-15 04:11,Non-Interlocking Block,Rejected
BR003397,TASK10086,Traction,DLI-JU,2026-05-15 01:30,2026-05-15 03:21,Traction Feed Block,Approved
BR003398,TASK75180,S&T,KGP-VSKP,2026-05-15 01:45,2026-05-15 06:06,Cable Block,Completed
BR003399,TASK95256,Engineering,UBL-PUNE,2026-05-15 01:45,2026-05-15 03:32,Track Renewal Block,Approved
BR003400,TASK72540,S&T,BZA-SC,2026-05-15 01:45,2026-05-15 04:46,Cable Block,Approved
BR003401,TASK57985,Traction,MGS-HWH,2026-05-15 11:15,2026-05-15 12:11,OHE Maintenance Block,Completed
BR003402,TASK12689,Engineering,ST-BCT,2026-05-15 13:00,2026-05-15 13:43,Traffic Block,Approved
BR003403,TASK41880,Traction,SBC-UBL,2026-05-15 13:00,2026-05-15 14:09,Power Block,Approved
BR003404,TASK19634,Engineering,CNB-ALD,2026-05-15 13:30,2026-05-15 14:50,Bridge Inspection Block,Completed
BR003405,TASK65502,Traction,BZA-MAS,2026-05-15 14:15,2026-05-15 14:59,OHE Maintenance Block,Cancelled
BR003406,TASK72535,Engineering,KGP-VSKP,2026-05-15 15:30,2026-05-15 16:41,Non-Interlocking Block,Approved
BR003407,TASK44895,Traction,BZA-MAS,2026-05-15 15:30,2026-05-15 17:08,OHE Maintenance Block,Completed
BR003408,TASK97919,S&T,BZA-MAS,2026-05-15 22:00,2026-05-16 02:38,Signal Maintenance Block,Approved
BR003409,TASK62212,Traction,NDLS-UMB,2026-05-15 22:30,2026-05-16 03:29,Power Block,Approved
BR003410,TASK49807,Engineering,KGP-VSKP,2026-05-15 22:30,2026-05-15 23:48,Track Renewal Block,Approved
BR003411,TASK20973,Traction,HWH-KGP,2026-05-15 22:45,2026-05-16 00:30,Power Block,Requested
BR003412,TASK31274,Traction,NDLS-GZB,2026-05-15 22:45,2026-05-16 01:34,Power Block,Requested
BR003413,TASK90328,Engineering,JP-ADI,2026-05-15 23:00,2026-05-16 00:55,Track Renewal Block,Approved
BR003414,TASK83807,Traction,SC-NGP,2026-05-15 23:15,2026-05-16 03:52,Traction Feed Block,Approved
BR003415,TASK48138,S&T,HWH-KGP,2026-05-15 23:15,2026-05-16 03:07,Signal Maintenance Block,Approved
BR003416,TASK32445,S&T,CSMT-BSR,2026-05-15 23:30,2026-05-16 01:12,Cable Block,Rejected
BR003417,TASK10354,Engineering,SC-NGP,2026-05-15 23:30,2026-05-16 00:47,Bridge Inspection Block,Approved
BR003418,TASK62627,Traction,GZB-CNB,2026-05-15 23:45,2026-05-16 02:16,OHE Maintenance Block,Approved
BR003419,TASK96247,Engineering,SBC-UBL,2026-05-16 00:00,2026-05-16 01:29,Non-Interlocking Block,Approved
BR003420,TASK72487,S&T,SC-NGP,2026-05-16 00:00,2026-05-16 02:20,Interlocking Testing Block,Approved
BR003421,TASK85628,Traction,VSKP-BZA,2026-05-16 00:00,2026-05-16 01:00,OHE Maintenance Block,Approved
BR003422,TASK64825,Engineering,ADI-BRC,2026-05-16 00:30,2026-05-16 04:21,Traffic Block,Cancelled
BR003423,TASK33961,Traction,NDLS-UMB,2026-05-16 01:15,2026-05-16 03:00,Power Block,Approved
BR003424,TASK61532,S&T,HWH-KGP,2026-05-16 10:15,2026-05-16 11:56,Interlocking Testing Block,Approved
BR003425,TASK28966,S&T,DLI-JU,2026-05-16 12:00,2026-05-16 13:52,Cable Block,Approved
BR003426,TASK81575,Engineering,ST-BCT,2026-05-16 13:15,2026-05-16 13:57,Bridge Inspection Block,Cancelled
BR003427,TASK68218,Traction,NDLS-JHS,2026-05-16 14:45,2026-05-16 16:26,Power Block,Completed
BR003428,TASK45568,Engineering,BSR-BPL,2026-05-16 15:15,2026-05-16 16:12,Non-Interlocking Block,Approved
BR003429,TASK56701,Engineering,NDLS-JHS,2026-05-16 22:00,2026-05-16 23:32,Non-Interlocking Block,Requested
BR003430,TASK89879,S&T,PUNE-CSMT,2026-05-16 22:00,2026-05-16 23:12,Interlocking Testing Block,Approved
BR003431,TASK61470,S&T,CNB-ALD,2026-05-16 22:15,2026-05-16 23:46,Signal Maintenance Block,Requested
BR003432,TASK32751,Engineering,DLI-JU,2026-05-16 22:45,2026-05-16 23:56,Track Renewal Block,Approved
BR003433,TASK34155,Engineering,ST-BCT,2026-05-16 23:00,2026-05-17 01:12,Non-Interlocking Block,Requested
BR003434,TASK23167,Engineering,NGP-BSP,2026-05-16 23:00,2026-05-17 02:25,Track Renewal Block,Approved
BR003435,TASK72993,Engineering,PUNE-CSMT,2026-05-16 23:00,2026-05-17 00:12,Non-Interlocking Block,Approved
BR003436,TASK48632,S&T,BZA-MAS,2026-05-16 23:00,2026-05-17 03:04,Interlocking Testing Block,Approved
BR003437,TASK48309,Engineering,MAS-JTJ,2026-05-16 23:15,2026-05-17 03:53,Bridge Inspection Block,Approved
BR003438,TASK11923,Traction,SBC-UBL,2026-05-16 23:15,2026-05-17 01:15,Traction Feed Block,Approved
BR003439,TASK25417,Engineering,KGP-VSKP,2026-05-16 23:30,2026-05-17 02:09,Bridge Inspection Block,Requested
BR003440,TASK58110,Engineering,NDLS-JHS,2026-05-16 23:45,2026-05-17 01:31,Track Renewal Block,Requested
BR003441,TASK22337,Traction,ADI-BRC,2026-05-16 23:45,2026-05-17 03:13,Power Block,Approved
BR003442,TASK79500,S&T,ST-BCT,2026-05-17 00:15,2026-05-17 02:19,Interlocking Testing Block,Requested
BR003443,TASK60829,Engineering,SBC-MAS,2026-05-17 00:15,2026-05-17 03:36,Bridge Inspection Block,Approved
BR003444,TASK96514,S&T,CSMT-BSR,2026-05-17 00:45,2026-05-17 03:36,Interlocking Testing Block,Approved
BR003445,TASK62096,S&T,NDLS-GZB,2026-05-17 00:45,2026-05-17 02:27,Signal Maintenance Block,Approved
BR003446,TASK11268,Traction,GZB-CNB,2026-05-17 01:00,2026-05-17 03:42,Power Block,Approved
BR003447,TASK29676,S&T,SBC-MAS,2026-05-17 01:15,2026-05-17 03:24,Interlocking Testing Block,Completed
BR003448,TASK47472,Engineering,VSKP-BZA,2026-05-17 01:15,2026-05-17 03:22,Track Renewal Block,Approved
BR003449,TASK55094,Engineering,BSR-BPL,2026-05-17 01:15,2026-05-17 06:09,Track Renewal Block,Completed
BR003450,TASK27394,Engineering,PUNE-CSMT,2026-05-17 01:15,2026-05-17 02:46,Bridge Inspection Block,Approved
BR003451,TASK52036,Traction,MAS-JTJ,2026-05-17 01:45,2026-05-17 05:17,OHE Maintenance Block,Approved
BR003452,TASK88987,Engineering,VSKP-BZA,2026-05-17 01:45,2026-05-17 05:03,Bridge Inspection Block,Rejected
BR003453,TASK67629,Engineering,HWH-KGP,2026-05-17 01:45,2026-05-17 04:11,Traffic Block,Completed
BR003454,TASK28871,S&T,KGP-VSKP,2026-05-17 10:30,2026-05-17 11:47,Signal Maintenance Block,Approved
BR003455,TASK93435,Traction,GZB-CNB,2026-05-17 12:30,2026-05-17 14:10,OHE Maintenance Block,Rejected
BR003456,TASK34810,Engineering,CSMT-BSR,2026-05-17 14:15,2026-05-17 15:45,Track Renewal Block,Completed
BR003457,TASK16004,Engineering,VSKP-BZA,2026-05-17 14:45,2026-05-17 16:02,Bridge Inspection Block,Rejected
BR003458,TASK48951,Engineering,ST-BCT,2026-05-17 22:00,2026-05-18 00:32,Non-Interlocking Block,Approved
BR003459,TASK73086,Traction,KGP-VSKP,2026-05-17 22:00,2026-05-18 02:43,Power Block,Completed
BR003460,TASK38578,Engineering,VSKP-BZA,2026-05-17 22:15,2026-05-18 02:45,Traffic Block,Approved
BR003461,TASK83261,S&T,BSR-BPL,2026-05-17 22:30,2026-05-18 02:40,Interlocking Testing Block,Completed
BR003462,TASK51197,S&T,UBL-PUNE,2026-05-17 22:30,2026-05-18 01:04,Cable Block,Completed
BR003463,TASK73371,Traction,NGP-BSP,2026-05-17 23:15,2026-05-18 01:37,Power Block,Requested
BR003464,TASK66522,S&T,CNB-ALD,2026-05-17 23:15,2026-05-18 01:18,Interlocking Testing Block,Rejected
BR003465,TASK40550,Traction,UBL-PUNE,2026-05-17 23:15,2026-05-18 02:26,Traction Feed Block,Approved
BR003466,TASK22013,Traction,ALD-MGS,2026-05-17 23:15,2026-05-18 00:46,OHE Maintenance Block,Approved
BR003467,TASK86400,Engineering,ADI-BRC,2026-05-17 23:30,2026-05-18 03:22,Non-Interlocking Block,Approved
BR003468,TASK90403,Engineering,DLI-JU,2026-05-17 23:30,2026-05-18 00:50,Bridge Inspection Block,Approved
BR003469,TASK30755,Engineering,PUNE-CSMT,2026-05-17 23:30,2026-05-18 04:21,Bridge Inspection Block,Approved
BR003470,TASK35848,Engineering,MGS-HWH,2026-05-17 23:30,2026-05-18 02:21,Non-Interlocking Block,Rejected
BR003471,TASK51317,Engineering,VSKP-BZA,2026-05-17 23:45,2026-05-18 01:45,Track Renewal Block,Approved
BR003472,TASK84169,S&T,PUNE-CSMT,2026-05-17 23:45,2026-05-18 01:13,Signal Maintenance Block,Approved
BR003473,TASK36256,Traction,CNB-ALD,2026-05-17 23:45,2026-05-18 04:31,Traction Feed Block,Approved
BR003474,TASK13324,Engineering,BZA-SC,2026-05-18 00:15,2026-05-18 03:18,Traffic Block,Completed
BR003475,TASK22564,Engineering,NDLS-UMB,2026-05-18 00:30,2026-05-18 02:18,Traffic Block,Completed
BR003476,TASK34272,S&T,CSMT-BSR,2026-05-18 00:30,2026-05-18 05:15,Cable Block,Approved
BR003477,TASK84290,Engineering,NDLS-UMB,2026-05-18 00:30,2026-05-18 04:13,Bridge Inspection Block,Approved
BR003478,TASK91361,Traction,BSP-R,2026-05-18 00:30,2026-05-18 05:20,Traction Feed Block,Approved
BR003479,TASK26471,Engineering,KGP-VSKP,2026-05-18 01:15,2026-05-18 02:45,Non-Interlocking Block,Approved
BR003480,TASK75914,S&T,KGP-VSKP,2026-05-18 01:15,2026-05-18 02:42,Signal Maintenance Block,Approved
BR003481,TASK45589,Engineering,GZB-CNB,2026-05-18 01:45,2026-05-18 04:17,Non-Interlocking Block,Completed
BR003482,TASK54867,Engineering,NDLS-ASR,2026-05-18 12:15,2026-05-18 13:54,Non-Interlocking Block,Completed
BR003483,TASK64700,Traction,MAS-JTJ,2026-05-18 13:00,2026-05-18 14:08,Traction Feed Block,Approved
BR003484,TASK78026,S&T,MGS-HWH,2026-05-18 13:45,2026-05-18 14:31,Interlocking Testing Block,Approved
BR003485,TASK94397,S&T,CNB-ALD,2026-05-18 15:15,2026-05-18 17:07,Interlocking Testing Block,Rejected
BR003486,TASK39026,Traction,PUNE-CSMT,2026-05-18 15:30,2026-05-18 16:39,OHE Maintenance Block,Completed
BR003487,TASK41394,S&T,ST-BCT,2026-05-18 15:30,2026-05-18 17:25,Cable Block,Approved
BR003488,TASK78861,S&T,BSP-R,2026-05-18 22:15,2026-05-19 00:32,Interlocking Testing Block,Approved
BR003489,TASK21035,Engineering,ALD-MGS,2026-05-18 22:15,2026-05-19 02:50,Bridge Inspection Block,Completed
BR003490,TASK40080,S&T,BSP-R,2026-05-18 22:30,2026-05-19 03:13,Interlocking Testing Block,Approved
BR003491,TASK39686,S&T,VSKP-BZA,2026-05-18 23:00,2026-05-19 00:59,Cable Block,Approved
BR003492,TASK43024,Engineering,ADI-BRC,2026-05-18 23:30,2026-05-19 04:11,Bridge Inspection Block,Approved
BR003493,TASK30377,Traction,KGP-VSKP,2026-05-18 23:30,2026-05-19 01:17,Power Block,Approved
BR003494,TASK26595,S&T,ST-BCT,2026-05-19 00:00,2026-05-19 04:34,Interlocking Testing Block,Requested
BR003495,TASK18385,Traction,DLI-JU,2026-05-19 00:15,2026-05-19 02:11,OHE Maintenance Block,Completed
BR003496,TASK49107,Engineering,BPL-JHS,2026-05-19 00:15,2026-05-19 02:41,Non-Interlocking Block,Approved
BR003497,TASK68695,Engineering,BRC-ST,2026-05-19 00:30,2026-05-19 02:19,Non-Interlocking Block,Approved
BR003498,TASK62366,Engineering,ST-BCT,2026-05-19 00:45,2026-05-19 04:14,Traffic Block,Requested
BR003499,TASK24836,Traction,SBC-UBL,2026-05-19 00:45,2026-05-19 03:40,Traction Feed Block,Requested
BR003500,TASK14188,S&T,BSP-R,2026-05-19 00:45,2026-05-19 02:14,Interlocking Testing Block,Approved
BR003501,TASK24475,S&T,UBL-PUNE,2026-05-19 00:45,2026-05-19 05:18,Signal Maintenance Block,Rejected
BR003502,TASK70435,Engineering,BZA-SC,2026-05-19 00:45,2026-05-19 05:09,Traffic Block,Requested
BR003503,TASK17393,Engineering,KGP-VSKP,2026-05-19 00:45,2026-05-19 02:30,Traffic Block,Approved
BR003504,TASK61292,S&T,GZB-CNB,2026-05-19 00:45,2026-05-19 01:54,Signal Maintenance Block,Approved
BR003505,TASK58972,S&T,JTJ-SBC,2026-05-19 01:00,2026-05-19 05:42,Cable Block,Approved
BR003506,TASK57955,S&T,MGS-HWH,2026-05-19 01:00,2026-05-19 04:42,Interlocking Testing Block,Completed
BR003507,TASK45469,Traction,CNB-ALD,2026-05-19 01:00,2026-05-19 03:01,Traction Feed Block,Approved
BR003508,TASK10480,S&T,NDLS-JHS,2026-05-19 01:15,2026-05-19 03:26,Interlocking Testing Block,Requested
BR003509,TASK11768,Traction,NDLS-ASR,2026-05-19 01:45,2026-05-19 04:50,Traction Feed Block,Approved
BR003510,TASK47610,Traction,NDLS-UMB,2026-05-19 01:45,2026-05-19 02:58,Traction Feed Block,Approved
BR003511,TASK36791,Traction,SC-NGP,2026-05-19 01:45,2026-05-19 04:46,Traction Feed Block,Approved
BR003512,TASK93457,S&T,SBC-MAS,2026-05-19 12:15,2026-05-19 14:11,Signal Maintenance Block,Approved
BR003513,TASK29602,Engineering,CSMT-BSR,2026-05-19 12:30,2026-05-19 13:28,Traffic Block,Approved
BR003514,TASK94256,Engineering,BRC-ST,2026-05-19 12:30,2026-05-19 14:20,Non-Interlocking Block,Requested
BR003515,TASK60642,Traction,ST-BCT,2026-05-19 15:15,2026-05-19 16:19,Power Block,Completed
BR003516,TASK34923,Traction,NDLS-ASR,2026-05-19 15:15,2026-05-19 16:21,Traction Feed Block,Approved
BR003517,TASK22959,Engineering,MGS-HWH,2026-05-19 22:00,2026-05-19 23:52,Traffic Block,Approved
BR003518,TASK47359,S&T,SBC-UBL,2026-05-19 22:00,2026-05-20 02:31,Cable Block,Completed
BR003519,TASK33825,Engineering,NGP-BSP,2026-05-19 22:15,2026-05-20 02:38,Non-Interlocking Block,Approved
BR003520,TASK40484,Engineering,HWH-NJP,2026-05-19 22:45,2026-05-20 03:02,Non-Interlocking Block,Completed
BR003521,TASK19043,S&T,BRC-ST,2026-05-19 23:00,2026-05-20 00:20,Interlocking Testing Block,Completed
BR003522,TASK15169,Engineering,SBC-UBL,2026-05-19 23:00,2026-05-20 01:34,Non-Interlocking Block,Approved
BR003523,TASK90279,Traction,PUNE-CSMT,2026-05-19 23:00,2026-05-20 00:24,Power Block,Rejected
BR003524,TASK73976,Engineering,PUNE-CSMT,2026-05-19 23:15,2026-05-20 00:48,Bridge Inspection Block,Approved
BR003525,TASK39345,S&T,NJP-GHY,2026-05-19 23:45,2026-05-20 01:53,Cable Block,Approved
BR003526,TASK94071,Engineering,SBC-MAS,2026-05-20 00:15,2026-05-20 03:46,Bridge Inspection Block,Rejected
BR003527,TASK14486,S&T,HWH-NJP,2026-05-20 00:30,2026-05-20 04:14,Cable Block,Completed
BR003528,TASK88975,Engineering,ST-BCT,2026-05-20 01:30,2026-05-20 04:52,Track Renewal Block,Approved
BR003529,TASK11215,Engineering,HWH-KGP,2026-05-20 01:30,2026-05-20 03:09,Traffic Block,Approved
BR003530,TASK45131,Traction,SBC-UBL,2026-05-20 01:45,2026-05-20 03:21,Traction Feed Block,Completed
BR003531,TASK72666,Engineering,NGP-BSP,2026-05-20 10:15,2026-05-20 11:57,Bridge Inspection Block,Completed
BR003532,TASK63693,S&T,HWH-NJP,2026-05-20 13:30,2026-05-20 14:36,Interlocking Testing Block,Approved
BR003533,TASK60576,Engineering,SC-NGP,2026-05-20 13:45,2026-05-20 14:22,Track Renewal Block,Approved
BR003534,TASK28653,Engineering,NJP-GHY,2026-05-20 14:00,2026-05-20 14:49,Bridge Inspection Block,Completed
BR003535,TASK92178,S&T,UBL-PUNE,2026-05-20 15:15,2026-05-20 16:41,Interlocking Testing Block,Approved
BR003536,TASK99528,Engineering,DLI-JU,2026-05-20 15:45,2026-05-20 16:45,Bridge Inspection Block,Requested
BR003537,TASK52028,Engineering,MAS-JTJ,2026-05-20 22:00,2026-05-20 23:00,Bridge Inspection Block,Requested
BR003538,TASK89462,S&T,HWH-KGP,2026-05-20 22:00,2026-05-20 23:13,Cable Block,Approved
BR003539,TASK75566,S&T,KGP-VSKP,2026-05-20 22:15,2026-05-21 02:18,Cable Block,Approved
BR003540,TASK93130,Engineering,BPL-JHS,2026-05-20 22:30,2026-05-21 02:32,Non-Interlocking Block,Approved
BR003541,TASK21549,Traction,ALD-MGS,2026-05-20 22:45,2026-05-21 02:18,Power Block,Approved
BR003542,TASK74194,S&T,ST-BCT,2026-05-20 23:00,2026-05-21 00:18,Interlocking Testing Block,Requested
BR003543,TASK91786,S&T,JTJ-SBC,2026-05-20 23:15,2026-05-21 03:49,Interlocking Testing Block,Approved
BR003544,TASK96006,Engineering,NDLS-GZB,2026-05-20 23:30,2026-05-21 02:29,Traffic Block,Requested
BR003545,TASK53391,Traction,KGP-VSKP,2026-05-20 23:45,2026-05-21 04:27,Power Block,Cancelled
BR003546,TASK11290,S&T,HWH-KGP,2026-05-20 23:45,2026-05-21 00:53,Cable Block,Approved
BR003547,TASK91103,S&T,JP-ADI,2026-05-21 00:15,2026-05-21 05:01,Interlocking Testing Block,Approved
BR003548,TASK83613,Engineering,JP-ADI,2026-05-21 00:30,2026-05-21 02:45,Track Renewal Block,Completed
BR003549,TASK20302,S&T,ALD-MGS,2026-05-21 01:00,2026-05-21 04:40,Signal Maintenance Block,Completed
BR003550,TASK16951,S&T,ALD-MGS,2026-05-21 01:15,2026-05-21 02:20,Interlocking Testing Block,Completed
BR003551,TASK61078,Engineering,HWH-KGP,2026-05-21 01:15,2026-05-21 04:10,Bridge Inspection Block,Approved
BR003552,TASK46728,Engineering,CSMT-BSR,2026-05-21 01:15,2026-05-21 03:36,Track Renewal Block,Requested
BR003553,TASK26071,Engineering,NGP-BSP,2026-05-21 01:30,2026-05-21 04:20,Traffic Block,Rejected
BR003554,TASK38450,Engineering,NDLS-JHS,2026-05-21 01:30,2026-05-21 04:02,Traffic Block,Completed
BR003555,TASK88300,Engineering,UBL-PUNE,2026-05-21 01:45,2026-05-21 04:39,Traffic Block,Rejected
BR003556,TASK85636,Engineering,ADI-BRC,2026-05-21 01:45,2026-05-21 04:58,Traffic Block,Requested
BR003557,TASK60859,Engineering,SC-NGP,2026-05-21 01:45,2026-05-21 03:08,Bridge Inspection Block,Approved
BR003558,TASK12174,Traction,BSR-BPL,2026-05-21 10:30,2026-05-21 12:11,Traction Feed Block,Completed
BR003559,TASK66477,Engineering,KGP-VSKP,2026-05-21 12:15,2026-05-21 13:38,Track Renewal Block,Completed
BR003560,TASK97032,Engineering,JTJ-SBC,2026-05-21 13:00,2026-05-21 14:54,Non-Interlocking Block,Rejected
BR003561,TASK81219,Engineering,KGP-VSKP,2026-05-21 22:00,2026-05-21 23:05,Non-Interlocking Block,Approved
BR003562,TASK69148,Traction,BZA-MAS,2026-05-21 22:15,2026-05-22 00:33,Traction Feed Block,Approved
BR003563,TASK93827,S&T,PUNE-CSMT,2026-05-21 22:30,2026-05-22 02:57,Signal Maintenance Block,Requested
BR003564,TASK24748,Traction,HWH-NJP,2026-05-21 22:45,2026-05-22 00:35,Traction Feed Block,Approved
BR003565,TASK94252,Traction,BRC-ST,2026-05-21 23:00,2026-05-22 00:28,Traction Feed Block,Completed
BR003566,TASK31834,S&T,ST-BCT,2026-05-21 23:15,2026-05-22 01:12,Cable Block,Requested
BR003567,TASK63923,Traction,HWH-KGP,2026-05-21 23:30,2026-05-22 00:41,OHE Maintenance Block,Cancelled
BR003568,TASK56859,Traction,NGP-BSP,2026-05-21 23:30,2026-05-22 00:47,Power Block,Requested
BR003569,TASK53062,S&T,ALD-MGS,2026-05-21 23:45,2026-05-22 02:16,Interlocking Testing Block,Approved
BR003570,TASK88465,S&T,BZA-SC,2026-05-22 00:00,2026-05-22 04:47,Signal Maintenance Block,Approved
BR003571,TASK97992,S&T,VSKP-BZA,2026-05-22 00:00,2026-05-22 02:14,Cable Block,Approved
BR003572,TASK32228,Traction,ALD-MGS,2026-05-22 00:00,2026-05-22 01:48,OHE Maintenance Block,Approved
BR003573,TASK46265,Engineering,GZB-CNB,2026-05-22 00:00,2026-05-22 04:17,Bridge Inspection Block,Approved
BR003574,TASK32839,S&T,ST-BCT,2026-05-22 00:15,2026-05-22 04:06,Cable Block,Approved
BR003575,TASK36980,Engineering,NDLS-GZB,2026-05-22 00:45,2026-05-22 02:34,Non-Interlocking Block,Approved
BR003576,TASK82944,Engineering,ADI-BRC,2026-05-22 01:00,2026-05-22 02:10,Non-Interlocking Block,Requested
BR003577,TASK63789,S&T,CNB-ALD,2026-05-22 01:00,2026-05-22 05:53,Signal Maintenance Block,Requested
BR003578,TASK45061,Engineering,DLI-JU,2026-05-22 01:15,2026-05-22 03:58,Traffic Block,Approved
BR003579,TASK83713,S&T,BPL-JHS,2026-05-22 11:00,2026-05-22 12:08,Cable Block,Approved
BR003580,TASK27392,Traction,JU-JP,2026-05-22 22:15,2026-05-22 23:54,Power Block,Completed
BR003581,TASK48428,Engineering,BZA-SC,2026-05-22 22:15,2026-05-23 02:01,Traffic Block,Completed
BR003582,TASK76635,Traction,NDLS-JHS,2026-05-22 22:15,2026-05-23 01:57,Power Block,Approved
BR003583,TASK75565,S&T,BZA-MAS,2026-05-22 22:30,2026-05-22 23:55,Cable Block,Approved
BR003584,TASK19637,S&T,JU-JP,2026-05-22 22:45,2026-05-23 00:19,Cable Block,Approved
BR003585,TASK23610,Engineering,ST-BCT,2026-05-22 23:00,2026-05-23 03:38,Bridge Inspection Block,Completed
BR003586,TASK16415,S&T,SBC-MAS,2026-05-22 23:00,2026-05-23 00:23,Signal Maintenance Block,Approved
BR003587,TASK55680,Traction,NDLS-GZB,2026-05-22 23:15,2026-05-23 03:03,Power Block,Approved
BR003588,TASK18211,Traction,NDLS-GZB,2026-05-22 23:30,2026-05-23 01:08,Power Block,Requested
BR003589,TASK54747,Engineering,KGP-VSKP,2026-05-23 00:00,2026-05-23 03:09,Non-Interlocking Block,Rejected
BR003590,TASK32384,Traction,NDLS-UMB,2026-05-23 00:00,2026-05-23 02:58,OHE Maintenance Block,Cancelled
BR003591,TASK29416,Engineering,BPL-JHS,2026-05-23 00:15,2026-05-23 02:06,Track Renewal Block,Completed
BR003592,TASK13632,S&T,BSR-BPL,2026-05-23 00:15,2026-05-23 04:15,Signal Maintenance Block,Approved
BR003593,TASK27714,Engineering,VSKP-BZA,2026-05-23 00:15,2026-05-23 04:34,Traffic Block,Approved
BR003594,TASK21492,S&T,DLI-JU,2026-05-23 00:30,2026-05-23 03:22,Cable Block,Cancelled
BR003595,TASK20300,Traction,JU-JP,2026-05-23 00:30,2026-05-23 04:35,Traction Feed Block,Completed
BR003596,TASK67641,Engineering,KGP-VSKP,2026-05-23 00:30,2026-05-23 02:49,Non-Interlocking Block,Approved
BR003597,TASK75812,S&T,UBL-PUNE,2026-05-23 00:30,2026-05-23 04:33,Cable Block,Approved
BR003598,TASK47836,Engineering,ADI-BRC,2026-05-23 00:45,2026-05-23 02:34,Track Renewal Block,Approved
BR003599,TASK84621,Engineering,BPL-JHS,2026-05-23 00:45,2026-05-23 03:01,Bridge Inspection Block,Approved
BR003600,TASK38791,S&T,SBC-UBL,2026-05-23 01:15,2026-05-23 05:16,Cable Block,Approved
BR003601,TASK12357,Engineering,HWH-KGP,2026-05-23 01:15,2026-05-23 03:24,Track Renewal Block,Approved
BR003602,TASK42991,Traction,BZA-MAS,2026-05-23 01:30,2026-05-23 04:23,Traction Feed Block,Requested
BR003603,TASK21329,Traction,ALD-MGS,2026-05-23 01:45,2026-05-23 05:35,Power Block,Approved
BR003604,TASK83993,Engineering,VSKP-BZA,2026-05-23 12:30,2026-05-23 14:26,Non-Interlocking Block,Approved
BR003605,TASK24373,Engineering,GZB-CNB,2026-05-23 14:15,2026-05-23 16:10,Non-Interlocking Block,Approved
BR003606,TASK67038,Traction,ALD-MGS,2026-05-23 15:30,2026-05-23 16:49,Power Block,Approved
BR003607,TASK89370,Engineering,BZA-SC,2026-05-23 22:00,2026-05-24 00:48,Track Renewal Block,Approved
BR003608,TASK83018,Engineering,KGP-VSKP,2026-05-23 22:15,2026-05-24 01:11,Traffic Block,Approved
BR003609,TASK80013,Engineering,BSR-BPL,2026-05-23 22:15,2026-05-23 23:40,Track Renewal Block,Rejected
BR003610,TASK35773,Engineering,BZA-MAS,2026-05-23 22:30,2026-05-24 02:50,Traffic Block,Rejected
BR003611,TASK86652,Engineering,NDLS-ASR,2026-05-23 22:30,2026-05-24 02:48,Non-Interlocking Block,Rejected
BR003612,TASK12729,Traction,ST-BCT,2026-05-23 22:30,2026-05-24 02:52,OHE Maintenance Block,Rejected
BR003613,TASK16813,Engineering,MAS-JTJ,2026-05-23 22:30,2026-05-24 02:35,Bridge Inspection Block,Approved
BR003614,TASK73205,Traction,ADI-BRC,2026-05-23 22:30,2026-05-24 00:03,Power Block,Approved
BR003615,TASK38927,Engineering,NDLS-JHS,2026-05-23 23:00,2026-05-24 02:02,Track Renewal Block,Approved
BR003616,TASK48021,Traction,NGP-BSP,2026-05-23 23:00,2026-05-24 03:05,Traction Feed Block,Approved
BR003617,TASK32239,Engineering,MGS-HWH,2026-05-23 23:00,2026-05-24 03:31,Bridge Inspection Block,Completed
BR003618,TASK26875,Engineering,SC-NGP,2026-05-23 23:30,2026-05-24 02:32,Track Renewal Block,Approved
BR003619,TASK42707,Engineering,ADI-BRC,2026-05-23 23:45,2026-05-24 02:45,Track Renewal Block,Cancelled
BR003620,TASK16519,S&T,NDLS-JHS,2026-05-23 23:45,2026-05-24 03:49,Interlocking Testing Block,Completed
BR003621,TASK99605,S&T,CSMT-BSR,2026-05-24 00:00,2026-05-24 03:38,Signal Maintenance Block,Requested
BR003622,TASK84671,S&T,JU-JP,2026-05-24 00:00,2026-05-24 02:28,Interlocking Testing Block,Rejected
BR003623,TASK73602,Engineering,KGP-VSKP,2026-05-24 00:15,2026-05-24 01:24,Non-Interlocking Block,Requested
BR003624,TASK93078,S&T,DLI-JU,2026-05-24 00:30,2026-05-24 01:38,Cable Block,Approved
BR003625,TASK15898,Traction,JP-ADI,2026-05-24 00:30,2026-05-24 03:25,Traction Feed Block,Requested
BR003626,TASK60627,Engineering,PUNE-CSMT,2026-05-24 00:45,2026-05-24 03:05,Traffic Block,Approved
BR003627,TASK33101,Engineering,KGP-VSKP,2026-05-24 00:45,2026-05-24 04:50,Bridge Inspection Block,Approved
BR003628,TASK21815,S&T,CSMT-BSR,2026-05-24 00:45,2026-05-24 04:03,Signal Maintenance Block,Approved
BR003629,TASK22895,Engineering,BZA-SC,2026-05-24 01:15,2026-05-24 04:59,Non-Interlocking Block,Approved
BR003630,TASK35765,Engineering,VSKP-BZA,2026-05-24 01:15,2026-05-24 02:34,Track Renewal Block,Approved
BR003631,TASK39185,S&T,GZB-CNB,2026-05-24 01:15,2026-05-24 04:54,Interlocking Testing Block,Approved
BR003632,TASK72615,Traction,UBL-PUNE,2026-05-24 01:30,2026-05-24 02:46,Power Block,Requested
BR003633,TASK55804,Engineering,SC-NGP,2026-05-24 01:30,2026-05-24 05:57,Traffic Block,Rejected
BR003634,TASK56242,Engineering,SC-NGP,2026-05-24 01:45,2026-05-24 06:31,Bridge Inspection Block,Approved
BR003635,TASK30065,S&T,SBC-UBL,2026-05-24 01:45,2026-05-24 04:44,Interlocking Testing Block,Rejected
BR003636,TASK62071,Engineering,CSMT-BSR,2026-05-24 10:15,2026-05-24 12:10,Bridge Inspection Block,Completed
BR003637,TASK27659,Engineering,MAS-JTJ,2026-05-24 12:00,2026-05-24 13:21,Bridge Inspection Block,Approved
BR003638,TASK81008,Engineering,KGP-VSKP,2026-05-24 22:00,2026-05-25 02:27,Track Renewal Block,Approved
BR003639,TASK40051,Traction,BPL-JHS,2026-05-24 22:15,2026-05-25 01:26,OHE Maintenance Block,Cancelled
BR003640,TASK85281,Traction,JTJ-SBC,2026-05-24 22:15,2026-05-25 02:48,Traction Feed Block,Approved
BR003641,TASK47650,S&T,HWH-KGP,2026-05-24 22:15,2026-05-25 01:59,Cable Block,Requested
BR003642,TASK25945,Traction,NGP-BSP,2026-05-24 22:30,2026-05-24 23:47,Power Block,Approved
BR003643,TASK12127,S&T,NDLS-GZB,2026-05-24 22:45,2026-05-25 03:38,Signal Maintenance Block,Approved
BR003644,TASK92428,Traction,BRC-ST,2026-05-24 22:45,2026-05-25 03:19,Traction Feed Block,Approved
BR003645,TASK84089,Engineering,PUNE-CSMT,2026-05-24 23:00,2026-05-25 03:40,Non-Interlocking Block,Requested
BR003646,TASK25469,Engineering,UBL-PUNE,2026-05-24 23:00,2026-05-25 02:30,Traffic Block,Cancelled
BR003647,TASK32635,Engineering,BZA-MAS,2026-05-24 23:15,2026-05-25 03:58,Traffic Block,Approved
BR003648,TASK71268,Engineering,ADI-BRC,2026-05-24 23:30,2026-05-25 00:50,Track Renewal Block,Cancelled
BR003649,TASK60813,Engineering,BRC-ST,2026-05-25 00:00,2026-05-25 04:35,Traffic Block,Completed
BR003650,TASK44584,Traction,ADI-BRC,2026-05-25 00:30,2026-05-25 05:03,Power Block,Approved
BR003651,TASK41532,Traction,ST-BCT,2026-05-25 00:30,2026-05-25 01:52,Power Block,Completed
BR003652,TASK17268,Engineering,PUNE-CSMT,2026-05-25 00:30,2026-05-25 04:29,Track Renewal Block,Rejected
BR003653,TASK35214,S&T,VSKP-BZA,2026-05-25 00:30,2026-05-25 01:36,Signal Maintenance Block,Rejected
BR003654,TASK20243,Engineering,MAS-JTJ,2026-05-25 00:30,2026-05-25 04:00,Non-Interlocking Block,Approved
BR003655,TASK44048,S&T,BSR-BPL,2026-05-25 00:30,2026-05-25 03:49,Signal Maintenance Block,Requested
BR003656,TASK98758,S&T,ST-BCT,2026-05-25 01:15,2026-05-25 04:56,Interlocking Testing Block,Requested
BR003657,TASK20154,Engineering,HWH-KGP,2026-05-25 01:45,2026-05-25 05:03,Traffic Block,Completed
BR003658,TASK18172,Engineering,MAS-JTJ,2026-05-25 01:45,2026-05-25 06:33,Traffic Block,Approved
BR003659,TASK13932,Engineering,MGS-HWH,2026-05-25 01:45,2026-05-25 06:24,Non-Interlocking Block,Approved
BR003660,TASK38476,Traction,SBC-UBL,2026-05-25 13:00,2026-05-25 13:56,OHE Maintenance Block,Requested
BR003661,TASK55927,Engineering,MAS-JTJ,2026-05-25 13:30,2026-05-25 15:03,Non-Interlocking Block,Completed
BR003662,TASK94230,Engineering,HWH-KGP,2026-05-25 14:00,2026-05-25 15:55,Bridge Inspection Block,Completed
BR003663,TASK14927,S&T,UBL-PUNE,2026-05-25 14:30,2026-05-25 15:49,Signal Maintenance Block,Requested
BR003664,TASK69277,Traction,BZA-SC,2026-05-25 22:15,2026-05-26 03:07,OHE Maintenance Block,Rejected
BR003665,TASK91824,Engineering,ST-BCT,2026-05-25 22:45,2026-05-26 01:16,Non-Interlocking Block,Approved
BR003666,TASK99670,S&T,CSMT-BSR,2026-05-25 23:15,2026-05-26 02:26,Cable Block,Approved
BR003667,TASK91382,Engineering,ADI-BRC,2026-05-25 23:45,2026-05-26 02:28,Traffic Block,Approved
BR003668,TASK36186,Engineering,ST-BCT,2026-05-26 01:00,2026-05-26 05:18,Non-Interlocking Block,Approved
BR003669,TASK68715,S&T,DLI-JU,2026-05-26 01:00,2026-05-26 02:18,Interlocking Testing Block,Approved
BR003670,TASK43486,Traction,NJP-GHY,2026-05-26 01:15,2026-05-26 05:26,OHE Maintenance Block,Approved
BR003671,TASK51362,S&T,BZA-SC,2026-05-26 01:30,2026-05-26 03:15,Cable Block,Approved
BR003672,TASK22951,Engineering,PUNE-CSMT,2026-05-26 01:30,2026-05-26 05:58,Bridge Inspection Block,Approved
BR003673,TASK52801,Engineering,DLI-JU,2026-05-26 01:30,2026-05-26 03:44,Bridge Inspection Block,Approved
BR003674,TASK99788,S&T,NDLS-UMB,2026-05-26 10:30,2026-05-26 12:04,Signal Maintenance Block,Approved
BR003675,TASK74947,Engineering,DLI-JU,2026-05-26 10:30,2026-05-26 11:08,Traffic Block,Completed
BR003676,TASK38067,Traction,VSKP-BZA,2026-05-26 10:30,2026-05-26 11:14,Traction Feed Block,Approved
BR003677,TASK98453,Traction,BSR-BPL,2026-05-26 10:45,2026-05-26 11:32,Power Block,Approved
BR003678,TASK30526,Engineering,ST-BCT,2026-05-26 11:30,2026-05-26 12:46,Traffic Block,Approved
BR003679,TASK11294,S&T,ALD-MGS,2026-05-26 12:45,2026-05-26 13:55,Interlocking Testing Block,Rejected
BR003680,TASK56060,Engineering,JU-JP,2026-05-26 14:45,2026-05-26 16:08,Non-Interlocking Block,Approved
BR003681,TASK30252,Engineering,JP-ADI,2026-05-26 15:15,2026-05-26 16:53,Traffic Block,Completed
BR003682,TASK90902,Traction,CNB-ALD,2026-05-26 15:30,2026-05-26 17:24,Traction Feed Block,Approved
BR003683,TASK18160,Traction,JTJ-SBC,2026-05-26 22:45,2026-05-27 03:33,Traction Feed Block,Completed
BR003684,TASK36770,Traction,NDLS-UMB,2026-05-26 23:15,2026-05-27 00:24,Power Block,Requested
BR003685,TASK55303,S&T,SC-NGP,2026-05-26 23:45,2026-05-27 03:43,Cable Block,Approved
BR003686,TASK55043,S&T,GZB-CNB,2026-05-26 23:45,2026-05-27 04:22,Cable Block,Requested
BR003687,TASK88315,Engineering,BRC-ST,2026-05-27 00:15,2026-05-27 04:25,Non-Interlocking Block,Approved
BR003688,TASK83959,Engineering,BRC-ST,2026-05-27 00:15,2026-05-27 04:47,Track Renewal Block,Completed
BR003689,TASK92927,Engineering,ALD-MGS,2026-05-27 00:15,2026-05-27 03:50,Track Renewal Block,Rejected
BR003690,TASK24160,Traction,GZB-CNB,2026-05-27 00:30,2026-05-27 03:47,Traction Feed Block,Cancelled
BR003691,TASK26315,S&T,SBC-UBL,2026-05-27 00:45,2026-05-27 01:46,Cable Block,Requested
BR003692,TASK90294,S&T,BZA-SC,2026-05-27 00:45,2026-05-27 02:12,Interlocking Testing Block,Approved
BR003693,TASK60324,Engineering,DLI-JU,2026-05-27 00:45,2026-05-27 05:42,Bridge Inspection Block,Approved
BR003694,TASK68226,Engineering,JU-JP,2026-05-27 00:45,2026-05-27 02:36,Non-Interlocking Block,Requested
BR003695,TASK18900,Engineering,PUNE-CSMT,2026-05-27 00:45,2026-05-27 04:27,Traffic Block,Rejected
BR003696,TASK61761,Traction,PUNE-CSMT,2026-05-27 00:45,2026-05-27 03:57,Power Block,Rejected
BR003697,TASK62557,S&T,CNB-ALD,2026-05-27 01:00,2026-05-27 03:59,Interlocking Testing Block,Approved
BR003698,TASK34390,S&T,VSKP-BZA,2026-05-27 01:15,2026-05-27 05:23,Interlocking Testing Block,Approved
BR003699,TASK60383,S&T,ALD-MGS,2026-05-27 01:30,2026-05-27 05:38,Cable Block,Approved
BR003700,TASK50176,S&T,BPL-JHS,2026-05-27 01:30,2026-05-27 04:44,Signal Maintenance Block,Approved
BR003701,TASK34109,Engineering,NGP-BSP,2026-05-27 10:15,2026-05-27 11:39,Non-Interlocking Block,Requested
BR003702,TASK96411,Traction,ADI-BRC,2026-05-27 10:45,2026-05-27 12:30,OHE Maintenance Block,Approved
BR003703,TASK62316,Engineering,GZB-CNB,2026-05-27 13:45,2026-05-27 15:25,Bridge Inspection Block,Approved
BR003704,TASK75108,Engineering,ALD-MGS,2026-05-27 15:00,2026-05-27 15:43,Track Renewal Block,Rejected
BR003705,TASK64375,Engineering,NDLS-GZB,2026-05-27 22:00,2026-05-27 23:04,Bridge Inspection Block,Completed
BR003706,TASK80034,Traction,ALD-MGS,2026-05-27 22:15,2026-05-28 02:44,Traction Feed Block,Rejected
BR003707,TASK61126,Traction,ALD-MGS,2026-05-27 22:45,2026-05-28 01:17,Power Block,Requested
BR003708,TASK22819,Engineering,SBC-MAS,2026-05-27 22:45,2026-05-28 02:51,Non-Interlocking Block,Approved
BR003709,TASK37963,Traction,ADI-BRC,2026-05-27 23:00,2026-05-28 00:01,OHE Maintenance Block,Approved
BR003710,TASK34309,Engineering,BRC-ST,2026-05-27 23:15,2026-05-28 04:10,Non-Interlocking Block,Completed
BR003711,TASK63499,Engineering,GZB-CNB,2026-05-27 23:15,2026-05-28 02:46,Bridge Inspection Block,Approved
BR003712,TASK30401,Traction,ST-BCT,2026-05-27 23:15,2026-05-28 03:35,OHE Maintenance Block,Approved
BR003713,TASK87453,S&T,BZA-MAS,2026-05-27 23:30,2026-05-28 04:15,Interlocking Testing Block,Approved
BR003714,TASK39733,Traction,VSKP-BZA,2026-05-27 23:30,2026-05-28 01:50,Traction Feed Block,Approved
BR003715,TASK10357,Engineering,DLI-JU,2026-05-27 23:30,2026-05-28 01:42,Bridge Inspection Block,Approved
BR003716,TASK69748,Engineering,BSR-BPL,2026-05-27 23:30,2026-05-28 02:02,Non-Interlocking Block,Approved
BR003717,TASK17796,Engineering,MGS-HWH,2026-05-27 23:30,2026-05-28 04:28,Bridge Inspection Block,Rejected
BR003718,TASK64677,Engineering,BSP-R,2026-05-28 00:00,2026-05-28 02:28,Traffic Block,Rejected
BR003719,TASK67498,Traction,NDLS-ASR,2026-05-28 00:15,2026-05-28 01:37,Traction Feed Block,Approved
BR003720,TASK39144,Engineering,DLI-JU,2026-05-28 00:15,2026-05-28 03:38,Traffic Block,Completed
BR003721,TASK54349,Engineering,VSKP-BZA,2026-05-28 00:30,2026-05-28 04:32,Track Renewal Block,Cancelled
BR003722,TASK35505,Traction,KGP-VSKP,2026-05-28 01:00,2026-05-28 05:58,OHE Maintenance Block,Approved
BR003723,TASK30924,S&T,KGP-VSKP,2026-05-28 01:00,2026-05-28 02:50,Cable Block,Requested
BR003724,TASK65528,Engineering,NDLS-UMB,2026-05-28 01:15,2026-05-28 03:15,Non-Interlocking Block,Rejected
BR003725,TASK30822,Engineering,VSKP-BZA,2026-05-28 10:00,2026-05-28 11:09,Traffic Block,Approved
BR003726,TASK55564,S&T,ST-BCT,2026-05-28 10:45,2026-05-28 12:13,Interlocking Testing Block,Approved
BR003727,TASK28881,S&T,CNB-ALD,2026-05-28 11:45,2026-05-28 13:17,Signal Maintenance Block,Approved
BR003728,TASK42633,Engineering,JU-JP,2026-05-28 12:00,2026-05-28 12:43,Bridge Inspection Block,Completed
BR003729,TASK62714,S&T,HWH-KGP,2026-05-28 12:45,2026-05-28 13:21,Interlocking Testing Block,Approved
BR003730,TASK43907,S&T,MAS-JTJ,2026-05-28 12:45,2026-05-28 13:51,Cable Block,Completed
BR003731,TASK67818,S&T,PUNE-CSMT,2026-05-28 13:30,2026-05-28 14:11,Signal Maintenance Block,Approved
BR003732,TASK24917,Traction,NDLS-GZB,2026-05-28 13:45,2026-05-28 15:28,Traction Feed Block,Completed
BR003733,TASK56202,S&T,CNB-ALD,2026-05-28 15:45,2026-05-28 17:43,Signal Maintenance Block,Requested
BR003734,TASK57888,Traction,BRC-ST,2026-05-28 22:00,2026-05-29 00:25,Traction Feed Block,Approved
BR003735,TASK93895,Engineering,MGS-HWH,2026-05-28 22:15,2026-05-29 02:51,Track Renewal Block,Rejected
BR003736,TASK34951,S&T,SC-NGP,2026-05-28 22:45,2026-05-29 00:10,Interlocking Testing Block,Approved
BR003737,TASK33478,S&T,BZA-MAS,2026-05-28 23:00,2026-05-29 00:13,Signal Maintenance Block,Approved
BR003738,TASK46806,Engineering,BSP-R,2026-05-28 23:00,2026-05-29 00:04,Non-Interlocking Block,Approved
BR003739,TASK82405,Engineering,NDLS-UMB,2026-05-28 23:00,2026-05-29 03:42,Bridge Inspection Block,Approved
BR003740,TASK58539,Engineering,KGP-VSKP,2026-05-28 23:00,2026-05-29 02:26,Traffic Block,Approved
BR003741,TASK71676,S&T,NDLS-GZB,2026-05-28 23:15,2026-05-29 01:30,Interlocking Testing Block,Requested
BR003742,TASK15200,Traction,BSR-BPL,2026-05-28 23:15,2026-05-29 01:45,Traction Feed Block,Cancelled
BR003743,TASK50189,S&T,BSR-BPL,2026-05-28 23:30,2026-05-29 02:13,Interlocking Testing Block,Requested
BR003744,TASK49896,Traction,ADI-BRC,2026-05-28 23:30,2026-05-29 04:06,OHE Maintenance Block,Approved
BR003745,TASK12780,Traction,HWH-KGP,2026-05-28 23:30,2026-05-29 01:22,Traction Feed Block,Rejected
BR003746,TASK47132,Traction,NGP-BSP,2026-05-28 23:45,2026-05-29 02:24,Traction Feed Block,Approved
BR003747,TASK91188,Engineering,JU-JP,2026-05-28 23:45,2026-05-29 01:53,Non-Interlocking Block,Completed
BR003748,TASK93696,Engineering,NDLS-UMB,2026-05-29 00:00,2026-05-29 03:28,Non-Interlocking Block,Approved
BR003749,TASK68729,Traction,BPL-JHS,2026-05-29 00:00,2026-05-29 01:40,Traction Feed Block,Approved
BR003750,TASK22124,Engineering,MGS-HWH,2026-05-29 00:15,2026-05-29 03:05,Non-Interlocking Block,Completed
BR003751,TASK53902,S&T,NDLS-ASR,2026-05-29 00:15,2026-05-29 03:47,Interlocking Testing Block,Approved
BR003752,TASK56057,Traction,NDLS-GZB,2026-05-29 00:30,2026-05-29 04:36,OHE Maintenance Block,Rejected
BR003753,TASK78682,S&T,BZA-SC,2026-05-29 00:45,2026-05-29 01:52,Cable Block,Cancelled
BR003754,TASK41990,S&T,PUNE-CSMT,2026-05-29 01:00,2026-05-29 03:58,Cable Block,Approved
BR003755,TASK11196,Engineering,NDLS-GZB,2026-05-29 01:00,2026-05-29 03:05,Track Renewal Block,Completed
BR003756,TASK76968,Engineering,NDLS-GZB,2026-05-29 01:00,2026-05-29 05:11,Bridge Inspection Block,Rejected
BR003757,TASK45120,Traction,SBC-MAS,2026-05-29 01:00,2026-05-29 03:52,Power Block,Completed
BR003758,TASK27569,Engineering,NDLS-JHS,2026-05-29 01:15,2026-05-29 03:26,Track Renewal Block,Approved
BR003759,TASK93063,S&T,SBC-UBL,2026-05-29 01:30,2026-05-29 04:10,Interlocking Testing Block,Approved
BR003760,TASK14805,Engineering,MGS-HWH,2026-05-29 01:30,2026-05-29 04:35,Bridge Inspection Block,Approved
BR003761,TASK66257,Engineering,ADI-BRC,2026-05-29 01:45,2026-05-29 03:34,Track Renewal Block,Completed
BR003762,TASK62856,S&T,CSMT-BSR,2026-05-29 01:45,2026-05-29 03:34,Cable Block,Rejected
BR003763,TASK79656,Engineering,ST-BCT,2026-05-29 10:15,2026-05-29 10:59,Track Renewal Block,Approved
BR003764,TASK94908,Engineering,CNB-ALD,2026-05-29 10:30,2026-05-29 12:22,Non-Interlocking Block,Approved
BR003765,TASK49801,S&T,ALD-MGS,2026-05-29 11:30,2026-05-29 13:01,Signal Maintenance Block,Requested
BR003766,TASK36407,S&T,KGP-VSKP,2026-05-29 11:30,2026-05-29 12:39,Cable Block,Approved
BR003767,TASK76235,S&T,SBC-MAS,2026-05-29 12:00,2026-05-29 12:57,Interlocking Testing Block,Approved
BR003768,TASK95599,Engineering,BPL-JHS,2026-05-29 15:15,2026-05-29 16:42,Bridge Inspection Block,Approved
BR003769,TASK98258,Engineering,MAS-JTJ,2026-05-29 15:15,2026-05-29 16:12,Traffic Block,Requested
BR003770,TASK16011,S&T,BSR-BPL,2026-05-29 15:45,2026-05-29 17:03,Interlocking Testing Block,Approved
BR003771,TASK74744,Traction,GZB-CNB,2026-05-29 22:00,2026-05-29 23:49,Traction Feed Block,Requested
BR003772,TASK25965,Engineering,ALD-MGS,2026-05-29 22:00,2026-05-30 01:01,Traffic Block,Rejected
BR003773,TASK76041,Engineering,BPL-JHS,2026-05-29 22:15,2026-05-30 02:21,Bridge Inspection Block,Completed
BR003774,TASK90246,S&T,HWH-NJP,2026-05-29 22:15,2026-05-30 02:23,Interlocking Testing Block,Approved
BR003775,TASK59994,Engineering,DLI-JU,2026-05-29 22:15,2026-05-30 03:14,Bridge Inspection Block,Rejected
BR003776,TASK99045,S&T,ST-BCT,2026-05-29 22:15,2026-05-30 00:52,Interlocking Testing Block,Approved
BR003777,TASK71856,Engineering,NGP-BSP,2026-05-29 22:15,2026-05-30 02:07,Traffic Block,Approved
BR003778,TASK43914,Engineering,JTJ-SBC,2026-05-29 22:30,2026-05-30 00:49,Bridge Inspection Block,Requested
BR003779,TASK66921,Engineering,HWH-KGP,2026-05-29 22:45,2026-05-30 03:27,Track Renewal Block,Approved
BR003780,TASK69687,Engineering,UBL-PUNE,2026-05-29 23:00,2026-05-30 02:35,Non-Interlocking Block,Approved
BR003781,TASK39139,Engineering,ADI-BRC,2026-05-29 23:00,2026-05-30 03:10,Bridge Inspection Block,Completed
BR003782,TASK68490,S&T,CNB-ALD,2026-05-29 23:15,2026-05-30 00:19,Interlocking Testing Block,Rejected
BR003783,TASK86336,S&T,HWH-KGP,2026-05-29 23:15,2026-05-30 02:25,Cable Block,Approved
BR003784,TASK76089,Engineering,BZA-SC,2026-05-29 23:15,2026-05-30 02:43,Bridge Inspection Block,Approved
BR003785,TASK56726,S&T,ALD-MGS,2026-05-30 00:00,2026-05-30 01:58,Interlocking Testing Block,Completed
BR003786,TASK87910,S&T,BZA-SC,2026-05-30 00:00,2026-05-30 02:26,Cable Block,Approved
BR003787,TASK96729,Traction,SBC-UBL,2026-05-30 00:00,2026-05-30 02:46,Power Block,Completed
BR003788,TASK60788,S&T,VSKP-BZA,2026-05-30 00:15,2026-05-30 04:46,Cable Block,Approved
BR003789,TASK20351,S&T,NDLS-ASR,2026-05-30 00:45,2026-05-30 01:59,Signal Maintenance Block,Approved
BR003790,TASK18776,Engineering,BSP-R,2026-05-30 00:45,2026-05-30 04:07,Bridge Inspection Block,Approved
BR003791,TASK98073,Engineering,DLI-JU,2026-05-30 00:45,2026-05-30 02:49,Non-Interlocking Block,Approved
BR003792,TASK68306,S&T,JP-ADI,2026-05-30 00:45,2026-05-30 05:09,Cable Block,Approved
BR003793,TASK59601,Traction,ST-BCT,2026-05-30 01:00,2026-05-30 02:38,OHE Maintenance Block,Completed
BR003794,TASK25740,Traction,ADI-BRC,2026-05-30 01:15,2026-05-30 05:06,Power Block,Approved
BR003795,TASK46956,Traction,JU-JP,2026-05-30 01:15,2026-05-30 04:05,OHE Maintenance Block,Cancelled
BR003796,TASK79832,S&T,BZA-SC,2026-05-30 01:15,2026-05-30 03:57,Cable Block,Approved
BR003797,TASK87108,Engineering,KGP-VSKP,2026-05-30 01:30,2026-05-30 02:53,Traffic Block,Approved
BR003798,TASK58305,Traction,HWH-NJP,2026-05-30 01:30,2026-05-30 03:31,Traction Feed Block,Rejected
BR003799,TASK85472,Traction,CSMT-BSR,2026-05-30 01:45,2026-05-30 05:53,Power Block,Completed
BR003800,TASK79667,Engineering,NDLS-UMB,2026-05-30 10:30,2026-05-30 12:19,Non-Interlocking Block,Approved
BR003801,TASK32223,S&T,VSKP-BZA,2026-05-30 12:30,2026-05-30 14:16,Interlocking Testing Block,Approved
BR003802,TASK55033,Engineering,CNB-ALD,2026-05-30 22:15,2026-05-31 00:24,Bridge Inspection Block,Requested
BR003803,TASK81485,Engineering,GZB-CNB,2026-05-30 22:15,2026-05-30 23:23,Non-Interlocking Block,Approved
BR003804,TASK99491,Engineering,KGP-VSKP,2026-05-30 22:45,2026-05-31 00:41,Non-Interlocking Block,Rejected
BR003805,TASK99429,Engineering,JU-JP,2026-05-30 23:30,2026-05-31 01:30,Track Renewal Block,Approved
BR003806,TASK14329,S&T,KGP-VSKP,2026-05-30 23:30,2026-05-31 01:09,Cable Block,Requested
BR003807,TASK42988,S&T,ALD-MGS,2026-05-30 23:30,2026-05-31 03:36,Cable Block,Requested
BR003808,TASK37604,S&T,BRC-ST,2026-05-30 23:30,2026-05-31 01:22,Signal Maintenance Block,Approved
BR003809,TASK25912,Engineering,NDLS-UMB,2026-05-31 00:00,2026-05-31 03:38,Bridge Inspection Block,Approved
BR003810,TASK29113,Traction,JP-ADI,2026-05-31 00:00,2026-05-31 02:23,Traction Feed Block,Completed
BR003811,TASK93898,Engineering,CNB-ALD,2026-05-31 00:00,2026-05-31 01:11,Non-Interlocking Block,Requested
BR003812,TASK74329,Traction,MAS-JTJ,2026-05-31 00:15,2026-05-31 02:32,Power Block,Rejected
BR003813,TASK98911,Engineering,CNB-ALD,2026-05-31 00:15,2026-05-31 03:41,Bridge Inspection Block,Rejected
BR003814,TASK37955,Engineering,ADI-BRC,2026-05-31 00:15,2026-05-31 04:23,Traffic Block,Approved
BR003815,TASK21477,S&T,NDLS-UMB,2026-05-31 00:15,2026-05-31 03:43,Interlocking Testing Block,Approved
BR003816,TASK84955,S&T,JP-ADI,2026-05-31 00:30,2026-05-31 02:45,Cable Block,Approved
BR003817,TASK78437,Traction,KGP-VSKP,2026-05-31 01:30,2026-05-31 04:35,Traction Feed Block,Requested
BR003818,TASK77759,Engineering,BRC-ST,2026-05-31 01:30,2026-05-31 05:01,Non-Interlocking Block,Approved
BR003819,TASK18714,Engineering,BZA-MAS,2026-05-31 11:15,2026-05-31 12:16,Bridge Inspection Block,Completed
BR003820,TASK32303,Engineering,NDLS-UMB,2026-05-31 11:15,2026-05-31 12:16,Track Renewal Block,Completed
BR003821,TASK35615,Traction,NDLS-ASR,2026-05-31 12:00,2026-05-31 13:35,Traction Feed Block,Requested
BR003822,TASK46193,S&T,CNB-ALD,2026-05-31 12:15,2026-05-31 13:09,Cable Block,Approved
BR003823,TASK66942,Traction,NGP-BSP,2026-05-31 13:45,2026-05-31 14:34,Traction Feed Block,Approved
BR003824,TASK71380,S&T,BSR-BPL,2026-05-31 22:00,2026-05-31 23:36,Cable Block,Approved
BR003825,TASK81420,Traction,HWH-NJP,2026-05-31 22:00,2026-06-01 01:11,Power Block,Approved
BR003826,TASK39882,Engineering,SBC-UBL,2026-05-31 22:45,2026-06-01 00:17,Non-Interlocking Block,Approved
BR003827,TASK35061,S&T,ADI-BRC,2026-05-31 22:45,2026-05-31 23:48,Cable Block,Approved
BR003828,TASK25758,Engineering,ALD-MGS,2026-05-31 23:15,2026-06-01 01:58,Bridge Inspection Block,Completed
BR003829,TASK63522,Engineering,BZA-SC,2026-05-31 23:15,2026-06-01 01:10,Track Renewal Block,Approved
BR003830,TASK34113,S&T,JU-JP,2026-05-31 23:45,2026-06-01 03:40,Interlocking Testing Block,Completed
BR003831,TASK61606,S&T,BZA-MAS,2026-05-31 23:45,2026-06-01 03:37,Interlocking Testing Block,Rejected
BR003832,TASK76348,Traction,ALD-MGS,2026-05-31 23:45,2026-06-01 03:33,OHE Maintenance Block,Rejected
BR003833,TASK86659,Engineering,KGP-VSKP,2026-05-31 23:45,2026-06-01 04:31,Bridge Inspection Block,Approved
BR003834,TASK24084,Engineering,JU-JP,2026-06-01 00:15,2026-06-01 04:07,Track Renewal Block,Completed
BR003835,TASK82851,Engineering,VSKP-BZA,2026-06-01 00:15,2026-06-01 01:30,Track Renewal Block,Rejected
BR003836,TASK39684,S&T,ST-BCT,2026-06-01 00:45,2026-06-01 02:23,Interlocking Testing Block,Approved
BR003837,TASK65846,Engineering,BRC-ST,2026-06-01 00:45,2026-06-01 04:58,Bridge Inspection Block,Approved
BR003838,TASK56388,Engineering,PUNE-CSMT,2026-06-01 00:45,2026-06-01 05:16,Non-Interlocking Block,Completed
BR003839,TASK77818,Traction,MGS-HWH,2026-06-01 01:00,2026-06-01 04:24,Traction Feed Block,Approved
BR003840,TASK32949,Traction,NDLS-JHS,2026-06-01 01:15,2026-06-01 06:00,OHE Maintenance Block,Completed
BR003841,TASK97681,S&T,MGS-HWH,2026-06-01 01:45,2026-06-01 02:47,Cable Block,Requested
BR003842,TASK75939,Traction,KGP-VSKP,2026-06-01 01:45,2026-06-01 04:01,Traction Feed Block,Completed
BR003843,TASK27139,Engineering,UBL-PUNE,2026-06-01 01:45,2026-06-01 02:52,Bridge Inspection Block,Approved
BR003844,TASK87323,Traction,CNB-ALD,2026-06-01 11:45,2026-06-01 13:37,Traction Feed Block,Completed
BR003845,TASK37000,S&T,ALD-MGS,2026-06-01 13:30,2026-06-01 15:20,Interlocking Testing Block,Rejected
BR003846,TASK70268,Engineering,ADI-BRC,2026-06-01 14:15,2026-06-01 15:15,Traffic Block,Approved
BR003847,TASK19629,S&T,NGP-BSP,2026-06-01 22:00,2026-06-02 00:54,Cable Block,Approved
BR003848,TASK27615,Engineering,SC-NGP,2026-06-01 22:15,2026-06-01 23:44,Bridge Inspection Block,Approved
BR003849,TASK90445,Traction,BPL-JHS,2026-06-01 22:30,2026-06-02 00:56,Power Block,Approved
BR003850,TASK63280,S&T,BZA-MAS,2026-06-01 22:30,2026-06-02 00:03,Cable Block,Cancelled
BR003851,TASK46271,Engineering,BSP-R,2026-06-01 22:45,2026-06-02 02:54,Traffic Block,Completed
BR003852,TASK93293,S&T,VSKP-BZA,2026-06-01 23:00,2026-06-02 02:43,Interlocking Testing Block,Approved
BR003853,TASK31313,Traction,MAS-JTJ,2026-06-01 23:30,2026-06-02 01:54,Power Block,Approved
BR003854,TASK66060,Engineering,HWH-KGP,2026-06-01 23:30,2026-06-02 03:11,Track Renewal Block,Cancelled
BR003855,TASK16071,S&T,CNB-ALD,2026-06-01 23:30,2026-06-02 03:36,Signal Maintenance Block,Approved
BR003856,TASK47247,Engineering,NGP-BSP,2026-06-01 23:45,2026-06-02 03:16,Bridge Inspection Block,Requested
BR003857,TASK38068,S&T,VSKP-BZA,2026-06-01 23:45,2026-06-02 02:14,Cable Block,Approved
BR003858,TASK21042,Engineering,BSR-BPL,2026-06-02 00:00,2026-06-02 01:46,Traffic Block,Completed
BR003859,TASK68243,Traction,NDLS-GZB,2026-06-02 00:15,2026-06-02 03:04,Traction Feed Block,Approved
BR003860,TASK85564,Traction,GZB-CNB,2026-06-02 00:15,2026-06-02 03:02,OHE Maintenance Block,Approved
BR003861,TASK65421,S&T,BZA-MAS,2026-06-02 00:45,2026-06-02 05:34,Cable Block,Approved
BR003862,TASK55819,Engineering,PUNE-CSMT,2026-06-02 01:00,2026-06-02 03:57,Non-Interlocking Block,Completed
BR003863,TASK70297,Traction,NDLS-JHS,2026-06-02 01:00,2026-06-02 04:39,OHE Maintenance Block,Completed
BR003864,TASK65681,Engineering,JTJ-SBC,2026-06-02 01:00,2026-06-02 04:02,Bridge Inspection Block,Completed
BR003865,TASK45969,S&T,SBC-MAS,2026-06-02 01:30,2026-06-02 04:25,Interlocking Testing Block,Approved
BR003866,TASK61137,Engineering,DLI-JU,2026-06-02 12:15,2026-06-02 14:01,Track Renewal Block,Completed
BR003867,TASK72207,Engineering,DLI-JU,2026-06-02 13:00,2026-06-02 13:41,Track Renewal Block,Approved
BR003868,TASK89263,Engineering,SBC-MAS,2026-06-02 13:00,2026-06-02 14:03,Bridge Inspection Block,Rejected
BR003869,TASK41543,Engineering,NDLS-UMB,2026-06-02 13:30,2026-06-02 14:42,Non-Interlocking Block,Approved
BR003870,TASK78520,S&T,BPL-JHS,2026-06-02 13:30,2026-06-02 14:50,Interlocking Testing Block,Approved
BR003871,TASK80774,S&T,BZA-MAS,2026-06-02 14:45,2026-06-02 16:03,Cable Block,Requested
BR003872,TASK42412,S&T,SBC-MAS,2026-06-02 15:15,2026-06-02 16:46,Signal Maintenance Block,Approved
BR003873,TASK27965,Engineering,BSR-BPL,2026-06-02 15:15,2026-06-02 16:44,Traffic Block,Approved
BR003874,TASK61379,Engineering,CNB-ALD,2026-06-02 15:45,2026-06-02 17:24,Traffic Block,Approved
BR003875,TASK20116,S&T,SC-NGP,2026-06-02 22:00,2026-06-03 02:44,Interlocking Testing Block,Approved
BR003876,TASK82499,Engineering,ALD-MGS,2026-06-02 22:00,2026-06-02 23:48,Traffic Block,Requested
BR003877,TASK76883,S&T,SC-NGP,2026-06-02 22:15,2026-06-03 02:15,Signal Maintenance Block,Approved
BR003878,TASK98670,Traction,GZB-CNB,2026-06-02 22:15,2026-06-03 00:12,Traction Feed Block,Approved
BR003879,TASK16576,S&T,JP-ADI,2026-06-02 22:15,2026-06-03 03:13,Interlocking Testing Block,Completed
BR003880,TASK26903,Engineering,BRC-ST,2026-06-02 22:15,2026-06-03 01:10,Track Renewal Block,Approved
BR003881,TASK10189,S&T,NDLS-JHS,2026-06-02 22:30,2026-06-03 02:01,Interlocking Testing Block,Approved
BR003882,TASK25317,Engineering,ALD-MGS,2026-06-02 22:30,2026-06-03 00:22,Non-Interlocking Block,Approved
BR003883,TASK82957,Engineering,MGS-HWH,2026-06-02 22:30,2026-06-03 01:10,Track Renewal Block,Completed
BR003884,TASK30294,S&T,VSKP-BZA,2026-06-02 23:15,2026-06-03 03:12,Cable Block,Cancelled
BR003885,TASK93386,Engineering,HWH-KGP,2026-06-02 23:30,2026-06-03 01:43,Track Renewal Block,Approved
BR003886,TASK85569,S&T,ADI-BRC,2026-06-02 23:30,2026-06-03 04:11,Interlocking Testing Block,Cancelled
BR003887,TASK21622,Engineering,SBC-UBL,2026-06-02 23:30,2026-06-03 00:40,Non-Interlocking Block,Approved
BR003888,TASK74186,Engineering,SBC-UBL,2026-06-02 23:30,2026-06-03 04:20,Track Renewal Block,Requested
BR003889,TASK21751,Traction,JTJ-SBC,2026-06-02 23:45,2026-06-03 01:12,Traction Feed Block,Approved
BR003890,TASK75823,Engineering,SBC-MAS,2026-06-02 23:45,2026-06-03 02:45,Traffic Block,Approved
BR003891,TASK82149,Engineering,MAS-JTJ,2026-06-02 23:45,2026-06-03 00:51,Track Renewal Block,Approved
BR003892,TASK43683,Traction,CNB-ALD,2026-06-03 00:00,2026-06-03 04:26,Power Block,Approved
BR003893,TASK63447,Traction,NDLS-JHS,2026-06-03 00:00,2026-06-03 03:19,Traction Feed Block,Approved
BR003894,TASK49323,Traction,ST-BCT,2026-06-03 00:15,2026-06-03 03:40,OHE Maintenance Block,Completed
BR003895,TASK81476,Engineering,NDLS-ASR,2026-06-03 00:15,2026-06-03 04:36,Non-Interlocking Block,Approved
BR003896,TASK75134,Traction,UBL-PUNE,2026-06-03 00:30,2026-06-03 04:41,Power Block,Requested
BR003897,TASK47958,Engineering,HWH-NJP,2026-06-03 01:00,2026-06-03 04:31,Bridge Inspection Block,Completed
BR003898,TASK91530,Traction,KGP-VSKP,2026-06-03 01:15,2026-06-03 02:25,OHE Maintenance Block,Approved
BR003899,TASK29604,Engineering,HWH-NJP,2026-06-03 01:15,2026-06-03 06:11,Bridge Inspection Block,Approved
BR003900,TASK93715,Engineering,BZA-MAS,2026-06-03 01:30,2026-06-03 05:39,Track Renewal Block,Requested
BR003901,TASK11973,Traction,CNB-ALD,2026-06-03 11:00,2026-06-03 11:58,OHE Maintenance Block,Completed
BR003902,TASK93635,S&T,BZA-SC,2026-06-03 12:30,2026-06-03 13:45,Interlocking Testing Block,Approved
BR003903,TASK76549,Engineering,NDLS-UMB,2026-06-03 13:45,2026-06-03 14:29,Bridge Inspection Block,Approved
BR003904,TASK83467,Traction,HWH-KGP,2026-06-03 14:15,2026-06-03 14:59,OHE Maintenance Block,Approved
BR003905,TASK25842,Engineering,CNB-ALD,2026-06-03 22:00,2026-06-04 01:13,Track Renewal Block,Approved
BR003906,TASK43511,Traction,JTJ-SBC,2026-06-03 22:00,2026-06-04 01:22,OHE Maintenance Block,Completed
BR003907,TASK77700,S&T,CSMT-BSR,2026-06-03 22:00,2026-06-04 02:00,Cable Block,Requested
BR003908,TASK15295,Engineering,CSMT-BSR,2026-06-03 22:15,2026-06-04 02:11,Track Renewal Block,Approved
BR003909,TASK64187,S&T,UBL-PUNE,2026-06-03 22:15,2026-06-03 23:52,Interlocking Testing Block,Completed
BR003910,TASK55240,Engineering,BRC-ST,2026-06-03 22:15,2026-06-04 00:31,Track Renewal Block,Approved
BR003911,TASK47339,Traction,GZB-CNB,2026-06-03 22:15,2026-06-04 02:12,Power Block,Rejected
BR003912,TASK51104,S&T,NDLS-GZB,2026-06-03 22:30,2026-06-03 23:56,Cable Block,Approved
BR003913,TASK73644,S&T,VSKP-BZA,2026-06-03 22:45,2026-06-04 02:59,Signal Maintenance Block,Approved
BR003914,TASK93449,Engineering,KGP-VSKP,2026-06-03 22:45,2026-06-04 00:44,Bridge Inspection Block,Approved
BR003915,TASK91829,S&T,NDLS-ASR,2026-06-03 23:00,2026-06-04 01:33,Cable Block,Rejected
BR003916,TASK77257,Traction,BPL-JHS,2026-06-03 23:30,2026-06-04 01:36,Traction Feed Block,Requested
BR003917,TASK24052,S&T,ST-BCT,2026-06-03 23:30,2026-06-04 01:07,Interlocking Testing Block,Requested
BR003918,TASK59232,Traction,BRC-ST,2026-06-03 23:45,2026-06-04 01:27,OHE Maintenance Block,Approved
BR003919,TASK57944,S&T,SBC-MAS,2026-06-04 00:00,2026-06-04 01:33,Cable Block,Completed
BR003920,TASK19550,S&T,VSKP-BZA,2026-06-04 00:15,2026-06-04 02:57,Interlocking Testing Block,Cancelled
BR003921,TASK57334,Engineering,BSR-BPL,2026-06-04 00:30,2026-06-04 03:36,Track Renewal Block,Approved
BR003922,TASK60270,S&T,CSMT-BSR,2026-06-04 00:30,2026-06-04 04:35,Signal Maintenance Block,Approved
BR003923,TASK31034,Engineering,JP-ADI,2026-06-04 00:45,2026-06-04 03:05,Bridge Inspection Block,Approved
BR003924,TASK77025,Traction,BRC-ST,2026-06-04 00:45,2026-06-04 02:07,Power Block,Rejected
BR003925,TASK55602,Traction,ADI-BRC,2026-06-04 00:45,2026-06-04 02:05,OHE Maintenance Block,Completed
BR003926,TASK54783,Engineering,UBL-PUNE,2026-06-04 01:15,2026-06-04 06:03,Non-Interlocking Block,Approved
BR003927,TASK98530,S&T,HWH-NJP,2026-06-04 01:15,2026-06-04 03:48,Cable Block,Approved
BR003928,TASK68176,Traction,NDLS-GZB,2026-06-04 01:30,2026-06-04 03:20,OHE Maintenance Block,Requested
BR003929,TASK63959,S&T,MAS-JTJ,2026-06-04 01:45,2026-06-04 03:23,Cable Block,Requested
BR003930,TASK89054,S&T,VSKP-BZA,2026-06-04 01:45,2026-06-04 06:07,Cable Block,Approved
BR003931,TASK83233,Traction,HWH-NJP,2026-06-04 10:15,2026-06-04 10:58,Traction Feed Block,Requested
BR003932,TASK68853,Traction,BRC-ST,2026-06-04 11:00,2026-06-04 11:45,Traction Feed Block,Requested
BR003933,TASK50304,Traction,MGS-HWH,2026-06-04 11:15,2026-06-04 12:07,OHE Maintenance Block,Requested
BR003934,TASK64522,Engineering,MGS-HWH,2026-06-04 12:45,2026-06-04 14:23,Track Renewal Block,Approved
BR003935,TASK84437,Engineering,BZA-MAS,2026-06-04 13:45,2026-06-04 15:31,Non-Interlocking Block,Rejected
BR003936,TASK48658,Engineering,BZA-SC,2026-06-04 15:00,2026-06-04 16:05,Non-Interlocking Block,Completed
BR003937,TASK59914,Traction,HWH-KGP,2026-06-04 22:00,2026-06-05 00:03,OHE Maintenance Block,Approved
BR003938,TASK38928,Engineering,ST-BCT,2026-06-04 22:00,2026-06-04 23:32,Non-Interlocking Block,Rejected
BR003939,TASK27949,Engineering,GZB-CNB,2026-06-04 22:15,2026-06-04 23:17,Non-Interlocking Block,Approved
BR003940,TASK24589,S&T,CNB-ALD,2026-06-04 22:30,2026-06-05 02:29,Cable Block,Approved
BR003941,TASK42418,Engineering,BZA-MAS,2026-06-04 22:45,2026-06-05 03:41,Bridge Inspection Block,Approved
BR003942,TASK64439,Engineering,GZB-CNB,2026-06-04 23:00,2026-06-05 03:23,Track Renewal Block,Requested
BR003943,TASK54728,S&T,HWH-KGP,2026-06-04 23:45,2026-06-05 02:19,Signal Maintenance Block,Approved
BR003944,TASK58500,Engineering,SBC-UBL,2026-06-05 00:30,2026-06-05 05:13,Non-Interlocking Block,Requested
BR003945,TASK74776,S&T,BZA-SC,2026-06-05 00:45,2026-06-05 01:59,Signal Maintenance Block,Approved
BR003946,TASK50177,Engineering,NJP-GHY,2026-06-05 01:00,2026-06-05 03:43,Bridge Inspection Block,Rejected
BR003947,TASK92535,S&T,ALD-MGS,2026-06-05 01:00,2026-06-05 04:40,Interlocking Testing Block,Rejected
BR003948,TASK78702,S&T,ST-BCT,2026-06-05 01:15,2026-06-05 05:18,Interlocking Testing Block,Cancelled
BR003949,TASK22071,Engineering,BPL-JHS,2026-06-05 01:15,2026-06-05 03:50,Non-Interlocking Block,Approved
BR003950,TASK44365,Engineering,ADI-BRC,2026-06-05 01:30,2026-06-05 02:33,Bridge Inspection Block,Approved
BR003951,TASK31277,Traction,BRC-ST,2026-06-05 01:30,2026-06-05 02:47,OHE Maintenance Block,Approved
BR003952,TASK73904,Engineering,ST-BCT,2026-06-05 01:45,2026-06-05 06:37,Traffic Block,Approved
BR003953,TASK30054,Engineering,CNB-ALD,2026-06-05 10:45,2026-06-05 11:55,Bridge Inspection Block,Approved
BR003954,TASK81870,Engineering,CNB-ALD,2026-06-05 15:30,2026-06-05 17:13,Bridge Inspection Block,Approved
BR003955,TASK51728,Engineering,SBC-MAS,2026-06-05 22:00,2026-06-06 02:16,Non-Interlocking Block,Requested
BR003956,TASK53034,S&T,SBC-MAS,2026-06-05 22:00,2026-06-06 01:31,Signal Maintenance Block,Requested
BR003957,TASK80111,S&T,UBL-PUNE,2026-06-05 22:00,2026-06-06 00:10,Interlocking Testing Block,Approved
BR003958,TASK21872,Traction,NDLS-ASR,2026-06-05 22:15,2026-06-05 23:43,OHE Maintenance Block,Approved
BR003959,TASK11428,Traction,SBC-UBL,2026-06-05 22:15,2026-06-06 02:35,Power Block,Approved
BR003960,TASK28108,Engineering,ADI-BRC,2026-06-05 22:30,2026-06-06 01:19,Track Renewal Block,Rejected
BR003961,TASK46758,S&T,SBC-MAS,2026-06-05 23:00,2026-06-06 00:28,Interlocking Testing Block,Approved
BR003962,TASK70088,Engineering,ADI-BRC,2026-06-05 23:30,2026-06-06 01:58,Non-Interlocking Block,Completed
BR003963,TASK88403,S&T,BSP-R,2026-06-06 00:00,2026-06-06 04:59,Interlocking Testing Block,Approved
BR003964,TASK54638,Engineering,JTJ-SBC,2026-06-06 00:00,2026-06-06 01:06,Bridge Inspection Block,Requested
BR003965,TASK35361,Engineering,ALD-MGS,2026-06-06 00:30,2026-06-06 02:15,Traffic Block,Approved
BR003966,TASK72786,Engineering,BPL-JHS,2026-06-06 00:30,2026-06-06 05:22,Traffic Block,Approved
BR003967,TASK58590,Traction,BRC-ST,2026-06-06 00:45,2026-06-06 04:31,OHE Maintenance Block,Approved
BR003968,TASK83563,S&T,CSMT-BSR,2026-06-06 00:45,2026-06-06 03:54,Cable Block,Completed
BR003969,TASK19629,Engineering,BZA-MAS,2026-06-06 01:15,2026-06-06 03:49,Non-Interlocking Block,Requested
BR003970,TASK29773,Traction,ST-BCT,2026-06-06 01:30,2026-06-06 04:09,Traction Feed Block,Completed
BR003971,TASK41544,Traction,ALD-MGS,2026-06-06 01:45,2026-06-06 04:29,Traction Feed Block,Rejected
BR003972,TASK21797,Traction,BSP-R,2026-06-06 10:15,2026-06-06 11:30,Traction Feed Block,Rejected
BR003973,TASK26990,S&T,BPL-JHS,2026-06-06 10:30,2026-06-06 11:54,Cable Block,Approved
BR003974,TASK46454,Engineering,VSKP-BZA,2026-06-06 10:30,2026-06-06 12:01,Traffic Block,Approved
BR003975,TASK10045,Engineering,SBC-UBL,2026-06-06 11:30,2026-06-06 13:05,Non-Interlocking Block,Approved
BR003976,TASK59323,S&T,NJP-GHY,2026-06-06 12:00,2026-06-06 13:44,Interlocking Testing Block,Requested
BR003977,TASK63125,Traction,UBL-PUNE,2026-06-06 14:00,2026-06-06 15:00,Traction Feed Block,Requested
BR003978,TASK82542,Engineering,UBL-PUNE,2026-06-06 14:45,2026-06-06 15:37,Traffic Block,Requested
BR003979,TASK61593,Engineering,GZB-CNB,2026-06-06 22:00,2026-06-07 00:19,Track Renewal Block,Approved
BR003980,TASK54077,S&T,GZB-CNB,2026-06-06 22:15,2026-06-07 01:42,Signal Maintenance Block,Approved
BR003981,TASK59318,Engineering,MAS-JTJ,2026-06-06 22:45,2026-06-07 01:08,Track Renewal Block,Approved
BR003982,TASK81283,Engineering,MAS-JTJ,2026-06-06 23:15,2026-06-07 03:02,Non-Interlocking Block,Approved
BR003983,TASK65537,S&T,NDLS-GZB,2026-06-06 23:15,2026-06-07 02:30,Cable Block,Completed
BR003984,TASK86625,Traction,CNB-ALD,2026-06-06 23:15,2026-06-07 03:32,OHE Maintenance Block,Approved
BR003985,TASK82885,S&T,NDLS-UMB,2026-06-06 23:45,2026-06-07 01:27,Signal Maintenance Block,Approved
BR003986,TASK34100,Engineering,ADI-BRC,2026-06-07 00:00,2026-06-07 01:00,Track Renewal Block,Approved
BR003987,TASK16214,Engineering,JP-ADI,2026-06-07 00:00,2026-06-07 04:55,Traffic Block,Requested
BR003988,TASK59611,S&T,BPL-JHS,2026-06-07 01:00,2026-06-07 02:38,Cable Block,Approved
BR003989,TASK97920,Traction,JU-JP,2026-06-07 01:00,2026-06-07 03:42,OHE Maintenance Block,Approved
BR003990,TASK15340,S&T,BRC-ST,2026-06-07 01:15,2026-06-07 04:30,Interlocking Testing Block,Approved
BR003991,TASK46790,S&T,KGP-VSKP,2026-06-07 01:30,2026-06-07 03:45,Cable Block,Requested
BR003992,TASK26845,S&T,GZB-CNB,2026-06-07 01:30,2026-06-07 04:43,Signal Maintenance Block,Approved
BR003993,TASK22059,Traction,HWH-KGP,2026-06-07 12:45,2026-06-07 14:22,Power Block,Approved
BR003994,TASK18706,S&T,MGS-HWH,2026-06-07 13:45,2026-06-07 15:00,Interlocking Testing Block,Approved
BR003995,TASK11782,Engineering,BRC-ST,2026-06-07 14:15,2026-06-07 15:19,Bridge Inspection Block,Approved
BR003996,TASK21256,S&T,BZA-SC,2026-06-07 22:30,2026-06-08 02:49,Signal Maintenance Block,Approved
BR003997,TASK68297,Engineering,MGS-HWH,2026-06-07 22:45,2026-06-08 03:35,Bridge Inspection Block,Cancelled
BR003998,TASK27968,Traction,MGS-HWH,2026-06-07 23:15,2026-06-08 00:34,Traction Feed Block,Completed
BR003999,TASK17617,Engineering,CSMT-BSR,2026-06-07 23:30,2026-06-08 01:57,Traffic Block,Approved
BR004000,TASK48659,S&T,ALD-MGS,2026-06-07 23:30,2026-06-08 02:22,Signal Maintenance Block,Approved
BR004001,TASK88769,Traction,VSKP-BZA,2026-06-07 23:45,2026-06-08 02:29,Power Block,Requested
BR004002,TASK17019,Engineering,BSR-BPL,2026-06-08 00:15,2026-06-08 03:10,Traffic Block,Rejected
BR004003,TASK50253,S&T,HWH-KGP,2026-06-08 01:15,2026-06-08 04:08,Interlocking Testing Block,Rejected
BR004004,TASK63789,S&T,NDLS-GZB,2026-06-08 01:15,2026-06-08 05:58,Cable Block,Approved
BR004005,TASK51395,Engineering,MGS-HWH,2026-06-08 01:15,2026-06-08 05:58,Bridge Inspection Block,Completed
BR004006,TASK19326,S&T,BSP-R,2026-06-08 01:45,2026-06-08 05:05,Interlocking Testing Block,Completed
BR004007,TASK34278,Traction,BPL-JHS,2026-06-08 12:15,2026-06-08 12:57,Power Block,Approved
BR004008,TASK67305,Engineering,ST-BCT,2026-06-08 12:45,2026-06-08 13:17,Traffic Block,Completed
BR004009,TASK33970,Engineering,SBC-MAS,2026-06-08 13:30,2026-06-08 14:25,Non-Interlocking Block,Rejected
BR004010,TASK31433,Engineering,CSMT-BSR,2026-06-08 14:30,2026-06-08 16:13,Bridge Inspection Block,Approved
BR004011,TASK44098,Traction,JP-ADI,2026-06-08 15:45,2026-06-08 16:25,OHE Maintenance Block,Approved
BR004012,TASK25290,Engineering,SC-NGP,2026-06-08 22:15,2026-06-08 23:50,Non-Interlocking Block,Approved
BR004013,TASK18670,Engineering,NDLS-JHS,2026-06-08 23:15,2026-06-09 04:04,Non-Interlocking Block,Approved
BR004014,TASK94610,S&T,ST-BCT,2026-06-08 23:15,2026-06-09 04:07,Interlocking Testing Block,Approved
BR004015,TASK37103,S&T,HWH-NJP,2026-06-08 23:45,2026-06-09 04:06,Interlocking Testing Block,Approved
BR004016,TASK29703,Engineering,MGS-HWH,2026-06-09 00:15,2026-06-09 04:08,Bridge Inspection Block,Approved
BR004017,TASK29158,Engineering,ADI-BRC,2026-06-09 00:15,2026-06-09 03:19,Non-Interlocking Block,Requested
BR004018,TASK37675,Traction,MGS-HWH,2026-06-09 00:15,2026-06-09 02:42,Traction Feed Block,Completed
BR004019,TASK43033,Engineering,JU-JP,2026-06-09 00:15,2026-06-09 05:03,Traffic Block,Approved
BR004020,TASK11158,Traction,CNB-ALD,2026-06-09 00:45,2026-06-09 02:18,Traction Feed Block,Approved
BR004021,TASK48914,Traction,BZA-MAS,2026-06-09 00:45,2026-06-09 02:34,Traction Feed Block,Completed
BR004022,TASK36979,Engineering,NDLS-UMB,2026-06-09 01:00,2026-06-09 02:58,Track Renewal Block,Completed
BR004023,TASK76984,Engineering,ST-BCT,2026-06-09 01:15,2026-06-09 05:29,Track Renewal Block,Approved
BR004024,TASK86509,Engineering,SBC-MAS,2026-06-09 01:45,2026-06-09 03:05,Non-Interlocking Block,Approved
BR004025,TASK48916,Traction,NDLS-UMB,2026-06-09 01:45,2026-06-09 05:22,OHE Maintenance Block,Completed
BR004026,TASK93373,Traction,BSR-BPL,2026-06-09 11:30,2026-06-09 12:26,Power Block,Approved
BR004027,TASK14311,S&T,SBC-MAS,2026-06-09 11:30,2026-06-09 13:09,Interlocking Testing Block,Approved
BR004028,TASK17043,Traction,BPL-JHS,2026-06-09 12:15,2026-06-09 12:55,OHE Maintenance Block,Approved
BR004029,TASK79125,S&T,GZB-CNB,2026-06-09 12:45,2026-06-09 14:35,Cable Block,Approved
BR004030,TASK74111,Engineering,BSR-BPL,2026-06-09 14:15,2026-06-09 14:58,Bridge Inspection Block,Approved
BR004031,TASK78027,Traction,NJP-GHY,2026-06-09 22:00,2026-06-10 02:31,Power Block,Cancelled
BR004032,TASK28654,S&T,NDLS-JHS,2026-06-09 22:00,2026-06-10 02:48,Interlocking Testing Block,Completed
BR004033,TASK91614,S&T,ADI-BRC,2026-06-09 22:00,2026-06-10 01:51,Interlocking Testing Block,Rejected
BR004034,TASK16789,Traction,ADI-BRC,2026-06-09 22:00,2026-06-10 01:05,Traction Feed Block,Completed
BR004035,TASK13354,Traction,MGS-HWH,2026-06-09 22:30,2026-06-10 00:32,Power Block,Rejected
BR004036,TASK11141,S&T,SBC-MAS,2026-06-09 22:45,2026-06-10 03:13,Cable Block,Approved
BR004037,TASK31674,S&T,NDLS-GZB,2026-06-09 22:45,2026-06-10 01:29,Cable Block,Completed
BR004038,TASK29310,Traction,UBL-PUNE,2026-06-09 22:45,2026-06-10 03:44,Power Block,Completed
BR004039,TASK49943,Traction,SC-NGP,2026-06-09 23:30,2026-06-10 03:36,Traction Feed Block,Rejected
BR004040,TASK48916,Engineering,GZB-CNB,2026-06-09 23:30,2026-06-10 03:23,Non-Interlocking Block,Approved
BR004041,TASK10639,S&T,JP-ADI,2026-06-09 23:30,2026-06-10 00:56,Signal Maintenance Block,Approved
BR004042,TASK37011,S&T,BZA-MAS,2026-06-09 23:45,2026-06-10 04:37,Cable Block,Approved
BR004043,TASK97931,S&T,NDLS-GZB,2026-06-09 23:45,2026-06-10 00:47,Interlocking Testing Block,Approved
BR004044,TASK39234,Traction,BRC-ST,2026-06-09 23:45,2026-06-10 01:18,Traction Feed Block,Completed
BR004045,TASK68287,Traction,GZB-CNB,2026-06-10 00:00,2026-06-10 01:07,OHE Maintenance Block,Approved
BR004046,TASK10080,Engineering,DLI-JU,2026-06-10 00:00,2026-06-10 03:05,Track Renewal Block,Approved
BR004047,TASK30413,S&T,SC-NGP,2026-06-10 00:15,2026-06-10 03:01,Interlocking Testing Block,Requested
BR004048,TASK62959,S&T,SC-NGP,2026-06-10 00:15,2026-06-10 01:19,Signal Maintenance Block,Requested
BR004049,TASK99762,Engineering,GZB-CNB,2026-06-10 00:15,2026-06-10 03:55,Traffic Block,Approved
BR004050,TASK47606,Engineering,BSR-BPL,2026-06-10 00:45,2026-06-10 02:14,Non-Interlocking Block,Rejected
BR004051,TASK95950,S&T,UBL-PUNE,2026-06-10 01:00,2026-06-10 03:38,Interlocking Testing Block,Requested
BR004052,TASK45561,Engineering,ADI-BRC,2026-06-10 01:45,2026-06-10 03:36,Traffic Block,Approved
BR004053,TASK95337,Engineering,NJP-GHY,2026-06-10 11:15,2026-06-10 11:48,Traffic Block,Approved
BR004054,TASK49547,Engineering,MAS-JTJ,2026-06-10 12:15,2026-06-10 13:07,Bridge Inspection Block,Rejected
BR004055,TASK35397,Engineering,HWH-NJP,2026-06-10 12:30,2026-06-10 13:35,Non-Interlocking Block,Requested
BR004056,TASK24931,Traction,JTJ-SBC,2026-06-10 13:00,2026-06-10 14:24,OHE Maintenance Block,Approved
BR004057,TASK61925,S&T,BSP-R,2026-06-10 13:45,2026-06-10 14:54,Interlocking Testing Block,Approved
BR004058,TASK73787,Engineering,NJP-GHY,2026-06-10 14:15,2026-06-10 14:55,Track Renewal Block,Approved
BR004059,TASK88497,Traction,CNB-ALD,2026-06-10 15:15,2026-06-10 16:35,OHE Maintenance Block,Approved
BR004060,TASK75678,Engineering,CSMT-BSR,2026-06-10 22:00,2026-06-11 01:02,Traffic Block,Completed
BR004061,TASK52382,S&T,NDLS-JHS,2026-06-10 22:00,2026-06-10 23:41,Signal Maintenance Block,Approved
BR004062,TASK62275,Engineering,MGS-HWH,2026-06-10 22:00,2026-06-11 02:26,Non-Interlocking Block,Approved
BR004063,TASK38793,Engineering,MGS-HWH,2026-06-10 22:00,2026-06-11 02:25,Non-Interlocking Block,Approved
BR004064,TASK59809,Engineering,ADI-BRC,2026-06-10 22:30,2026-06-11 01:58,Non-Interlocking Block,Requested
BR004065,TASK84162,Traction,MGS-HWH,2026-06-10 23:15,2026-06-11 03:41,Power Block,Approved
BR004066,TASK69033,S&T,JP-ADI,2026-06-11 00:00,2026-06-11 02:10,Signal Maintenance Block,Approved
BR004067,TASK79597,Engineering,JU-JP,2026-06-11 00:00,2026-06-11 01:55,Non-Interlocking Block,Approved
BR004068,TASK11229,Engineering,NGP-BSP,2026-06-11 00:00,2026-06-11 03:56,Non-Interlocking Block,Approved
BR004069,TASK51788,Traction,DLI-JU,2026-06-11 00:00,2026-06-11 03:41,Power Block,Approved
BR004070,TASK90938,Traction,NGP-BSP,2026-06-11 00:15,2026-06-11 04:07,OHE Maintenance Block,Completed
BR004071,TASK93088,Traction,MGS-HWH,2026-06-11 00:30,2026-06-11 02:58,Traction Feed Block,Approved
BR004072,TASK77508,Engineering,NDLS-GZB,2026-06-11 01:00,2026-06-11 04:08,Traffic Block,Approved
BR004073,TASK23579,S&T,BSR-BPL,2026-06-11 01:00,2026-06-11 05:45,Signal Maintenance Block,Rejected
BR004074,TASK83005,Traction,NDLS-UMB,2026-06-11 01:15,2026-06-11 03:36,Power Block,Approved
BR004075,TASK28543,Traction,NDLS-GZB,2026-06-11 01:30,2026-06-11 06:13,Traction Feed Block,Approved
BR004076,TASK43436,Engineering,ADI-BRC,2026-06-11 01:30,2026-06-11 04:16,Bridge Inspection Block,Approved
BR004077,TASK43232,Traction,MGS-HWH,2026-06-11 01:30,2026-06-11 02:56,Power Block,Completed
BR004078,TASK18926,Traction,ADI-BRC,2026-06-11 01:30,2026-06-11 03:15,Power Block,Approved
BR004079,TASK60607,Engineering,MGS-HWH,2026-06-11 01:45,2026-06-11 05:08,Traffic Block,Rejected
BR004080,TASK90697,Engineering,CNB-ALD,2026-06-11 01:45,2026-06-11 06:13,Non-Interlocking Block,Approved
BR004081,TASK84438,S&T,BPL-JHS,2026-06-11 11:30,2026-06-11 13:10,Interlocking Testing Block,Approved
BR004082,TASK87874,S&T,BSR-BPL,2026-06-11 12:45,2026-06-11 13:51,Cable Block,Completed
BR004083,TASK30461,Traction,NDLS-JHS,2026-06-11 22:30,2026-06-12 02:24,Power Block,Approved
BR004084,TASK67577,Engineering,SC-NGP,2026-06-11 22:45,2026-06-12 00:55,Track Renewal Block,Approved
BR004085,TASK45928,Traction,KGP-VSKP,2026-06-11 22:45,2026-06-12 02:44,Power Block,Approved
BR004086,TASK47353,Traction,GZB-CNB,2026-06-11 23:15,2026-06-12 04:11,OHE Maintenance Block,Approved
BR004087,TASK77657,Engineering,HWH-KGP,2026-06-11 23:45,2026-06-12 01:39,Traffic Block,Cancelled
BR004088,TASK71391,Engineering,JTJ-SBC,2026-06-11 23:45,2026-06-12 01:31,Track Renewal Block,Approved
BR004089,TASK73088,Traction,JTJ-SBC,2026-06-11 23:45,2026-06-12 01:54,OHE Maintenance Block,Completed
BR004090,TASK10364,Engineering,DLI-JU,2026-06-12 00:00,2026-06-12 02:46,Track Renewal Block,Requested
BR004091,TASK18198,Traction,BZA-MAS,2026-06-12 00:15,2026-06-12 03:57,Power Block,Approved
BR004092,TASK78244,S&T,NDLS-ASR,2026-06-12 00:30,2026-06-12 05:21,Signal Maintenance Block,Approved
BR004093,TASK63891,S&T,DLI-JU,2026-06-12 00:45,2026-06-12 05:40,Interlocking Testing Block,Approved
BR004094,TASK89423,Traction,BRC-ST,2026-06-12 01:00,2026-06-12 03:21,OHE Maintenance Block,Approved
BR004095,TASK95706,Engineering,CSMT-BSR,2026-06-12 01:00,2026-06-12 02:02,Track Renewal Block,Requested
BR004096,TASK83462,Engineering,SBC-UBL,2026-06-12 01:15,2026-06-12 03:31,Traffic Block,Approved
BR004097,TASK44820,Engineering,HWH-KGP,2026-06-12 01:30,2026-06-12 04:11,Bridge Inspection Block,Approved
BR004098,TASK94741,Traction,NDLS-GZB,2026-06-12 01:30,2026-06-12 06:08,OHE Maintenance Block,Approved
BR004099,TASK71177,Traction,KGP-VSKP,2026-06-12 01:45,2026-06-12 04:47,Power Block,Approved
BR004100,TASK41430,Engineering,JU-JP,2026-06-12 01:45,2026-06-12 04:15,Traffic Block,Requested
BR004101,TASK42012,Engineering,VSKP-BZA,2026-06-12 11:45,2026-06-12 12:15,Track Renewal Block,Approved
BR004102,TASK14189,S&T,MAS-JTJ,2026-06-12 12:00,2026-06-12 13:10,Interlocking Testing Block,Requested
BR004103,TASK55295,Traction,BZA-SC,2026-06-12 12:15,2026-06-12 13:24,Traction Feed Block,Approved
BR004104,TASK88101,Traction,BZA-MAS,2026-06-12 12:30,2026-06-12 13:00,OHE Maintenance Block,Approved
BR004105,TASK51861,Engineering,GZB-CNB,2026-06-12 13:30,2026-06-12 14:24,Traffic Block,Approved
BR004106,TASK59993,Traction,NDLS-JHS,2026-06-12 22:00,2026-06-13 00:44,Traction Feed Block,Rejected
BR004107,TASK47008,S&T,BSP-R,2026-06-12 22:00,2026-06-13 02:05,Interlocking Testing Block,Approved
BR004108,TASK23066,Traction,JP-ADI,2026-06-12 22:15,2026-06-13 01:04,Traction Feed Block,Approved
BR004109,TASK58812,S&T,VSKP-BZA,2026-06-12 22:15,2026-06-13 02:37,Signal Maintenance Block,Approved
BR004110,TASK91703,Traction,ADI-BRC,2026-06-12 22:15,2026-06-12 23:37,Power Block,Requested
BR004111,TASK19752,Engineering,MAS-JTJ,2026-06-12 22:30,2026-06-13 02:30,Non-Interlocking Block,Approved
BR004112,TASK89979,Traction,BRC-ST,2026-06-12 22:45,2026-06-13 02:43,OHE Maintenance Block,Rejected
BR004113,TASK56804,Engineering,NDLS-JHS,2026-06-12 22:45,2026-06-13 03:38,Bridge Inspection Block,Cancelled
BR004114,TASK71356,S&T,BRC-ST,2026-06-12 22:45,2026-06-13 00:34,Cable Block,Completed
BR004115,TASK42347,Engineering,KGP-VSKP,2026-06-12 22:45,2026-06-13 00:16,Non-Interlocking Block,Completed
BR004116,TASK38107,Engineering,HWH-KGP,2026-06-12 23:00,2026-06-13 03:46,Bridge Inspection Block,Requested
BR004117,TASK23497,Engineering,ALD-MGS,2026-06-12 23:00,2026-06-13 01:32,Traffic Block,Approved
BR004118,TASK97557,S&T,CNB-ALD,2026-06-12 23:15,2026-06-13 01:44,Interlocking Testing Block,Approved
BR004119,TASK44053,Engineering,ADI-BRC,2026-06-12 23:30,2026-06-13 02:37,Track Renewal Block,Completed
BR004120,TASK59583,S&T,BSR-BPL,2026-06-13 00:15,2026-06-13 04:06,Signal Maintenance Block,Completed
BR004121,TASK45532,S&T,SC-NGP,2026-06-13 00:30,2026-06-13 01:56,Cable Block,Approved
BR004122,TASK40325,S&T,VSKP-BZA,2026-06-13 00:30,2026-06-13 04:53,Signal Maintenance Block,Approved
BR004123,TASK26741,Engineering,BSP-R,2026-06-13 00:30,2026-06-13 03:46,Track Renewal Block,Requested
BR004124,TASK43942,Engineering,VSKP-BZA,2026-06-13 00:45,2026-06-13 05:18,Track Renewal Block,Approved
BR004125,TASK99977,S&T,MGS-HWH,2026-06-13 01:00,2026-06-13 04:57,Cable Block,Approved
BR004126,TASK43095,S&T,VSKP-BZA,2026-06-13 01:30,2026-06-13 02:38,Signal Maintenance Block,Requested
BR004127,TASK28165,Engineering,BRC-ST,2026-06-13 01:30,2026-06-13 05:20,Non-Interlocking Block,Approved
BR004128,TASK73450,Engineering,MGS-HWH,2026-06-13 01:45,2026-06-13 04:08,Track Renewal Block,Rejected
BR004129,TASK52039,Traction,NDLS-ASR,2026-06-13 10:15,2026-06-13 10:57,OHE Maintenance Block,Approved
BR004130,TASK27737,Engineering,MGS-HWH,2026-06-13 10:45,2026-06-13 11:52,Non-Interlocking Block,Rejected
BR004131,TASK80160,S&T,ALD-MGS,2026-06-13 11:30,2026-06-13 13:21,Cable Block,Approved
BR004132,TASK57327,Engineering,MAS-JTJ,2026-06-13 14:00,2026-06-13 15:30,Track Renewal Block,Cancelled
BR004133,TASK62706,Traction,NGP-BSP,2026-06-13 15:15,2026-06-13 16:43,Traction Feed Block,Completed
BR004134,TASK85667,Engineering,ALD-MGS,2026-06-13 15:30,2026-06-13 16:50,Traffic Block,Approved
BR004135,TASK59301,S&T,NGP-BSP,2026-06-13 22:00,2026-06-14 02:24,Signal Maintenance Block,Rejected
BR004136,TASK36719,Traction,ST-BCT,2026-06-13 22:15,2026-06-14 02:00,Traction Feed Block,Approved
BR004137,TASK86476,S&T,ALD-MGS,2026-06-13 22:15,2026-06-14 01:58,Cable Block,Approved
BR004138,TASK96065,Traction,UBL-PUNE,2026-06-13 22:15,2026-06-14 01:40,OHE Maintenance Block,Approved
BR004139,TASK96580,Engineering,PUNE-CSMT,2026-06-13 22:30,2026-06-14 00:34,Non-Interlocking Block,Approved
BR004140,TASK70696,Traction,MGS-HWH,2026-06-13 22:30,2026-06-14 00:07,Traction Feed Block,Requested
BR004141,TASK88478,Traction,ADI-BRC,2026-06-13 22:30,2026-06-14 02:30,Power Block,Approved
BR004142,TASK37813,S&T,CSMT-BSR,2026-06-13 22:30,2026-06-14 03:16,Cable Block,Approved
BR004143,TASK63249,Engineering,MGS-HWH,2026-06-13 22:45,2026-06-14 00:24,Bridge Inspection Block,Requested
BR004144,TASK22127,Engineering,VSKP-BZA,2026-06-13 22:45,2026-06-14 01:23,Non-Interlocking Block,Approved
BR004145,TASK99060,Traction,VSKP-BZA,2026-06-14 00:15,2026-06-14 05:08,Power Block,Rejected
BR004146,TASK28445,Engineering,BZA-MAS,2026-06-14 00:30,2026-06-14 01:46,Non-Interlocking Block,Requested
BR004147,TASK90180,S&T,NJP-GHY,2026-06-14 00:30,2026-06-14 04:09,Signal Maintenance Block,Approved
BR004148,TASK73684,S&T,SBC-UBL,2026-06-14 00:45,2026-06-14 02:17,Signal Maintenance Block,Completed
BR004149,TASK13217,Engineering,NGP-BSP,2026-06-14 00:45,2026-06-14 05:09,Non-Interlocking Block,Approved
BR004150,TASK72574,Engineering,CSMT-BSR,2026-06-14 00:45,2026-06-14 05:15,Non-Interlocking Block,Approved
BR004151,TASK89956,Engineering,BZA-SC,2026-06-14 00:45,2026-06-14 04:00,Bridge Inspection Block,Completed
BR004152,TASK78585,Engineering,HWH-KGP,2026-06-14 00:45,2026-06-14 04:44,Traffic Block,Cancelled
BR004153,TASK24942,Engineering,HWH-KGP,2026-06-14 01:30,2026-06-14 05:54,Bridge Inspection Block,Approved
BR004154,TASK98491,Traction,GZB-CNB,2026-06-14 01:30,2026-06-14 06:05,OHE Maintenance Block,Requested
BR004155,TASK41927,Traction,JTJ-SBC,2026-06-14 01:45,2026-06-14 03:38,Traction Feed Block,Approved
BR004156,TASK45904,S&T,CNB-ALD,2026-06-14 10:00,2026-06-14 11:49,Cable Block,Completed
BR004157,TASK26531,Engineering,VSKP-BZA,2026-06-14 10:30,2026-06-14 11:13,Traffic Block,Requested
BR004158,TASK38405,Engineering,CSMT-BSR,2026-06-14 11:15,2026-06-14 12:45,Bridge Inspection Block,Requested
BR004159,TASK73829,S&T,NDLS-UMB,2026-06-14 12:15,2026-06-14 13:14,Interlocking Testing Block,Completed
BR004160,TASK45043,Engineering,NDLS-UMB,2026-06-14 12:15,2026-06-14 13:55,Traffic Block,Approved
BR004161,TASK59886,S&T,ALD-MGS,2026-06-14 14:45,2026-06-14 15:49,Interlocking Testing Block,Approved
BR004162,TASK74208,Engineering,NDLS-ASR,2026-06-14 14:45,2026-06-14 15:49,Non-Interlocking Block,Completed
BR004163,TASK37343,Traction,BZA-MAS,2026-06-14 15:00,2026-06-14 16:49,Traction Feed Block,Approved
BR004164,TASK26091,S&T,SC-NGP,2026-06-14 22:00,2026-06-15 00:45,Cable Block,Requested
BR004165,TASK58052,Traction,HWH-NJP,2026-06-14 22:15,2026-06-15 02:32,Traction Feed Block,Rejected
BR004166,TASK70846,Engineering,KGP-VSKP,2026-06-14 22:45,2026-06-14 23:51,Track Renewal Block,Approved
BR004167,TASK82702,S&T,CSMT-BSR,2026-06-14 23:00,2026-06-15 00:25,Cable Block,Completed
BR004168,TASK79535,Engineering,MAS-JTJ,2026-06-14 23:00,2026-06-15 01:01,Traffic Block,Approved
BR004169,TASK85653,S&T,GZB-CNB,2026-06-14 23:30,2026-06-15 00:37,Signal Maintenance Block,Completed
BR004170,TASK23684,Traction,BSR-BPL,2026-06-14 23:30,2026-06-15 01:29,Traction Feed Block,Completed
BR004171,TASK70963,Engineering,ST-BCT,2026-06-14 23:45,2026-06-15 03:45,Non-Interlocking Block,Approved
BR004172,TASK51922,Engineering,ST-BCT,2026-06-15 00:00,2026-06-15 04:13,Non-Interlocking Block,Requested
BR004173,TASK75399,Engineering,KGP-VSKP,2026-06-15 00:15,2026-06-15 04:03,Non-Interlocking Block,Approved
BR004174,TASK71992,S&T,CSMT-BSR,2026-06-15 00:30,2026-06-15 01:49,Signal Maintenance Block,Approved
BR004175,TASK82308,Traction,SBC-MAS,2026-06-15 00:45,2026-06-15 05:07,Power Block,Rejected
BR004176,TASK72893,S&T,NGP-BSP,2026-06-15 01:15,2026-06-15 06:14,Cable Block,Completed
BR004177,TASK22745,Traction,SC-NGP,2026-06-15 01:30,2026-06-15 05:33,OHE Maintenance Block,Approved
BR004178,TASK42869,Traction,HWH-NJP,2026-06-15 10:15,2026-06-15 11:49,OHE Maintenance Block,Approved
BR004179,TASK78503,Traction,KGP-VSKP,2026-06-15 10:30,2026-06-15 11:45,Power Block,Requested
BR004180,TASK82995,Engineering,NDLS-GZB,2026-06-15 10:45,2026-06-15 12:01,Traffic Block,Cancelled
BR004181,TASK44624,Engineering,ST-BCT,2026-06-15 11:15,2026-06-15 13:13,Traffic Block,Cancelled
BR004182,TASK45810,Engineering,BRC-ST,2026-06-15 13:00,2026-06-15 13:40,Bridge Inspection Block,Requested
BR004183,TASK30962,Traction,NDLS-UMB,2026-06-15 14:15,2026-06-15 15:27,Power Block,Approved
BR004184,TASK32518,Engineering,CNB-ALD,2026-06-15 14:45,2026-06-15 16:38,Track Renewal Block,Cancelled
BR004185,TASK48609,S&T,BPL-JHS,2026-06-15 22:45,2026-06-16 01:24,Signal Maintenance Block,Cancelled
BR004186,TASK94958,Engineering,NDLS-GZB,2026-06-15 22:45,2026-06-15 23:56,Bridge Inspection Block,Approved
BR004187,TASK50180,S&T,CSMT-BSR,2026-06-15 23:00,2026-06-16 01:56,Signal Maintenance Block,Completed
BR004188,TASK81622,S&T,BSP-R,2026-06-15 23:00,2026-06-16 02:40,Cable Block,Cancelled
BR004189,TASK36384,S&T,NGP-BSP,2026-06-15 23:30,2026-06-16 01:37,Signal Maintenance Block,Approved
BR004190,TASK14958,S&T,JTJ-SBC,2026-06-15 23:45,2026-06-16 02:40,Cable Block,Approved
BR004191,TASK83345,Engineering,SBC-UBL,2026-06-16 00:15,2026-06-16 02:16,Bridge Inspection Block,Approved
BR004192,TASK98088,Traction,CSMT-BSR,2026-06-16 00:30,2026-06-16 01:42,Power Block,Cancelled
BR004193,TASK73977,S&T,SC-NGP,2026-06-16 00:45,2026-06-16 05:40,Cable Block,Approved
BR004194,TASK79743,Engineering,JP-ADI,2026-06-16 00:45,2026-06-16 03:24,Traffic Block,Completed
BR004195,TASK91930,Engineering,CNB-ALD,2026-06-16 00:45,2026-06-16 03:17,Bridge Inspection Block,Approved
BR004196,TASK81649,Traction,SBC-MAS,2026-06-16 01:00,2026-06-16 05:50,Traction Feed Block,Approved
BR004197,TASK33638,Engineering,ADI-BRC,2026-06-16 01:15,2026-06-16 05:53,Traffic Block,Completed
BR004198,TASK85955,Engineering,MAS-JTJ,2026-06-16 01:30,2026-06-16 04:16,Bridge Inspection Block,Requested
BR004199,TASK61092,S&T,BRC-ST,2026-06-16 01:45,2026-06-16 03:07,Interlocking Testing Block,Requested
BR004200,TASK96248,Engineering,GZB-CNB,2026-06-16 01:45,2026-06-16 06:25,Traffic Block,Rejected
BR004201,TASK21278,Traction,BSR-BPL,2026-06-16 11:00,2026-06-16 12:57,OHE Maintenance Block,Approved
BR004202,TASK42876,Traction,NDLS-JHS,2026-06-16 11:00,2026-06-16 12:06,Traction Feed Block,Approved
BR004203,TASK16219,Traction,ADI-BRC,2026-06-16 13:15,2026-06-16 14:56,OHE Maintenance Block,Approved
BR004204,TASK95454,S&T,SBC-MAS,2026-06-16 13:30,2026-06-16 14:40,Interlocking Testing Block,Approved
BR004205,TASK60374,Engineering,BRC-ST,2026-06-16 14:00,2026-06-16 14:39,Traffic Block,Completed
BR004206,TASK30384,S&T,CNB-ALD,2026-06-16 15:00,2026-06-16 16:01,Cable Block,Approved
BR004207,TASK54459,Traction,MGS-HWH,2026-06-16 15:15,2026-06-16 16:38,Traction Feed Block,Approved
BR004208,TASK20620,S&T,ADI-BRC,2026-06-16 22:00,2026-06-17 02:17,Cable Block,Approved
BR004209,TASK73644,Traction,NDLS-ASR,2026-06-16 22:00,2026-06-17 02:03,OHE Maintenance Block,Approved
BR004210,TASK51445,Traction,BRC-ST,2026-06-16 22:15,2026-06-16 23:34,OHE Maintenance Block,Completed
BR004211,TASK33720,S&T,BSP-R,2026-06-16 22:30,2026-06-17 01:33,Signal Maintenance Block,Requested
BR004212,TASK35836,Traction,CSMT-BSR,2026-06-16 22:30,2026-06-17 00:02,OHE Maintenance Block,Approved
BR004213,TASK87841,Engineering,JTJ-SBC,2026-06-16 22:30,2026-06-16 23:37,Bridge Inspection Block,Approved
BR004214,TASK31371,S&T,BZA-MAS,2026-06-16 22:30,2026-06-17 01:45,Cable Block,Approved
BR004215,TASK38566,Engineering,GZB-CNB,2026-06-16 23:00,2026-06-17 00:11,Non-Interlocking Block,Approved
BR004216,TASK13952,Engineering,NJP-GHY,2026-06-16 23:15,2026-06-17 02:11,Bridge Inspection Block,Approved
BR004217,TASK94416,S&T,BPL-JHS,2026-06-16 23:15,2026-06-17 00:59,Cable Block,Completed
BR004218,TASK68242,S&T,HWH-KGP,2026-06-16 23:30,2026-06-17 02:16,Cable Block,Approved
BR004219,TASK78546,S&T,SC-NGP,2026-06-16 23:45,2026-06-17 01:34,Signal Maintenance Block,Approved
BR004220,TASK68653,S&T,UBL-PUNE,2026-06-16 23:45,2026-06-17 01:43,Signal Maintenance Block,Approved
BR004221,TASK50070,S&T,ALD-MGS,2026-06-16 23:45,2026-06-17 02:12,Interlocking Testing Block,Approved
BR004222,TASK46179,Engineering,NDLS-ASR,2026-06-17 00:00,2026-06-17 04:39,Track Renewal Block,Approved
BR004223,TASK62272,Engineering,MGS-HWH,2026-06-17 00:15,2026-06-17 02:58,Track Renewal Block,Rejected
BR004224,TASK71443,S&T,CSMT-BSR,2026-06-17 00:30,2026-06-17 04:47,Signal Maintenance Block,Approved
BR004225,TASK87750,Traction,BSR-BPL,2026-06-17 00:45,2026-06-17 02:12,Traction Feed Block,Rejected
BR004226,TASK85750,S&T,NJP-GHY,2026-06-17 01:00,2026-06-17 03:36,Interlocking Testing Block,Completed
BR004227,TASK41597,S&T,SBC-MAS,2026-06-17 01:15,2026-06-17 02:49,Interlocking Testing Block,Rejected
BR004228,TASK18848,Engineering,CNB-ALD,2026-06-17 01:30,2026-06-17 03:49,Track Renewal Block,Completed
BR004229,TASK44622,Engineering,JU-JP,2026-06-17 01:45,2026-06-17 05:52,Non-Interlocking Block,Approved
BR004230,TASK49594,Engineering,BRC-ST,2026-06-17 10:15,2026-06-17 10:56,Bridge Inspection Block,Approved
BR004231,TASK23734,Traction,HWH-KGP,2026-06-17 11:45,2026-06-17 12:59,OHE Maintenance Block,Rejected
BR004232,TASK23718,Engineering,SBC-UBL,2026-06-17 12:45,2026-06-17 13:46,Non-Interlocking Block,Approved
BR004233,TASK74373,Traction,BZA-MAS,2026-06-17 22:00,2026-06-18 00:42,Power Block,Approved
BR004234,TASK17167,S&T,SBC-MAS,2026-06-17 22:00,2026-06-18 01:43,Signal Maintenance Block,Approved
BR004235,TASK53350,S&T,PUNE-CSMT,2026-06-17 22:45,2026-06-18 02:21,Interlocking Testing Block,Completed
BR004236,TASK37085,Engineering,SBC-UBL,2026-06-17 23:30,2026-06-18 01:17,Traffic Block,Approved
BR004237,TASK52179,Engineering,JP-ADI,2026-06-18 00:00,2026-06-18 04:07,Traffic Block,Completed
BR004238,TASK95453,Engineering,BRC-ST,2026-06-18 00:15,2026-06-18 02:38,Bridge Inspection Block,Rejected
BR004239,TASK67515,Traction,JTJ-SBC,2026-06-18 01:00,2026-06-18 03:58,Power Block,Requested
BR004240,TASK97854,Engineering,CSMT-BSR,2026-06-18 01:00,2026-06-18 02:50,Non-Interlocking Block,Approved
BR004241,TASK97672,Engineering,KGP-VSKP,2026-06-18 01:30,2026-06-18 06:14,Track Renewal Block,Completed
BR004242,TASK94122,Engineering,ADI-BRC,2026-06-18 01:45,2026-06-18 03:41,Bridge Inspection Block,Approved
BR004243,TASK90908,Engineering,HWH-NJP,2026-06-18 01:45,2026-06-18 04:45,Traffic Block,Approved
BR004244,TASK15430,Traction,UBL-PUNE,2026-06-18 11:15,2026-06-18 12:17,Traction Feed Block,Approved
BR004245,TASK63266,S&T,NGP-BSP,2026-06-18 12:45,2026-06-18 13:29,Interlocking Testing Block,Requested
BR004246,TASK26270,S&T,HWH-KGP,2026-06-18 22:00,2026-06-18 23:10,Signal Maintenance Block,Approved
BR004247,TASK94343,Engineering,BSR-BPL,2026-06-18 22:15,2026-06-19 01:49,Track Renewal Block,Completed
BR004248,TASK77430,S&T,NGP-BSP,2026-06-18 22:15,2026-06-19 02:22,Cable Block,Approved
BR004249,TASK99537,Traction,PUNE-CSMT,2026-06-18 22:30,2026-06-19 01:32,Traction Feed Block,Approved
BR004250,TASK24439,Traction,SC-NGP,2026-06-18 22:30,2026-06-19 03:04,Power Block,Completed
BR004251,TASK83220,S&T,JU-JP,2026-06-18 22:45,2026-06-19 02:06,Cable Block,Approved
BR004252,TASK42701,S&T,NDLS-ASR,2026-06-18 22:45,2026-06-19 03:10,Signal Maintenance Block,Completed
BR004253,TASK55153,Traction,MGS-HWH,2026-06-18 22:45,2026-06-19 02:38,Power Block,Completed
BR004254,TASK48186,Traction,BSR-BPL,2026-06-18 23:15,2026-06-19 01:54,Power Block,Completed
BR004255,TASK84852,S&T,MGS-HWH,2026-06-18 23:30,2026-06-19 03:34,Signal Maintenance Block,Approved
BR004256,TASK49870,Engineering,DLI-JU,2026-06-18 23:30,2026-06-19 01:00,Non-Interlocking Block,Requested
BR004257,TASK26508,Traction,SBC-MAS,2026-06-18 23:45,2026-06-19 04:02,OHE Maintenance Block,Approved
BR004258,TASK45749,Traction,NDLS-UMB,2026-06-19 00:30,2026-06-19 03:34,Traction Feed Block,Cancelled
BR004259,TASK90497,Engineering,BZA-SC,2026-06-19 00:30,2026-06-19 02:44,Bridge Inspection Block,Approved
BR004260,TASK99940,S&T,ADI-BRC,2026-06-19 00:30,2026-06-19 03:00,Interlocking Testing Block,Rejected
BR004261,TASK83512,S&T,ST-BCT,2026-06-19 00:30,2026-06-19 02:23,Signal Maintenance Block,Rejected
BR004262,TASK60753,Traction,NDLS-GZB,2026-06-19 01:00,2026-06-19 04:44,Traction Feed Block,Completed
BR004263,TASK23507,Engineering,NJP-GHY,2026-06-19 01:00,2026-06-19 03:29,Bridge Inspection Block,Requested
BR004264,TASK68074,Engineering,PUNE-CSMT,2026-06-19 01:30,2026-06-19 03:38,Traffic Block,Approved
BR004265,TASK68076,Traction,VSKP-BZA,2026-06-19 01:45,2026-06-19 06:26,OHE Maintenance Block,Approved
BR004266,TASK57132,Engineering,ADI-BRC,2026-06-19 11:30,2026-06-19 12:14,Traffic Block,Approved
BR004267,TASK29545,Traction,HWH-NJP,2026-06-19 12:00,2026-06-19 12:50,OHE Maintenance Block,Completed
BR004268,TASK90609,Engineering,SBC-UBL,2026-06-19 13:00,2026-06-19 14:56,Traffic Block,Approved
BR004269,TASK95983,Traction,ST-BCT,2026-06-19 13:15,2026-06-19 14:26,Traction Feed Block,Approved
BR004270,TASK58661,S&T,SBC-UBL,2026-06-19 14:45,2026-06-19 15:42,Interlocking Testing Block,Approved
BR004271,TASK70569,Engineering,HWH-KGP,2026-06-19 22:00,2026-06-20 02:40,Bridge Inspection Block,Approved
BR004272,TASK86495,Traction,BSR-BPL,2026-06-19 22:15,2026-06-20 00:00,Traction Feed Block,Cancelled
BR004273,TASK89424,S&T,DLI-JU,2026-06-19 22:15,2026-06-20 02:48,Interlocking Testing Block,Requested
BR004274,TASK60076,Engineering,MGS-HWH,2026-06-19 23:00,2026-06-20 03:09,Track Renewal Block,Approved
BR004275,TASK13166,S&T,ST-BCT,2026-06-19 23:15,2026-06-20 03:32,Signal Maintenance Block,Approved
BR004276,TASK62113,S&T,ST-BCT,2026-06-19 23:30,2026-06-20 04:08,Interlocking Testing Block,Cancelled
BR004277,TASK35412,Engineering,BRC-ST,2026-06-20 00:00,2026-06-20 01:11,Track Renewal Block,Completed
BR004278,TASK55487,S&T,NGP-BSP,2026-06-20 00:45,2026-06-20 03:15,Signal Maintenance Block,Completed
BR004279,TASK67421,Traction,SC-NGP,2026-06-20 00:45,2026-06-20 04:12,OHE Maintenance Block,Requested
BR004280,TASK28566,S&T,ADI-BRC,2026-06-20 01:00,2026-06-20 03:15,Interlocking Testing Block,Approved
BR004281,TASK26589,Engineering,JP-ADI,2026-06-20 01:00,2026-06-20 03:41,Bridge Inspection Block,Approved
BR004282,TASK34109,S&T,ALD-MGS,2026-06-20 01:30,2026-06-20 06:14,Interlocking Testing Block,Completed
BR004283,TASK44008,Traction,BSR-BPL,2026-06-20 01:45,2026-06-20 04:41,OHE Maintenance Block,Completed
BR004284,TASK63237,Engineering,KGP-VSKP,2026-06-20 01:45,2026-06-20 03:32,Bridge Inspection Block,Approved
BR004285,TASK90559,S&T,PUNE-CSMT,2026-06-20 01:45,2026-06-20 04:52,Cable Block,Approved
BR004286,TASK84397,Engineering,NJP-GHY,2026-06-20 11:00,2026-06-20 12:35,Track Renewal Block,Approved
BR004287,TASK13185,Engineering,BPL-JHS,2026-06-20 11:30,2026-06-20 13:14,Traffic Block,Approved
BR004288,TASK62809,Traction,BSR-BPL,2026-06-20 11:45,2026-06-20 12:49,Power Block,Approved
BR004289,TASK27651,S&T,BRC-ST,2026-06-20 12:15,2026-06-20 13:17,Interlocking Testing Block,Approved
BR004290,TASK91501,Engineering,SBC-UBL,2026-06-20 15:30,2026-06-20 16:35,Non-Interlocking Block,Requested
BR004291,TASK81918,S&T,JTJ-SBC,2026-06-20 22:00,2026-06-20 23:53,Cable Block,Completed
BR004292,TASK53926,S&T,BSP-R,2026-06-20 22:45,2026-06-21 02:27,Interlocking Testing Block,Approved
BR004293,TASK75880,Engineering,CSMT-BSR,2026-06-20 22:45,2026-06-21 02:01,Track Renewal Block,Approved
BR004294,TASK29245,S&T,SBC-MAS,2026-06-20 22:45,2026-06-21 01:10,Interlocking Testing Block,Approved
BR004295,TASK62095,Traction,HWH-KGP,2026-06-20 23:00,2026-06-21 01:07,OHE Maintenance Block,Completed
BR004296,TASK65070,S&T,PUNE-CSMT,2026-06-20 23:00,2026-06-21 03:48,Cable Block,Rejected
BR004297,TASK55408,S&T,HWH-KGP,2026-06-20 23:15,2026-06-21 02:01,Signal Maintenance Block,Requested
BR004298,TASK47036,S&T,BSR-BPL,2026-06-20 23:30,2026-06-21 00:44,Interlocking Testing Block,Rejected
BR004299,TASK40102,S&T,JU-JP,2026-06-20 23:45,2026-06-21 01:09,Cable Block,Requested
BR004300,TASK96487,Traction,SC-NGP,2026-06-20 23:45,2026-06-21 01:29,OHE Maintenance Block,Completed
BR004301,TASK55859,Engineering,HWH-KGP,2026-06-21 00:15,2026-06-21 04:39,Non-Interlocking Block,Rejected
BR004302,TASK89443,Engineering,JP-ADI,2026-06-21 00:30,2026-06-21 03:44,Non-Interlocking Block,Approved
BR004303,TASK74274,Engineering,GZB-CNB,2026-06-21 00:30,2026-06-21 02:29,Bridge Inspection Block,Approved
BR004304,TASK14337,S&T,NGP-BSP,2026-06-21 00:30,2026-06-21 02:00,Interlocking Testing Block,Requested
BR004305,TASK97695,S&T,NDLS-UMB,2026-06-21 00:30,2026-06-21 05:26,Interlocking Testing Block,Approved
BR004306,TASK33858,Traction,ST-BCT,2026-06-21 01:00,2026-06-21 03:12,Power Block,Approved
BR004307,TASK65165,S&T,SBC-UBL,2026-06-21 10:00,2026-06-21 11:01,Cable Block,Completed
BR004308,TASK98354,S&T,ADI-BRC,2026-06-21 10:45,2026-06-21 12:23,Cable Block,Approved
BR004309,TASK91284,S&T,NDLS-UMB,2026-06-21 14:30,2026-06-21 16:27,Cable Block,Approved
BR004310,TASK79332,Engineering,ADI-BRC,2026-06-21 14:45,2026-06-21 15:17,Bridge Inspection Block,Cancelled
BR004311,TASK64519,S&T,MGS-HWH,2026-06-21 15:00,2026-06-21 16:56,Interlocking Testing Block,Requested
BR004312,TASK23099,S&T,JTJ-SBC,2026-06-21 22:00,2026-06-22 00:35,Interlocking Testing Block,Approved
BR004313,TASK40815,Traction,UBL-PUNE,2026-06-21 22:15,2026-06-22 01:10,Power Block,Completed
BR004314,TASK28350,Engineering,NDLS-GZB,2026-06-21 22:30,2026-06-22 01:56,Traffic Block,Approved
BR004315,TASK53451,S&T,DLI-JU,2026-06-21 22:30,2026-06-22 00:46,Interlocking Testing Block,Cancelled
BR004316,TASK59549,Engineering,BZA-SC,2026-06-21 22:30,2026-06-22 01:55,Traffic Block,Requested
BR004317,TASK57162,Engineering,BZA-SC,2026-06-21 22:45,2026-06-22 01:41,Track Renewal Block,Rejected
BR004318,TASK49107,Engineering,MAS-JTJ,2026-06-21 22:45,2026-06-22 00:24,Traffic Block,Approved
BR004319,TASK71679,Engineering,BPL-JHS,2026-06-21 23:00,2026-06-22 03:58,Track Renewal Block,Approved
BR004320,TASK51973,Engineering,GZB-CNB,2026-06-21 23:15,2026-06-22 02:43,Traffic Block,Approved
BR004321,TASK67496,Traction,CNB-ALD,2026-06-21 23:15,2026-06-22 00:32,Power Block,Approved
BR004322,TASK11206,Traction,BSR-BPL,2026-06-21 23:30,2026-06-22 00:55,Power Block,Approved
BR004323,TASK89433,Engineering,BRC-ST,2026-06-21 23:45,2026-06-22 01:59,Bridge Inspection Block,Approved
BR004324,TASK52941,Traction,PUNE-CSMT,2026-06-21 23:45,2026-06-22 03:41,OHE Maintenance Block,Requested
BR004325,TASK89788,Traction,DLI-JU,2026-06-21 23:45,2026-06-22 03:36,Traction Feed Block,Completed
BR004326,TASK56326,Engineering,JU-JP,2026-06-22 00:15,2026-06-22 05:11,Track Renewal Block,Approved
BR004327,TASK19846,Engineering,BPL-JHS,2026-06-22 00:30,2026-06-22 03:49,Bridge Inspection Block,Approved
BR004328,TASK15012,S&T,ALD-MGS,2026-06-22 00:45,2026-06-22 02:15,Cable Block,Completed
BR004329,TASK14500,Engineering,NGP-BSP,2026-06-22 12:45,2026-06-22 14:37,Track Renewal Block,Approved
BR004330,TASK62568,Engineering,SBC-UBL,2026-06-22 15:00,2026-06-22 16:33,Traffic Block,Approved
BR004331,TASK78769,S&T,BRC-ST,2026-06-22 22:15,2026-06-23 02:56,Interlocking Testing Block,Approved
BR004332,TASK91394,S&T,MAS-JTJ,2026-06-22 22:30,2026-06-23 02:27,Cable Block,Rejected
BR004333,TASK27558,Engineering,HWH-KGP,2026-06-22 22:30,2026-06-23 02:48,Bridge Inspection Block,Completed
BR004334,TASK14183,Engineering,BSP-R,2026-06-22 22:30,2026-06-23 00:50,Bridge Inspection Block,Approved
BR004335,TASK67386,Traction,NJP-GHY,2026-06-22 22:30,2026-06-23 02:44,Traction Feed Block,Approved
BR004336,TASK77711,S&T,BPL-JHS,2026-06-22 23:30,2026-06-23 02:31,Signal Maintenance Block,Approved
BR004337,TASK33918,S&T,BZA-MAS,2026-06-22 23:30,2026-06-23 03:32,Interlocking Testing Block,Approved
BR004338,TASK43428,Traction,NDLS-UMB,2026-06-22 23:45,2026-06-23 01:14,Power Block,Completed
BR004339,TASK56335,Traction,ALD-MGS,2026-06-23 00:00,2026-06-23 01:41,Power Block,Cancelled
BR004340,TASK75973,Engineering,CSMT-BSR,2026-06-23 00:30,2026-06-23 04:16,Bridge Inspection Block,Approved
BR004341,TASK57457,Engineering,NJP-GHY,2026-06-23 00:30,2026-06-23 04:48,Track Renewal Block,Rejected
BR004342,TASK75803,Engineering,ALD-MGS,2026-06-23 00:30,2026-06-23 05:09,Bridge Inspection Block,Cancelled
BR004343,TASK54725,Engineering,ALD-MGS,2026-06-23 00:45,2026-06-23 01:56,Bridge Inspection Block,Approved
BR004344,TASK17378,Engineering,CNB-ALD,2026-06-23 01:45,2026-06-23 02:53,Non-Interlocking Block,Approved
BR004345,TASK88692,S&T,UBL-PUNE,2026-06-23 10:15,2026-06-23 11:33,Signal Maintenance Block,Approved
BR004346,TASK62128,Traction,SBC-UBL,2026-06-23 11:15,2026-06-23 12:14,Power Block,Completed
BR004347,TASK30477,Engineering,BSP-R,2026-06-23 11:15,2026-06-23 11:55,Bridge Inspection Block,Requested
BR004348,TASK52773,S&T,CSMT-BSR,2026-06-23 22:00,2026-06-23 23:56,Interlocking Testing Block,Requested
BR004349,TASK35538,S&T,BSR-BPL,2026-06-23 22:00,2026-06-24 00:19,Interlocking Testing Block,Approved
BR004350,TASK69034,Engineering,HWH-KGP,2026-06-23 22:15,2026-06-24 03:13,Bridge Inspection Block,Rejected
BR004351,TASK79936,S&T,BPL-JHS,2026-06-23 22:15,2026-06-24 02:08,Interlocking Testing Block,Approved
BR004352,TASK55259,S&T,GZB-CNB,2026-06-23 22:15,2026-06-24 02:42,Signal Maintenance Block,Rejected
BR004353,TASK94357,Traction,ST-BCT,2026-06-23 22:15,2026-06-24 01:29,Power Block,Approved
BR004354,TASK44212,S&T,HWH-KGP,2026-06-23 22:45,2026-06-24 00:03,Cable Block,Completed
BR004355,TASK10642,S&T,CSMT-BSR,2026-06-23 22:45,2026-06-24 00:08,Signal Maintenance Block,Approved
BR004356,TASK50811,Engineering,BZA-SC,2026-06-23 23:15,2026-06-24 01:56,Track Renewal Block,Requested
BR004357,TASK91868,S&T,BRC-ST,2026-06-23 23:30,2026-06-24 02:34,Interlocking Testing Block,Approved
BR004358,TASK31513,Traction,VSKP-BZA,2026-06-23 23:45,2026-06-24 01:16,Power Block,Completed
BR004359,TASK48347,Engineering,NDLS-GZB,2026-06-23 23:45,2026-06-24 04:39,Track Renewal Block,Rejected
BR004360,TASK20968,Engineering,MGS-HWH,2026-06-23 23:45,2026-06-24 01:51,Traffic Block,Rejected
BR004361,TASK52049,S&T,NGP-BSP,2026-06-24 00:00,2026-06-24 03:35,Interlocking Testing Block,Rejected
BR004362,TASK85629,Engineering,SC-NGP,2026-06-24 00:00,2026-06-24 02:21,Non-Interlocking Block,Approved
BR004363,TASK89571,Traction,BZA-SC,2026-06-24 00:15,2026-06-24 03:49,Traction Feed Block,Cancelled
BR004364,TASK97870,S&T,SBC-MAS,2026-06-24 00:15,2026-06-24 04:05,Signal Maintenance Block,Approved
BR004365,TASK53149,S&T,BRC-ST,2026-06-24 00:30,2026-06-24 04:44,Interlocking Testing Block,Approved
BR004366,TASK90218,Engineering,CSMT-BSR,2026-06-24 01:15,2026-06-24 03:18,Bridge Inspection Block,Approved
BR004367,TASK47347,S&T,VSKP-BZA,2026-06-24 01:15,2026-06-24 04:31,Interlocking Testing Block,Approved
BR004368,TASK22010,Traction,BPL-JHS,2026-06-24 01:15,2026-06-24 05:11,OHE Maintenance Block,Rejected
BR004369,TASK75898,S&T,BPL-JHS,2026-06-24 01:15,2026-06-24 05:23,Interlocking Testing Block,Approved
BR004370,TASK28577,S&T,NJP-GHY,2026-06-24 14:30,2026-06-24 15:02,Signal Maintenance Block,Completed
BR004371,TASK55968,Engineering,SBC-UBL,2026-06-24 15:45,2026-06-24 16:22,Non-Interlocking Block,Completed
BR004372,TASK11086,Engineering,CNB-ALD,2026-06-24 22:00,2026-06-25 00:47,Non-Interlocking Block,Cancelled
BR004373,TASK97755,Traction,BRC-ST,2026-06-24 22:45,2026-06-25 03:30,OHE Maintenance Block,Approved
BR004374,TASK21672,Traction,BPL-JHS,2026-06-24 22:45,2026-06-25 00:01,OHE Maintenance Block,Requested
BR004375,TASK32509,Engineering,VSKP-BZA,2026-06-24 23:00,2026-06-25 03:15,Bridge Inspection Block,Approved
BR004376,TASK69505,Engineering,SC-NGP,2026-06-24 23:00,2026-06-25 02:48,Bridge Inspection Block,Approved
BR004377,TASK25785,Traction,HWH-NJP,2026-06-24 23:15,2026-06-25 00:30,Power Block,Rejected
BR004378,TASK71388,S&T,MGS-HWH,2026-06-24 23:30,2026-06-25 00:56,Cable Block,Approved
BR004379,TASK87750,Traction,CNB-ALD,2026-06-24 23:30,2026-06-25 00:55,Traction Feed Block,Requested
BR004380,TASK89084,Engineering,PUNE-CSMT,2026-06-24 23:45,2026-06-25 04:23,Track Renewal Block,Approved
BR004381,TASK37499,S&T,BZA-SC,2026-06-24 23:45,2026-06-25 03:48,Signal Maintenance Block,Requested
BR004382,TASK29582,S&T,NDLS-JHS,2026-06-24 23:45,2026-06-25 04:06,Signal Maintenance Block,Approved
BR004383,TASK76445,Engineering,ALD-MGS,2026-06-25 00:00,2026-06-25 02:56,Track Renewal Block,Approved
BR004384,TASK40698,Engineering,PUNE-CSMT,2026-06-25 00:15,2026-06-25 03:10,Track Renewal Block,Approved
BR004385,TASK62066,Engineering,SBC-UBL,2026-06-25 00:30,2026-06-25 02:59,Traffic Block,Approved
BR004386,TASK71330,S&T,PUNE-CSMT,2026-06-25 01:00,2026-06-25 02:48,Cable Block,Approved
BR004387,TASK10559,Engineering,BZA-MAS,2026-06-25 01:15,2026-06-25 05:51,Non-Interlocking Block,Approved
BR004388,TASK80455,Traction,SC-NGP,2026-06-25 10:00,2026-06-25 11:32,Traction Feed Block,Requested
BR004389,TASK55385,Engineering,ALD-MGS,2026-06-25 10:45,2026-06-25 12:38,Traffic Block,Approved
BR004390,TASK33968,S&T,ALD-MGS,2026-06-25 10:45,2026-06-25 11:31,Interlocking Testing Block,Requested
BR004391,TASK82700,Traction,JTJ-SBC,2026-06-25 13:15,2026-06-25 14:00,OHE Maintenance Block,Completed
BR004392,TASK17623,S&T,ALD-MGS,2026-06-25 14:15,2026-06-25 16:12,Signal Maintenance Block,Approved
BR004393,TASK13333,Traction,KGP-VSKP,2026-06-25 22:15,2026-06-26 01:59,Traction Feed Block,Requested
BR004394,TASK58670,Traction,GZB-CNB,2026-06-25 22:15,2026-06-26 02:09,Traction Feed Block,Rejected
BR004395,TASK96187,Engineering,JU-JP,2026-06-25 22:15,2026-06-26 01:33,Non-Interlocking Block,Approved
BR004396,TASK39949,Traction,CSMT-BSR,2026-06-25 22:45,2026-06-26 01:55,OHE Maintenance Block,Cancelled
BR004397,TASK77935,S&T,HWH-KGP,2026-06-25 22:45,2026-06-26 00:27,Signal Maintenance Block,Rejected
BR004398,TASK29074,Traction,BSR-BPL,2026-06-25 23:15,2026-06-26 02:05,OHE Maintenance Block,Requested
BR004399,TASK68832,Engineering,JTJ-SBC,2026-06-26 00:00,2026-06-26 01:53,Traffic Block,Cancelled
BR004400,TASK22619,Engineering,HWH-KGP,2026-06-26 00:00,2026-06-26 02:52,Track Renewal Block,Rejected
BR004401,TASK58988,Engineering,PUNE-CSMT,2026-06-26 00:30,2026-06-26 03:04,Non-Interlocking Block,Rejected
BR004402,TASK64328,S&T,GZB-CNB,2026-06-26 01:30,2026-06-26 02:30,Interlocking Testing Block,Approved
BR004403,TASK81453,S&T,ALD-MGS,2026-06-26 01:45,2026-06-26 03:36,Interlocking Testing Block,Approved
BR004404,TASK52391,Traction,CSMT-BSR,2026-06-26 01:45,2026-06-26 05:18,Power Block,Approved
BR004405,TASK58596,S&T,ADI-BRC,2026-06-26 01:45,2026-06-26 06:22,Signal Maintenance Block,Rejected
BR004406,TASK17739,Traction,BSR-BPL,2026-06-26 11:15,2026-06-26 12:24,OHE Maintenance Block,Rejected
BR004407,TASK44566,Engineering,MGS-HWH,2026-06-26 12:15,2026-06-26 12:53,Traffic Block,Approved
BR004408,TASK67897,S&T,NGP-BSP,2026-06-26 13:00,2026-06-26 13:35,Cable Block,Completed
BR004409,TASK81162,Traction,NDLS-GZB,2026-06-26 14:30,2026-06-26 16:06,OHE Maintenance Block,Requested
BR004410,TASK75461,Traction,SBC-UBL,2026-06-26 15:45,2026-06-26 16:17,OHE Maintenance Block,Approved
BR004411,TASK89175,Engineering,SBC-MAS,2026-06-26 22:00,2026-06-27 02:07,Bridge Inspection Block,Approved
BR004412,TASK44102,Engineering,NDLS-ASR,2026-06-26 22:00,2026-06-27 01:30,Track Renewal Block,Requested
BR004413,TASK67083,Engineering,SBC-UBL,2026-06-26 22:45,2026-06-27 03:38,Bridge Inspection Block,Rejected
BR004414,TASK24098,Engineering,NDLS-ASR,2026-06-26 23:00,2026-06-27 00:58,Non-Interlocking Block,Completed
BR004415,TASK99357,Engineering,NDLS-UMB,2026-06-26 23:00,2026-06-27 00:14,Non-Interlocking Block,Completed
BR004416,TASK56658,Traction,NDLS-GZB,2026-06-27 00:30,2026-06-27 04:40,Power Block,Approved
BR004417,TASK42766,S&T,BZA-SC,2026-06-27 00:30,2026-06-27 03:49,Cable Block,Rejected
BR004418,TASK59938,Traction,BPL-JHS,2026-06-27 01:00,2026-06-27 02:15,Traction Feed Block,Approved
BR004419,TASK29032,Engineering,CNB-ALD,2026-06-27 01:00,2026-06-27 03:03,Traffic Block,Rejected
BR004420,TASK55284,Engineering,CNB-ALD,2026-06-27 01:15,2026-06-27 02:57,Traffic Block,Requested
BR004421,TASK59494,Engineering,CSMT-BSR,2026-06-27 01:30,2026-06-27 04:25,Bridge Inspection Block,Approved
BR004422,TASK45743,Engineering,VSKP-BZA,2026-06-27 01:45,2026-06-27 05:33,Track Renewal Block,Completed
BR004423,TASK92399,S&T,NDLS-GZB,2026-06-27 12:45,2026-06-27 14:28,Signal Maintenance Block,Approved
BR004424,TASK60795,S&T,GZB-CNB,2026-06-27 13:00,2026-06-27 14:18,Interlocking Testing Block,Approved
BR004425,TASK48506,S&T,HWH-KGP,2026-06-27 13:15,2026-06-27 14:21,Signal Maintenance Block,Completed
BR004426,TASK88688,Traction,ALD-MGS,2026-06-27 14:00,2026-06-27 14:36,Power Block,Approved
BR004427,TASK13724,S&T,HWH-KGP,2026-06-27 15:00,2026-06-27 16:19,Signal Maintenance Block,Approved
BR004428,TASK55231,Engineering,ADI-BRC,2026-06-27 15:15,2026-06-27 16:46,Non-Interlocking Block,Approved
BR004429,TASK87454,Engineering,ADI-BRC,2026-06-27 15:30,2026-06-27 16:55,Bridge Inspection Block,Approved
BR004430,TASK75514,Engineering,HWH-NJP,2026-06-27 22:00,2026-06-28 01:43,Non-Interlocking Block,Approved
BR004431,TASK30411,Traction,BSR-BPL,2026-06-27 22:15,2026-06-27 23:29,Traction Feed Block,Approved
BR004432,TASK58634,S&T,CSMT-BSR,2026-06-27 22:30,2026-06-28 02:13,Cable Block,Approved
BR004433,TASK64114,Engineering,KGP-VSKP,2026-06-27 22:45,2026-06-28 01:23,Bridge Inspection Block,Approved
BR004434,TASK41833,Traction,DLI-JU,2026-06-27 22:45,2026-06-28 00:35,Power Block,Approved
BR004435,TASK49904,S&T,MGS-HWH,2026-06-27 23:00,2026-06-28 01:59,Signal Maintenance Block,Completed
BR004436,TASK88757,S&T,BSP-R,2026-06-27 23:00,2026-06-28 03:54,Interlocking Testing Block,Completed
BR004437,TASK12844,Engineering,GZB-CNB,2026-06-27 23:15,2026-06-28 00:29,Traffic Block,Approved
BR004438,TASK46987,S&T,NGP-BSP,2026-06-27 23:15,2026-06-28 03:24,Cable Block,Rejected
BR004439,TASK13056,Traction,BPL-JHS,2026-06-27 23:30,2026-06-28 03:20,OHE Maintenance Block,Approved
BR004440,TASK90211,Traction,UBL-PUNE,2026-06-27 23:45,2026-06-28 02:45,Traction Feed Block,Approved
BR004441,TASK45423,Engineering,ALD-MGS,2026-06-28 00:30,2026-06-28 01:37,Traffic Block,Approved
BR004442,TASK22423,Engineering,GZB-CNB,2026-06-28 00:45,2026-06-28 02:17,Traffic Block,Approved
BR004443,TASK28848,Engineering,ADI-BRC,2026-06-28 01:00,2026-06-28 05:40,Traffic Block,Approved
BR004444,TASK72609,Engineering,HWH-KGP,2026-06-28 01:15,2026-06-28 04:19,Traffic Block,Rejected
BR004445,TASK46382,Traction,DLI-JU,2026-06-28 01:15,2026-06-28 03:07,Power Block,Approved
BR004446,TASK66893,S&T,BZA-SC,2026-06-28 01:15,2026-06-28 05:22,Signal Maintenance Block,Approved
BR004447,TASK33915,Traction,BZA-MAS,2026-06-28 01:30,2026-06-28 05:40,Traction Feed Block,Approved
BR004448,TASK12907,S&T,BZA-SC,2026-06-28 01:30,2026-06-28 05:51,Signal Maintenance Block,Rejected
BR004449,TASK75036,Traction,NDLS-GZB,2026-06-28 10:15,2026-06-28 11:16,Traction Feed Block,Completed
BR004450,TASK24110,S&T,GZB-CNB,2026-06-28 10:45,2026-06-28 11:16,Cable Block,Rejected
BR004451,TASK66175,Traction,BZA-MAS,2026-06-28 12:30,2026-06-28 14:26,Power Block,Rejected
BR004452,TASK79103,S&T,NGP-BSP,2026-06-28 13:30,2026-06-28 14:18,Interlocking Testing Block,Approved
BR004453,TASK68286,Engineering,CSMT-BSR,2026-06-28 13:45,2026-06-28 15:12,Track Renewal Block,Completed
BR004454,TASK26548,Engineering,NDLS-JHS,2026-06-28 13:45,2026-06-28 14:56,Non-Interlocking Block,Requested
BR004455,TASK37375,Engineering,MGS-HWH,2026-06-28 14:30,2026-06-28 15:57,Track Renewal Block,Approved
BR004456,TASK16560,Engineering,CSMT-BSR,2026-06-28 15:15,2026-06-28 15:56,Traffic Block,Completed
BR004457,TASK15219,Engineering,SC-NGP,2026-06-28 22:00,2026-06-28 23:06,Bridge Inspection Block,Completed
BR004458,TASK17200,Engineering,ALD-MGS,2026-06-28 22:30,2026-06-29 00:32,Traffic Block,Completed
BR004459,TASK86768,Engineering,SC-NGP,2026-06-28 23:15,2026-06-29 03:26,Bridge Inspection Block,Cancelled
BR004460,TASK70753,Traction,NDLS-GZB,2026-06-28 23:30,2026-06-29 02:38,Power Block,Approved
BR004461,TASK60444,Engineering,BZA-SC,2026-06-28 23:30,2026-06-29 04:09,Traffic Block,Approved
BR004462,TASK48053,S&T,NDLS-JHS,2026-06-29 00:00,2026-06-29 02:30,Interlocking Testing Block,Approved
BR004463,TASK78519,Traction,SBC-MAS,2026-06-29 00:00,2026-06-29 03:23,Power Block,Cancelled
BR004464,TASK48183,Traction,NGP-BSP,2026-06-29 00:45,2026-06-29 03:25,OHE Maintenance Block,Approved
BR004465,TASK85505,Engineering,BSR-BPL,2026-06-29 01:15,2026-06-29 05:26,Non-Interlocking Block,Approved
BR004466,TASK75307,Traction,BSR-BPL,2026-06-29 01:15,2026-06-29 02:57,OHE Maintenance Block,Completed
BR004467,TASK92418,Engineering,MGS-HWH,2026-06-29 01:45,2026-06-29 03:39,Track Renewal Block,Rejected
BR004468,TASK59044,Traction,CNB-ALD,2026-06-29 01:45,2026-06-29 03:17,Traction Feed Block,Rejected
BR004469,TASK88209,Engineering,MGS-HWH,2026-06-29 13:00,2026-06-29 13:52,Track Renewal Block,Approved
BR004470,TASK70223,Engineering,MGS-HWH,2026-06-29 13:45,2026-06-29 14:23,Traffic Block,Approved
BR004471,TASK40391,S&T,BRC-ST,2026-06-29 15:15,2026-06-29 16:08,Interlocking Testing Block,Completed
BR004472,TASK23356,Traction,NGP-BSP,2026-06-29 15:30,2026-06-29 16:40,Traction Feed Block,Approved
BR004473,TASK39581,Traction,CNB-ALD,2026-06-29 22:00,2026-06-30 02:34,Power Block,Requested
BR004474,TASK59493,S&T,BRC-ST,2026-06-29 22:15,2026-06-30 01:50,Signal Maintenance Block,Completed
BR004475,TASK89115,Engineering,NDLS-UMB,2026-06-29 22:30,2026-06-30 02:43,Bridge Inspection Block,Approved
BR004476,TASK82534,Engineering,CSMT-BSR,2026-06-29 22:30,2026-06-30 03:17,Traffic Block,Approved
BR004477,TASK44202,Engineering,HWH-KGP,2026-06-29 22:30,2026-06-29 23:34,Non-Interlocking Block,Completed
BR004478,TASK68539,Engineering,HWH-NJP,2026-06-29 22:30,2026-06-30 01:15,Track Renewal Block,Approved
BR004479,TASK74825,Traction,VSKP-BZA,2026-06-29 23:00,2026-06-30 03:41,Power Block,Requested
BR004480,TASK74872,S&T,JP-ADI,2026-06-29 23:15,2026-06-30 01:31,Interlocking Testing Block,Cancelled
BR004481,TASK17590,Engineering,SC-NGP,2026-06-29 23:45,2026-06-30 01:39,Traffic Block,Approved
BR004482,TASK90707,S&T,HWH-KGP,2026-06-30 00:00,2026-06-30 01:23,Cable Block,Rejected
BR004483,TASK29636,Engineering,NDLS-UMB,2026-06-30 00:30,2026-06-30 03:22,Non-Interlocking Block,Approved
BR004484,TASK47236,S&T,PUNE-CSMT,2026-06-30 00:30,2026-06-30 03:01,Interlocking Testing Block,Requested
BR004485,TASK54506,S&T,ADI-BRC,2026-06-30 00:30,2026-06-30 02:45,Signal Maintenance Block,Approved
BR004486,TASK57156,S&T,BSP-R,2026-06-30 00:45,2026-06-30 04:08,Signal Maintenance Block,Requested
BR004487,TASK35920,Engineering,VSKP-BZA,2026-06-30 01:00,2026-06-30 05:24,Bridge Inspection Block,Requested
BR004488,TASK74722,Traction,HWH-NJP,2026-06-30 01:15,2026-06-30 05:29,Traction Feed Block,Approved
BR004489,TASK22692,Traction,JP-ADI,2026-06-30 01:15,2026-06-30 03:12,Traction Feed Block,Approved
BR004490,TASK79596,Engineering,BZA-SC,2026-06-30 01:30,2026-06-30 03:21,Non-Interlocking Block,Approved
BR004491,TASK41077,Engineering,DLI-JU,2026-06-30 01:30,2026-06-30 04:56,Traffic Block,Approved
BR004492,TASK83375,Traction,DLI-JU,2026-06-30 01:30,2026-06-30 05:40,Power Block,Approved
BR004493,TASK96655,Engineering,NDLS-JHS,2026-06-30 01:30,2026-06-30 03:26,Traffic Block,Requested
BR004494,TASK97505,Engineering,JP-ADI,2026-06-30 01:30,2026-06-30 04:10,Traffic Block,Approved
BR004495,TASK53025,Engineering,HWH-NJP,2026-06-30 01:45,2026-06-30 03:45,Bridge Inspection Block,Approved
BR004496,TASK23924,S&T,JU-JP,2026-06-30 10:45,2026-06-30 12:07,Signal Maintenance Block,Approved
BR004497,TASK91083,Engineering,SBC-MAS,2026-06-30 11:00,2026-06-30 12:57,Traffic Block,Approved
BR004498,TASK94861,Traction,NDLS-JHS,2026-06-30 12:45,2026-06-30 13:32,OHE Maintenance Block,Requested
BR004499,TASK78392,Engineering,BZA-MAS,2026-06-30 13:30,2026-06-30 14:02,Track Renewal Block,Requested
BR004500,TASK32504,S&T,NGP-BSP,2026-06-30 15:45,2026-06-30 17:19,Interlocking Testing Block,Approved
BR004501,TASK37480,S&T,SBC-MAS,2026-06-30 22:15,2026-07-01 02:18,Signal Maintenance Block,Completed
BR004502,TASK75529,Engineering,BSR-BPL,2026-06-30 22:15,2026-07-01 01:07,Traffic Block,Approved
BR004503,TASK36051,Engineering,MGS-HWH,2026-06-30 23:00,2026-07-01 01:41,Bridge Inspection Block,Approved
BR004504,TASK53579,Engineering,BZA-MAS,2026-06-30 23:00,2026-07-01 03:40,Track Renewal Block,Approved
BR004505,TASK40442,Engineering,ST-BCT,2026-06-30 23:00,2026-07-01 03:07,Bridge Inspection Block,Completed
BR004506,TASK54112,Engineering,BZA-MAS,2026-06-30 23:15,2026-07-01 02:28,Track Renewal Block,Requested
BR004507,TASK11366,Engineering,NDLS-UMB,2026-06-30 23:30,2026-07-01 02:16,Traffic Block,Approved
BR004508,TASK51237,Engineering,JTJ-SBC,2026-06-30 23:30,2026-07-01 04:24,Bridge Inspection Block,Approved
BR004509,TASK35680,S&T,BSR-BPL,2026-07-01 00:00,2026-07-01 02:00,Signal Maintenance Block,Approved
BR004510,TASK12085,S&T,BSP-R,2026-07-01 00:00,2026-07-01 01:10,Interlocking Testing Block,Approved
BR004511,TASK60079,S&T,BRC-ST,2026-07-01 00:00,2026-07-01 01:35,Interlocking Testing Block,Approved
BR004512,TASK79946,Engineering,SC-NGP,2026-07-01 00:15,2026-07-01 01:33,Track Renewal Block,Approved
BR004513,TASK43499,S&T,BSR-BPL,2026-07-01 00:15,2026-07-01 02:35,Cable Block,Approved
BR004514,TASK80743,Traction,SBC-MAS,2026-07-01 00:30,2026-07-01 03:11,Power Block,Approved
BR004515,TASK80356,Engineering,GZB-CNB,2026-07-01 00:30,2026-07-01 01:40,Traffic Block,Cancelled
BR004516,TASK94489,Traction,HWH-NJP,2026-07-01 00:45,2026-07-01 04:07,OHE Maintenance Block,Cancelled
BR004517,TASK54617,Engineering,NDLS-GZB,2026-07-01 01:00,2026-07-01 05:49,Bridge Inspection Block,Rejected
BR004518,TASK37751,Traction,BRC-ST,2026-07-01 01:00,2026-07-01 03:41,Power Block,Cancelled
BR004519,TASK40628,S&T,GZB-CNB,2026-07-01 01:00,2026-07-01 05:40,Cable Block,Rejected
BR004520,TASK20941,S&T,SBC-MAS,2026-07-01 01:15,2026-07-01 04:34,Cable Block,Approved
BR004521,TASK13412,S&T,JTJ-SBC,2026-07-01 01:15,2026-07-01 03:59,Signal Maintenance Block,Approved
BR004522,TASK13422,S&T,BRC-ST,2026-07-01 01:15,2026-07-01 05:56,Cable Block,Rejected
BR004523,TASK68541,Engineering,KGP-VSKP,2026-07-01 01:30,2026-07-01 04:31,Traffic Block,Rejected
BR004524,TASK67635,S&T,HWH-KGP,2026-07-01 01:30,2026-07-01 05:28,Interlocking Testing Block,Approved
BR004525,TASK66640,S&T,NDLS-JHS,2026-07-01 01:45,2026-07-01 04:10,Cable Block,Approved
BR004526,TASK80254,S&T,JTJ-SBC,2026-07-01 01:45,2026-07-01 03:46,Signal Maintenance Block,Requested
BR004527,TASK25588,S&T,BPL-JHS,2026-07-01 11:45,2026-07-01 12:17,Cable Block,Completed
BR004528,TASK95171,S&T,BZA-MAS,2026-07-01 14:00,2026-07-01 14:31,Signal Maintenance Block,Approved
BR004529,TASK50657,Engineering,KGP-VSKP,2026-07-01 14:45,2026-07-01 16:43,Track Renewal Block,Approved
BR004530,TASK71249,Engineering,BRC-ST,2026-07-01 22:00,2026-07-02 02:39,Track Renewal Block,Approved
BR004531,TASK41659,Engineering,SC-NGP,2026-07-01 22:00,2026-07-02 00:03,Bridge Inspection Block,Completed
BR004532,TASK50888,Engineering,MAS-JTJ,2026-07-01 22:45,2026-07-01 23:47,Bridge Inspection Block,Approved
BR004533,TASK62477,Traction,CNB-ALD,2026-07-01 22:45,2026-07-01 23:54,Power Block,Approved
BR004534,TASK55394,Traction,NGP-BSP,2026-07-01 23:00,2026-07-02 03:31,OHE Maintenance Block,Approved
BR004535,TASK32190,Traction,NDLS-UMB,2026-07-01 23:00,2026-07-02 01:16,Traction Feed Block,Approved
BR004536,TASK95934,Engineering,HWH-KGP,2026-07-01 23:30,2026-07-02 04:20,Traffic Block,Approved
BR004537,TASK16570,Engineering,ALD-MGS,2026-07-01 23:45,2026-07-02 02:48,Traffic Block,Approved
BR004538,TASK69292,Traction,DLI-JU,2026-07-01 23:45,2026-07-02 01:08,OHE Maintenance Block,Approved
BR004539,TASK74532,S&T,NDLS-ASR,2026-07-01 23:45,2026-07-02 03:20,Signal Maintenance Block,Approved
BR004540,TASK73751,Engineering,NDLS-GZB,2026-07-01 23:45,2026-07-02 03:31,Traffic Block,Approved
BR004541,TASK69830,Engineering,ST-BCT,2026-07-02 00:15,2026-07-02 03:07,Track Renewal Block,Completed
BR004542,TASK55479,Engineering,MAS-JTJ,2026-07-02 00:30,2026-07-02 02:17,Track Renewal Block,Approved
BR004543,TASK94637,Traction,BZA-MAS,2026-07-02 01:00,2026-07-02 04:03,Power Block,Approved
BR004544,TASK59287,Engineering,GZB-CNB,2026-07-02 01:00,2026-07-02 03:23,Track Renewal Block,Approved
BR004545,TASK19162,Engineering,NGP-BSP,2026-07-02 01:15,2026-07-02 05:40,Track Renewal Block,Rejected
BR004546,TASK95463,Engineering,BRC-ST,2026-07-02 01:30,2026-07-02 06:12,Track Renewal Block,Approved
BR004547,TASK64795,Engineering,CNB-ALD,2026-07-02 01:45,2026-07-02 03:10,Non-Interlocking Block,Approved
BR004548,TASK12124,Engineering,BZA-MAS,2026-07-02 01:45,2026-07-02 04:03,Track Renewal Block,Requested
BR004549,TASK55358,Engineering,BRC-ST,2026-07-02 10:00,2026-07-02 11:58,Non-Interlocking Block,Approved
BR004550,TASK42051,Engineering,NDLS-UMB,2026-07-02 10:15,2026-07-02 12:07,Traffic Block,Completed
BR004551,TASK77965,S&T,GZB-CNB,2026-07-02 10:15,2026-07-02 11:37,Cable Block,Completed
BR004552,TASK10544,S&T,NDLS-GZB,2026-07-02 10:30,2026-07-02 11:22,Signal Maintenance Block,Completed
BR004553,TASK14437,Engineering,UBL-PUNE,2026-07-02 10:45,2026-07-02 12:32,Non-Interlocking Block,Approved
BR004554,TASK92656,S&T,PUNE-CSMT,2026-07-02 11:45,2026-07-02 12:25,Cable Block,Completed
BR004555,TASK75267,S&T,GZB-CNB,2026-07-02 12:00,2026-07-02 12:49,Interlocking Testing Block,Approved
BR004556,TASK93434,S&T,KGP-VSKP,2026-07-02 13:00,2026-07-02 13:50,Cable Block,Completed
BR004557,TASK53806,S&T,BSP-R,2026-07-02 14:00,2026-07-02 14:56,Signal Maintenance Block,Approved
BR004558,TASK49223,Engineering,JP-ADI,2026-07-02 22:00,2026-07-03 02:20,Bridge Inspection Block,Approved
BR004559,TASK89084,Traction,ST-BCT,2026-07-02 22:00,2026-07-03 00:13,OHE Maintenance Block,Requested
BR004560,TASK53853,Traction,SBC-UBL,2026-07-02 22:15,2026-07-03 01:14,OHE Maintenance Block,Approved
BR004561,TASK89769,Traction,NDLS-JHS,2026-07-02 22:30,2026-07-02 23:35,Traction Feed Block,Approved
BR004562,TASK24879,Traction,HWH-KGP,2026-07-02 23:15,2026-07-03 03:11,OHE Maintenance Block,Cancelled
BR004563,TASK11874,Traction,UBL-PUNE,2026-07-02 23:15,2026-07-03 03:37,Traction Feed Block,Approved
BR004564,TASK31188,Traction,BSR-BPL,2026-07-02 23:30,2026-07-03 01:35,Traction Feed Block,Completed
BR004565,TASK23738,Traction,NDLS-ASR,2026-07-02 23:30,2026-07-03 02:41,OHE Maintenance Block,Rejected
BR004566,TASK96068,S&T,SBC-UBL,2026-07-02 23:45,2026-07-03 03:58,Interlocking Testing Block,Approved
BR004567,TASK76274,Engineering,HWH-KGP,2026-07-03 00:15,2026-07-03 04:35,Non-Interlocking Block,Approved
BR004568,TASK85157,Traction,NDLS-UMB,2026-07-03 00:15,2026-07-03 04:13,OHE Maintenance Block,Requested
BR004569,TASK87671,S&T,BSR-BPL,2026-07-03 00:30,2026-07-03 04:50,Cable Block,Approved
BR004570,TASK79648,Engineering,BPL-JHS,2026-07-03 00:30,2026-07-03 02:20,Non-Interlocking Block,Approved
BR004571,TASK99992,Engineering,MAS-JTJ,2026-07-03 00:30,2026-07-03 02:26,Traffic Block,Approved
BR004572,TASK15757,S&T,NDLS-UMB,2026-07-03 00:45,2026-07-03 04:55,Cable Block,Approved
BR004573,TASK49168,Engineering,BSR-BPL,2026-07-03 01:00,2026-07-03 03:23,Traffic Block,Approved
BR004574,TASK79201,Traction,MGS-HWH,2026-07-03 01:15,2026-07-03 02:45,OHE Maintenance Block,Approved
BR004575,TASK81463,S&T,MGS-HWH,2026-07-03 01:15,2026-07-03 05:17,Signal Maintenance Block,Completed
BR004576,TASK85869,S&T,HWH-KGP,2026-07-03 10:45,2026-07-03 12:13,Cable Block,Approved
BR004577,TASK23834,S&T,SBC-MAS,2026-07-03 11:15,2026-07-03 11:57,Interlocking Testing Block,Approved
BR004578,TASK21246,Traction,MAS-JTJ,2026-07-03 12:00,2026-07-03 13:55,OHE Maintenance Block,Approved
BR004579,TASK36047,Traction,HWH-KGP,2026-07-03 12:00,2026-07-03 13:51,Traction Feed Block,Completed
BR004580,TASK61677,Engineering,UBL-PUNE,2026-07-03 13:30,2026-07-03 14:05,Non-Interlocking Block,Completed
BR004581,TASK51313,Traction,BSP-R,2026-07-03 14:00,2026-07-03 15:18,Power Block,Approved
BR004582,TASK98228,S&T,NDLS-JHS,2026-07-03 14:30,2026-07-03 15:55,Cable Block,Approved
BR004583,TASK47199,S&T,NDLS-GZB,2026-07-03 22:00,2026-07-04 02:55,Cable Block,Completed
BR004584,TASK30779,S&T,VSKP-BZA,2026-07-03 22:15,2026-07-04 01:14,Interlocking Testing Block,Approved
BR004585,TASK69770,Traction,JTJ-SBC,2026-07-03 23:00,2026-07-04 02:35,OHE Maintenance Block,Rejected
BR004586,TASK28379,S&T,BZA-SC,2026-07-03 23:15,2026-07-04 04:10,Interlocking Testing Block,Approved
BR004587,TASK21632,S&T,JU-JP,2026-07-03 23:15,2026-07-04 03:47,Cable Block,Approved
BR004588,TASK41764,Engineering,SBC-UBL,2026-07-03 23:30,2026-07-04 02:05,Bridge Inspection Block,Approved
BR004589,TASK28270,Engineering,PUNE-CSMT,2026-07-04 00:00,2026-07-04 03:53,Traffic Block,Approved
BR004590,TASK92773,S&T,BRC-ST,2026-07-04 00:15,2026-07-04 01:21,Interlocking Testing Block,Approved
BR004591,TASK99486,S&T,NDLS-JHS,2026-07-04 00:15,2026-07-04 02:39,Interlocking Testing Block,Cancelled
BR004592,TASK83450,S&T,MGS-HWH,2026-07-04 00:30,2026-07-04 05:03,Cable Block,Completed
BR004593,TASK29161,Engineering,BSP-R,2026-07-04 00:30,2026-07-04 04:46,Traffic Block,Requested
BR004594,TASK86881,Engineering,NDLS-JHS,2026-07-04 00:45,2026-07-04 03:25,Bridge Inspection Block,Approved
BR004595,TASK41177,Traction,BRC-ST,2026-07-04 01:45,2026-07-04 06:24,Power Block,Approved
BR004596,TASK68628,Traction,NDLS-GZB,2026-07-04 01:45,2026-07-04 04:35,OHE Maintenance Block,Approved
BR004597,TASK12386,Traction,NGP-BSP,2026-07-04 12:15,2026-07-04 14:03,Traction Feed Block,Requested
BR004598,TASK12905,Traction,PUNE-CSMT,2026-07-04 12:30,2026-07-04 13:25,OHE Maintenance Block,Approved
BR004599,TASK86597,Traction,CNB-ALD,2026-07-04 12:45,2026-07-04 13:39,Power Block,Completed
BR004600,TASK89315,Engineering,BRC-ST,2026-07-04 14:00,2026-07-04 14:53,Traffic Block,Cancelled
BR004601,TASK80780,Engineering,NDLS-UMB,2026-07-04 22:30,2026-07-04 23:34,Track Renewal Block,Approved
BR004602,TASK38676,Engineering,GZB-CNB,2026-07-04 23:30,2026-07-05 04:23,Track Renewal Block,Approved
BR004603,TASK93156,Engineering,KGP-VSKP,2026-07-05 00:15,2026-07-05 01:58,Bridge Inspection Block,Completed
BR004604,TASK16238,S&T,HWH-NJP,2026-07-05 00:15,2026-07-05 03:38,Interlocking Testing Block,Approved
BR004605,TASK44886,Traction,NJP-GHY,2026-07-05 00:30,2026-07-05 01:44,Traction Feed Block,Approved
BR004606,TASK12816,S&T,BSP-R,2026-07-05 00:45,2026-07-05 04:17,Signal Maintenance Block,Completed
BR004607,TASK92166,S&T,CSMT-BSR,2026-07-05 01:00,2026-07-05 03:44,Interlocking Testing Block,Approved
BR004608,TASK55174,Traction,CSMT-BSR,2026-07-05 01:00,2026-07-05 02:08,OHE Maintenance Block,Approved
BR004609,TASK54327,Engineering,MGS-HWH,2026-07-05 01:00,2026-07-05 02:33,Bridge Inspection Block,Approved
BR004610,TASK49796,S&T,SBC-MAS,2026-07-05 01:30,2026-07-05 04:39,Signal Maintenance Block,Approved
BR004611,TASK10437,Engineering,NGP-BSP,2026-07-05 01:30,2026-07-05 05:08,Traffic Block,Approved
BR004612,TASK48031,Engineering,ADI-BRC,2026-07-05 01:30,2026-07-05 05:40,Bridge Inspection Block,Completed
BR004613,TASK20388,Traction,NDLS-JHS,2026-07-05 01:45,2026-07-05 06:14,Traction Feed Block,Approved
BR004614,TASK62923,S&T,CSMT-BSR,2026-07-05 11:45,2026-07-05 12:36,Interlocking Testing Block,Requested
BR004615,TASK62165,Engineering,ADI-BRC,2026-07-05 12:30,2026-07-05 13:05,Non-Interlocking Block,Approved
BR004616,TASK17362,S&T,DLI-JU,2026-07-05 13:15,2026-07-05 15:13,Interlocking Testing Block,Completed
BR004617,TASK83318,Engineering,NDLS-UMB,2026-07-05 13:30,2026-07-05 14:14,Traffic Block,Approved
BR004618,TASK49254,S&T,JTJ-SBC,2026-07-05 14:30,2026-07-05 16:13,Cable Block,Approved
BR004619,TASK78349,S&T,BRC-ST,2026-07-05 15:15,2026-07-05 16:30,Signal Maintenance Block,Cancelled
BR004620,TASK98868,S&T,VSKP-BZA,2026-07-05 22:15,2026-07-06 02:04,Signal Maintenance Block,Cancelled
BR004621,TASK76684,S&T,BSP-R,2026-07-05 22:15,2026-07-06 03:04,Interlocking Testing Block,Completed
BR004622,TASK60383,Engineering,JTJ-SBC,2026-07-05 22:30,2026-07-06 01:38,Non-Interlocking Block,Approved
BR004623,TASK67588,Engineering,NDLS-UMB,2026-07-05 22:30,2026-07-06 01:20,Traffic Block,Requested
BR004624,TASK11696,Traction,SC-NGP,2026-07-05 23:00,2026-07-06 00:19,OHE Maintenance Block,Completed
BR004625,TASK25791,S&T,UBL-PUNE,2026-07-05 23:00,2026-07-06 00:51,Interlocking Testing Block,Approved
BR004626,TASK93312,Engineering,CSMT-BSR,2026-07-05 23:15,2026-07-06 03:43,Track Renewal Block,Approved
BR004627,TASK12516,Engineering,ST-BCT,2026-07-05 23:15,2026-07-06 01:42,Non-Interlocking Block,Completed
BR004628,TASK27239,Traction,BRC-ST,2026-07-05 23:15,2026-07-06 00:56,Traction Feed Block,Approved
BR004629,TASK55675,Traction,NDLS-UMB,2026-07-05 23:30,2026-07-06 03:38,Power Block,Approved
BR004630,TASK51849,S&T,SBC-MAS,2026-07-06 00:00,2026-07-06 04:15,Interlocking Testing Block,Requested
BR004631,TASK91806,S&T,BZA-MAS,2026-07-06 00:00,2026-07-06 02:03,Interlocking Testing Block,Approved
BR004632,TASK68850,Engineering,ALD-MGS,2026-07-06 00:00,2026-07-06 03:12,Traffic Block,Approved
BR004633,TASK32117,Engineering,MAS-JTJ,2026-07-06 00:00,2026-07-06 04:25,Track Renewal Block,Approved
BR004634,TASK91570,Engineering,ST-BCT,2026-07-06 00:00,2026-07-06 01:27,Non-Interlocking Block,Approved
BR004635,TASK36623,Traction,HWH-KGP,2026-07-06 00:45,2026-07-06 02:14,OHE Maintenance Block,Rejected
BR004636,TASK85168,Engineering,CSMT-BSR,2026-07-06 01:00,2026-07-06 05:31,Track Renewal Block,Approved
BR004637,TASK63054,Traction,MGS-HWH,2026-07-06 01:00,2026-07-06 02:02,OHE Maintenance Block,Approved
BR004638,TASK54393,Engineering,JTJ-SBC,2026-07-06 01:30,2026-07-06 06:13,Non-Interlocking Block,Approved
BR004639,TASK35583,S&T,NJP-GHY,2026-07-06 01:45,2026-07-06 05:23,Cable Block,Approved
BR004640,TASK61248,Engineering,SBC-MAS,2026-07-06 10:45,2026-07-06 11:29,Non-Interlocking Block,Requested
BR004641,TASK53744,Traction,VSKP-BZA,2026-07-06 13:00,2026-07-06 13:38,OHE Maintenance Block,Approved
BR004642,TASK35021,S&T,JU-JP,2026-07-06 22:00,2026-07-07 02:59,Signal Maintenance Block,Approved
BR004643,TASK37113,Engineering,NJP-GHY,2026-07-06 22:00,2026-07-07 01:57,Traffic Block,Approved
BR004644,TASK47480,Engineering,SBC-MAS,2026-07-06 22:30,2026-07-07 01:21,Track Renewal Block,Approved
BR004645,TASK17203,Engineering,ALD-MGS,2026-07-06 22:30,2026-07-07 02:57,Non-Interlocking Block,Rejected
BR004646,TASK20749,S&T,UBL-PUNE,2026-07-06 22:45,2026-07-07 01:29,Signal Maintenance Block,Completed
BR004647,TASK34270,Traction,JTJ-SBC,2026-07-06 23:30,2026-07-07 03:13,Power Block,Cancelled
BR004648,TASK11433,S&T,UBL-PUNE,2026-07-06 23:30,2026-07-07 02:20,Signal Maintenance Block,Approved
BR004649,TASK93172,Engineering,BZA-MAS,2026-07-06 23:30,2026-07-07 02:54,Traffic Block,Approved
BR004650,TASK52874,Traction,BZA-MAS,2026-07-06 23:30,2026-07-07 03:46,Power Block,Approved
BR004651,TASK75899,S&T,BSR-BPL,2026-07-06 23:45,2026-07-07 03:15,Interlocking Testing Block,Approved
BR004652,TASK39396,S&T,NGP-BSP,2026-07-06 23:45,2026-07-07 03:22,Signal Maintenance Block,Requested
BR004653,TASK86899,Traction,MAS-JTJ,2026-07-07 00:15,2026-07-07 05:05,Power Block,Approved
BR004654,TASK83357,Engineering,DLI-JU,2026-07-07 00:30,2026-07-07 03:05,Non-Interlocking Block,Approved
BR004655,TASK21693,S&T,ST-BCT,2026-07-07 00:30,2026-07-07 02:09,Signal Maintenance Block,Approved
BR004656,TASK96734,Engineering,BSR-BPL,2026-07-07 00:45,2026-07-07 02:12,Traffic Block,Approved
BR004657,TASK27055,Engineering,NDLS-GZB,2026-07-07 01:00,2026-07-07 05:01,Bridge Inspection Block,Requested
BR004658,TASK36418,S&T,DLI-JU,2026-07-07 01:00,2026-07-07 03:31,Interlocking Testing Block,Approved
BR004659,TASK15635,Engineering,MGS-HWH,2026-07-07 01:00,2026-07-07 05:04,Track Renewal Block,Rejected
BR004660,TASK68236,Engineering,BZA-SC,2026-07-07 01:15,2026-07-07 02:19,Non-Interlocking Block,Approved
BR004661,TASK16096,Engineering,BPL-JHS,2026-07-07 01:15,2026-07-07 03:31,Track Renewal Block,Completed
BR004662,TASK25423,Engineering,ADI-BRC,2026-07-07 01:15,2026-07-07 03:32,Bridge Inspection Block,Completed
BR004663,TASK33203,S&T,CSMT-BSR,2026-07-07 01:30,2026-07-07 05:27,Signal Maintenance Block,Completed
BR004664,TASK94651,Traction,HWH-KGP,2026-07-07 01:45,2026-07-07 05:29,Power Block,Requested
BR004665,TASK67270,S&T,NJP-GHY,2026-07-07 01:45,2026-07-07 04:54,Signal Maintenance Block,Rejected
BR004666,TASK45582,S&T,HWH-KGP,2026-07-07 12:30,2026-07-07 13:26,Cable Block,Approved
BR004667,TASK85616,S&T,ALD-MGS,2026-07-07 12:45,2026-07-07 14:35,Signal Maintenance Block,Requested
BR004668,TASK92719,S&T,BSR-BPL,2026-07-07 15:15,2026-07-07 16:53,Signal Maintenance Block,Approved
BR004669,TASK98820,S&T,NDLS-ASR,2026-07-07 15:45,2026-07-07 16:42,Cable Block,Requested
BR004670,TASK31452,Engineering,BZA-MAS,2026-07-07 22:00,2026-07-08 00:04,Non-Interlocking Block,Approved
BR004671,TASK17503,Engineering,NDLS-UMB,2026-07-07 22:15,2026-07-08 01:48,Bridge Inspection Block,Completed
BR004672,TASK39281,Engineering,ST-BCT,2026-07-07 22:30,2026-07-08 01:25,Bridge Inspection Block,Requested
BR004673,TASK22476,Engineering,VSKP-BZA,2026-07-07 22:45,2026-07-08 01:19,Non-Interlocking Block,Completed
BR004674,TASK56953,Traction,SBC-MAS,2026-07-07 22:45,2026-07-08 00:55,Power Block,Rejected
BR004675,TASK46571,Engineering,MGS-HWH,2026-07-07 23:00,2026-07-08 03:02,Non-Interlocking Block,Approved
BR004676,TASK96003,S&T,HWH-KGP,2026-07-07 23:15,2026-07-08 02:15,Signal Maintenance Block,Approved
BR004677,TASK17431,Traction,BZA-MAS,2026-07-07 23:30,2026-07-08 01:05,OHE Maintenance Block,Completed
BR004678,TASK88764,Engineering,JP-ADI,2026-07-07 23:45,2026-07-08 04:16,Traffic Block,Completed
BR004679,TASK82743,S&T,NDLS-GZB,2026-07-08 00:00,2026-07-08 03:48,Cable Block,Approved
BR004680,TASK12766,Traction,ST-BCT,2026-07-08 00:00,2026-07-08 04:31,OHE Maintenance Block,Cancelled
BR004681,TASK93538,Engineering,ALD-MGS,2026-07-08 00:15,2026-07-08 02:52,Track Renewal Block,Completed
BR004682,TASK60223,S&T,BZA-MAS,2026-07-08 00:15,2026-07-08 05:05,Interlocking Testing Block,Approved
BR004683,TASK86694,S&T,PUNE-CSMT,2026-07-08 00:30,2026-07-08 01:51,Cable Block,Approved
BR004684,TASK35561,S&T,HWH-NJP,2026-07-08 00:30,2026-07-08 04:46,Signal Maintenance Block,Approved
BR004685,TASK94202,Engineering,GZB-CNB,2026-07-08 00:45,2026-07-08 01:52,Non-Interlocking Block,Completed
BR004686,TASK13866,Engineering,NDLS-GZB,2026-07-08 01:00,2026-07-08 05:48,Bridge Inspection Block,Rejected
BR004687,TASK10714,Engineering,VSKP-BZA,2026-07-08 01:30,2026-07-08 03:53,Non-Interlocking Block,Completed
BR004688,TASK83332,S&T,SBC-MAS,2026-07-08 01:45,2026-07-08 06:37,Cable Block,Approved
BR004689,TASK17436,Engineering,BSR-BPL,2026-07-08 01:45,2026-07-08 04:56,Traffic Block,Approved
BR004690,TASK11587,S&T,PUNE-CSMT,2026-07-08 11:00,2026-07-08 11:49,Signal Maintenance Block,Completed
BR004691,TASK78016,S&T,JTJ-SBC,2026-07-08 13:45,2026-07-08 15:02,Signal Maintenance Block,Approved
BR004692,TASK96812,S&T,BSR-BPL,2026-07-08 22:00,2026-07-09 00:24,Cable Block,Cancelled
BR004693,TASK67763,Engineering,NDLS-JHS,2026-07-08 22:00,2026-07-09 00:46,Track Renewal Block,Approved
BR004694,TASK81244,Traction,HWH-NJP,2026-07-08 22:00,2026-07-08 23:18,Power Block,Requested
BR004695,TASK76034,S&T,UBL-PUNE,2026-07-08 22:15,2026-07-09 00:12,Interlocking Testing Block,Rejected
BR004696,TASK31832,Traction,HWH-KGP,2026-07-08 22:15,2026-07-09 02:10,Traction Feed Block,Approved
BR004697,TASK69503,Traction,SBC-MAS,2026-07-08 22:15,2026-07-09 02:38,OHE Maintenance Block,Approved
BR004698,TASK82626,S&T,NGP-BSP,2026-07-08 22:30,2026-07-09 00:46,Interlocking Testing Block,Approved
BR004699,TASK27273,S&T,SC-NGP,2026-07-08 22:30,2026-07-09 03:20,Cable Block,Completed
BR004700,TASK46438,S&T,SBC-UBL,2026-07-08 23:00,2026-07-09 01:09,Signal Maintenance Block,Approved
BR004701,TASK28684,S&T,VSKP-BZA,2026-07-08 23:00,2026-07-09 03:06,Interlocking Testing Block,Completed
BR004702,TASK55384,Engineering,UBL-PUNE,2026-07-08 23:15,2026-07-09 02:20,Traffic Block,Completed
BR004703,TASK52826,Engineering,BZA-MAS,2026-07-08 23:15,2026-07-09 02:25,Bridge Inspection Block,Rejected
BR004704,TASK70481,S&T,ST-BCT,2026-07-08 23:45,2026-07-09 01:30,Cable Block,Approved
BR004705,TASK69964,Traction,SBC-UBL,2026-07-09 00:00,2026-07-09 02:40,Traction Feed Block,Completed
BR004706,TASK35938,Engineering,HWH-KGP,2026-07-09 00:15,2026-07-09 03:18,Bridge Inspection Block,Approved
BR004707,TASK15490,Traction,ALD-MGS,2026-07-09 00:15,2026-07-09 02:51,OHE Maintenance Block,Approved
BR004708,TASK59131,S&T,KGP-VSKP,2026-07-09 00:30,2026-07-09 04:14,Interlocking Testing Block,Approved
BR004709,TASK85798,Engineering,SBC-MAS,2026-07-09 00:30,2026-07-09 01:47,Non-Interlocking Block,Approved
BR004710,TASK82010,S&T,HWH-KGP,2026-07-09 00:45,2026-07-09 03:25,Cable Block,Approved
BR004711,TASK28879,Engineering,PUNE-CSMT,2026-07-09 01:00,2026-07-09 03:30,Non-Interlocking Block,Approved
BR004712,TASK81997,Engineering,ADI-BRC,2026-07-09 01:00,2026-07-09 05:45,Traffic Block,Approved
BR004713,TASK29846,Traction,KGP-VSKP,2026-07-09 01:15,2026-07-09 04:44,Traction Feed Block,Requested
BR004714,TASK36908,Traction,NDLS-JHS,2026-07-09 01:15,2026-07-09 02:39,Traction Feed Block,Approved
BR004715,TASK48477,Traction,NDLS-GZB,2026-07-09 01:15,2026-07-09 05:05,Power Block,Rejected
BR004716,TASK16809,Engineering,HWH-KGP,2026-07-09 01:30,2026-07-09 03:11,Bridge Inspection Block,Rejected
BR004717,TASK72463,S&T,ADI-BRC,2026-07-09 13:45,2026-07-09 14:50,Cable Block,Approved
BR004718,TASK31734,S&T,NGP-BSP,2026-07-09 14:00,2026-07-09 15:52,Signal Maintenance Block,Approved
BR004719,TASK80355,Engineering,CSMT-BSR,2026-07-09 15:00,2026-07-09 15:51,Bridge Inspection Block,Approved
BR004720,TASK43461,Traction,JTJ-SBC,2026-07-09 15:00,2026-07-09 16:58,Traction Feed Block,Approved
BR004721,TASK94006,Engineering,ST-BCT,2026-07-09 15:15,2026-07-09 15:58,Bridge Inspection Block,Approved
BR004722,TASK16075,Engineering,SC-NGP,2026-07-09 22:00,2026-07-10 02:05,Non-Interlocking Block,Approved
BR004723,TASK88580,Engineering,ST-BCT,2026-07-09 22:15,2026-07-10 00:35,Bridge Inspection Block,Completed
BR004724,TASK24247,Traction,BZA-SC,2026-07-09 22:15,2026-07-10 00:43,Traction Feed Block,Approved
BR004725,TASK45746,S&T,NDLS-JHS,2026-07-09 22:30,2026-07-10 00:51,Interlocking Testing Block,Approved
BR004726,TASK56900,S&T,ALD-MGS,2026-07-09 22:45,2026-07-10 03:14,Interlocking Testing Block,Requested
BR004727,TASK28564,Engineering,CSMT-BSR,2026-07-09 23:15,2026-07-10 01:07,Track Renewal Block,Approved
BR004728,TASK19692,Engineering,CSMT-BSR,2026-07-09 23:15,2026-07-10 01:59,Non-Interlocking Block,Requested
BR004729,TASK85553,Traction,BPL-JHS,2026-07-09 23:30,2026-07-10 03:27,OHE Maintenance Block,Approved
BR004730,TASK89639,Traction,NDLS-GZB,2026-07-10 00:00,2026-07-10 04:40,Traction Feed Block,Approved
BR004731,TASK23267,Traction,ALD-MGS,2026-07-10 00:30,2026-07-10 03:23,Power Block,Cancelled
BR004732,TASK82101,S&T,DLI-JU,2026-07-10 00:30,2026-07-10 04:11,Signal Maintenance Block,Completed
BR004733,TASK98529,Traction,JTJ-SBC,2026-07-10 00:45,2026-07-10 04:25,OHE Maintenance Block,Approved
BR004734,TASK96909,Engineering,NDLS-GZB,2026-07-10 00:45,2026-07-10 03:37,Bridge Inspection Block,Approved
BR004735,TASK42750,Traction,SC-NGP,2026-07-10 01:00,2026-07-10 05:38,OHE Maintenance Block,Approved
BR004736,TASK20611,S&T,JP-ADI,2026-07-10 01:00,2026-07-10 05:48,Cable Block,Completed
BR004737,TASK69393,Engineering,BPL-JHS,2026-07-10 01:15,2026-07-10 02:51,Traffic Block,Approved
BR004738,TASK19406,Engineering,BSR-BPL,2026-07-10 01:30,2026-07-10 05:49,Non-Interlocking Block,Approved
BR004739,TASK47576,Traction,JTJ-SBC,2026-07-10 01:45,2026-07-10 02:50,OHE Maintenance Block,Rejected
BR004740,TASK12941,S&T,BRC-ST,2026-07-10 01:45,2026-07-10 05:04,Signal Maintenance Block,Approved
BR004741,TASK39944,Engineering,NJP-GHY,2026-07-10 01:45,2026-07-10 05:05,Non-Interlocking Block,Approved
BR004742,TASK24372,Engineering,SBC-UBL,2026-07-10 01:45,2026-07-10 02:58,Traffic Block,Approved
BR004743,TASK55333,S&T,BPL-JHS,2026-07-10 10:30,2026-07-10 11:58,Signal Maintenance Block,Rejected
BR004744,TASK77552,Engineering,BZA-MAS,2026-07-10 22:15,2026-07-10 23:55,Bridge Inspection Block,Approved
BR004745,TASK68284,Traction,DLI-JU,2026-07-10 22:45,2026-07-11 01:25,OHE Maintenance Block,Approved
BR004746,TASK50430,S&T,MAS-JTJ,2026-07-10 22:45,2026-07-11 01:06,Signal Maintenance Block,Rejected
BR004747,TASK93718,Engineering,CSMT-BSR,2026-07-10 23:00,2026-07-11 03:08,Non-Interlocking Block,Approved
BR004748,TASK98092,Engineering,HWH-KGP,2026-07-11 00:00,2026-07-11 04:50,Traffic Block,Rejected
BR004749,TASK93889,S&T,BRC-ST,2026-07-11 00:00,2026-07-11 03:13,Cable Block,Approved
BR004750,TASK60819,Traction,BPL-JHS,2026-07-11 00:00,2026-07-11 02:36,Traction Feed Block,Rejected
BR004751,TASK22687,Engineering,SC-NGP,2026-07-11 00:15,2026-07-11 02:10,Bridge Inspection Block,Completed
BR004752,TASK48826,Traction,NJP-GHY,2026-07-11 00:15,2026-07-11 03:36,Traction Feed Block,Requested
BR004753,TASK77859,S&T,ALD-MGS,2026-07-11 00:30,2026-07-11 04:40,Signal Maintenance Block,Approved
BR004754,TASK44768,Traction,NDLS-ASR,2026-07-11 00:30,2026-07-11 01:58,OHE Maintenance Block,Rejected
BR004755,TASK76130,S&T,HWH-KGP,2026-07-11 00:45,2026-07-11 04:48,Cable Block,Approved
BR004756,TASK24742,Traction,BSR-BPL,2026-07-11 01:00,2026-07-11 03:50,OHE Maintenance Block,Approved
BR004757,TASK75693,Traction,UBL-PUNE,2026-07-11 01:15,2026-07-11 03:58,Power Block,Approved
BR004758,TASK34380,Engineering,GZB-CNB,2026-07-11 01:30,2026-07-11 04:14,Bridge Inspection Block,Approved
BR004759,TASK55279,Traction,BSP-R,2026-07-11 01:30,2026-07-11 03:23,Power Block,Approved
BR004760,TASK52143,S&T,ST-BCT,2026-07-11 01:45,2026-07-11 04:34,Cable Block,Approved
BR004761,TASK85514,S&T,ADI-BRC,2026-07-11 11:00,2026-07-11 12:58,Cable Block,Approved
BR004762,TASK62874,Engineering,ST-BCT,2026-07-11 11:30,2026-07-11 13:20,Non-Interlocking Block,Completed
BR004763,TASK98846,S&T,SBC-MAS,2026-07-11 12:45,2026-07-11 14:06,Interlocking Testing Block,Approved
BR004764,TASK46908,S&T,NJP-GHY,2026-07-11 13:00,2026-07-11 13:37,Interlocking Testing Block,Approved
BR004765,TASK47023,Engineering,NDLS-GZB,2026-07-11 13:30,2026-07-11 14:04,Traffic Block,Cancelled
BR004766,TASK41503,Engineering,BRC-ST,2026-07-11 14:15,2026-07-11 15:43,Bridge Inspection Block,Approved
BR004767,TASK38618,S&T,GZB-CNB,2026-07-11 14:45,2026-07-11 15:16,Signal Maintenance Block,Approved
BR004768,TASK68488,Traction,NDLS-UMB,2026-07-11 22:15,2026-07-12 01:25,Power Block,Completed
BR004769,TASK93811,Engineering,BRC-ST,2026-07-11 22:15,2026-07-11 23:45,Bridge Inspection Block,Requested
BR004770,TASK57463,Engineering,SBC-MAS,2026-07-11 23:15,2026-07-12 02:24,Bridge Inspection Block,Cancelled
BR004771,TASK96879,Traction,SC-NGP,2026-07-11 23:15,2026-07-12 02:16,Power Block,Approved
BR004772,TASK85476,Engineering,CSMT-BSR,2026-07-11 23:45,2026-07-12 04:31,Traffic Block,Approved
BR004773,TASK84159,Traction,BSR-BPL,2026-07-11 23:45,2026-07-12 01:15,OHE Maintenance Block,Approved
BR004774,TASK35699,S&T,MAS-JTJ,2026-07-12 00:15,2026-07-12 04:16,Signal Maintenance Block,Rejected
BR004775,TASK70320,Traction,SBC-MAS,2026-07-12 01:00,2026-07-12 05:02,OHE Maintenance Block,Approved
BR004776,TASK46538,Engineering,SBC-UBL,2026-07-12 01:15,2026-07-12 03:51,Track Renewal Block,Approved
BR004777,TASK42949,Engineering,ALD-MGS,2026-07-12 01:15,2026-07-12 04:27,Traffic Block,Approved
BR004778,TASK98260,Traction,BPL-JHS,2026-07-12 01:30,2026-07-12 05:40,OHE Maintenance Block,Approved
BR004779,TASK24990,Engineering,BSR-BPL,2026-07-12 01:30,2026-07-12 04:14,Bridge Inspection Block,Requested
BR004780,TASK65344,Traction,BPL-JHS,2026-07-12 10:30,2026-07-12 12:04,OHE Maintenance Block,Requested
BR004781,TASK23233,S&T,BZA-MAS,2026-07-12 11:00,2026-07-12 11:43,Cable Block,Rejected
BR004782,TASK56412,Engineering,NJP-GHY,2026-07-12 14:00,2026-07-12 15:50,Traffic Block,Approved
BR004783,TASK64207,Engineering,BRC-ST,2026-07-12 14:00,2026-07-12 15:27,Bridge Inspection Block,Approved
BR004784,TASK47898,Traction,MGS-HWH,2026-07-12 14:30,2026-07-12 16:18,Power Block,Requested
BR004785,TASK26795,Engineering,SBC-UBL,2026-07-12 14:30,2026-07-12 16:19,Non-Interlocking Block,Approved
BR004786,TASK43219,Engineering,BSR-BPL,2026-07-12 14:45,2026-07-12 15:29,Track Renewal Block,Approved
BR004787,TASK52496,Engineering,MAS-JTJ,2026-07-12 15:30,2026-07-12 16:54,Non-Interlocking Block,Approved
BR004788,TASK29619,Engineering,BZA-MAS,2026-07-12 22:00,2026-07-13 02:49,Bridge Inspection Block,Completed
BR004789,TASK65340,S&T,ST-BCT,2026-07-12 22:00,2026-07-12 23:27,Interlocking Testing Block,Requested
BR004790,TASK64345,Engineering,NDLS-ASR,2026-07-12 22:00,2026-07-13 01:38,Traffic Block,Cancelled
BR004791,TASK56588,Engineering,HWH-KGP,2026-07-12 22:15,2026-07-13 01:40,Bridge Inspection Block,Approved
BR004792,TASK91872,S&T,BSP-R,2026-07-12 22:15,2026-07-13 02:38,Interlocking Testing Block,Requested
BR004793,TASK23819,Engineering,NGP-BSP,2026-07-12 22:15,2026-07-13 02:41,Non-Interlocking Block,Completed
BR004794,TASK81986,Engineering,PUNE-CSMT,2026-07-12 22:15,2026-07-13 01:44,Track Renewal Block,Completed
BR004795,TASK77243,S&T,ST-BCT,2026-07-12 22:30,2026-07-13 02:41,Signal Maintenance Block,Completed
BR004796,TASK64094,S&T,BSR-BPL,2026-07-12 22:30,2026-07-13 02:25,Signal Maintenance Block,Approved
BR004797,TASK70614,Engineering,NGP-BSP,2026-07-12 22:45,2026-07-13 00:51,Non-Interlocking Block,Cancelled
BR004798,TASK42072,S&T,BPL-JHS,2026-07-12 23:15,2026-07-13 02:18,Signal Maintenance Block,Approved
BR004799,TASK53144,Engineering,MGS-HWH,2026-07-12 23:15,2026-07-13 00:25,Bridge Inspection Block,Completed
BR004800,TASK38950,Engineering,NDLS-UMB,2026-07-12 23:15,2026-07-13 02:36,Track Renewal Block,Completed
BR004801,TASK39248,Traction,MGS-HWH,2026-07-12 23:30,2026-07-13 02:10,OHE Maintenance Block,Approved
BR004802,TASK40697,S&T,NJP-GHY,2026-07-12 23:30,2026-07-13 02:36,Cable Block,Approved
BR004803,TASK95312,Engineering,NDLS-GZB,2026-07-12 23:45,2026-07-13 04:23,Bridge Inspection Block,Requested
BR004804,TASK44129,Engineering,NDLS-GZB,2026-07-13 00:15,2026-07-13 04:22,Track Renewal Block,Cancelled
BR004805,TASK49218,Engineering,HWH-KGP,2026-07-13 00:15,2026-07-13 03:10,Non-Interlocking Block,Requested
BR004806,TASK52309,Engineering,CNB-ALD,2026-07-13 00:45,2026-07-13 02:11,Track Renewal Block,Requested
BR004807,TASK38917,S&T,NDLS-JHS,2026-07-13 00:45,2026-07-13 05:27,Cable Block,Requested
BR004808,TASK59127,S&T,NDLS-UMB,2026-07-13 00:45,2026-07-13 04:59,Interlocking Testing Block,Approved
BR004809,TASK98240,Engineering,JU-JP,2026-07-13 00:45,2026-07-13 03:23,Non-Interlocking Block,Approved
BR004810,TASK41791,S&T,UBL-PUNE,2026-07-13 01:15,2026-07-13 04:26,Cable Block,Approved
BR004811,TASK20530,Engineering,NDLS-ASR,2026-07-13 01:15,2026-07-13 06:14,Bridge Inspection Block,Rejected
BR004812,TASK97376,S&T,ADI-BRC,2026-07-13 01:15,2026-07-13 05:16,Cable Block,Requested
BR004813,TASK45046,Engineering,NDLS-JHS,2026-07-13 01:30,2026-07-13 05:52,Track Renewal Block,Approved
BR004814,TASK80180,Engineering,CSMT-BSR,2026-07-13 01:30,2026-07-13 04:31,Non-Interlocking Block,Requested
BR004815,TASK18687,Engineering,NJP-GHY,2026-07-13 01:30,2026-07-13 04:55,Bridge Inspection Block,Approved
BR004816,TASK70136,Engineering,NDLS-ASR,2026-07-13 15:15,2026-07-13 16:01,Traffic Block,Requested
BR004817,TASK85978,S&T,KGP-VSKP,2026-07-13 22:00,2026-07-14 01:40,Signal Maintenance Block,Rejected
BR004818,TASK93297,S&T,GZB-CNB,2026-07-13 22:00,2026-07-13 23:14,Signal Maintenance Block,Approved
BR004819,TASK83047,S&T,PUNE-CSMT,2026-07-13 22:00,2026-07-14 01:06,Signal Maintenance Block,Requested
BR004820,TASK91536,Engineering,ST-BCT,2026-07-13 22:15,2026-07-14 01:01,Track Renewal Block,Completed
BR004821,TASK14515,Traction,ST-BCT,2026-07-13 22:30,2026-07-13 23:51,Power Block,Completed
BR004822,TASK62674,S&T,MGS-HWH,2026-07-13 22:30,2026-07-14 01:36,Signal Maintenance Block,Approved
BR004823,TASK80140,Traction,BZA-SC,2026-07-13 22:30,2026-07-14 03:20,Power Block,Cancelled
BR004824,TASK69546,Traction,BRC-ST,2026-07-13 22:45,2026-07-14 01:37,OHE Maintenance Block,Approved
BR004825,TASK52457,Traction,ADI-BRC,2026-07-13 23:00,2026-07-14 03:49,OHE Maintenance Block,Approved
BR004826,TASK40427,Engineering,NDLS-ASR,2026-07-13 23:15,2026-07-14 03:17,Track Renewal Block,Approved
BR004827,TASK42052,Engineering,BSP-R,2026-07-13 23:15,2026-07-14 02:03,Bridge Inspection Block,Cancelled
BR004828,TASK21992,Engineering,KGP-VSKP,2026-07-14 00:15,2026-07-14 04:50,Traffic Block,Completed
BR004829,TASK87633,Traction,ADI-BRC,2026-07-14 00:15,2026-07-14 02:47,Power Block,Approved
BR004830,TASK19224,Engineering,BPL-JHS,2026-07-14 00:30,2026-07-14 04:42,Traffic Block,Approved
BR004831,TASK54972,Traction,CNB-ALD,2026-07-14 00:45,2026-07-14 03:18,Power Block,Requested
BR004832,TASK18489,S&T,BPL-JHS,2026-07-14 00:45,2026-07-14 03:12,Signal Maintenance Block,Completed
BR004833,TASK54112,S&T,SBC-MAS,2026-07-14 01:00,2026-07-14 03:59,Interlocking Testing Block,Cancelled
BR004834,TASK31001,Traction,CNB-ALD,2026-07-14 01:00,2026-07-14 03:08,Power Block,Cancelled
BR004835,TASK43435,Engineering,JP-ADI,2026-07-14 01:00,2026-07-14 02:56,Track Renewal Block,Completed
BR004836,TASK37580,Traction,NGP-BSP,2026-07-14 01:15,2026-07-14 05:28,OHE Maintenance Block,Completed
BR004837,TASK73358,S&T,ST-BCT,2026-07-14 01:15,2026-07-14 03:35,Interlocking Testing Block,Approved
BR004838,TASK68466,Traction,SBC-MAS,2026-07-14 10:45,2026-07-14 12:03,OHE Maintenance Block,Requested
BR004839,TASK72830,S&T,UBL-PUNE,2026-07-14 10:45,2026-07-14 12:29,Cable Block,Approved
BR004840,TASK84203,S&T,UBL-PUNE,2026-07-14 12:45,2026-07-14 14:07,Signal Maintenance Block,Requested
BR004841,TASK67434,Engineering,BZA-SC,2026-07-14 14:30,2026-07-14 15:54,Bridge Inspection Block,Approved
BR004842,TASK96672,Engineering,NDLS-ASR,2026-07-14 14:30,2026-07-14 15:36,Non-Interlocking Block,Approved
BR004843,TASK73175,Engineering,HWH-KGP,2026-07-14 15:30,2026-07-14 16:14,Track Renewal Block,Requested
BR004844,TASK19951,Traction,DLI-JU,2026-07-14 22:15,2026-07-15 00:06,Power Block,Rejected
BR004845,TASK53048,Traction,ALD-MGS,2026-07-14 22:15,2026-07-15 01:29,Traction Feed Block,Approved
BR004846,TASK94235,Traction,BZA-SC,2026-07-14 23:00,2026-07-15 02:50,Traction Feed Block,Approved
BR004847,TASK31069,Engineering,CNB-ALD,2026-07-14 23:15,2026-07-15 03:30,Traffic Block,Approved
BR004848,TASK15946,S&T,HWH-KGP,2026-07-14 23:30,2026-07-15 02:58,Cable Block,Approved
BR004849,TASK38842,S&T,ST-BCT,2026-07-14 23:30,2026-07-15 02:33,Cable Block,Requested
BR004850,TASK54006,S&T,NDLS-ASR,2026-07-14 23:45,2026-07-15 03:20,Signal Maintenance Block,Completed
BR004851,TASK83902,Traction,GZB-CNB,2026-07-15 00:00,2026-07-15 02:35,OHE Maintenance Block,Approved
BR004852,TASK73500,Engineering,SBC-MAS,2026-07-15 00:30,2026-07-15 04:50,Track Renewal Block,Rejected
BR004853,TASK60047,Traction,SC-NGP,2026-07-15 00:30,2026-07-15 03:00,Traction Feed Block,Approved
BR004854,TASK27506,S&T,NJP-GHY,2026-07-15 00:45,2026-07-15 03:05,Interlocking Testing Block,Approved
BR004855,TASK26510,S&T,CNB-ALD,2026-07-15 00:45,2026-07-15 03:02,Cable Block,Approved
BR004856,TASK31442,Traction,NGP-BSP,2026-07-15 01:00,2026-07-15 03:26,Power Block,Approved
BR004857,TASK46730,Engineering,HWH-NJP,2026-07-15 01:15,2026-07-15 02:56,Track Renewal Block,Approved
BR004858,TASK99518,Engineering,SBC-UBL,2026-07-15 01:30,2026-07-15 04:12,Non-Interlocking Block,Cancelled
BR004859,TASK51206,S&T,BRC-ST,2026-07-15 01:30,2026-07-15 02:31,Signal Maintenance Block,Approved
BR004860,TASK98293,S&T,BSR-BPL,2026-07-15 13:45,2026-07-15 14:28,Signal Maintenance Block,Completed
BR004861,TASK35925,S&T,GZB-CNB,2026-07-15 14:15,2026-07-15 15:28,Cable Block,Requested
BR004862,TASK78302,Engineering,CSMT-BSR,2026-07-15 15:00,2026-07-15 16:39,Non-Interlocking Block,Approved
BR004863,TASK46954,Traction,VSKP-BZA,2026-07-15 22:00,2026-07-16 01:50,OHE Maintenance Block,Completed
BR004864,TASK44676,Engineering,NDLS-ASR,2026-07-15 22:00,2026-07-16 02:01,Track Renewal Block,Approved
BR004865,TASK97264,S&T,BZA-MAS,2026-07-15 22:30,2026-07-16 02:57,Signal Maintenance Block,Approved
BR004866,TASK85490,Engineering,GZB-CNB,2026-07-15 22:30,2026-07-16 01:23,Traffic Block,Approved
BR004867,TASK45955,S&T,MGS-HWH,2026-07-15 22:30,2026-07-16 01:29,Signal Maintenance Block,Approved
BR004868,TASK48624,Traction,NDLS-ASR,2026-07-15 22:45,2026-07-16 01:46,OHE Maintenance Block,Approved
BR004869,TASK34299,S&T,JP-ADI,2026-07-15 23:00,2026-07-16 01:06,Signal Maintenance Block,Approved
BR004870,TASK35865,S&T,NDLS-GZB,2026-07-15 23:15,2026-07-16 03:06,Interlocking Testing Block,Rejected
BR004871,TASK22800,S&T,CSMT-BSR,2026-07-15 23:15,2026-07-16 03:20,Interlocking Testing Block,Approved
BR004872,TASK90918,Traction,NDLS-JHS,2026-07-15 23:15,2026-07-16 03:57,Power Block,Approved
BR004873,TASK54769,Engineering,NJP-GHY,2026-07-15 23:15,2026-07-16 01:10,Track Renewal Block,Approved
BR004874,TASK93348,Engineering,ST-BCT,2026-07-15 23:45,2026-07-16 03:40,Traffic Block,Requested
BR004875,TASK28648,S&T,SBC-UBL,2026-07-16 00:00,2026-07-16 01:29,Cable Block,Approved
BR004876,TASK87479,Traction,NGP-BSP,2026-07-16 00:00,2026-07-16 03:16,OHE Maintenance Block,Approved
BR004877,TASK85597,Traction,NDLS-UMB,2026-07-16 00:00,2026-07-16 03:11,Power Block,Approved
BR004878,TASK37742,S&T,ALD-MGS,2026-07-16 00:00,2026-07-16 03:53,Cable Block,Approved
BR004879,TASK16561,Traction,GZB-CNB,2026-07-16 00:15,2026-07-16 02:05,Power Block,Approved
BR004880,TASK40776,Engineering,BRC-ST,2026-07-16 00:15,2026-07-16 01:49,Track Renewal Block,Requested
BR004881,TASK34189,S&T,BSR-BPL,2026-07-16 00:30,2026-07-16 01:30,Interlocking Testing Block,Rejected
BR004882,TASK48239,Traction,NDLS-JHS,2026-07-16 01:00,2026-07-16 03:26,Power Block,Approved
BR004883,TASK36940,Engineering,SC-NGP,2026-07-16 01:00,2026-07-16 03:01,Track Renewal Block,Approved
BR004884,TASK87713,Traction,KGP-VSKP,2026-07-16 01:45,2026-07-16 03:13,Traction Feed Block,Approved
BR004885,TASK25043,S&T,NDLS-GZB,2026-07-16 01:45,2026-07-16 04:51,Signal Maintenance Block,Requested
BR004886,TASK70782,Engineering,BSR-BPL,2026-07-16 01:45,2026-07-16 03:16,Track Renewal Block,Approved
BR004887,TASK74389,Engineering,NJP-GHY,2026-07-16 10:15,2026-07-16 10:58,Traffic Block,Rejected
BR004888,TASK13313,Traction,BRC-ST,2026-07-16 10:45,2026-07-16 12:07,Power Block,Approved
BR004889,TASK15786,Engineering,ADI-BRC,2026-07-16 15:00,2026-07-16 16:26,Bridge Inspection Block,Approved
BR004890,TASK43944,Engineering,BZA-MAS,2026-07-16 22:00,2026-07-16 23:20,Non-Interlocking Block,Approved
BR004891,TASK36627,Traction,SBC-MAS,2026-07-16 22:00,2026-07-16 23:34,Power Block,Approved
BR004892,TASK24603,S&T,BPL-JHS,2026-07-16 22:15,2026-07-17 00:47,Interlocking Testing Block,Approved
BR004893,TASK48533,Engineering,BSR-BPL,2026-07-16 22:15,2026-07-17 01:37,Track Renewal Block,Rejected
BR004894,TASK85109,Engineering,JP-ADI,2026-07-16 22:30,2026-07-17 01:29,Track Renewal Block,Cancelled
BR004895,TASK26355,S&T,MAS-JTJ,2026-07-16 22:45,2026-07-17 01:44,Interlocking Testing Block,Completed
BR004896,TASK38100,Traction,HWH-KGP,2026-07-16 22:45,2026-07-17 02:25,OHE Maintenance Block,Approved
BR004897,TASK81113,Traction,BSR-BPL,2026-07-16 23:15,2026-07-17 02:45,OHE Maintenance Block,Approved
BR004898,TASK28369,Traction,HWH-KGP,2026-07-16 23:15,2026-07-17 02:35,Traction Feed Block,Requested
BR004899,TASK26974,Traction,GZB-CNB,2026-07-16 23:30,2026-07-17 02:55,Traction Feed Block,Approved
BR004900,TASK88912,Engineering,UBL-PUNE,2026-07-16 23:30,2026-07-17 03:18,Bridge Inspection Block,Cancelled
BR004901,TASK34820,Engineering,NDLS-UMB,2026-07-16 23:45,2026-07-17 00:46,Track Renewal Block,Cancelled
BR004902,TASK96269,Traction,BZA-MAS,2026-07-17 00:15,2026-07-17 04:08,Power Block,Approved
BR004903,TASK58280,Traction,NDLS-GZB,2026-07-17 00:15,2026-07-17 02:13,Traction Feed Block,Requested
BR004904,TASK89933,Engineering,NDLS-JHS,2026-07-17 00:15,2026-07-17 01:54,Bridge Inspection Block,Approved
BR004905,TASK11031,Traction,HWH-KGP,2026-07-17 00:15,2026-07-17 03:34,OHE Maintenance Block,Approved
BR004906,TASK24375,Traction,BSR-BPL,2026-07-17 00:15,2026-07-17 02:21,OHE Maintenance Block,Requested
BR004907,TASK19393,Engineering,DLI-JU,2026-07-17 00:30,2026-07-17 01:47,Bridge Inspection Block,Rejected
BR004908,TASK90597,S&T,ST-BCT,2026-07-17 00:30,2026-07-17 03:50,Interlocking Testing Block,Approved
BR004909,TASK36843,Traction,MGS-HWH,2026-07-17 00:45,2026-07-17 05:13,Traction Feed Block,Approved
BR004910,TASK45603,Engineering,CSMT-BSR,2026-07-17 01:30,2026-07-17 03:29,Non-Interlocking Block,Cancelled
BR004911,TASK39336,Engineering,SC-NGP,2026-07-17 01:45,2026-07-17 05:07,Track Renewal Block,Requested
BR004912,TASK78142,Engineering,BSP-R,2026-07-17 01:45,2026-07-17 03:04,Traffic Block,Approved
BR004913,TASK89596,S&T,KGP-VSKP,2026-07-17 10:45,2026-07-17 12:18,Signal Maintenance Block,Cancelled
BR004914,TASK60166,S&T,SBC-MAS,2026-07-17 14:00,2026-07-17 15:38,Cable Block,Cancelled
BR004915,TASK23333,Traction,BZA-SC,2026-07-17 15:00,2026-07-17 16:28,Power Block,Approved
BR004916,TASK29933,Engineering,NDLS-JHS,2026-07-17 15:45,2026-07-17 16:48,Bridge Inspection Block,Requested
BR004917,TASK57113,Engineering,NDLS-JHS,2026-07-17 22:15,2026-07-18 01:44,Track Renewal Block,Requested
BR004918,TASK46402,Traction,BRC-ST,2026-07-17 22:15,2026-07-18 00:16,Power Block,Completed
BR004919,TASK85090,Engineering,HWH-KGP,2026-07-17 22:45,2026-07-18 01:09,Bridge Inspection Block,Approved
BR004920,TASK65192,S&T,ST-BCT,2026-07-17 23:00,2026-07-18 03:43,Cable Block,Approved
BR004921,TASK50081,S&T,BSP-R,2026-07-17 23:15,2026-07-18 02:40,Signal Maintenance Block,Approved
BR004922,TASK36667,Engineering,ST-BCT,2026-07-17 23:15,2026-07-18 03:49,Bridge Inspection Block,Approved
BR004923,TASK66081,S&T,BZA-MAS,2026-07-17 23:15,2026-07-18 01:17,Interlocking Testing Block,Approved
BR004924,TASK79468,S&T,NDLS-JHS,2026-07-17 23:45,2026-07-18 02:25,Cable Block,Requested
BR004925,TASK95469,Engineering,ST-BCT,2026-07-18 00:00,2026-07-18 02:01,Non-Interlocking Block,Requested
BR004926,TASK78996,Engineering,JTJ-SBC,2026-07-18 00:00,2026-07-18 01:01,Non-Interlocking Block,Approved
BR004927,TASK26810,Traction,NDLS-JHS,2026-07-18 00:45,2026-07-18 04:06,OHE Maintenance Block,Approved
BR004928,TASK74488,S&T,NDLS-GZB,2026-07-18 00:45,2026-07-18 03:03,Interlocking Testing Block,Approved
BR004929,TASK92360,Engineering,MGS-HWH,2026-07-18 00:45,2026-07-18 04:56,Track Renewal Block,Approved
BR004930,TASK79441,Engineering,JTJ-SBC,2026-07-18 00:45,2026-07-18 05:26,Non-Interlocking Block,Approved
BR004931,TASK40358,S&T,MGS-HWH,2026-07-18 00:45,2026-07-18 05:13,Signal Maintenance Block,Completed
BR004932,TASK74759,S&T,SBC-UBL,2026-07-18 01:00,2026-07-18 05:08,Cable Block,Approved
BR004933,TASK20478,Traction,BZA-MAS,2026-07-18 01:45,2026-07-18 06:26,Power Block,Approved
BR004934,TASK17502,Engineering,NGP-BSP,2026-07-18 01:45,2026-07-18 06:42,Traffic Block,Approved
BR004935,TASK16902,S&T,HWH-KGP,2026-07-18 01:45,2026-07-18 05:27,Interlocking Testing Block,Approved
BR004936,TASK66105,Engineering,JU-JP,2026-07-18 10:00,2026-07-18 11:41,Non-Interlocking Block,Cancelled
BR004937,TASK24229,S&T,ADI-BRC,2026-07-18 11:45,2026-07-18 13:14,Cable Block,Rejected
BR004938,TASK46645,Engineering,GZB-CNB,2026-07-18 13:45,2026-07-18 15:09,Track Renewal Block,Completed
BR004939,TASK61831,S&T,VSKP-BZA,2026-07-18 14:45,2026-07-18 15:26,Interlocking Testing Block,Completed
BR004940,TASK96576,S&T,BZA-MAS,2026-07-18 15:00,2026-07-18 16:14,Cable Block,Approved
BR004941,TASK87477,Engineering,ALD-MGS,2026-07-18 15:15,2026-07-18 16:34,Bridge Inspection Block,Rejected
BR004942,TASK17233,Engineering,ADI-BRC,2026-07-18 15:30,2026-07-18 17:09,Non-Interlocking Block,Completed
BR004943,TASK90003,S&T,ALD-MGS,2026-07-18 22:00,2026-07-19 01:39,Interlocking Testing Block,Approved
BR004944,TASK52013,S&T,CNB-ALD,2026-07-18 22:15,2026-07-19 01:04,Signal Maintenance Block,Approved
BR004945,TASK47144,Engineering,NDLS-GZB,2026-07-18 22:30,2026-07-19 00:37,Non-Interlocking Block,Approved
BR004946,TASK89131,S&T,MGS-HWH,2026-07-18 22:30,2026-07-19 01:37,Cable Block,Requested
BR004947,TASK34162,Engineering,NJP-GHY,2026-07-18 22:30,2026-07-19 03:18,Traffic Block,Requested
BR004948,TASK51511,Engineering,NDLS-UMB,2026-07-18 23:15,2026-07-19 00:41,Track Renewal Block,Approved
BR004949,TASK79187,S&T,CNB-ALD,2026-07-18 23:15,2026-07-19 00:42,Signal Maintenance Block,Cancelled
BR004950,TASK48169,S&T,SBC-MAS,2026-07-18 23:30,2026-07-19 01:20,Cable Block,Approved
BR004951,TASK86587,S&T,SBC-MAS,2026-07-18 23:30,2026-07-19 02:48,Interlocking Testing Block,Approved
BR004952,TASK59179,S&T,BZA-SC,2026-07-18 23:45,2026-07-19 02:08,Interlocking Testing Block,Approved
BR004953,TASK95261,Engineering,JU-JP,2026-07-18 23:45,2026-07-19 03:22,Track Renewal Block,Approved
BR004954,TASK94876,Engineering,NGP-BSP,2026-07-18 23:45,2026-07-19 02:54,Track Renewal Block,Approved
BR004955,TASK52752,Engineering,JU-JP,2026-07-18 23:45,2026-07-19 01:40,Track Renewal Block,Rejected
BR004956,TASK20969,S&T,UBL-PUNE,2026-07-19 00:15,2026-07-19 02:16,Cable Block,Completed
BR004957,TASK23462,S&T,NDLS-GZB,2026-07-19 00:30,2026-07-19 05:26,Interlocking Testing Block,Approved
BR004958,TASK65909,Traction,BRC-ST,2026-07-19 00:45,2026-07-19 02:02,OHE Maintenance Block,Approved
BR004959,TASK22502,S&T,JU-JP,2026-07-19 10:45,2026-07-19 12:19,Interlocking Testing Block,Approved
BR004960,TASK41262,Engineering,BRC-ST,2026-07-19 12:45,2026-07-19 14:21,Track Renewal Block,Approved
BR004961,TASK99931,S&T,NDLS-UMB,2026-07-19 14:30,2026-07-19 15:13,Interlocking Testing Block,Cancelled
BR004962,TASK66680,Engineering,DLI-JU,2026-07-19 14:30,2026-07-19 16:14,Track Renewal Block,Cancelled
BR004963,TASK35660,S&T,CSMT-BSR,2026-07-19 22:00,2026-07-20 01:15,Signal Maintenance Block,Approved
BR004964,TASK57556,Engineering,BSR-BPL,2026-07-19 22:30,2026-07-19 23:35,Track Renewal Block,Cancelled
BR004965,TASK54468,Engineering,MAS-JTJ,2026-07-19 22:45,2026-07-20 03:16,Track Renewal Block,Approved
BR004966,TASK75357,Traction,ADI-BRC,2026-07-19 23:15,2026-07-20 02:42,OHE Maintenance Block,Requested
BR004967,TASK25907,S&T,ADI-BRC,2026-07-19 23:30,2026-07-20 03:54,Signal Maintenance Block,Requested
BR004968,TASK88636,S&T,MAS-JTJ,2026-07-19 23:30,2026-07-20 03:06,Signal Maintenance Block,Completed
BR004969,TASK22849,Engineering,NDLS-GZB,2026-07-19 23:30,2026-07-20 03:00,Non-Interlocking Block,Approved
BR004970,TASK42810,S&T,HWH-KGP,2026-07-19 23:30,2026-07-20 03:30,Cable Block,Requested
BR004971,TASK50142,Engineering,SBC-MAS,2026-07-19 23:30,2026-07-20 04:04,Bridge Inspection Block,Approved
BR004972,TASK12698,Traction,GZB-CNB,2026-07-19 23:30,2026-07-20 01:43,OHE Maintenance Block,Rejected
BR004973,TASK84975,Engineering,NDLS-ASR,2026-07-19 23:45,2026-07-20 04:22,Traffic Block,Requested
BR004974,TASK52940,Engineering,ST-BCT,2026-07-19 23:45,2026-07-20 02:45,Bridge Inspection Block,Approved
BR004975,TASK99273,Engineering,BZA-MAS,2026-07-19 23:45,2026-07-20 03:06,Traffic Block,Approved
BR004976,TASK67163,Traction,CSMT-BSR,2026-07-20 00:00,2026-07-20 04:08,Traction Feed Block,Approved
BR004977,TASK46045,S&T,ADI-BRC,2026-07-20 00:30,2026-07-20 05:20,Signal Maintenance Block,Approved
BR004978,TASK13221,Engineering,UBL-PUNE,2026-07-20 00:45,2026-07-20 03:36,Track Renewal Block,Completed
BR004979,TASK29835,Engineering,VSKP-BZA,2026-07-20 01:00,2026-07-20 02:30,Traffic Block,Approved
BR004980,TASK57649,Traction,NGP-BSP,2026-07-20 01:00,2026-07-20 04:08,Power Block,Completed
BR004981,TASK98301,Traction,NGP-BSP,2026-07-20 01:30,2026-07-20 04:58,OHE Maintenance Block,Requested
BR004982,TASK28110,Engineering,SBC-MAS,2026-07-20 01:30,2026-07-20 06:08,Bridge Inspection Block,Approved
BR004983,TASK74384,Engineering,KGP-VSKP,2026-07-20 01:45,2026-07-20 03:35,Non-Interlocking Block,Approved
BR004984,TASK10333,Engineering,ADI-BRC,2026-07-20 10:15,2026-07-20 11:32,Track Renewal Block,Approved
BR004985,TASK36540,Engineering,ST-BCT,2026-07-20 11:15,2026-07-20 12:18,Traffic Block,Approved
BR004986,TASK15799,S&T,UBL-PUNE,2026-07-20 12:15,2026-07-20 12:56,Signal Maintenance Block,Approved
BR004987,TASK52679,S&T,BRC-ST,2026-07-20 15:45,2026-07-20 16:23,Signal Maintenance Block,Requested
BR004988,TASK63025,Engineering,JTJ-SBC,2026-07-20 15:45,2026-07-20 16:17,Non-Interlocking Block,Rejected
BR004989,TASK96683,S&T,BZA-MAS,2026-07-20 22:00,2026-07-20 23:38,Interlocking Testing Block,Rejected
BR004990,TASK92337,S&T,CNB-ALD,2026-07-20 22:15,2026-07-20 23:42,Interlocking Testing Block,Completed
BR004991,TASK41754,S&T,ALD-MGS,2026-07-20 22:45,2026-07-21 03:41,Signal Maintenance Block,Requested
BR004992,TASK51633,Engineering,NJP-GHY,2026-07-20 22:45,2026-07-21 00:04,Traffic Block,Requested
BR004993,TASK84011,Engineering,CNB-ALD,2026-07-20 23:00,2026-07-21 02:24,Traffic Block,Completed
BR004994,TASK19982,Traction,UBL-PUNE,2026-07-20 23:30,2026-07-21 01:25,Power Block,Approved
BR004995,TASK23424,Engineering,HWH-KGP,2026-07-20 23:45,2026-07-21 02:31,Track Renewal Block,Rejected
BR004996,TASK73672,S&T,ADI-BRC,2026-07-21 00:00,2026-07-21 04:53,Interlocking Testing Block,Approved
BR004997,TASK26407,S&T,NDLS-JHS,2026-07-21 00:00,2026-07-21 01:37,Cable Block,Rejected
BR004998,TASK78163,S&T,GZB-CNB,2026-07-21 00:00,2026-07-21 04:00,Signal Maintenance Block,Approved
BR004999,TASK65434,Traction,BZA-MAS,2026-07-21 00:15,2026-07-21 03:20,Power Block,Requested
BR005000,TASK32559,S&T,MAS-JTJ,2026-07-21 00:30,2026-07-21 04:58,Cable Block,Approved
BR005001,TASK29858,S&T,CSMT-BSR,2026-07-21 01:00,2026-07-21 04:20,Interlocking Testing Block,Rejected
BR005002,TASK20175,Engineering,NDLS-GZB,2026-07-21 01:00,2026-07-21 05:32,Traffic Block,Requested
BR005003,TASK46842,S&T,MAS-JTJ,2026-07-21 01:15,2026-07-21 04:29,Signal Maintenance Block,Cancelled
BR005004,TASK52921,Traction,ADI-BRC,2026-07-21 01:30,2026-07-21 02:53,Power Block,Completed
BR005005,TASK14407,Engineering,CNB-ALD,2026-07-21 01:30,2026-07-21 03:59,Track Renewal Block,Approved
BR005006,TASK96932,Engineering,ADI-BRC,2026-07-21 01:45,2026-07-21 03:48,Non-Interlocking Block,Completed
BR005007,TASK37280,Engineering,NDLS-GZB,2026-07-21 01:45,2026-07-21 03:04,Traffic Block,Approved
BR005008,TASK66541,Engineering,SC-NGP,2026-07-21 11:00,2026-07-21 11:56,Non-Interlocking Block,Approved
BR005009,TASK11266,Engineering,BZA-SC,2026-07-21 11:45,2026-07-21 13:17,Traffic Block,Cancelled
BR005010,TASK15064,Engineering,NDLS-UMB,2026-07-21 13:45,2026-07-21 15:35,Traffic Block,Completed
BR005011,TASK73390,Engineering,SBC-UBL,2026-07-21 15:30,2026-07-21 16:51,Bridge Inspection Block,Rejected
BR005012,TASK15624,S&T,SBC-MAS,2026-07-21 22:15,2026-07-22 02:13,Cable Block,Approved
BR005013,TASK61707,Traction,ADI-BRC,2026-07-21 22:15,2026-07-22 01:25,Traction Feed Block,Requested
BR005014,TASK14679,Traction,SBC-UBL,2026-07-21 22:15,2026-07-22 00:42,Traction Feed Block,Approved
BR005015,TASK69887,Engineering,GZB-CNB,2026-07-21 22:45,2026-07-22 02:25,Track Renewal Block,Approved
BR005016,TASK27540,Engineering,ST-BCT,2026-07-21 22:45,2026-07-22 01:34,Track Renewal Block,Approved
BR005017,TASK84760,Traction,NDLS-UMB,2026-07-21 23:00,2026-07-22 00:50,Power Block,Approved
BR005018,TASK90148,S&T,BSP-R,2026-07-21 23:30,2026-07-22 02:06,Signal Maintenance Block,Approved
BR005019,TASK72454,S&T,BPL-JHS,2026-07-21 23:30,2026-07-22 01:19,Cable Block,Requested
BR005020,TASK86744,Traction,BZA-SC,2026-07-21 23:30,2026-07-22 02:59,Power Block,Approved
BR005021,TASK71938,Engineering,HWH-KGP,2026-07-21 23:45,2026-07-22 00:57,Traffic Block,Approved
BR005022,TASK53671,S&T,ALD-MGS,2026-07-21 23:45,2026-07-22 01:08,Cable Block,Rejected
BR005023,TASK50052,S&T,BRC-ST,2026-07-22 00:00,2026-07-22 02:21,Cable Block,Approved
BR005024,TASK17234,S&T,BZA-SC,2026-07-22 00:15,2026-07-22 03:57,Cable Block,Completed
BR005025,TASK20354,Traction,BSR-BPL,2026-07-22 00:15,2026-07-22 03:26,Power Block,Completed
BR005026,TASK87923,Engineering,ADI-BRC,2026-07-22 00:15,2026-07-22 02:45,Non-Interlocking Block,Requested
BR005027,TASK76446,Engineering,SBC-MAS,2026-07-22 00:30,2026-07-22 01:37,Non-Interlocking Block,Requested
BR005028,TASK39282,Traction,CSMT-BSR,2026-07-22 00:45,2026-07-22 05:32,Power Block,Completed
BR005029,TASK52840,Traction,HWH-NJP,2026-07-22 00:45,2026-07-22 05:03,Traction Feed Block,Approved
BR005030,TASK40880,Engineering,UBL-PUNE,2026-07-22 00:45,2026-07-22 02:27,Traffic Block,Cancelled
BR005031,TASK52465,S&T,GZB-CNB,2026-07-22 01:00,2026-07-22 04:44,Cable Block,Requested
BR005032,TASK34657,Traction,BPL-JHS,2026-07-22 01:15,2026-07-22 03:23,Traction Feed Block,Approved
BR005033,TASK16440,Traction,BPL-JHS,2026-07-22 01:15,2026-07-22 04:30,Traction Feed Block,Approved
BR005034,TASK93139,Traction,BZA-SC,2026-07-22 11:45,2026-07-22 13:21,OHE Maintenance Block,Approved
BR005035,TASK77801,Engineering,HWH-NJP,2026-07-22 14:00,2026-07-22 15:15,Bridge Inspection Block,Completed
BR005036,TASK35596,Traction,SC-NGP,2026-07-22 22:15,2026-07-23 03:10,OHE Maintenance Block,Completed
BR005037,TASK59646,Engineering,NDLS-ASR,2026-07-22 22:30,2026-07-23 03:24,Traffic Block,Approved
BR005038,TASK68755,Engineering,VSKP-BZA,2026-07-22 22:30,2026-07-23 00:40,Traffic Block,Rejected
BR005039,TASK30984,Traction,ADI-BRC,2026-07-22 22:45,2026-07-23 01:23,OHE Maintenance Block,Completed
BR005040,TASK59270,Traction,HWH-KGP,2026-07-22 22:45,2026-07-23 01:05,Power Block,Cancelled
BR005041,TASK40211,Engineering,ST-BCT,2026-07-22 23:15,2026-07-23 01:15,Track Renewal Block,Rejected
BR005042,TASK26021,Engineering,CSMT-BSR,2026-07-22 23:15,2026-07-23 01:41,Track Renewal Block,Approved
BR005043,TASK15032,S&T,VSKP-BZA,2026-07-22 23:45,2026-07-23 04:29,Signal Maintenance Block,Requested
BR005044,TASK93508,Engineering,BRC-ST,2026-07-22 23:45,2026-07-23 01:30,Non-Interlocking Block,Rejected
BR005045,TASK69605,Traction,ADI-BRC,2026-07-23 00:00,2026-07-23 02:32,Traction Feed Block,Completed
BR005046,TASK90376,S&T,BSP-R,2026-07-23 00:00,2026-07-23 01:36,Cable Block,Approved
BR005047,TASK88286,S&T,GZB-CNB,2026-07-23 00:00,2026-07-23 03:54,Cable Block,Rejected
BR005048,TASK37915,Engineering,MAS-JTJ,2026-07-23 00:15,2026-07-23 03:17,Traffic Block,Approved
BR005049,TASK76072,S&T,MGS-HWH,2026-07-23 00:15,2026-07-23 02:47,Interlocking Testing Block,Rejected
BR005050,TASK13947,Engineering,BPL-JHS,2026-07-23 00:30,2026-07-23 02:05,Bridge Inspection Block,Rejected
BR005051,TASK24702,S&T,HWH-KGP,2026-07-23 00:30,2026-07-23 03:44,Signal Maintenance Block,Approved
BR005052,TASK92377,Traction,SC-NGP,2026-07-23 00:45,2026-07-23 02:56,Traction Feed Block,Approved
BR005053,TASK16621,Traction,NDLS-JHS,2026-07-23 00:45,2026-07-23 04:14,Power Block,Requested
BR005054,TASK74817,Traction,MGS-HWH,2026-07-23 01:00,2026-07-23 02:08,OHE Maintenance Block,Approved
BR005055,TASK16328,Traction,NDLS-JHS,2026-07-23 01:15,2026-07-23 04:23,OHE Maintenance Block,Requested
BR005056,TASK99592,S&T,SC-NGP,2026-07-23 01:15,2026-07-23 03:26,Interlocking Testing Block,Approved
BR005057,TASK40429,Traction,BRC-ST,2026-07-23 01:15,2026-07-23 04:31,OHE Maintenance Block,Requested
BR005058,TASK41316,Traction,ST-BCT,2026-07-23 01:30,2026-07-23 03:23,Traction Feed Block,Approved
BR005059,TASK77219,Traction,BZA-SC,2026-07-23 01:45,2026-07-23 06:31,Traction Feed Block,Approved
BR005060,TASK85712,S&T,BRC-ST,2026-07-23 10:45,2026-07-23 11:22,Cable Block,Completed
BR005061,TASK10591,Engineering,SBC-MAS,2026-07-23 15:00,2026-07-23 15:30,Track Renewal Block,Approved
BR005062,TASK10313,Traction,MAS-JTJ,2026-07-23 22:15,2026-07-24 00:17,Power Block,Rejected
BR005063,TASK64628,S&T,BRC-ST,2026-07-23 23:00,2026-07-24 02:52,Cable Block,Requested
BR005064,TASK96980,S&T,PUNE-CSMT,2026-07-23 23:00,2026-07-24 02:31,Interlocking Testing Block,Completed
BR005065,TASK53467,S&T,JTJ-SBC,2026-07-23 23:15,2026-07-24 01:20,Cable Block,Approved
BR005066,TASK30437,S&T,DLI-JU,2026-07-23 23:30,2026-07-24 02:31,Signal Maintenance Block,Requested
BR005067,TASK87293,S&T,ST-BCT,2026-07-23 23:45,2026-07-24 01:04,Interlocking Testing Block,Approved
BR005068,TASK47657,S&T,SBC-UBL,2026-07-23 23:45,2026-07-24 04:41,Cable Block,Approved
BR005069,TASK86540,Engineering,GZB-CNB,2026-07-23 23:45,2026-07-24 02:51,Traffic Block,Approved
BR005070,TASK70443,S&T,ALD-MGS,2026-07-24 00:30,2026-07-24 02:26,Interlocking Testing Block,Completed
BR005071,TASK31733,Engineering,BRC-ST,2026-07-24 00:45,2026-07-24 05:43,Non-Interlocking Block,Completed
BR005072,TASK74770,Engineering,CNB-ALD,2026-07-24 00:45,2026-07-24 03:27,Track Renewal Block,Rejected
BR005073,TASK99848,Engineering,MAS-JTJ,2026-07-24 01:00,2026-07-24 04:56,Traffic Block,Approved
BR005074,TASK48450,S&T,SBC-MAS,2026-07-24 01:00,2026-07-24 02:08,Signal Maintenance Block,Approved
BR005075,TASK61794,Engineering,BSR-BPL,2026-07-24 01:15,2026-07-24 03:02,Non-Interlocking Block,Completed
BR005076,TASK69573,Traction,ALD-MGS,2026-07-24 01:15,2026-07-24 05:11,Power Block,Completed
BR005077,TASK69715,Engineering,NDLS-GZB,2026-07-24 01:15,2026-07-24 02:52,Non-Interlocking Block,Approved
BR005078,TASK32458,Engineering,BZA-MAS,2026-07-24 01:15,2026-07-24 06:03,Track Renewal Block,Approved
BR005079,TASK17413,S&T,GZB-CNB,2026-07-24 01:30,2026-07-24 04:47,Cable Block,Approved
BR005080,TASK27746,Engineering,NDLS-ASR,2026-07-24 01:45,2026-07-24 06:18,Bridge Inspection Block,Requested
BR005081,TASK75383,S&T,MAS-JTJ,2026-07-24 11:15,2026-07-24 12:16,Cable Block,Approved
BR005082,TASK24840,Engineering,UBL-PUNE,2026-07-24 12:00,2026-07-24 13:44,Traffic Block,Approved
BR005083,TASK79059,Engineering,SBC-MAS,2026-07-24 13:15,2026-07-24 14:10,Traffic Block,Approved
BR005084,TASK24774,Engineering,BZA-MAS,2026-07-24 14:15,2026-07-24 16:12,Non-Interlocking Block,Requested
BR005085,TASK57965,Engineering,JTJ-SBC,2026-07-24 15:15,2026-07-24 16:59,Traffic Block,Approved
BR005086,TASK88690,S&T,BZA-MAS,2026-07-24 22:00,2026-07-24 23:57,Cable Block,Approved
BR005087,TASK51023,S&T,ADI-BRC,2026-07-24 22:00,2026-07-25 02:37,Interlocking Testing Block,Completed
BR005088,TASK51043,Engineering,ALD-MGS,2026-07-24 22:15,2026-07-25 02:04,Track Renewal Block,Requested
BR005089,TASK19854,S&T,GZB-CNB,2026-07-24 22:15,2026-07-24 23:46,Interlocking Testing Block,Approved
BR005090,TASK61380,S&T,CSMT-BSR,2026-07-24 22:15,2026-07-25 02:19,Interlocking Testing Block,Requested
BR005091,TASK51338,S&T,CNB-ALD,2026-07-24 22:30,2026-07-25 01:33,Signal Maintenance Block,Requested
BR005092,TASK93064,S&T,KGP-VSKP,2026-07-24 22:30,2026-07-25 02:37,Signal Maintenance Block,Approved
BR005093,TASK97631,Engineering,ADI-BRC,2026-07-24 23:00,2026-07-25 00:49,Bridge Inspection Block,Approved
BR005094,TASK47288,Engineering,BSR-BPL,2026-07-24 23:15,2026-07-25 00:31,Bridge Inspection Block,Rejected
BR005095,TASK74920,S&T,PUNE-CSMT,2026-07-24 23:15,2026-07-25 00:55,Signal Maintenance Block,Approved
BR005096,TASK27825,Engineering,BZA-MAS,2026-07-24 23:30,2026-07-25 03:58,Bridge Inspection Block,Requested
BR005097,TASK74066,Engineering,JP-ADI,2026-07-24 23:30,2026-07-25 01:58,Track Renewal Block,Completed
BR005098,TASK79861,S&T,ALD-MGS,2026-07-25 00:00,2026-07-25 01:45,Interlocking Testing Block,Approved
BR005099,TASK95152,Engineering,ALD-MGS,2026-07-25 00:00,2026-07-25 02:41,Non-Interlocking Block,Rejected
BR005100,TASK66325,S&T,ALD-MGS,2026-07-25 00:30,2026-07-25 03:35,Interlocking Testing Block,Rejected
BR005101,TASK59242,Engineering,BZA-MAS,2026-07-25 00:30,2026-07-25 05:04,Traffic Block,Approved
BR005102,TASK86660,Engineering,SBC-UBL,2026-07-25 00:45,2026-07-25 04:36,Track Renewal Block,Approved
BR005103,TASK93825,Engineering,GZB-CNB,2026-07-25 01:00,2026-07-25 05:57,Traffic Block,Approved
BR005104,TASK83211,Traction,NDLS-GZB,2026-07-25 01:00,2026-07-25 04:20,Traction Feed Block,Approved
BR005105,TASK86928,Traction,GZB-CNB,2026-07-25 01:15,2026-07-25 02:51,Traction Feed Block,Approved
BR005106,TASK77630,Traction,GZB-CNB,2026-07-25 01:15,2026-07-25 02:49,Traction Feed Block,Requested
BR005107,TASK66287,Traction,BSR-BPL,2026-07-25 01:30,2026-07-25 03:24,Power Block,Approved
BR005108,TASK37003,Traction,SBC-MAS,2026-07-25 01:45,2026-07-25 04:39,Power Block,Approved
BR005109,TASK73351,Engineering,BSR-BPL,2026-07-25 11:30,2026-07-25 12:11,Non-Interlocking Block,Approved
BR005110,TASK98304,Engineering,NDLS-ASR,2026-07-25 11:45,2026-07-25 12:48,Traffic Block,Approved
BR005111,TASK28058,Traction,BPL-JHS,2026-07-25 12:15,2026-07-25 14:03,Power Block,Completed
BR005112,TASK49597,Traction,SC-NGP,2026-07-25 14:00,2026-07-25 15:54,OHE Maintenance Block,Requested
BR005113,TASK20881,Engineering,PUNE-CSMT,2026-07-25 15:30,2026-07-25 17:10,Bridge Inspection Block,Completed
BR005114,TASK13795,Engineering,BSR-BPL,2026-07-25 15:30,2026-07-25 16:01,Track Renewal Block,Approved
BR005115,TASK34693,S&T,BZA-MAS,2026-07-25 15:45,2026-07-25 16:34,Signal Maintenance Block,Approved
BR005116,TASK15073,S&T,MGS-HWH,2026-07-25 22:45,2026-07-26 02:50,Cable Block,Approved
BR005117,TASK66732,Traction,NDLS-GZB,2026-07-25 23:00,2026-07-26 03:11,Traction Feed Block,Rejected
BR005118,TASK14174,Engineering,ST-BCT,2026-07-25 23:15,2026-07-26 02:43,Bridge Inspection Block,Rejected
BR005119,TASK89266,S&T,BPL-JHS,2026-07-25 23:15,2026-07-26 02:48,Interlocking Testing Block,Approved
BR005120,TASK42029,S&T,BZA-MAS,2026-07-25 23:15,2026-07-26 00:45,Signal Maintenance Block,Approved
BR005121,TASK50736,Traction,HWH-KGP,2026-07-25 23:30,2026-07-26 01:59,Power Block,Approved
BR005122,TASK82324,S&T,HWH-KGP,2026-07-25 23:30,2026-07-26 00:47,Cable Block,Completed
BR005123,TASK17822,S&T,ADI-BRC,2026-07-25 23:30,2026-07-26 01:00,Cable Block,Requested
BR005124,TASK26558,Traction,BSP-R,2026-07-25 23:45,2026-07-26 04:24,Traction Feed Block,Requested
BR005125,TASK41619,Engineering,SBC-MAS,2026-07-26 00:00,2026-07-26 04:01,Non-Interlocking Block,Approved
BR005126,TASK76896,S&T,MAS-JTJ,2026-07-26 00:00,2026-07-26 03:59,Signal Maintenance Block,Requested
BR005127,TASK99314,Traction,PUNE-CSMT,2026-07-26 00:15,2026-07-26 01:15,OHE Maintenance Block,Approved
BR005128,TASK62860,S&T,ST-BCT,2026-07-26 00:30,2026-07-26 04:26,Interlocking Testing Block,Approved
BR005129,TASK16200,S&T,NDLS-GZB,2026-07-26 00:30,2026-07-26 02:28,Cable Block,Approved
BR005130,TASK83409,Engineering,BRC-ST,2026-07-26 00:45,2026-07-26 03:41,Track Renewal Block,Completed
BR005131,TASK34483,S&T,GZB-CNB,2026-07-26 01:00,2026-07-26 03:35,Signal Maintenance Block,Approved
BR005132,TASK99262,Traction,BZA-SC,2026-07-26 01:00,2026-07-26 03:21,Traction Feed Block,Requested
BR005133,TASK23005,S&T,NDLS-UMB,2026-07-26 01:15,2026-07-26 04:15,Interlocking Testing Block,Approved
BR005134,TASK63163,Engineering,MAS-JTJ,2026-07-26 01:15,2026-07-26 05:11,Traffic Block,Cancelled
BR005135,TASK92538,Engineering,ADI-BRC,2026-07-26 01:30,2026-07-26 04:11,Traffic Block,Approved
BR005136,TASK98504,Engineering,HWH-NJP,2026-07-26 01:45,2026-07-26 06:30,Bridge Inspection Block,Approved
BR005137,TASK78172,Traction,NDLS-GZB,2026-07-26 01:45,2026-07-26 05:10,Traction Feed Block,Approved
BR005138,TASK53077,Traction,NDLS-UMB,2026-07-26 11:00,2026-07-26 12:29,Power Block,Approved
BR005139,TASK71069,Engineering,NJP-GHY,2026-07-26 13:15,2026-07-26 14:54,Bridge Inspection Block,Requested
BR005140,TASK64195,Engineering,PUNE-CSMT,2026-07-26 13:45,2026-07-26 14:15,Track Renewal Block,Approved
BR005141,TASK50310,Engineering,ADI-BRC,2026-07-26 13:45,2026-07-26 15:21,Track Renewal Block,Approved
BR005142,TASK99324,S&T,BPL-JHS,2026-07-26 15:30,2026-07-26 16:31,Cable Block,Approved
BR005143,TASK50008,Traction,GZB-CNB,2026-07-26 22:00,2026-07-27 00:03,Power Block,Approved
BR005144,TASK69523,Engineering,BSP-R,2026-07-26 22:00,2026-07-27 02:10,Non-Interlocking Block,Approved
BR005145,TASK33102,Engineering,BRC-ST,2026-07-26 22:30,2026-07-27 00:26,Traffic Block,Approved
BR005146,TASK52708,Traction,NJP-GHY,2026-07-26 22:30,2026-07-27 02:44,Traction Feed Block,Approved
BR005147,TASK26831,S&T,BZA-MAS,2026-07-26 22:45,2026-07-27 02:43,Cable Block,Completed
BR005148,TASK86232,Engineering,BSR-BPL,2026-07-26 23:15,2026-07-27 01:56,Traffic Block,Completed
BR005149,TASK89459,Engineering,VSKP-BZA,2026-07-26 23:15,2026-07-27 00:26,Non-Interlocking Block,Requested
BR005150,TASK19865,Engineering,ALD-MGS,2026-07-26 23:30,2026-07-27 01:14,Traffic Block,Approved
BR005151,TASK22506,Engineering,MGS-HWH,2026-07-26 23:30,2026-07-27 03:44,Bridge Inspection Block,Approved
BR005152,TASK62878,Traction,NDLS-GZB,2026-07-26 23:45,2026-07-27 02:07,Traction Feed Block,Approved
BR005153,TASK42333,S&T,VSKP-BZA,2026-07-26 23:45,2026-07-27 04:06,Signal Maintenance Block,Cancelled
BR005154,TASK48534,Traction,BSR-BPL,2026-07-26 23:45,2026-07-27 02:28,OHE Maintenance Block,Approved
BR005155,TASK27831,S&T,BSR-BPL,2026-07-26 23:45,2026-07-27 03:25,Signal Maintenance Block,Approved
BR005156,TASK73620,Traction,NDLS-GZB,2026-07-27 00:00,2026-07-27 01:17,Power Block,Approved
BR005157,TASK21848,S&T,ALD-MGS,2026-07-27 00:00,2026-07-27 04:00,Signal Maintenance Block,Approved
BR005158,TASK26913,Engineering,ST-BCT,2026-07-27 00:00,2026-07-27 02:14,Bridge Inspection Block,Completed
BR005159,TASK88283,Engineering,NDLS-GZB,2026-07-27 00:15,2026-07-27 01:43,Non-Interlocking Block,Requested
BR005160,TASK97601,S&T,MGS-HWH,2026-07-27 00:15,2026-07-27 04:29,Signal Maintenance Block,Requested
BR005161,TASK39325,Traction,CSMT-BSR,2026-07-27 00:15,2026-07-27 02:50,Power Block,Completed
BR005162,TASK10396,Traction,ST-BCT,2026-07-27 00:45,2026-07-27 03:15,Power Block,Approved
BR005163,TASK12079,Engineering,KGP-VSKP,2026-07-27 01:30,2026-07-27 03:14,Track Renewal Block,Requested
BR005164,TASK82770,Engineering,MAS-JTJ,2026-07-27 01:30,2026-07-27 04:44,Traffic Block,Approved
BR005165,TASK20444,S&T,VSKP-BZA,2026-07-27 01:45,2026-07-27 06:14,Cable Block,Approved
BR005166,TASK12195,S&T,BSR-BPL,2026-07-27 01:45,2026-07-27 04:42,Signal Maintenance Block,Requested
BR005167,TASK87519,Engineering,GZB-CNB,2026-07-27 10:00,2026-07-27 10:58,Traffic Block,Completed
BR005168,TASK22705,S&T,GZB-CNB,2026-07-27 11:45,2026-07-27 12:17,Interlocking Testing Block,Approved
BR005169,TASK53093,Engineering,NDLS-GZB,2026-07-27 12:30,2026-07-27 13:47,Track Renewal Block,Completed
BR005170,TASK87205,Engineering,NGP-BSP,2026-07-27 13:15,2026-07-27 14:47,Non-Interlocking Block,Approved
BR005171,TASK92766,S&T,ADI-BRC,2026-07-27 13:45,2026-07-27 14:51,Signal Maintenance Block,Completed
BR005172,TASK32219,S&T,NDLS-JHS,2026-07-27 15:45,2026-07-27 16:52,Interlocking Testing Block,Approved
BR005173,TASK57096,Engineering,MGS-HWH,2026-07-27 22:00,2026-07-28 02:17,Bridge Inspection Block,Rejected
BR005174,TASK27861,Engineering,KGP-VSKP,2026-07-27 22:30,2026-07-28 00:36,Bridge Inspection Block,Approved
BR005175,TASK87925,Traction,NDLS-GZB,2026-07-27 23:15,2026-07-28 01:46,Traction Feed Block,Approved
BR005176,TASK95802,Engineering,JP-ADI,2026-07-27 23:30,2026-07-28 01:54,Traffic Block,Approved
BR005177,TASK75943,S&T,GZB-CNB,2026-07-27 23:30,2026-07-28 03:24,Interlocking Testing Block,Completed
BR005178,TASK95879,Engineering,ALD-MGS,2026-07-27 23:30,2026-07-28 02:49,Bridge Inspection Block,Requested
BR005179,TASK25800,S&T,ST-BCT,2026-07-27 23:30,2026-07-28 00:40,Cable Block,Rejected
BR005180,TASK88858,Traction,VSKP-BZA,2026-07-27 23:45,2026-07-28 00:54,Power Block,Approved
BR005181,TASK68444,Traction,BZA-MAS,2026-07-28 00:00,2026-07-28 03:32,OHE Maintenance Block,Approved
BR005182,TASK68595,Engineering,ST-BCT,2026-07-28 00:00,2026-07-28 01:53,Non-Interlocking Block,Approved
BR005183,TASK85249,Traction,JP-ADI,2026-07-28 00:15,2026-07-28 03:05,Power Block,Approved
BR005184,TASK98685,S&T,ST-BCT,2026-07-28 00:15,2026-07-28 02:32,Cable Block,Cancelled
BR005185,TASK61753,Engineering,BZA-MAS,2026-07-28 00:15,2026-07-28 02:04,Bridge Inspection Block,Requested
BR005186,TASK90542,S&T,ADI-BRC,2026-07-28 00:30,2026-07-28 04:04,Signal Maintenance Block,Approved
BR005187,TASK63955,S&T,BRC-ST,2026-07-28 00:45,2026-07-28 02:31,Signal Maintenance Block,Approved
BR005188,TASK45074,Engineering,CSMT-BSR,2026-07-28 00:45,2026-07-28 02:05,Non-Interlocking Block,Approved
BR005189,TASK53229,S&T,MAS-JTJ,2026-07-28 01:00,2026-07-28 03:49,Cable Block,Approved
BR005190,TASK82205,S&T,BSR-BPL,2026-07-28 01:00,2026-07-28 02:57,Interlocking Testing Block,Requested
BR005191,TASK59756,Traction,SBC-UBL,2026-07-28 01:15,2026-07-28 02:58,Power Block,Approved
BR005192,TASK74919,Traction,MAS-JTJ,2026-07-28 01:15,2026-07-28 02:22,Traction Feed Block,Completed
BR005193,TASK73102,S&T,SBC-MAS,2026-07-28 01:30,2026-07-28 03:39,Signal Maintenance Block,Cancelled
BR005194,TASK25510,S&T,NDLS-JHS,2026-07-28 01:30,2026-07-28 04:00,Cable Block,Rejected
BR005195,TASK72562,S&T,CNB-ALD,2026-07-28 01:30,2026-07-28 05:00,Interlocking Testing Block,Rejected
BR005196,TASK18634,Engineering,VSKP-BZA,2026-07-28 01:45,2026-07-28 05:15,Traffic Block,Approved
BR005197,TASK12973,S&T,ST-BCT,2026-07-28 10:00,2026-07-28 10:52,Cable Block,Requested
BR005198,TASK35338,S&T,SC-NGP,2026-07-28 10:30,2026-07-28 11:38,Interlocking Testing Block,Approved
BR005199,TASK28656,Traction,NDLS-UMB,2026-07-28 11:45,2026-07-28 13:15,Power Block,Approved
BR005200,TASK78006,S&T,VSKP-BZA,2026-07-28 11:45,2026-07-28 12:23,Signal Maintenance Block,Approved
BR005201,TASK69671,S&T,SBC-UBL,2026-07-28 12:00,2026-07-28 13:33,Interlocking Testing Block,Cancelled
BR005202,TASK55392,Traction,KGP-VSKP,2026-07-28 22:00,2026-07-29 00:46,OHE Maintenance Block,Approved
BR005203,TASK24520,Traction,BZA-SC,2026-07-28 22:15,2026-07-29 02:25,OHE Maintenance Block,Rejected
BR005204,TASK67614,Traction,NDLS-ASR,2026-07-28 22:15,2026-07-28 23:31,OHE Maintenance Block,Rejected
BR005205,TASK28897,S&T,DLI-JU,2026-07-28 22:15,2026-07-28 23:47,Signal Maintenance Block,Approved
BR005206,TASK51775,Traction,JP-ADI,2026-07-28 22:30,2026-07-29 01:32,Power Block,Requested
BR005207,TASK10923,Engineering,BRC-ST,2026-07-28 23:00,2026-07-29 01:13,Track Renewal Block,Approved
BR005208,TASK32465,Engineering,CNB-ALD,2026-07-28 23:45,2026-07-29 00:53,Non-Interlocking Block,Approved
BR005209,TASK87471,Traction,NDLS-ASR,2026-07-29 00:00,2026-07-29 03:32,OHE Maintenance Block,Completed
BR005210,TASK38113,S&T,NJP-GHY,2026-07-29 00:00,2026-07-29 03:48,Cable Block,Approved
BR005211,TASK77012,Engineering,UBL-PUNE,2026-07-29 00:00,2026-07-29 04:26,Bridge Inspection Block,Approved
BR005212,TASK56648,Engineering,BZA-MAS,2026-07-29 00:45,2026-07-29 05:38,Non-Interlocking Block,Approved
BR005213,TASK44751,S&T,CSMT-BSR,2026-07-29 00:45,2026-07-29 02:37,Cable Block,Approved
BR005214,TASK25153,Traction,HWH-KGP,2026-07-29 01:00,2026-07-29 02:41,OHE Maintenance Block,Requested
BR005215,TASK78306,Engineering,PUNE-CSMT,2026-07-29 01:00,2026-07-29 05:41,Bridge Inspection Block,Approved
BR005216,TASK17659,Traction,JU-JP,2026-07-29 01:45,2026-07-29 02:48,OHE Maintenance Block,Approved
BR005217,TASK51953,Traction,BSR-BPL,2026-07-29 01:45,2026-07-29 03:29,Power Block,Approved
BR005218,TASK31921,S&T,MAS-JTJ,2026-07-29 15:00,2026-07-29 16:52,Interlocking Testing Block,Requested
BR005219,TASK77767,Engineering,ADI-BRC,2026-07-29 22:00,2026-07-30 02:10,Track Renewal Block,Approved
BR005220,TASK43163,S&T,GZB-CNB,2026-07-29 22:00,2026-07-29 23:46,Interlocking Testing Block,Approved
BR005221,TASK81082,Traction,UBL-PUNE,2026-07-29 22:00,2026-07-29 23:39,Power Block,Approved
BR005222,TASK93687,S&T,MAS-JTJ,2026-07-29 22:00,2026-07-30 02:37,Signal Maintenance Block,Completed
BR005223,TASK51145,Traction,JP-ADI,2026-07-29 22:15,2026-07-30 02:06,Power Block,Approved
BR005224,TASK69517,Engineering,CSMT-BSR,2026-07-29 22:15,2026-07-30 01:23,Traffic Block,Approved
BR005225,TASK80112,S&T,HWH-KGP,2026-07-29 22:30,2026-07-29 23:30,Cable Block,Approved
BR005226,TASK60960,Engineering,BPL-JHS,2026-07-29 22:45,2026-07-30 01:39,Bridge Inspection Block,Approved
BR005227,TASK71273,Engineering,BPL-JHS,2026-07-29 22:45,2026-07-30 00:47,Non-Interlocking Block,Approved
BR005228,TASK91184,Engineering,BZA-MAS,2026-07-29 22:45,2026-07-30 00:40,Traffic Block,Requested
BR005229,TASK91100,Engineering,BRC-ST,2026-07-29 23:15,2026-07-30 01:01,Bridge Inspection Block,Approved
BR005230,TASK59807,S&T,JP-ADI,2026-07-29 23:15,2026-07-30 04:01,Cable Block,Requested
BR005231,TASK78977,Engineering,BSP-R,2026-07-29 23:30,2026-07-30 03:42,Bridge Inspection Block,Requested
BR005232,TASK98875,Engineering,BPL-JHS,2026-07-29 23:30,2026-07-30 00:31,Traffic Block,Approved
BR005233,TASK72578,S&T,ST-BCT,2026-07-29 23:45,2026-07-30 02:50,Cable Block,Rejected
BR005234,TASK23507,Traction,CNB-ALD,2026-07-30 00:00,2026-07-30 04:47,Traction Feed Block,Completed
BR005235,TASK99761,Engineering,CSMT-BSR,2026-07-30 00:15,2026-07-30 02:06,Track Renewal Block,Completed
BR005236,TASK26938,Traction,HWH-KGP,2026-07-30 00:30,2026-07-30 02:44,Power Block,Approved
BR005237,TASK99818,S&T,MAS-JTJ,2026-07-30 00:30,2026-07-30 02:08,Interlocking Testing Block,Approved
BR005238,TASK67930,S&T,JU-JP,2026-07-30 00:45,2026-07-30 04:33,Cable Block,Cancelled
BR005239,TASK36025,Traction,GZB-CNB,2026-07-30 01:00,2026-07-30 04:16,Power Block,Completed
BR005240,TASK42971,Engineering,ADI-BRC,2026-07-30 01:15,2026-07-30 05:30,Bridge Inspection Block,Cancelled
BR005241,TASK91798,Engineering,VSKP-BZA,2026-07-30 01:15,2026-07-30 02:52,Traffic Block,Approved
BR005242,TASK78224,Traction,HWH-KGP,2026-07-30 10:00,2026-07-30 11:59,Power Block,Approved
BR005243,TASK63154,Traction,BZA-MAS,2026-07-30 10:30,2026-07-30 11:54,Power Block,Approved
BR005244,TASK13117,Engineering,HWH-KGP,2026-07-30 12:00,2026-07-30 12:59,Traffic Block,Requested
BR005245,TASK88550,Engineering,BPL-JHS,2026-07-30 14:00,2026-07-30 14:50,Traffic Block,Cancelled
BR005246,TASK43903,Engineering,ALD-MGS,2026-07-30 15:00,2026-07-30 16:00,Traffic Block,Requested
BR005247,TASK40072,Engineering,ST-BCT,2026-07-30 22:00,2026-07-31 01:27,Track Renewal Block,Rejected
BR005248,TASK11177,Engineering,ST-BCT,2026-07-30 22:15,2026-07-31 00:50,Track Renewal Block,Approved
BR005249,TASK26985,Engineering,VSKP-BZA,2026-07-30 22:15,2026-07-31 00:36,Bridge Inspection Block,Requested
BR005250,TASK86163,Traction,CSMT-BSR,2026-07-30 22:30,2026-07-31 01:09,Power Block,Requested
BR005251,TASK50090,S&T,JTJ-SBC,2026-07-30 23:00,2026-07-31 02:24,Interlocking Testing Block,Completed
BR005252,TASK44694,Traction,ST-BCT,2026-07-30 23:15,2026-07-31 02:15,OHE Maintenance Block,Approved
BR005253,TASK60013,Engineering,BSP-R,2026-07-30 23:30,2026-07-31 02:36,Non-Interlocking Block,Requested
BR005254,TASK16714,Engineering,BSR-BPL,2026-07-30 23:45,2026-07-31 04:23,Traffic Block,Completed
BR005255,TASK22055,Engineering,JU-JP,2026-07-30 23:45,2026-07-31 04:22,Traffic Block,Approved
BR005256,TASK57238,Traction,HWH-NJP,2026-07-31 00:45,2026-07-31 04:17,Traction Feed Block,Approved
BR005257,TASK27628,Engineering,SBC-MAS,2026-07-31 01:00,2026-07-31 04:21,Traffic Block,Completed
BR005258,TASK36457,Engineering,DLI-JU,2026-07-31 01:00,2026-07-31 03:41,Non-Interlocking Block,Cancelled
BR005259,TASK31370,Traction,BPL-JHS,2026-07-31 01:45,2026-07-31 05:53,Traction Feed Block,Approved
BR005260,TASK48590,Engineering,JU-JP,2026-07-31 01:45,2026-07-31 02:46,Track Renewal Block,Approved
BR005261,TASK16979,Engineering,JTJ-SBC,2026-07-31 10:45,2026-07-31 12:04,Non-Interlocking Block,Approved
BR005262,TASK74402,S&T,ST-BCT,2026-07-31 11:15,2026-07-31 12:25,Signal Maintenance Block,Approved
BR005263,TASK45196,Traction,BRC-ST,2026-07-31 12:15,2026-07-31 12:58,Traction Feed Block,Rejected
BR005264,TASK76548,Traction,BPL-JHS,2026-07-31 13:30,2026-07-31 14:30,Power Block,Approved
BR005265,TASK37193,Engineering,NGP-BSP,2026-07-31 15:30,2026-07-31 17:04,Non-Interlocking Block,Approved
BR005266,TASK54821,S&T,BRC-ST,2026-07-31 22:00,2026-07-31 23:55,Signal Maintenance Block,Requested
BR005267,TASK90733,Engineering,MAS-JTJ,2026-07-31 22:15,2026-08-01 01:12,Non-Interlocking Block,Approved
BR005268,TASK56141,S&T,CSMT-BSR,2026-07-31 22:15,2026-08-01 01:02,Signal Maintenance Block,Approved
BR005269,TASK24829,Traction,SC-NGP,2026-07-31 22:30,2026-08-01 00:19,Power Block,Requested
BR005270,TASK46445,S&T,SC-NGP,2026-07-31 22:30,2026-08-01 02:03,Signal Maintenance Block,Rejected
BR005271,TASK77428,Traction,SC-NGP,2026-07-31 22:45,2026-08-01 01:28,Traction Feed Block,Approved
BR005272,TASK16875,Engineering,UBL-PUNE,2026-07-31 22:45,2026-08-01 00:11,Track Renewal Block,Approved
BR005273,TASK28757,Engineering,NDLS-JHS,2026-07-31 23:15,2026-08-01 01:12,Traffic Block,Approved
BR005274,TASK74903,Traction,NDLS-GZB,2026-07-31 23:15,2026-08-01 01:04,Traction Feed Block,Approved
BR005275,TASK34561,Engineering,MGS-HWH,2026-08-01 00:00,2026-08-01 01:35,Non-Interlocking Block,Cancelled
BR005276,TASK89549,S&T,ADI-BRC,2026-08-01 00:00,2026-08-01 04:22,Cable Block,Rejected
BR005277,TASK76339,S&T,BRC-ST,2026-08-01 00:30,2026-08-01 03:05,Cable Block,Approved
BR005278,TASK33780,S&T,NJP-GHY,2026-08-01 00:45,2026-08-01 04:26,Interlocking Testing Block,Cancelled
BR005279,TASK57238,Engineering,NDLS-ASR,2026-08-01 01:00,2026-08-01 02:35,Traffic Block,Approved
BR005280,TASK59201,S&T,BSR-BPL,2026-08-01 01:00,2026-08-01 03:06,Interlocking Testing Block,Approved
BR005281,TASK60496,S&T,JTJ-SBC,2026-08-01 01:15,2026-08-01 05:27,Cable Block,Requested
BR005282,TASK93631,S&T,ST-BCT,2026-08-01 01:30,2026-08-01 03:33,Cable Block,Approved
BR005283,TASK74647,S&T,JTJ-SBC,2026-08-01 11:00,2026-08-01 11:41,Interlocking Testing Block,Approved
BR005284,TASK63586,S&T,BZA-MAS,2026-08-01 12:15,2026-08-01 13:39,Cable Block,Completed
BR005285,TASK35987,Engineering,KGP-VSKP,2026-08-01 15:15,2026-08-01 17:10,Bridge Inspection Block,Approved
BR005286,TASK74097,Engineering,NDLS-ASR,2026-08-01 22:30,2026-08-02 00:45,Non-Interlocking Block,Requested
BR005287,TASK78730,Engineering,NDLS-UMB,2026-08-01 22:30,2026-08-02 01:33,Track Renewal Block,Approved
BR005288,TASK46732,Traction,SBC-MAS,2026-08-01 22:30,2026-08-02 02:08,OHE Maintenance Block,Approved
BR005289,TASK19726,Traction,VSKP-BZA,2026-08-01 22:30,2026-08-02 00:06,Traction Feed Block,Approved
BR005290,TASK75295,Engineering,BSP-R,2026-08-01 23:15,2026-08-02 01:23,Traffic Block,Completed
BR005291,TASK25610,S&T,ALD-MGS,2026-08-01 23:15,2026-08-02 02:32,Cable Block,Approved
BR005292,TASK97792,Engineering,BZA-SC,2026-08-01 23:30,2026-08-02 01:23,Track Renewal Block,Approved
BR005293,TASK43203,Traction,BRC-ST,2026-08-01 23:30,2026-08-02 03:19,Traction Feed Block,Requested
BR005294,TASK77072,Engineering,CNB-ALD,2026-08-01 23:30,2026-08-02 00:44,Non-Interlocking Block,Approved
BR005295,TASK55806,Traction,NGP-BSP,2026-08-01 23:45,2026-08-02 04:20,Traction Feed Block,Requested
BR005296,TASK66467,Engineering,VSKP-BZA,2026-08-02 00:15,2026-08-02 01:28,Non-Interlocking Block,Completed
BR005297,TASK97490,Engineering,BSR-BPL,2026-08-02 00:15,2026-08-02 01:15,Non-Interlocking Block,Requested
BR005298,TASK87754,Engineering,HWH-KGP,2026-08-02 00:30,2026-08-02 05:17,Non-Interlocking Block,Approved
BR005299,TASK18349,Traction,GZB-CNB,2026-08-02 01:00,2026-08-02 05:01,Power Block,Approved
BR005300,TASK33870,Engineering,PUNE-CSMT,2026-08-02 01:15,2026-08-02 05:13,Non-Interlocking Block,Approved
BR005301,TASK45642,Traction,CSMT-BSR,2026-08-02 01:30,2026-08-02 06:05,Power Block,Completed
BR005302,TASK77732,S&T,MGS-HWH,2026-08-02 10:15,2026-08-02 10:54,Interlocking Testing Block,Approved
BR005303,TASK19290,Engineering,CSMT-BSR,2026-08-02 12:00,2026-08-02 12:30,Track Renewal Block,Approved
BR005304,TASK50539,Engineering,BZA-MAS,2026-08-02 12:15,2026-08-02 13:05,Bridge Inspection Block,Approved
BR005305,TASK95500,Engineering,BRC-ST,2026-08-02 12:30,2026-08-02 13:46,Non-Interlocking Block,Approved
BR005306,TASK60608,S&T,CSMT-BSR,2026-08-02 13:15,2026-08-02 14:32,Cable Block,Requested
BR005307,TASK25388,Engineering,BRC-ST,2026-08-02 14:15,2026-08-02 14:47,Non-Interlocking Block,Approved
BR005308,TASK56693,Engineering,SC-NGP,2026-08-02 15:30,2026-08-02 16:57,Traffic Block,Approved
BR005309,TASK99962,S&T,CNB-ALD,2026-08-02 22:00,2026-08-03 02:55,Interlocking Testing Block,Requested
BR005310,TASK36077,S&T,SC-NGP,2026-08-02 22:00,2026-08-03 02:28,Signal Maintenance Block,Requested
BR005311,TASK49403,S&T,UBL-PUNE,2026-08-02 22:15,2026-08-02 23:54,Cable Block,Completed
BR005312,TASK70497,Traction,SBC-UBL,2026-08-02 22:30,2026-08-03 01:28,Power Block,Rejected
BR005313,TASK60663,S&T,SBC-MAS,2026-08-02 22:30,2026-08-03 00:06,Signal Maintenance Block,Cancelled
BR005314,TASK47308,Engineering,BRC-ST,2026-08-02 22:45,2026-08-03 00:24,Track Renewal Block,Approved
BR005315,TASK25402,S&T,PUNE-CSMT,2026-08-02 23:00,2026-08-03 02:48,Interlocking Testing Block,Requested
BR005316,TASK69161,Engineering,BZA-MAS,2026-08-02 23:00,2026-08-03 03:40,Traffic Block,Completed
BR005317,TASK10279,Engineering,BZA-SC,2026-08-02 23:00,2026-08-03 00:14,Bridge Inspection Block,Approved
BR005318,TASK48766,Traction,MAS-JTJ,2026-08-02 23:00,2026-08-03 01:10,OHE Maintenance Block,Cancelled
BR005319,TASK32809,Traction,MGS-HWH,2026-08-03 00:00,2026-08-03 02:00,OHE Maintenance Block,Approved
BR005320,TASK86968,Engineering,ADI-BRC,2026-08-03 00:00,2026-08-03 02:30,Bridge Inspection Block,Approved
BR005321,TASK10391,S&T,HWH-KGP,2026-08-03 00:15,2026-08-03 03:02,Interlocking Testing Block,Completed
BR005322,TASK79873,Engineering,ST-BCT,2026-08-03 00:15,2026-08-03 01:43,Traffic Block,Requested
BR005323,TASK34586,Engineering,ST-BCT,2026-08-03 00:45,2026-08-03 02:29,Bridge Inspection Block,Requested
BR005324,TASK14717,Engineering,BSP-R,2026-08-03 00:45,2026-08-03 05:41,Track Renewal Block,Requested
BR005325,TASK74715,S&T,NDLS-ASR,2026-08-03 01:00,2026-08-03 03:01,Interlocking Testing Block,Approved
BR005326,TASK12275,S&T,BZA-MAS,2026-08-03 01:00,2026-08-03 04:21,Signal Maintenance Block,Approved
BR005327,TASK78248,Engineering,NDLS-ASR,2026-08-03 01:00,2026-08-03 02:42,Traffic Block,Requested
BR005328,TASK36665,Engineering,UBL-PUNE,2026-08-03 01:15,2026-08-03 06:10,Track Renewal Block,Requested
BR005329,TASK26294,Traction,NDLS-UMB,2026-08-03 01:30,2026-08-03 04:36,Traction Feed Block,Requested
BR005330,TASK95019,Traction,NDLS-ASR,2026-08-03 01:45,2026-08-03 05:08,Traction Feed Block,Approved
BR005331,TASK43305,S&T,NDLS-JHS,2026-08-03 12:30,2026-08-03 14:06,Cable Block,Approved
BR005332,TASK34310,S&T,HWH-KGP,2026-08-03 14:00,2026-08-03 15:47,Signal Maintenance Block,Approved
BR005333,TASK38339,S&T,JU-JP,2026-08-03 14:30,2026-08-03 15:08,Cable Block,Completed
BR005334,TASK65108,Engineering,CSMT-BSR,2026-08-03 15:15,2026-08-03 15:55,Traffic Block,Approved
BR005335,TASK23545,Engineering,JTJ-SBC,2026-08-03 22:00,2026-08-03 23:05,Bridge Inspection Block,Approved
BR005336,TASK47300,Traction,NDLS-UMB,2026-08-03 22:30,2026-08-04 02:34,Power Block,Approved
BR005337,TASK30047,Traction,MGS-HWH,2026-08-03 22:45,2026-08-04 00:46,OHE Maintenance Block,Approved
BR005338,TASK35054,Engineering,JU-JP,2026-08-03 22:45,2026-08-04 03:31,Non-Interlocking Block,Approved
BR005339,TASK72764,S&T,SBC-UBL,2026-08-03 22:45,2026-08-04 01:10,Signal Maintenance Block,Approved
BR005340,TASK58908,S&T,BRC-ST,2026-08-03 23:00,2026-08-04 02:37,Signal Maintenance Block,Requested
BR005341,TASK77158,Engineering,BZA-SC,2026-08-03 23:15,2026-08-04 01:29,Traffic Block,Requested
BR005342,TASK33025,Engineering,MGS-HWH,2026-08-03 23:45,2026-08-04 03:46,Track Renewal Block,Approved
BR005343,TASK20563,Engineering,SBC-UBL,2026-08-04 00:15,2026-08-04 01:57,Non-Interlocking Block,Approved
BR005344,TASK70382,S&T,BPL-JHS,2026-08-04 00:15,2026-08-04 03:25,Interlocking Testing Block,Approved
BR005345,TASK57538,Engineering,SBC-UBL,2026-08-04 00:30,2026-08-04 04:41,Bridge Inspection Block,Approved
BR005346,TASK65164,Engineering,BZA-MAS,2026-08-04 00:30,2026-08-04 03:35,Track Renewal Block,Completed
BR005347,TASK69307,Engineering,DLI-JU,2026-08-04 00:45,2026-08-04 03:06,Traffic Block,Approved
BR005348,TASK71239,Engineering,MGS-HWH,2026-08-04 00:45,2026-08-04 02:28,Track Renewal Block,Approved
BR005349,TASK96388,S&T,MGS-HWH,2026-08-04 01:00,2026-08-04 02:35,Cable Block,Approved
BR005350,TASK19044,Traction,NGP-BSP,2026-08-04 01:45,2026-08-04 05:57,Power Block,Requested
BR005351,TASK54942,S&T,BSR-BPL,2026-08-04 01:45,2026-08-04 06:44,Cable Block,Approved
BR005352,TASK79126,Engineering,MAS-JTJ,2026-08-04 10:00,2026-08-04 11:18,Non-Interlocking Block,Approved
BR005353,TASK41683,Engineering,SC-NGP,2026-08-04 11:00,2026-08-04 12:17,Non-Interlocking Block,Requested
BR005354,TASK33825,Engineering,DLI-JU,2026-08-04 12:15,2026-08-04 13:09,Non-Interlocking Block,Approved
BR005355,TASK64544,S&T,CSMT-BSR,2026-08-04 13:15,2026-08-04 14:19,Interlocking Testing Block,Approved
BR005356,TASK10229,Engineering,NDLS-ASR,2026-08-04 22:00,2026-08-05 01:06,Non-Interlocking Block,Requested
BR005357,TASK37958,Engineering,ADI-BRC,2026-08-04 22:00,2026-08-05 01:12,Track Renewal Block,Approved
BR005358,TASK42581,S&T,ST-BCT,2026-08-04 22:00,2026-08-04 23:02,Signal Maintenance Block,Approved
BR005359,TASK63692,Engineering,JTJ-SBC,2026-08-04 22:15,2026-08-04 23:37,Non-Interlocking Block,Rejected
BR005360,TASK64520,Engineering,DLI-JU,2026-08-04 22:30,2026-08-04 23:58,Bridge Inspection Block,Approved
BR005361,TASK60040,Traction,HWH-KGP,2026-08-04 22:30,2026-08-05 02:52,Power Block,Approved
BR005362,TASK94449,Engineering,CNB-ALD,2026-08-04 22:30,2026-08-05 00:44,Track Renewal Block,Approved
BR005363,TASK61657,Traction,NDLS-UMB,2026-08-04 22:45,2026-08-05 01:19,Traction Feed Block,Completed
BR005364,TASK28212,Traction,GZB-CNB,2026-08-04 23:15,2026-08-05 04:07,Traction Feed Block,Approved
BR005365,TASK69140,S&T,NDLS-ASR,2026-08-04 23:30,2026-08-05 04:09,Cable Block,Approved
BR005366,TASK41834,Traction,UBL-PUNE,2026-08-05 00:15,2026-08-05 03:30,Power Block,Approved
BR005367,TASK60446,Engineering,ST-BCT,2026-08-05 00:30,2026-08-05 05:28,Bridge Inspection Block,Completed
BR005368,TASK92390,S&T,HWH-NJP,2026-08-05 00:45,2026-08-05 03:32,Signal Maintenance Block,Approved
BR005369,TASK39906,S&T,ST-BCT,2026-08-05 00:45,2026-08-05 04:44,Interlocking Testing Block,Completed
BR005370,TASK41588,Traction,NDLS-GZB,2026-08-05 01:00,2026-08-05 04:27,Traction Feed Block,Requested
BR005371,TASK71993,S&T,CNB-ALD,2026-08-05 01:45,2026-08-05 03:55,Interlocking Testing Block,Completed
BR005372,TASK15463,S&T,CSMT-BSR,2026-08-05 11:15,2026-08-05 12:04,Interlocking Testing Block,Approved
BR005373,TASK79567,Traction,UBL-PUNE,2026-08-05 11:30,2026-08-05 13:01,Traction Feed Block,Approved
BR005374,TASK29093,Engineering,SC-NGP,2026-08-05 12:15,2026-08-05 13:35,Track Renewal Block,Approved
BR005375,TASK39041,Engineering,BZA-SC,2026-08-05 13:30,2026-08-05 15:23,Bridge Inspection Block,Requested
BR005376,TASK83390,S&T,HWH-KGP,2026-08-05 22:00,2026-08-06 01:28,Interlocking Testing Block,Approved
BR005377,TASK59822,Traction,NDLS-JHS,2026-08-05 22:15,2026-08-06 02:35,OHE Maintenance Block,Approved
BR005378,TASK70295,S&T,KGP-VSKP,2026-08-05 22:15,2026-08-06 01:43,Signal Maintenance Block,Approved
BR005379,TASK72775,S&T,VSKP-BZA,2026-08-05 22:15,2026-08-06 03:13,Cable Block,Approved
BR005380,TASK37771,Engineering,HWH-KGP,2026-08-05 22:30,2026-08-05 23:46,Track Renewal Block,Requested
BR005381,TASK32452,Engineering,KGP-VSKP,2026-08-05 22:30,2026-08-06 01:59,Non-Interlocking Block,Approved
BR005382,TASK48944,Engineering,UBL-PUNE,2026-08-05 22:30,2026-08-06 01:03,Traffic Block,Requested
BR005383,TASK36510,Engineering,NGP-BSP,2026-08-05 22:45,2026-08-06 00:51,Traffic Block,Approved
BR005384,TASK22403,Engineering,SBC-UBL,2026-08-05 23:15,2026-08-06 01:05,Non-Interlocking Block,Approved
BR005385,TASK54372,Traction,ADI-BRC,2026-08-05 23:30,2026-08-06 03:58,Power Block,Rejected
BR005386,TASK13545,S&T,BPL-JHS,2026-08-05 23:45,2026-08-06 04:12,Interlocking Testing Block,Approved
BR005387,TASK11009,S&T,SBC-MAS,2026-08-05 23:45,2026-08-06 02:25,Cable Block,Approved
BR005388,TASK62329,Traction,BZA-SC,2026-08-06 00:15,2026-08-06 01:22,Power Block,Approved
BR005389,TASK54254,Engineering,ALD-MGS,2026-08-06 00:30,2026-08-06 04:26,Traffic Block,Cancelled
BR005390,TASK48024,Traction,BRC-ST,2026-08-06 00:30,2026-08-06 03:02,Power Block,Approved
BR005391,TASK19911,Engineering,BSP-R,2026-08-06 00:45,2026-08-06 04:08,Bridge Inspection Block,Rejected
BR005392,TASK56715,Traction,MAS-JTJ,2026-08-06 01:00,2026-08-06 03:04,Traction Feed Block,Requested
BR005393,TASK41256,Traction,UBL-PUNE,2026-08-06 01:00,2026-08-06 03:37,Traction Feed Block,Approved
BR005394,TASK39039,Engineering,GZB-CNB,2026-08-06 01:30,2026-08-06 04:22,Bridge Inspection Block,Approved
BR005395,TASK97992,Engineering,NGP-BSP,2026-08-06 01:45,2026-08-06 05:28,Non-Interlocking Block,Approved
BR005396,TASK58837,Engineering,CNB-ALD,2026-08-06 01:45,2026-08-06 06:16,Traffic Block,Approved
BR005397,TASK34358,Engineering,BSP-R,2026-08-06 01:45,2026-08-06 06:21,Bridge Inspection Block,Completed
BR005398,TASK17805,S&T,CSMT-BSR,2026-08-06 10:15,2026-08-06 11:37,Interlocking Testing Block,Requested
BR005399,TASK71602,Engineering,BPL-JHS,2026-08-06 11:15,2026-08-06 12:15,Traffic Block,Approved
BR005400,TASK39073,Engineering,BPL-JHS,2026-08-06 13:00,2026-08-06 13:56,Bridge Inspection Block,Completed
BR005401,TASK56301,S&T,KGP-VSKP,2026-08-06 13:15,2026-08-06 13:58,Interlocking Testing Block,Approved
BR005402,TASK43014,Traction,HWH-NJP,2026-08-06 13:15,2026-08-06 14:19,Power Block,Approved
BR005403,TASK46946,Engineering,NGP-BSP,2026-08-06 14:00,2026-08-06 15:50,Bridge Inspection Block,Approved
BR005404,TASK91154,Traction,ST-BCT,2026-08-06 15:00,2026-08-06 16:04,Power Block,Approved
BR005405,TASK50382,S&T,BSR-BPL,2026-08-06 15:45,2026-08-06 16:39,Signal Maintenance Block,Completed
BR005406,TASK13694,S&T,NDLS-GZB,2026-08-06 22:15,2026-08-06 23:56,Cable Block,Approved
BR005407,TASK29415,Traction,ADI-BRC,2026-08-06 22:30,2026-08-06 23:35,OHE Maintenance Block,Completed
BR005408,TASK74378,Traction,SBC-UBL,2026-08-06 23:00,2026-08-07 01:15,Traction Feed Block,Approved
BR005409,TASK12892,S&T,BZA-MAS,2026-08-06 23:00,2026-08-07 01:53,Signal Maintenance Block,Approved
BR005410,TASK76525,Engineering,VSKP-BZA,2026-08-06 23:15,2026-08-07 02:37,Bridge Inspection Block,Rejected
BR005411,TASK22069,Engineering,BZA-MAS,2026-08-06 23:30,2026-08-07 03:58,Non-Interlocking Block,Cancelled
BR005412,TASK59792,Engineering,HWH-NJP,2026-08-06 23:30,2026-08-07 02:06,Non-Interlocking Block,Requested
BR005413,TASK80477,Engineering,KGP-VSKP,2026-08-06 23:30,2026-08-07 02:49,Traffic Block,Completed
BR005414,TASK48964,Engineering,GZB-CNB,2026-08-07 00:00,2026-08-07 03:55,Non-Interlocking Block,Approved
BR005415,TASK86511,S&T,KGP-VSKP,2026-08-07 00:15,2026-08-07 02:52,Interlocking Testing Block,Approved
BR005416,TASK48885,Engineering,NDLS-JHS,2026-08-07 00:15,2026-08-07 02:42,Track Renewal Block,Rejected
BR005417,TASK73047,Engineering,NDLS-GZB,2026-08-07 00:30,2026-08-07 05:17,Track Renewal Block,Approved
BR005418,TASK72976,S&T,BZA-MAS,2026-08-07 00:45,2026-08-07 03:27,Cable Block,Requested
BR005419,TASK32192,Traction,BZA-MAS,2026-08-07 01:15,2026-08-07 03:43,Power Block,Cancelled
BR005420,TASK73809,S&T,VSKP-BZA,2026-08-07 10:00,2026-08-07 11:28,Interlocking Testing Block,Approved
BR005421,TASK85677,S&T,VSKP-BZA,2026-08-07 11:00,2026-08-07 12:58,Signal Maintenance Block,Approved
BR005422,TASK88179,Engineering,NJP-GHY,2026-08-07 12:15,2026-08-07 14:09,Non-Interlocking Block,Approved
BR005423,TASK11295,S&T,SBC-MAS,2026-08-07 22:00,2026-08-08 02:05,Signal Maintenance Block,Completed
BR005424,TASK86829,Engineering,DLI-JU,2026-08-07 22:15,2026-08-08 02:15,Traffic Block,Rejected
BR005425,TASK28037,Traction,BRC-ST,2026-08-07 22:15,2026-08-08 00:30,Power Block,Approved
BR005426,TASK47408,S&T,UBL-PUNE,2026-08-07 22:15,2026-08-08 03:10,Cable Block,Completed
BR005427,TASK60263,Engineering,NDLS-ASR,2026-08-07 22:45,2026-08-08 00:35,Non-Interlocking Block,Approved
BR005428,TASK59274,Engineering,NJP-GHY,2026-08-07 22:45,2026-08-08 00:29,Non-Interlocking Block,Cancelled
BR005429,TASK12375,Engineering,NDLS-JHS,2026-08-07 23:30,2026-08-08 04:07,Non-Interlocking Block,Completed
BR005430,TASK65098,S&T,PUNE-CSMT,2026-08-07 23:30,2026-08-08 04:19,Signal Maintenance Block,Approved
BR005431,TASK70794,Traction,CNB-ALD,2026-08-08 00:30,2026-08-08 02:37,Power Block,Approved
BR005432,TASK62415,Traction,HWH-KGP,2026-08-08 01:15,2026-08-08 04:17,Power Block,Approved
BR005433,TASK65495,Traction,ST-BCT,2026-08-08 01:30,2026-08-08 03:26,Traction Feed Block,Approved
BR005434,TASK93863,S&T,VSKP-BZA,2026-08-08 01:45,2026-08-08 05:10,Interlocking Testing Block,Approved
BR005435,TASK30826,Traction,ADI-BRC,2026-08-08 12:00,2026-08-08 13:01,Traction Feed Block,Completed
BR005436,TASK92433,S&T,PUNE-CSMT,2026-08-08 12:15,2026-08-08 13:34,Signal Maintenance Block,Approved
BR005437,TASK95741,Traction,HWH-KGP,2026-08-08 12:45,2026-08-08 13:30,Power Block,Rejected
BR005438,TASK96501,Engineering,BZA-MAS,2026-08-08 13:15,2026-08-08 15:04,Non-Interlocking Block,Approved
BR005439,TASK12392,Engineering,BRC-ST,2026-08-08 13:15,2026-08-08 15:02,Bridge Inspection Block,Rejected
BR005440,TASK24872,Engineering,BSR-BPL,2026-08-08 22:00,2026-08-09 02:46,Non-Interlocking Block,Requested
BR005441,TASK93283,Engineering,BZA-SC,2026-08-08 22:30,2026-08-09 02:18,Track Renewal Block,Completed
BR005442,TASK95388,Engineering,MGS-HWH,2026-08-08 22:30,2026-08-08 23:33,Bridge Inspection Block,Approved
BR005443,TASK26701,Traction,NDLS-GZB,2026-08-08 22:30,2026-08-09 01:13,OHE Maintenance Block,Requested
BR005444,TASK90648,S&T,CSMT-BSR,2026-08-08 22:30,2026-08-09 00:54,Signal Maintenance Block,Requested
BR005445,TASK80964,Engineering,ST-BCT,2026-08-08 22:45,2026-08-09 01:16,Traffic Block,Approved
BR005446,TASK50921,S&T,ALD-MGS,2026-08-08 22:45,2026-08-09 01:20,Interlocking Testing Block,Approved
BR005447,TASK12345,Traction,BPL-JHS,2026-08-08 23:15,2026-08-09 03:12,Traction Feed Block,Approved
BR005448,TASK43561,S&T,SBC-UBL,2026-08-08 23:30,2026-08-09 03:18,Signal Maintenance Block,Approved
BR005449,TASK20123,Engineering,ST-BCT,2026-08-08 23:30,2026-08-09 00:42,Track Renewal Block,Requested
BR005450,TASK43591,S&T,NDLS-GZB,2026-08-08 23:45,2026-08-09 04:00,Cable Block,Approved
BR005451,TASK97659,S&T,JTJ-SBC,2026-08-09 00:00,2026-08-09 04:42,Signal Maintenance Block,Approved
BR005452,TASK95908,Traction,SC-NGP,2026-08-09 00:00,2026-08-09 03:01,Traction Feed Block,Approved
BR005453,TASK75782,S&T,HWH-KGP,2026-08-09 00:15,2026-08-09 01:57,Signal Maintenance Block,Approved
BR005454,TASK90759,S&T,NGP-BSP,2026-08-09 00:30,2026-08-09 02:16,Cable Block,Approved
BR005455,TASK74217,Engineering,JP-ADI,2026-08-09 00:45,2026-08-09 05:06,Non-Interlocking Block,Cancelled
BR005456,TASK61087,Engineering,GZB-CNB,2026-08-09 01:15,2026-08-09 04:45,Track Renewal Block,Approved
BR005457,TASK61074,Traction,NJP-GHY,2026-08-09 10:30,2026-08-09 12:05,OHE Maintenance Block,Approved
BR005458,TASK67224,S&T,JP-ADI,2026-08-09 13:15,2026-08-09 14:13,Signal Maintenance Block,Completed
BR005459,TASK36037,Engineering,MAS-JTJ,2026-08-09 13:45,2026-08-09 14:26,Traffic Block,Approved
BR005460,TASK38302,Traction,CSMT-BSR,2026-08-09 14:45,2026-08-09 15:22,Traction Feed Block,Approved
BR005461,TASK32112,Engineering,PUNE-CSMT,2026-08-09 14:45,2026-08-09 15:50,Bridge Inspection Block,Approved
BR005462,TASK58235,Engineering,SC-NGP,2026-08-09 15:15,2026-08-09 15:47,Track Renewal Block,Requested
BR005463,TASK17567,S&T,NDLS-UMB,2026-08-09 22:00,2026-08-09 23:03,Signal Maintenance Block,Requested
BR005464,TASK14288,Traction,ADI-BRC,2026-08-09 22:00,2026-08-10 01:07,Power Block,Completed
BR005465,TASK23908,S&T,MAS-JTJ,2026-08-09 22:15,2026-08-10 02:46,Signal Maintenance Block,Approved
BR005466,TASK68308,Traction,MGS-HWH,2026-08-09 22:30,2026-08-10 01:15,OHE Maintenance Block,Rejected
BR005467,TASK18486,Engineering,NDLS-UMB,2026-08-09 23:00,2026-08-10 03:25,Bridge Inspection Block,Requested
BR005468,TASK48063,S&T,NDLS-GZB,2026-08-09 23:00,2026-08-10 01:46,Signal Maintenance Block,Completed
BR005469,TASK57997,Engineering,GZB-CNB,2026-08-09 23:15,2026-08-10 02:32,Traffic Block,Requested
BR005470,TASK96460,Engineering,ALD-MGS,2026-08-09 23:15,2026-08-10 02:18,Track Renewal Block,Requested
BR005471,TASK63106,Traction,ALD-MGS,2026-08-09 23:15,2026-08-10 03:47,Power Block,Requested
BR005472,TASK11509,Engineering,ST-BCT,2026-08-09 23:30,2026-08-10 04:16,Traffic Block,Requested
BR005473,TASK87044,S&T,BSP-R,2026-08-09 23:30,2026-08-10 02:10,Cable Block,Approved
BR005474,TASK33292,Engineering,ALD-MGS,2026-08-09 23:45,2026-08-10 03:50,Bridge Inspection Block,Requested
BR005475,TASK46588,S&T,NDLS-GZB,2026-08-09 23:45,2026-08-10 02:52,Cable Block,Requested
BR005476,TASK74418,Engineering,KGP-VSKP,2026-08-10 00:00,2026-08-10 03:52,Bridge Inspection Block,Approved
BR005477,TASK33441,Engineering,BRC-ST,2026-08-10 00:00,2026-08-10 01:38,Traffic Block,Completed
BR005478,TASK64578,S&T,SBC-MAS,2026-08-10 00:15,2026-08-10 04:46,Interlocking Testing Block,Requested
BR005479,TASK77589,Engineering,MGS-HWH,2026-08-10 00:15,2026-08-10 02:39,Track Renewal Block,Approved
BR005480,TASK57542,Traction,MGS-HWH,2026-08-10 00:30,2026-08-10 05:24,Traction Feed Block,Requested
BR005481,TASK11736,Engineering,ST-BCT,2026-08-10 00:30,2026-08-10 04:04,Bridge Inspection Block,Approved
BR005482,TASK68061,Engineering,NDLS-GZB,2026-08-10 00:30,2026-08-10 05:08,Track Renewal Block,Requested
BR005483,TASK11830,Engineering,NDLS-JHS,2026-08-10 01:00,2026-08-10 04:28,Traffic Block,Requested
BR005484,TASK45167,Engineering,GZB-CNB,2026-08-10 01:45,2026-08-10 04:32,Track Renewal Block,Completed
BR005485,TASK99535,Traction,CSMT-BSR,2026-08-10 12:15,2026-08-10 13:06,OHE Maintenance Block,Approved
BR005486,TASK63527,S&T,BZA-SC,2026-08-10 13:15,2026-08-10 14:18,Interlocking Testing Block,Rejected
BR005487,TASK60999,Traction,MGS-HWH,2026-08-10 13:30,2026-08-10 15:03,OHE Maintenance Block,Completed
BR005488,TASK69070,Engineering,NDLS-JHS,2026-08-10 14:00,2026-08-10 15:55,Non-Interlocking Block,Approved
BR005489,TASK11348,S&T,HWH-KGP,2026-08-10 14:45,2026-08-10 15:50,Signal Maintenance Block,Approved
BR005490,TASK58633,S&T,GZB-CNB,2026-08-10 14:45,2026-08-10 16:12,Cable Block,Completed
BR005491,TASK77071,S&T,BZA-MAS,2026-08-10 14:45,2026-08-10 16:06,Cable Block,Rejected
BR005492,TASK31267,Traction,VSKP-BZA,2026-08-10 15:45,2026-08-10 16:54,Power Block,Approved
BR005493,TASK10114,Engineering,CNB-ALD,2026-08-10 22:15,2026-08-11 01:15,Track Renewal Block,Requested
BR005494,TASK36069,Traction,ADI-BRC,2026-08-10 22:15,2026-08-11 01:34,Traction Feed Block,Approved
BR005495,TASK43306,Engineering,PUNE-CSMT,2026-08-10 22:15,2026-08-10 23:44,Traffic Block,Completed
BR005496,TASK12385,Engineering,BZA-MAS,2026-08-10 22:30,2026-08-11 00:53,Track Renewal Block,Completed
BR005497,TASK62063,Engineering,MGS-HWH,2026-08-10 22:30,2026-08-11 01:31,Non-Interlocking Block,Completed
BR005498,TASK48189,Engineering,NDLS-UMB,2026-08-10 22:45,2026-08-11 00:01,Track Renewal Block,Approved
BR005499,TASK98215,Engineering,BRC-ST,2026-08-10 23:15,2026-08-11 01:21,Track Renewal Block,Approved
BR005500,TASK65858,Traction,NDLS-UMB,2026-08-10 23:30,2026-08-11 02:11,Traction Feed Block,Approved
BR005501,TASK61971,S&T,SC-NGP,2026-08-10 23:30,2026-08-11 01:35,Signal Maintenance Block,Approved
BR005502,TASK27935,Traction,SBC-MAS,2026-08-10 23:30,2026-08-11 00:30,Power Block,Rejected
BR005503,TASK36364,S&T,HWH-KGP,2026-08-10 23:45,2026-08-11 04:11,Interlocking Testing Block,Rejected
BR005504,TASK95404,S&T,BPL-JHS,2026-08-10 23:45,2026-08-11 01:59,Cable Block,Completed
BR005505,TASK77764,Traction,SC-NGP,2026-08-10 23:45,2026-08-11 02:22,Power Block,Cancelled
BR005506,TASK37442,S&T,MGS-HWH,2026-08-11 00:00,2026-08-11 03:34,Cable Block,Approved
BR005507,TASK25674,Traction,BSP-R,2026-08-11 00:00,2026-08-11 01:21,Traction Feed Block,Rejected
BR005508,TASK18719,Engineering,BSR-BPL,2026-08-11 00:30,2026-08-11 02:46,Traffic Block,Approved
BR005509,TASK34444,Engineering,VSKP-BZA,2026-08-11 01:00,2026-08-11 05:07,Traffic Block,Approved
BR005510,TASK82901,S&T,BZA-MAS,2026-08-11 01:00,2026-08-11 04:02,Signal Maintenance Block,Requested
BR005511,TASK86750,Traction,HWH-KGP,2026-08-11 01:30,2026-08-11 02:42,Traction Feed Block,Approved
BR005512,TASK15331,S&T,ST-BCT,2026-08-11 01:30,2026-08-11 05:51,Signal Maintenance Block,Completed
BR005513,TASK29202,Engineering,ST-BCT,2026-08-11 01:45,2026-08-11 04:22,Traffic Block,Approved
BR005514,TASK80293,Traction,SBC-MAS,2026-08-11 10:30,2026-08-11 12:00,Traction Feed Block,Approved
BR005515,TASK38141,Traction,ST-BCT,2026-08-11 11:30,2026-08-11 12:41,OHE Maintenance Block,Approved
BR005516,TASK15361,S&T,HWH-NJP,2026-08-11 11:30,2026-08-11 12:50,Signal Maintenance Block,Cancelled
BR005517,TASK99974,Traction,CSMT-BSR,2026-08-11 12:15,2026-08-11 13:35,Power Block,Approved
BR005518,TASK48311,S&T,KGP-VSKP,2026-08-11 13:45,2026-08-11 15:20,Signal Maintenance Block,Completed
BR005519,TASK60733,S&T,PUNE-CSMT,2026-08-11 14:45,2026-08-11 15:52,Interlocking Testing Block,Approved
BR005520,TASK41058,Engineering,PUNE-CSMT,2026-08-11 22:00,2026-08-12 02:56,Non-Interlocking Block,Completed
BR005521,TASK58753,S&T,BPL-JHS,2026-08-11 22:30,2026-08-12 00:23,Interlocking Testing Block,Approved
BR005522,TASK46851,Engineering,JU-JP,2026-08-11 22:30,2026-08-12 01:59,Track Renewal Block,Approved
BR005523,TASK16159,Traction,CNB-ALD,2026-08-11 22:45,2026-08-12 03:08,Traction Feed Block,Approved
BR005524,TASK46245,S&T,BPL-JHS,2026-08-11 22:45,2026-08-12 00:42,Signal Maintenance Block,Rejected
BR005525,TASK79012,Engineering,ALD-MGS,2026-08-11 23:15,2026-08-12 03:55,Traffic Block,Rejected
BR005526,TASK47009,Engineering,NDLS-GZB,2026-08-11 23:15,2026-08-12 02:26,Track Renewal Block,Approved
BR005527,TASK54565,S&T,JP-ADI,2026-08-12 00:30,2026-08-12 02:33,Signal Maintenance Block,Approved
BR005528,TASK64706,S&T,ADI-BRC,2026-08-12 00:45,2026-08-12 05:33,Cable Block,Approved
BR005529,TASK73201,Traction,HWH-KGP,2026-08-12 00:45,2026-08-12 04:01,Traction Feed Block,Completed
BR005530,TASK12959,S&T,BRC-ST,2026-08-12 01:00,2026-08-12 05:18,Cable Block,Requested
BR005531,TASK66390,Engineering,KGP-VSKP,2026-08-12 01:30,2026-08-12 03:26,Bridge Inspection Block,Rejected
BR005532,TASK96440,Traction,MGS-HWH,2026-08-12 01:45,2026-08-12 05:09,OHE Maintenance Block,Approved
BR005533,TASK93483,Traction,NJP-GHY,2026-08-12 11:45,2026-08-12 13:41,Traction Feed Block,Completed
BR005534,TASK46412,Engineering,HWH-KGP,2026-08-12 14:45,2026-08-12 15:17,Non-Interlocking Block,Rejected
BR005535,TASK94932,Engineering,GZB-CNB,2026-08-12 23:00,2026-08-13 02:05,Traffic Block,Rejected
BR005536,TASK67604,Engineering,ST-BCT,2026-08-12 23:15,2026-08-13 04:00,Traffic Block,Approved
BR005537,TASK30694,Engineering,BRC-ST,2026-08-12 23:45,2026-08-13 02:08,Non-Interlocking Block,Approved
BR005538,TASK89496,S&T,DLI-JU,2026-08-12 23:45,2026-08-13 02:57,Cable Block,Requested
BR005539,TASK25970,Engineering,BRC-ST,2026-08-13 00:00,2026-08-13 01:18,Track Renewal Block,Approved
BR005540,TASK80758,Traction,BZA-MAS,2026-08-13 00:30,2026-08-13 02:57,Power Block,Completed
BR005541,TASK41179,Traction,BZA-MAS,2026-08-13 00:45,2026-08-13 04:43,Traction Feed Block,Requested
BR005542,TASK12270,S&T,NDLS-GZB,2026-08-13 01:15,2026-08-13 02:51,Interlocking Testing Block,Cancelled
BR005543,TASK35631,Engineering,NDLS-GZB,2026-08-13 01:30,2026-08-13 06:25,Non-Interlocking Block,Approved
BR005544,TASK96266,S&T,BRC-ST,2026-08-13 13:15,2026-08-13 14:10,Signal Maintenance Block,Approved
BR005545,TASK12966,S&T,KGP-VSKP,2026-08-13 13:45,2026-08-13 15:22,Cable Block,Approved
BR005546,TASK24369,Engineering,UBL-PUNE,2026-08-13 14:45,2026-08-13 16:36,Traffic Block,Requested
BR005547,TASK39655,Traction,KGP-VSKP,2026-08-13 22:00,2026-08-14 02:30,OHE Maintenance Block,Approved
BR005548,TASK15566,Traction,MGS-HWH,2026-08-13 22:00,2026-08-13 23:48,Traction Feed Block,Completed
BR005549,TASK82296,Engineering,CSMT-BSR,2026-08-13 22:30,2026-08-14 02:44,Traffic Block,Completed
BR005550,TASK50203,S&T,SBC-UBL,2026-08-13 22:45,2026-08-14 00:54,Interlocking Testing Block,Approved
BR005551,TASK88517,S&T,JTJ-SBC,2026-08-13 23:00,2026-08-14 02:29,Cable Block,Approved
BR005552,TASK62818,Engineering,MGS-HWH,2026-08-13 23:30,2026-08-14 01:57,Bridge Inspection Block,Approved
BR005553,TASK55448,Engineering,HWH-NJP,2026-08-13 23:45,2026-08-14 03:12,Bridge Inspection Block,Approved
BR005554,TASK63605,Engineering,CNB-ALD,2026-08-14 01:00,2026-08-14 05:12,Traffic Block,Requested
BR005555,TASK39206,S&T,GZB-CNB,2026-08-14 01:15,2026-08-14 05:06,Interlocking Testing Block,Requested
BR005556,TASK40093,Traction,JTJ-SBC,2026-08-14 01:45,2026-08-14 04:56,Traction Feed Block,Rejected
BR005557,TASK40390,Traction,GZB-CNB,2026-08-14 11:00,2026-08-14 11:44,Power Block,Approved
BR005558,TASK48113,S&T,CSMT-BSR,2026-08-14 12:45,2026-08-14 14:19,Signal Maintenance Block,Approved
BR005559,TASK56296,Traction,ST-BCT,2026-08-14 13:00,2026-08-14 14:39,OHE Maintenance Block,Rejected
BR005560,TASK73199,Engineering,HWH-NJP,2026-08-14 13:45,2026-08-14 15:20,Track Renewal Block,Approved
BR005561,TASK16982,S&T,JU-JP,2026-08-14 14:45,2026-08-14 15:34,Signal Maintenance Block,Rejected
BR005562,TASK69153,Engineering,NGP-BSP,2026-08-14 22:00,2026-08-15 00:01,Non-Interlocking Block,Requested
BR005563,TASK91368,Engineering,BZA-MAS,2026-08-14 22:00,2026-08-15 00:14,Non-Interlocking Block,Completed
BR005564,TASK85735,Engineering,ALD-MGS,2026-08-14 22:30,2026-08-14 23:35,Traffic Block,Approved
BR005565,TASK81880,Engineering,PUNE-CSMT,2026-08-14 23:15,2026-08-15 02:21,Non-Interlocking Block,Approved
BR005566,TASK74783,S&T,SBC-UBL,2026-08-14 23:30,2026-08-15 03:28,Cable Block,Approved
BR005567,TASK21448,Traction,GZB-CNB,2026-08-14 23:30,2026-08-15 03:58,OHE Maintenance Block,Rejected
BR005568,TASK94817,S&T,PUNE-CSMT,2026-08-14 23:30,2026-08-15 03:04,Interlocking Testing Block,Approved
BR005569,TASK85526,S&T,SBC-MAS,2026-08-15 00:00,2026-08-15 01:55,Interlocking Testing Block,Approved
BR005570,TASK18340,Engineering,ALD-MGS,2026-08-15 00:00,2026-08-15 01:56,Traffic Block,Approved
BR005571,TASK13496,S&T,KGP-VSKP,2026-08-15 00:15,2026-08-15 01:39,Signal Maintenance Block,Cancelled
BR005572,TASK27652,S&T,HWH-NJP,2026-08-15 00:30,2026-08-15 01:51,Signal Maintenance Block,Approved
BR005573,TASK14471,Engineering,HWH-KGP,2026-08-15 00:30,2026-08-15 04:36,Bridge Inspection Block,Approved
BR005574,TASK17609,Traction,BSR-BPL,2026-08-15 00:45,2026-08-15 04:27,OHE Maintenance Block,Requested
BR005575,TASK93306,S&T,GZB-CNB,2026-08-15 00:45,2026-08-15 01:45,Interlocking Testing Block,Completed
BR005576,TASK26107,Engineering,JTJ-SBC,2026-08-15 01:00,2026-08-15 03:51,Track Renewal Block,Cancelled
BR005577,TASK23520,Traction,JU-JP,2026-08-15 01:00,2026-08-15 02:20,OHE Maintenance Block,Completed
BR005578,TASK85487,Engineering,BSR-BPL,2026-08-15 01:00,2026-08-15 03:36,Bridge Inspection Block,Requested
BR005579,TASK27676,Traction,CSMT-BSR,2026-08-15 01:00,2026-08-15 03:45,Power Block,Completed
BR005580,TASK98091,Traction,ADI-BRC,2026-08-15 01:15,2026-08-15 04:37,Power Block,Approved
BR005581,TASK34461,Traction,MAS-JTJ,2026-08-15 01:15,2026-08-15 05:32,OHE Maintenance Block,Approved
BR005582,TASK61739,Engineering,JP-ADI,2026-08-15 10:00,2026-08-15 11:53,Track Renewal Block,Rejected
BR005583,TASK41255,S&T,VSKP-BZA,2026-08-15 14:45,2026-08-15 16:39,Signal Maintenance Block,Approved
BR005584,TASK42462,Traction,BSR-BPL,2026-08-15 15:15,2026-08-15 16:34,Power Block,Approved
BR005585,TASK80978,Engineering,ADI-BRC,2026-08-15 22:00,2026-08-16 00:58,Track Renewal Block,Approved
BR005586,TASK59606,S&T,VSKP-BZA,2026-08-15 22:15,2026-08-15 23:17,Cable Block,Requested
BR005587,TASK67723,Engineering,BSR-BPL,2026-08-15 22:45,2026-08-16 02:29,Track Renewal Block,Approved
BR005588,TASK78813,S&T,BSR-BPL,2026-08-15 23:15,2026-08-16 03:40,Signal Maintenance Block,Rejected
BR005589,TASK20388,S&T,MAS-JTJ,2026-08-15 23:30,2026-08-16 03:56,Signal Maintenance Block,Approved
BR005590,TASK78068,S&T,SC-NGP,2026-08-15 23:30,2026-08-16 04:10,Cable Block,Requested
BR005591,TASK29087,S&T,KGP-VSKP,2026-08-15 23:45,2026-08-16 02:32,Interlocking Testing Block,Requested
BR005592,TASK17002,S&T,SBC-UBL,2026-08-15 23:45,2026-08-16 03:20,Cable Block,Approved
BR005593,TASK99991,Traction,BSR-BPL,2026-08-16 00:15,2026-08-16 02:00,Power Block,Cancelled
BR005594,TASK62693,S&T,BRC-ST,2026-08-16 00:15,2026-08-16 01:25,Cable Block,Approved
BR005595,TASK34205,S&T,ST-BCT,2026-08-16 00:30,2026-08-16 03:15,Signal Maintenance Block,Approved
BR005596,TASK84312,S&T,GZB-CNB,2026-08-16 00:30,2026-08-16 04:54,Cable Block,Cancelled
BR005597,TASK58442,Engineering,JU-JP,2026-08-16 00:30,2026-08-16 04:10,Non-Interlocking Block,Approved
BR005598,TASK33689,Engineering,BZA-SC,2026-08-16 00:45,2026-08-16 05:17,Bridge Inspection Block,Approved
BR005599,TASK75652,Engineering,NDLS-ASR,2026-08-16 01:00,2026-08-16 02:33,Non-Interlocking Block,Approved
BR005600,TASK93403,Engineering,ALD-MGS,2026-08-16 01:00,2026-08-16 02:20,Bridge Inspection Block,Rejected
BR005601,TASK17048,Traction,NDLS-ASR,2026-08-16 01:00,2026-08-16 02:44,Traction Feed Block,Approved
BR005602,TASK75280,S&T,KGP-VSKP,2026-08-16 01:15,2026-08-16 03:16,Signal Maintenance Block,Completed
BR005603,TASK57737,S&T,JTJ-SBC,2026-08-16 01:15,2026-08-16 05:14,Interlocking Testing Block,Requested
BR005604,TASK96967,Traction,DLI-JU,2026-08-16 01:15,2026-08-16 03:59,Traction Feed Block,Rejected
BR005605,TASK31640,S&T,ADI-BRC,2026-08-16 01:15,2026-08-16 03:22,Cable Block,Requested
BR005606,TASK61288,S&T,UBL-PUNE,2026-08-16 01:30,2026-08-16 06:26,Cable Block,Approved
BR005607,TASK49853,Engineering,ALD-MGS,2026-08-16 01:45,2026-08-16 04:08,Non-Interlocking Block,Approved
BR005608,TASK16745,Engineering,ST-BCT,2026-08-16 10:30,2026-08-16 12:17,Bridge Inspection Block,Requested
BR005609,TASK66715,Engineering,PUNE-CSMT,2026-08-16 10:30,2026-08-16 12:24,Traffic Block,Approved
BR005610,TASK11241,Traction,NJP-GHY,2026-08-16 10:30,2026-08-16 11:51,Power Block,Approved
BR005611,TASK50478,Engineering,BZA-MAS,2026-08-16 11:45,2026-08-16 12:52,Track Renewal Block,Approved
BR005612,TASK47870,Engineering,MGS-HWH,2026-08-16 12:00,2026-08-16 12:48,Track Renewal Block,Approved
BR005613,TASK23168,Engineering,NGP-BSP,2026-08-16 12:30,2026-08-16 13:23,Track Renewal Block,Approved
BR005614,TASK66738,Traction,ADI-BRC,2026-08-16 12:30,2026-08-16 14:29,Power Block,Approved
BR005615,TASK87361,Traction,JP-ADI,2026-08-16 13:00,2026-08-16 13:45,Power Block,Approved
BR005616,TASK44411,S&T,JTJ-SBC,2026-08-16 22:15,2026-08-17 02:52,Signal Maintenance Block,Approved
BR005617,TASK54267,Engineering,CSMT-BSR,2026-08-16 22:15,2026-08-17 01:44,Traffic Block,Completed
BR005618,TASK12317,Engineering,MAS-JTJ,2026-08-16 22:15,2026-08-17 02:39,Bridge Inspection Block,Approved
BR005619,TASK62824,S&T,JP-ADI,2026-08-16 22:15,2026-08-17 00:42,Cable Block,Approved
BR005620,TASK99937,Engineering,NDLS-ASR,2026-08-16 22:45,2026-08-17 01:20,Bridge Inspection Block,Rejected
BR005621,TASK19682,Traction,BZA-SC,2026-08-16 22:45,2026-08-17 00:59,OHE Maintenance Block,Completed
BR005622,TASK84516,Engineering,ALD-MGS,2026-08-17 00:00,2026-08-17 02:26,Bridge Inspection Block,Approved
BR005623,TASK58898,Engineering,NDLS-JHS,2026-08-17 00:15,2026-08-17 01:57,Traffic Block,Requested
BR005624,TASK58793,S&T,BRC-ST,2026-08-17 00:15,2026-08-17 03:45,Signal Maintenance Block,Completed
BR005625,TASK83351,Engineering,GZB-CNB,2026-08-17 00:15,2026-08-17 02:25,Traffic Block,Completed
BR005626,TASK75907,Engineering,SBC-MAS,2026-08-17 00:30,2026-08-17 01:30,Non-Interlocking Block,Approved
BR005627,TASK56267,Engineering,GZB-CNB,2026-08-17 00:30,2026-08-17 02:10,Track Renewal Block,Approved
BR005628,TASK89183,Engineering,ADI-BRC,2026-08-17 00:30,2026-08-17 04:33,Bridge Inspection Block,Approved
BR005629,TASK15945,Engineering,MAS-JTJ,2026-08-17 01:00,2026-08-17 04:13,Traffic Block,Completed
BR005630,TASK28464,Engineering,HWH-KGP,2026-08-17 01:00,2026-08-17 02:16,Bridge Inspection Block,Approved
BR005631,TASK26763,Engineering,SBC-MAS,2026-08-17 01:00,2026-08-17 04:26,Non-Interlocking Block,Approved
BR005632,TASK91469,Traction,ST-BCT,2026-08-17 01:15,2026-08-17 05:07,Power Block,Approved
BR005633,TASK83898,Engineering,HWH-KGP,2026-08-17 01:30,2026-08-17 02:32,Non-Interlocking Block,Approved
BR005634,TASK15986,Engineering,JTJ-SBC,2026-08-17 01:30,2026-08-17 03:24,Non-Interlocking Block,Approved
BR005635,TASK70357,Engineering,BRC-ST,2026-08-17 01:45,2026-08-17 05:28,Traffic Block,Requested
BR005636,TASK98483,S&T,NGP-BSP,2026-08-17 12:45,2026-08-17 14:16,Signal Maintenance Block,Approved
BR005637,TASK38697,S&T,HWH-KGP,2026-08-17 13:00,2026-08-17 13:49,Interlocking Testing Block,Rejected
BR005638,TASK64499,Engineering,JTJ-SBC,2026-08-17 13:00,2026-08-17 13:31,Bridge Inspection Block,Approved
BR005639,TASK56610,Engineering,JU-JP,2026-08-17 13:45,2026-08-17 15:24,Non-Interlocking Block,Approved
BR005640,TASK48729,Traction,BZA-MAS,2026-08-17 14:15,2026-08-17 15:49,Traction Feed Block,Approved
BR005641,TASK66586,S&T,KGP-VSKP,2026-08-17 15:30,2026-08-17 16:20,Signal Maintenance Block,Completed
BR005642,TASK15536,Engineering,GZB-CNB,2026-08-17 15:45,2026-08-17 16:15,Traffic Block,Cancelled
BR005643,TASK80892,Traction,BSR-BPL,2026-08-17 22:00,2026-08-17 23:00,Power Block,Approved
BR005644,TASK67100,Traction,KGP-VSKP,2026-08-17 22:15,2026-08-18 02:22,Power Block,Rejected
BR005645,TASK34971,Engineering,NJP-GHY,2026-08-17 22:15,2026-08-17 23:39,Traffic Block,Approved
BR005646,TASK56709,Engineering,HWH-KGP,2026-08-17 22:15,2026-08-18 02:54,Track Renewal Block,Approved
BR005647,TASK80840,Engineering,BPL-JHS,2026-08-17 22:30,2026-08-18 01:24,Traffic Block,Approved
BR005648,TASK65114,Engineering,GZB-CNB,2026-08-17 22:30,2026-08-18 00:12,Non-Interlocking Block,Requested
BR005649,TASK69746,Engineering,JP-ADI,2026-08-17 22:45,2026-08-18 01:22,Non-Interlocking Block,Requested
BR005650,TASK46667,Engineering,BZA-MAS,2026-08-17 23:15,2026-08-18 03:19,Traffic Block,Approved
BR005651,TASK94653,Traction,BSR-BPL,2026-08-18 00:15,2026-08-18 04:17,Power Block,Approved
BR005652,TASK32989,Engineering,BRC-ST,2026-08-18 00:15,2026-08-18 03:35,Bridge Inspection Block,Completed
BR005653,TASK94518,Traction,VSKP-BZA,2026-08-18 00:15,2026-08-18 02:52,Power Block,Rejected
BR005654,TASK54392,S&T,CNB-ALD,2026-08-18 00:15,2026-08-18 03:15,Signal Maintenance Block,Requested
BR005655,TASK52822,Engineering,BRC-ST,2026-08-18 00:15,2026-08-18 04:40,Traffic Block,Approved
BR005656,TASK71558,Traction,VSKP-BZA,2026-08-18 00:30,2026-08-18 01:50,OHE Maintenance Block,Approved
BR005657,TASK86329,Engineering,BZA-SC,2026-08-18 01:00,2026-08-18 03:49,Non-Interlocking Block,Completed
BR005658,TASK31599,S&T,UBL-PUNE,2026-08-18 01:00,2026-08-18 03:15,Signal Maintenance Block,Approved
BR005659,TASK85316,Engineering,MAS-JTJ,2026-08-18 01:15,2026-08-18 05:48,Bridge Inspection Block,Completed
BR005660,TASK82639,Engineering,NDLS-GZB,2026-08-18 01:15,2026-08-18 03:41,Bridge Inspection Block,Completed
BR005661,TASK61249,Engineering,NDLS-JHS,2026-08-18 01:30,2026-08-18 02:57,Traffic Block,Approved
BR005662,TASK72977,Traction,ADI-BRC,2026-08-18 11:15,2026-08-18 12:20,Traction Feed Block,Approved
BR005663,TASK94616,Engineering,BZA-SC,2026-08-18 11:15,2026-08-18 11:48,Track Renewal Block,Approved
BR005664,TASK82371,S&T,SC-NGP,2026-08-18 11:30,2026-08-18 13:08,Cable Block,Rejected
BR005665,TASK10409,S&T,PUNE-CSMT,2026-08-18 11:45,2026-08-18 12:44,Cable Block,Approved
BR005666,TASK14809,Engineering,CNB-ALD,2026-08-18 12:00,2026-08-18 13:26,Traffic Block,Rejected
BR005667,TASK90362,Engineering,VSKP-BZA,2026-08-18 12:15,2026-08-18 14:03,Bridge Inspection Block,Completed
BR005668,TASK45779,Engineering,CSMT-BSR,2026-08-18 13:00,2026-08-18 14:20,Track Renewal Block,Approved
BR005669,TASK24593,Engineering,KGP-VSKP,2026-08-18 13:15,2026-08-18 13:57,Track Renewal Block,Requested
BR005670,TASK61527,S&T,ST-BCT,2026-08-18 13:45,2026-08-18 15:25,Cable Block,Approved
BR005671,TASK12244,S&T,NDLS-UMB,2026-08-18 15:00,2026-08-18 16:55,Signal Maintenance Block,Approved
BR005672,TASK97884,Engineering,BZA-SC,2026-08-18 22:15,2026-08-18 23:20,Non-Interlocking Block,Approved
BR005673,TASK35637,Engineering,ST-BCT,2026-08-18 22:30,2026-08-18 23:30,Track Renewal Block,Approved
BR005674,TASK18144,S&T,CSMT-BSR,2026-08-18 22:30,2026-08-19 01:25,Interlocking Testing Block,Approved
BR005675,TASK48937,Engineering,ADI-BRC,2026-08-18 22:30,2026-08-19 03:24,Track Renewal Block,Approved
BR005676,TASK14563,S&T,NGP-BSP,2026-08-18 23:00,2026-08-19 00:48,Signal Maintenance Block,Approved
BR005677,TASK43233,Traction,BRC-ST,2026-08-18 23:00,2026-08-19 03:24,OHE Maintenance Block,Completed
BR005678,TASK61647,S&T,VSKP-BZA,2026-08-18 23:15,2026-08-19 00:19,Cable Block,Approved
BR005679,TASK89844,Engineering,SC-NGP,2026-08-18 23:45,2026-08-19 01:44,Traffic Block,Approved
BR005680,TASK27599,Traction,PUNE-CSMT,2026-08-19 00:00,2026-08-19 01:53,OHE Maintenance Block,Completed
BR005681,TASK67242,Engineering,JU-JP,2026-08-19 00:00,2026-08-19 04:44,Track Renewal Block,Approved
BR005682,TASK17119,Engineering,NDLS-JHS,2026-08-19 00:15,2026-08-19 05:00,Bridge Inspection Block,Approved
BR005683,TASK39025,Traction,JU-JP,2026-08-19 00:45,2026-08-19 05:31,Power Block,Approved
BR005684,TASK66157,S&T,BRC-ST,2026-08-19 00:45,2026-08-19 05:40,Signal Maintenance Block,Completed
BR005685,TASK99923,S&T,PUNE-CSMT,2026-08-19 01:00,2026-08-19 03:34,Signal Maintenance Block,Rejected
BR005686,TASK34843,Engineering,ALD-MGS,2026-08-19 01:00,2026-08-19 02:48,Bridge Inspection Block,Approved
BR005687,TASK47252,Traction,MGS-HWH,2026-08-19 01:00,2026-08-19 02:20,Power Block,Completed
BR005688,TASK79135,Engineering,BSR-BPL,2026-08-19 01:00,2026-08-19 04:03,Non-Interlocking Block,Approved
BR005689,TASK60367,S&T,NGP-BSP,2026-08-19 01:00,2026-08-19 03:55,Interlocking Testing Block,Cancelled
BR005690,TASK13342,Traction,PUNE-CSMT,2026-08-19 01:00,2026-08-19 04:08,OHE Maintenance Block,Approved
BR005691,TASK68483,Engineering,CSMT-BSR,2026-08-19 01:30,2026-08-19 06:11,Track Renewal Block,Approved
BR005692,TASK68949,Engineering,MAS-JTJ,2026-08-19 10:00,2026-08-19 10:52,Track Renewal Block,Cancelled
BR005693,TASK37541,Traction,ALD-MGS,2026-08-19 12:45,2026-08-19 13:41,Traction Feed Block,Approved
BR005694,TASK55917,Engineering,BSP-R,2026-08-19 22:00,2026-08-19 23:55,Bridge Inspection Block,Approved
BR005695,TASK96138,Engineering,BSR-BPL,2026-08-19 22:30,2026-08-20 01:39,Traffic Block,Approved
BR005696,TASK55094,S&T,MAS-JTJ,2026-08-19 22:45,2026-08-20 03:19,Cable Block,Approved
BR005697,TASK22645,S&T,ADI-BRC,2026-08-19 23:15,2026-08-20 00:52,Signal Maintenance Block,Requested
BR005698,TASK39363,S&T,BRC-ST,2026-08-19 23:30,2026-08-20 00:30,Cable Block,Approved
BR005699,TASK36914,Engineering,BSP-R,2026-08-19 23:45,2026-08-20 03:11,Non-Interlocking Block,Rejected
BR005700,TASK95237,Engineering,SC-NGP,2026-08-20 00:00,2026-08-20 04:47,Bridge Inspection Block,Approved
BR005701,TASK35717,S&T,NDLS-GZB,2026-08-20 00:15,2026-08-20 03:46,Cable Block,Approved
BR005702,TASK28296,Engineering,BZA-SC,2026-08-20 00:45,2026-08-20 03:14,Track Renewal Block,Approved
BR005703,TASK49029,Traction,BRC-ST,2026-08-20 01:00,2026-08-20 03:19,Traction Feed Block,Rejected
BR005704,TASK42076,Traction,NGP-BSP,2026-08-20 01:15,2026-08-20 05:15,Power Block,Approved
BR005705,TASK87150,S&T,SC-NGP,2026-08-20 01:30,2026-08-20 03:45,Cable Block,Approved
BR005706,TASK45170,Traction,NDLS-JHS,2026-08-20 01:45,2026-08-20 06:10,Traction Feed Block,Approved
BR005707,TASK19732,S&T,UBL-PUNE,2026-08-20 01:45,2026-08-20 03:22,Cable Block,Cancelled
BR005708,TASK36667,Engineering,VSKP-BZA,2026-08-20 01:45,2026-08-20 05:34,Non-Interlocking Block,Requested
BR005709,TASK16912,Engineering,BRC-ST,2026-08-20 01:45,2026-08-20 06:33,Traffic Block,Approved
BR005710,TASK66566,S&T,MAS-JTJ,2026-08-20 01:45,2026-08-20 02:52,Cable Block,Approved
BR005711,TASK87575,Engineering,HWH-KGP,2026-08-20 10:30,2026-08-20 11:49,Track Renewal Block,Requested
BR005712,TASK76948,Engineering,KGP-VSKP,2026-08-20 10:45,2026-08-20 11:50,Non-Interlocking Block,Approved
BR005713,TASK49700,Engineering,HWH-KGP,2026-08-20 13:30,2026-08-20 14:29,Bridge Inspection Block,Approved
BR005714,TASK71994,S&T,CSMT-BSR,2026-08-20 14:15,2026-08-20 15:07,Signal Maintenance Block,Rejected
BR005715,TASK45845,Engineering,MGS-HWH,2026-08-20 14:30,2026-08-20 15:47,Traffic Block,Completed
BR005716,TASK49783,S&T,ALD-MGS,2026-08-20 14:30,2026-08-20 15:38,Signal Maintenance Block,Completed
BR005717,TASK46178,Engineering,BPL-JHS,2026-08-20 22:15,2026-08-21 00:41,Non-Interlocking Block,Requested
BR005718,TASK27639,S&T,VSKP-BZA,2026-08-20 22:15,2026-08-20 23:22,Interlocking Testing Block,Approved
BR005719,TASK13346,S&T,KGP-VSKP,2026-08-20 22:45,2026-08-21 00:09,Cable Block,Approved
BR005720,TASK79432,S&T,SBC-UBL,2026-08-20 23:00,2026-08-21 01:30,Interlocking Testing Block,Approved
BR005721,TASK37719,Traction,BZA-MAS,2026-08-20 23:00,2026-08-21 00:32,Traction Feed Block,Approved
BR005722,TASK12167,S&T,BZA-MAS,2026-08-20 23:45,2026-08-21 01:22,Signal Maintenance Block,Requested
BR005723,TASK26606,S&T,SBC-MAS,2026-08-20 23:45,2026-08-21 02:32,Interlocking Testing Block,Rejected
BR005724,TASK68521,S&T,CSMT-BSR,2026-08-20 23:45,2026-08-21 02:51,Cable Block,Cancelled
BR005725,TASK86822,Engineering,SBC-MAS,2026-08-21 00:00,2026-08-21 02:35,Track Renewal Block,Approved
BR005726,TASK92277,Engineering,NJP-GHY,2026-08-21 00:00,2026-08-21 01:00,Bridge Inspection Block,Approved
BR005727,TASK61517,S&T,JP-ADI,2026-08-21 00:00,2026-08-21 04:46,Interlocking Testing Block,Requested
BR005728,TASK80919,Engineering,HWH-KGP,2026-08-21 00:15,2026-08-21 02:36,Non-Interlocking Block,Approved
BR005729,TASK37298,Traction,NGP-BSP,2026-08-21 00:30,2026-08-21 03:06,OHE Maintenance Block,Rejected
BR005730,TASK64677,Traction,ADI-BRC,2026-08-21 00:30,2026-08-21 02:52,OHE Maintenance Block,Approved
BR005731,TASK11053,Engineering,BSP-R,2026-08-21 00:45,2026-08-21 03:10,Track Renewal Block,Approved
BR005732,TASK23471,Engineering,NDLS-ASR,2026-08-21 01:45,2026-08-21 05:16,Bridge Inspection Block,Completed
BR005733,TASK89711,Engineering,NGP-BSP,2026-08-21 01:45,2026-08-21 06:16,Non-Interlocking Block,Approved
BR005734,TASK88067,S&T,GZB-CNB,2026-08-21 01:45,2026-08-21 03:24,Interlocking Testing Block,Completed
BR005735,TASK10314,S&T,BZA-MAS,2026-08-21 10:30,2026-08-21 11:37,Signal Maintenance Block,Requested
BR005736,TASK12810,Engineering,ADI-BRC,2026-08-21 11:00,2026-08-21 12:30,Bridge Inspection Block,Completed
BR005737,TASK37247,Engineering,HWH-KGP,2026-08-21 14:45,2026-08-21 15:23,Non-Interlocking Block,Approved
BR005738,TASK77780,Traction,HWH-KGP,2026-08-21 15:00,2026-08-21 16:37,Power Block,Requested
BR005739,TASK50992,S&T,HWH-KGP,2026-08-21 22:00,2026-08-21 23:04,Interlocking Testing Block,Rejected
BR005740,TASK39244,S&T,JTJ-SBC,2026-08-21 22:00,2026-08-22 00:55,Signal Maintenance Block,Approved
BR005741,TASK21363,Traction,NDLS-JHS,2026-08-21 22:00,2026-08-22 01:23,OHE Maintenance Block,Rejected
BR005742,TASK15601,Engineering,MAS-JTJ,2026-08-21 22:15,2026-08-22 02:37,Bridge Inspection Block,Requested
BR005743,TASK83610,S&T,ALD-MGS,2026-08-21 22:30,2026-08-22 02:21,Interlocking Testing Block,Approved
BR005744,TASK46122,Engineering,CSMT-BSR,2026-08-21 23:00,2026-08-22 03:24,Track Renewal Block,Requested
BR005745,TASK62983,Engineering,BZA-MAS,2026-08-21 23:00,2026-08-22 00:04,Non-Interlocking Block,Approved
BR005746,TASK99928,Engineering,NDLS-ASR,2026-08-21 23:15,2026-08-22 00:20,Track Renewal Block,Approved
BR005747,TASK24283,S&T,MGS-HWH,2026-08-21 23:30,2026-08-22 02:00,Interlocking Testing Block,Approved
BR005748,TASK68864,Traction,BPL-JHS,2026-08-21 23:30,2026-08-22 03:56,Traction Feed Block,Approved
BR005749,TASK57123,Traction,KGP-VSKP,2026-08-21 23:30,2026-08-22 00:52,Traction Feed Block,Approved
BR005750,TASK71170,Traction,HWH-KGP,2026-08-21 23:45,2026-08-22 01:55,OHE Maintenance Block,Approved
BR005751,TASK96989,Engineering,GZB-CNB,2026-08-22 00:00,2026-08-22 03:02,Bridge Inspection Block,Requested
BR005752,TASK20750,Engineering,NDLS-ASR,2026-08-22 00:00,2026-08-22 03:47,Non-Interlocking Block,Approved
BR005753,TASK87627,Traction,MGS-HWH,2026-08-22 00:00,2026-08-22 03:22,Traction Feed Block,Approved
BR005754,TASK84937,S&T,VSKP-BZA,2026-08-22 00:00,2026-08-22 02:42,Signal Maintenance Block,Approved
BR005755,TASK91060,S&T,JP-ADI,2026-08-22 00:00,2026-08-22 04:17,Cable Block,Approved
BR005756,TASK13406,Traction,BSR-BPL,2026-08-22 00:15,2026-08-22 01:50,Traction Feed Block,Approved
BR005757,TASK85561,Traction,BSP-R,2026-08-22 00:45,2026-08-22 04:04,Traction Feed Block,Requested
BR005758,TASK36117,S&T,BPL-JHS,2026-08-22 01:00,2026-08-22 05:12,Cable Block,Requested
BR005759,TASK41624,Engineering,BZA-MAS,2026-08-22 01:30,2026-08-22 02:43,Traffic Block,Approved
BR005760,TASK75337,S&T,CSMT-BSR,2026-08-22 01:45,2026-08-22 04:42,Cable Block,Approved
BR005761,TASK35178,S&T,MGS-HWH,2026-08-22 13:00,2026-08-22 13:45,Interlocking Testing Block,Approved
BR005762,TASK22481,Traction,BZA-MAS,2026-08-22 13:15,2026-08-22 14:53,Power Block,Approved
BR005763,TASK78635,S&T,NDLS-GZB,2026-08-22 13:45,2026-08-22 14:45,Signal Maintenance Block,Approved
BR005764,TASK70107,Engineering,NDLS-GZB,2026-08-22 22:30,2026-08-23 02:17,Non-Interlocking Block,Approved
BR005765,TASK17838,Engineering,NDLS-UMB,2026-08-22 22:30,2026-08-23 02:19,Bridge Inspection Block,Approved
BR005766,TASK92699,Engineering,SC-NGP,2026-08-22 22:30,2026-08-23 01:27,Traffic Block,Approved
BR005767,TASK66061,S&T,JTJ-SBC,2026-08-22 22:30,2026-08-23 03:02,Signal Maintenance Block,Approved
BR005768,TASK47230,Engineering,HWH-KGP,2026-08-22 22:30,2026-08-23 01:53,Bridge Inspection Block,Approved
BR005769,TASK86898,Engineering,NGP-BSP,2026-08-22 22:30,2026-08-23 00:34,Traffic Block,Requested
BR005770,TASK56815,S&T,JTJ-SBC,2026-08-22 22:45,2026-08-23 02:48,Signal Maintenance Block,Rejected
BR005771,TASK43879,Engineering,PUNE-CSMT,2026-08-22 22:45,2026-08-23 03:24,Traffic Block,Approved
BR005772,TASK65875,S&T,ST-BCT,2026-08-22 23:15,2026-08-23 00:37,Interlocking Testing Block,Cancelled
BR005773,TASK64301,Engineering,BSR-BPL,2026-08-22 23:45,2026-08-23 02:57,Track Renewal Block,Approved
BR005774,TASK96527,S&T,NDLS-JHS,2026-08-22 23:45,2026-08-23 00:48,Cable Block,Completed
BR005775,TASK50178,S&T,HWH-KGP,2026-08-23 00:15,2026-08-23 02:12,Cable Block,Requested
BR005776,TASK28885,Traction,CSMT-BSR,2026-08-23 00:15,2026-08-23 04:13,Power Block,Cancelled
BR005777,TASK55809,Engineering,NDLS-UMB,2026-08-23 00:15,2026-08-23 03:23,Non-Interlocking Block,Completed
BR005778,TASK33390,Traction,ALD-MGS,2026-08-23 00:30,2026-08-23 04:25,Power Block,Approved
BR005779,TASK74614,S&T,KGP-VSKP,2026-08-23 00:45,2026-08-23 01:51,Signal Maintenance Block,Approved
BR005780,TASK96968,Engineering,CNB-ALD,2026-08-23 00:45,2026-08-23 02:16,Traffic Block,Completed
BR005781,TASK95910,Engineering,ALD-MGS,2026-08-23 01:30,2026-08-23 03:31,Traffic Block,Completed
BR005782,TASK33863,S&T,MGS-HWH,2026-08-23 11:30,2026-08-23 13:09,Cable Block,Approved
BR005783,TASK99176,Traction,MGS-HWH,2026-08-23 11:45,2026-08-23 12:21,Traction Feed Block,Requested
BR005784,TASK17492,S&T,BSP-R,2026-08-23 12:15,2026-08-23 13:48,Signal Maintenance Block,Approved
BR005785,TASK89565,S&T,NDLS-UMB,2026-08-23 12:45,2026-08-23 14:43,Cable Block,Approved
BR005786,TASK98669,S&T,KGP-VSKP,2026-08-23 13:00,2026-08-23 14:11,Interlocking Testing Block,Rejected
BR005787,TASK14114,Engineering,BZA-MAS,2026-08-23 15:00,2026-08-23 16:22,Traffic Block,Approved
BR005788,TASK35236,Traction,VSKP-BZA,2026-08-23 15:00,2026-08-23 16:34,OHE Maintenance Block,Approved
BR005789,TASK26270,Engineering,JP-ADI,2026-08-23 15:15,2026-08-23 16:48,Non-Interlocking Block,Completed
BR005790,TASK37310,S&T,VSKP-BZA,2026-08-23 22:30,2026-08-24 03:28,Cable Block,Approved
BR005791,TASK37099,Traction,BRC-ST,2026-08-23 22:30,2026-08-24 00:22,OHE Maintenance Block,Approved
BR005792,TASK58043,Engineering,SC-NGP,2026-08-23 22:45,2026-08-24 01:09,Track Renewal Block,Completed
BR005793,TASK36387,Traction,BRC-ST,2026-08-23 22:45,2026-08-24 03:32,Traction Feed Block,Approved
BR005794,TASK16313,Engineering,NDLS-ASR,2026-08-23 23:30,2026-08-24 03:46,Bridge Inspection Block,Approved
BR005795,TASK77267,Engineering,NDLS-GZB,2026-08-23 23:30,2026-08-24 02:40,Track Renewal Block,Approved
BR005796,TASK22793,Traction,BSR-BPL,2026-08-23 23:30,2026-08-24 02:34,Traction Feed Block,Requested
BR005797,TASK79904,S&T,JTJ-SBC,2026-08-23 23:45,2026-08-24 01:22,Cable Block,Completed
BR005798,TASK21305,Engineering,ADI-BRC,2026-08-23 23:45,2026-08-24 02:40,Bridge Inspection Block,Approved
BR005799,TASK52855,Engineering,ALD-MGS,2026-08-24 00:00,2026-08-24 02:36,Bridge Inspection Block,Approved
BR005800,TASK22542,Engineering,ADI-BRC,2026-08-24 00:15,2026-08-24 03:14,Non-Interlocking Block,Requested
BR005801,TASK30368,Engineering,BSR-BPL,2026-08-24 00:30,2026-08-24 02:09,Traffic Block,Requested
BR005802,TASK90948,Engineering,BSR-BPL,2026-08-24 00:30,2026-08-24 03:27,Non-Interlocking Block,Approved
BR005803,TASK79073,S&T,SC-NGP,2026-08-24 00:30,2026-08-24 02:03,Interlocking Testing Block,Approved
BR005804,TASK11326,S&T,CSMT-BSR,2026-08-24 00:30,2026-08-24 04:41,Interlocking Testing Block,Approved
BR005805,TASK69567,Engineering,NDLS-ASR,2026-08-24 00:45,2026-08-24 03:45,Non-Interlocking Block,Rejected
BR005806,TASK30110,Traction,BSR-BPL,2026-08-24 01:15,2026-08-24 06:07,Power Block,Approved
BR005807,TASK39265,Engineering,NDLS-JHS,2026-08-24 01:30,2026-08-24 02:32,Bridge Inspection Block,Approved
BR005808,TASK87571,Traction,NDLS-ASR,2026-08-24 01:45,2026-08-24 05:53,OHE Maintenance Block,Cancelled
BR005809,TASK33661,Traction,NDLS-ASR,2026-08-24 10:00,2026-08-24 10:44,Power Block,Rejected
BR005810,TASK55574,Engineering,HWH-NJP,2026-08-24 10:15,2026-08-24 10:57,Bridge Inspection Block,Cancelled
BR005811,TASK21405,Engineering,CSMT-BSR,2026-08-24 12:45,2026-08-24 13:36,Traffic Block,Approved
BR005812,TASK45704,Traction,PUNE-CSMT,2026-08-24 13:00,2026-08-24 14:06,Power Block,Requested
BR005813,TASK19028,Engineering,SC-NGP,2026-08-24 13:30,2026-08-24 14:40,Traffic Block,Rejected
BR005814,TASK53769,Engineering,SBC-MAS,2026-08-24 15:30,2026-08-24 16:20,Track Renewal Block,Requested
BR005815,TASK76474,S&T,NDLS-GZB,2026-08-24 22:00,2026-08-25 00:00,Signal Maintenance Block,Approved
BR005816,TASK33391,S&T,PUNE-CSMT,2026-08-24 22:00,2026-08-24 23:16,Signal Maintenance Block,Approved
BR005817,TASK55309,Engineering,GZB-CNB,2026-08-24 22:30,2026-08-25 02:19,Traffic Block,Approved
BR005818,TASK82804,S&T,CNB-ALD,2026-08-24 22:30,2026-08-25 03:04,Interlocking Testing Block,Approved
BR005819,TASK50231,Traction,DLI-JU,2026-08-24 22:45,2026-08-25 02:06,Power Block,Approved
BR005820,TASK35374,Traction,CSMT-BSR,2026-08-24 23:00,2026-08-25 02:35,Power Block,Rejected
BR005821,TASK16466,Traction,MGS-HWH,2026-08-24 23:00,2026-08-25 03:03,OHE Maintenance Block,Approved
BR005822,TASK96681,S&T,NGP-BSP,2026-08-24 23:15,2026-08-25 00:50,Cable Block,Rejected
BR005823,TASK16859,Engineering,DLI-JU,2026-08-24 23:30,2026-08-25 04:25,Bridge Inspection Block,Requested
BR005824,TASK44409,S&T,JU-JP,2026-08-25 01:00,2026-08-25 03:58,Cable Block,Requested
BR005825,TASK71368,Traction,NDLS-GZB,2026-08-25 01:00,2026-08-25 04:42,Traction Feed Block,Requested
BR005826,TASK40877,Engineering,MAS-JTJ,2026-08-25 01:00,2026-08-25 05:02,Traffic Block,Requested
BR005827,TASK67595,Engineering,BZA-MAS,2026-08-25 01:15,2026-08-25 05:46,Traffic Block,Requested
BR005828,TASK79580,Engineering,JTJ-SBC,2026-08-25 01:30,2026-08-25 02:40,Track Renewal Block,Approved
BR005829,TASK83889,Traction,HWH-KGP,2026-08-25 01:30,2026-08-25 04:00,Traction Feed Block,Cancelled
BR005830,TASK52493,S&T,UBL-PUNE,2026-08-25 10:15,2026-08-25 11:11,Signal Maintenance Block,Approved
BR005831,TASK31864,Engineering,BZA-SC,2026-08-25 10:45,2026-08-25 12:35,Traffic Block,Approved
BR005832,TASK82045,Traction,KGP-VSKP,2026-08-25 10:45,2026-08-25 12:30,Power Block,Approved
BR005833,TASK41430,S&T,BZA-MAS,2026-08-25 12:00,2026-08-25 13:44,Cable Block,Requested
BR005834,TASK31584,Engineering,ST-BCT,2026-08-25 12:15,2026-08-25 13:07,Traffic Block,Approved
BR005835,TASK70811,S&T,NDLS-UMB,2026-08-25 12:15,2026-08-25 14:11,Signal Maintenance Block,Approved
BR005836,TASK30635,Engineering,CSMT-BSR,2026-08-25 12:15,2026-08-25 13:01,Track Renewal Block,Approved
BR005837,TASK22052,Engineering,NJP-GHY,2026-08-25 12:30,2026-08-25 13:09,Track Renewal Block,Approved
BR005838,TASK59233,Traction,CSMT-BSR,2026-08-25 13:15,2026-08-25 14:51,Traction Feed Block,Cancelled
BR005839,TASK82793,Engineering,BZA-MAS,2026-08-25 22:00,2026-08-26 00:06,Non-Interlocking Block,Approved
BR005840,TASK43259,Engineering,MGS-HWH,2026-08-25 22:00,2026-08-26 02:30,Bridge Inspection Block,Requested
BR005841,TASK49039,Traction,VSKP-BZA,2026-08-25 22:15,2026-08-26 01:58,Traction Feed Block,Approved
BR005842,TASK67241,Engineering,VSKP-BZA,2026-08-25 22:15,2026-08-26 01:25,Non-Interlocking Block,Approved
BR005843,TASK97331,Engineering,CNB-ALD,2026-08-25 22:45,2026-08-26 02:30,Bridge Inspection Block,Approved
BR005844,TASK98575,S&T,BZA-SC,2026-08-25 23:00,2026-08-26 01:00,Interlocking Testing Block,Requested
BR005845,TASK54327,Traction,HWH-KGP,2026-08-25 23:15,2026-08-26 03:23,OHE Maintenance Block,Completed
BR005846,TASK16485,Engineering,MGS-HWH,2026-08-25 23:30,2026-08-26 00:48,Traffic Block,Approved
BR005847,TASK61887,Traction,NDLS-JHS,2026-08-25 23:45,2026-08-26 04:13,OHE Maintenance Block,Approved
BR005848,TASK42507,Traction,NGP-BSP,2026-08-26 00:30,2026-08-26 01:38,OHE Maintenance Block,Approved
BR005849,TASK11432,S&T,PUNE-CSMT,2026-08-26 00:45,2026-08-26 01:46,Cable Block,Approved
BR005850,TASK11655,S&T,BPL-JHS,2026-08-26 00:45,2026-08-26 05:07,Signal Maintenance Block,Approved
BR005851,TASK46982,Traction,CSMT-BSR,2026-08-26 00:45,2026-08-26 04:32,Power Block,Requested
BR005852,TASK32220,S&T,BZA-SC,2026-08-26 00:45,2026-08-26 02:16,Cable Block,Cancelled
BR005853,TASK15708,Traction,JTJ-SBC,2026-08-26 01:00,2026-08-26 02:25,OHE Maintenance Block,Requested
BR005854,TASK90860,Engineering,CSMT-BSR,2026-08-26 01:00,2026-08-26 04:17,Traffic Block,Requested
BR005855,TASK32238,Engineering,SBC-UBL,2026-08-26 01:30,2026-08-26 03:55,Traffic Block,Approved
BR005856,TASK15443,Traction,ST-BCT,2026-08-26 01:30,2026-08-26 04:15,Traction Feed Block,Requested
BR005857,TASK16119,Engineering,MAS-JTJ,2026-08-26 01:45,2026-08-26 05:15,Traffic Block,Approved
BR005858,TASK68716,S&T,CNB-ALD,2026-08-26 01:45,2026-08-26 04:09,Signal Maintenance Block,Approved
BR005859,TASK90111,Engineering,MGS-HWH,2026-08-26 10:15,2026-08-26 11:08,Bridge Inspection Block,Approved
BR005860,TASK90186,Traction,CSMT-BSR,2026-08-26 14:30,2026-08-26 15:58,Traction Feed Block,Approved
BR005861,TASK49452,Engineering,ALD-MGS,2026-08-26 14:45,2026-08-26 16:12,Track Renewal Block,Approved
BR005862,TASK20294,Traction,VSKP-BZA,2026-08-26 15:45,2026-08-26 16:34,OHE Maintenance Block,Completed
BR005863,TASK45063,Engineering,MGS-HWH,2026-08-26 22:00,2026-08-27 02:11,Track Renewal Block,Approved
BR005864,TASK58433,Traction,BPL-JHS,2026-08-26 22:15,2026-08-27 03:13,Traction Feed Block,Completed
BR005865,TASK18103,Traction,MAS-JTJ,2026-08-26 22:15,2026-08-27 00:30,Power Block,Completed
BR005866,TASK91612,Engineering,JU-JP,2026-08-26 23:00,2026-08-27 01:47,Bridge Inspection Block,Requested
BR005867,TASK93753,S&T,GZB-CNB,2026-08-26 23:45,2026-08-27 01:27,Signal Maintenance Block,Approved
BR005868,TASK11737,Traction,CNB-ALD,2026-08-27 00:00,2026-08-27 02:24,OHE Maintenance Block,Approved
BR005869,TASK14076,Traction,NJP-GHY,2026-08-27 00:00,2026-08-27 01:42,Power Block,Completed
BR005870,TASK75115,Engineering,ALD-MGS,2026-08-27 00:00,2026-08-27 03:39,Bridge Inspection Block,Cancelled
BR005871,TASK82927,Engineering,BSR-BPL,2026-08-27 00:00,2026-08-27 04:55,Track Renewal Block,Rejected
BR005872,TASK92269,Engineering,ALD-MGS,2026-08-27 00:00,2026-08-27 02:08,Track Renewal Block,Approved
BR005873,TASK55538,S&T,ST-BCT,2026-08-27 00:15,2026-08-27 02:09,Cable Block,Approved
BR005874,TASK63889,S&T,MGS-HWH,2026-08-27 00:30,2026-08-27 03:51,Cable Block,Approved
BR005875,TASK59307,S&T,ADI-BRC,2026-08-27 00:30,2026-08-27 04:17,Signal Maintenance Block,Rejected
BR005876,TASK93745,Engineering,BSP-R,2026-08-27 00:45,2026-08-27 04:57,Track Renewal Block,Approved
BR005877,TASK12455,Traction,BZA-MAS,2026-08-27 00:45,2026-08-27 03:45,Power Block,Approved
BR005878,TASK80249,Engineering,JTJ-SBC,2026-08-27 01:15,2026-08-27 03:16,Non-Interlocking Block,Approved
BR005879,TASK33622,S&T,MAS-JTJ,2026-08-27 01:15,2026-08-27 04:48,Cable Block,Approved
BR005880,TASK46463,Engineering,MAS-JTJ,2026-08-27 01:30,2026-08-27 04:15,Traffic Block,Approved
BR005881,TASK61473,Engineering,BSP-R,2026-08-27 10:45,2026-08-27 11:23,Track Renewal Block,Approved
BR005882,TASK24047,Traction,SBC-UBL,2026-08-27 11:30,2026-08-27 12:57,Traction Feed Block,Requested
BR005883,TASK68732,Traction,UBL-PUNE,2026-08-27 12:30,2026-08-27 13:28,Traction Feed Block,Completed
BR005884,TASK67210,S&T,CNB-ALD,2026-08-27 15:00,2026-08-27 16:11,Signal Maintenance Block,Approved
BR005885,TASK57166,Traction,BPL-JHS,2026-08-27 15:15,2026-08-27 16:58,Power Block,Approved
BR005886,TASK89715,Engineering,MAS-JTJ,2026-08-27 15:45,2026-08-27 16:46,Non-Interlocking Block,Requested
BR005887,TASK17088,Engineering,CNB-ALD,2026-08-27 22:00,2026-08-28 02:38,Traffic Block,Rejected
BR005888,TASK46903,Engineering,GZB-CNB,2026-08-27 22:00,2026-08-28 01:08,Bridge Inspection Block,Approved
BR005889,TASK91941,Engineering,BSR-BPL,2026-08-27 22:45,2026-08-28 01:36,Non-Interlocking Block,Approved
BR005890,TASK90886,S&T,JTJ-SBC,2026-08-27 23:15,2026-08-28 02:00,Cable Block,Approved
BR005891,TASK52280,S&T,BZA-MAS,2026-08-27 23:30,2026-08-28 03:58,Interlocking Testing Block,Approved
BR005892,TASK77032,Engineering,ALD-MGS,2026-08-27 23:45,2026-08-28 01:13,Non-Interlocking Block,Approved
BR005893,TASK74399,Engineering,ADI-BRC,2026-08-27 23:45,2026-08-28 01:37,Non-Interlocking Block,Approved
BR005894,TASK39112,Traction,ALD-MGS,2026-08-27 23:45,2026-08-28 01:16,Power Block,Completed
BR005895,TASK26008,S&T,MGS-HWH,2026-08-27 23:45,2026-08-28 01:21,Signal Maintenance Block,Approved
BR005896,TASK62985,S&T,NGP-BSP,2026-08-28 00:00,2026-08-28 04:15,Interlocking Testing Block,Approved
BR005897,TASK28567,Engineering,PUNE-CSMT,2026-08-28 00:00,2026-08-28 04:03,Non-Interlocking Block,Approved
BR005898,TASK28613,Engineering,CNB-ALD,2026-08-28 00:00,2026-08-28 01:04,Bridge Inspection Block,Completed
BR005899,TASK22822,Traction,NGP-BSP,2026-08-28 00:15,2026-08-28 02:06,OHE Maintenance Block,Approved
BR005900,TASK95939,Traction,JTJ-SBC,2026-08-28 00:15,2026-08-28 03:46,Traction Feed Block,Completed
BR005901,TASK91723,Engineering,NDLS-JHS,2026-08-28 00:30,2026-08-28 05:29,Traffic Block,Completed
BR005902,TASK65081,S&T,BZA-MAS,2026-08-28 00:30,2026-08-28 02:09,Interlocking Testing Block,Approved
BR005903,TASK32620,Traction,BZA-SC,2026-08-28 01:15,2026-08-28 05:36,OHE Maintenance Block,Approved
BR005904,TASK96677,Engineering,DLI-JU,2026-08-28 01:30,2026-08-28 06:15,Traffic Block,Rejected
BR005905,TASK80800,Traction,HWH-KGP,2026-08-28 01:30,2026-08-28 02:41,Power Block,Approved
BR005906,TASK65616,Traction,NGP-BSP,2026-08-28 12:15,2026-08-28 13:38,OHE Maintenance Block,Requested
BR005907,TASK51993,Traction,GZB-CNB,2026-08-28 12:15,2026-08-28 13:11,OHE Maintenance Block,Requested
BR005908,TASK56144,S&T,SC-NGP,2026-08-28 12:30,2026-08-28 13:22,Interlocking Testing Block,Approved
BR005909,TASK98250,S&T,MAS-JTJ,2026-08-28 12:45,2026-08-28 14:17,Signal Maintenance Block,Requested
BR005910,TASK79330,S&T,NJP-GHY,2026-08-28 22:00,2026-08-29 02:34,Cable Block,Completed
BR005911,TASK22728,S&T,CNB-ALD,2026-08-28 22:00,2026-08-28 23:28,Signal Maintenance Block,Rejected
BR005912,TASK61364,Engineering,VSKP-BZA,2026-08-28 22:30,2026-08-28 23:38,Bridge Inspection Block,Requested
BR005913,TASK97700,S&T,NJP-GHY,2026-08-28 22:45,2026-08-29 03:06,Cable Block,Approved
BR005914,TASK63832,S&T,HWH-KGP,2026-08-28 22:45,2026-08-29 03:16,Signal Maintenance Block,Approved
BR005915,TASK70724,S&T,GZB-CNB,2026-08-28 22:45,2026-08-29 01:34,Cable Block,Approved
BR005916,TASK39986,Traction,GZB-CNB,2026-08-28 22:45,2026-08-29 00:13,OHE Maintenance Block,Approved
BR005917,TASK79945,Engineering,NDLS-ASR,2026-08-28 23:15,2026-08-29 01:21,Traffic Block,Approved
BR005918,TASK62358,Engineering,ALD-MGS,2026-08-28 23:45,2026-08-29 02:58,Traffic Block,Approved
BR005919,TASK82148,S&T,BSR-BPL,2026-08-29 00:00,2026-08-29 01:09,Cable Block,Cancelled
BR005920,TASK83513,Traction,BZA-SC,2026-08-29 00:15,2026-08-29 02:53,Traction Feed Block,Completed
BR005921,TASK58139,Engineering,VSKP-BZA,2026-08-29 00:15,2026-08-29 04:02,Non-Interlocking Block,Cancelled
BR005922,TASK58074,Traction,BRC-ST,2026-08-29 00:30,2026-08-29 02:23,OHE Maintenance Block,Requested
BR005923,TASK96143,S&T,NDLS-JHS,2026-08-29 00:45,2026-08-29 01:48,Cable Block,Approved
BR005924,TASK26286,S&T,MGS-HWH,2026-08-29 01:00,2026-08-29 05:19,Interlocking Testing Block,Approved
BR005925,TASK46960,Engineering,BSR-BPL,2026-08-29 01:00,2026-08-29 04:01,Non-Interlocking Block,Approved
BR005926,TASK64243,Engineering,NDLS-ASR,2026-08-29 01:15,2026-08-29 04:06,Traffic Block,Rejected
BR005927,TASK92191,Traction,ALD-MGS,2026-08-29 01:30,2026-08-29 04:49,Traction Feed Block,Requested
BR005928,TASK25769,S&T,BPL-JHS,2026-08-29 01:45,2026-08-29 02:59,Cable Block,Approved
BR005929,TASK52396,Traction,UBL-PUNE,2026-08-29 11:15,2026-08-29 11:47,OHE Maintenance Block,Approved
BR005930,TASK35078,Traction,CSMT-BSR,2026-08-29 11:45,2026-08-29 12:50,Traction Feed Block,Requested
BR005931,TASK36706,Engineering,SC-NGP,2026-08-29 12:30,2026-08-29 14:00,Bridge Inspection Block,Approved
BR005932,TASK26415,Traction,SBC-UBL,2026-08-29 22:00,2026-08-30 02:27,Power Block,Requested
BR005933,TASK51914,Engineering,ST-BCT,2026-08-29 22:30,2026-08-30 02:21,Traffic Block,Approved
BR005934,TASK39275,S&T,UBL-PUNE,2026-08-29 22:30,2026-08-29 23:32,Interlocking Testing Block,Approved
BR005935,TASK79320,Engineering,NDLS-JHS,2026-08-29 22:30,2026-08-29 23:32,Non-Interlocking Block,Cancelled
BR005936,TASK17088,S&T,BZA-MAS,2026-08-29 22:45,2026-08-30 03:20,Interlocking Testing Block,Approved
BR005937,TASK89846,S&T,BZA-SC,2026-08-29 22:45,2026-08-30 03:20,Signal Maintenance Block,Approved
BR005938,TASK71227,Engineering,ALD-MGS,2026-08-29 23:00,2026-08-30 00:24,Traffic Block,Approved
BR005939,TASK49274,Engineering,BRC-ST,2026-08-29 23:00,2026-08-30 01:27,Track Renewal Block,Approved
BR005940,TASK12449,S&T,NDLS-ASR,2026-08-29 23:15,2026-08-30 00:41,Interlocking Testing Block,Approved
BR005941,TASK53803,Engineering,JTJ-SBC,2026-08-29 23:15,2026-08-30 01:44,Bridge Inspection Block,Completed
BR005942,TASK51382,Engineering,ST-BCT,2026-08-29 23:15,2026-08-30 02:12,Track Renewal Block,Approved
BR005943,TASK56901,S&T,NJP-GHY,2026-08-29 23:30,2026-08-30 00:38,Cable Block,Requested
BR005944,TASK53426,Traction,NDLS-UMB,2026-08-30 00:00,2026-08-30 04:06,OHE Maintenance Block,Approved
BR005945,TASK50519,S&T,BZA-MAS,2026-08-30 00:15,2026-08-30 04:43,Signal Maintenance Block,Completed
BR005946,TASK18104,Traction,UBL-PUNE,2026-08-30 00:15,2026-08-30 03:54,Traction Feed Block,Requested
BR005947,TASK42132,Engineering,BPL-JHS,2026-08-30 00:30,2026-08-30 02:31,Traffic Block,Rejected
BR005948,TASK76136,Engineering,CNB-ALD,2026-08-30 00:45,2026-08-30 03:11,Bridge Inspection Block,Approved
BR005949,TASK90523,Traction,HWH-KGP,2026-08-30 01:00,2026-08-30 04:13,OHE Maintenance Block,Completed
BR005950,TASK29715,Traction,NDLS-ASR,2026-08-30 01:45,2026-08-30 05:32,OHE Maintenance Block,Approved
BR005951,TASK64822,Traction,BRC-ST,2026-08-30 01:45,2026-08-30 05:47,OHE Maintenance Block,Completed
BR005952,TASK37157,Traction,BSP-R,2026-08-30 10:30,2026-08-30 11:00,Power Block,Approved
BR005953,TASK24106,S&T,NDLS-UMB,2026-08-30 11:00,2026-08-30 11:46,Signal Maintenance Block,Approved
BR005954,TASK86621,Engineering,BZA-MAS,2026-08-30 12:00,2026-08-30 12:58,Track Renewal Block,Approved
BR005955,TASK38943,Engineering,UBL-PUNE,2026-08-30 12:15,2026-08-30 12:46,Traffic Block,Approved
BR005956,TASK82713,Traction,HWH-NJP,2026-08-30 13:45,2026-08-30 15:07,Traction Feed Block,Completed
BR005957,TASK56954,Engineering,ST-BCT,2026-08-30 14:15,2026-08-30 14:53,Track Renewal Block,Requested
BR005958,TASK88513,S&T,NJP-GHY,2026-08-30 14:45,2026-08-30 15:18,Cable Block,Requested
BR005959,TASK16703,Engineering,JTJ-SBC,2026-08-30 15:00,2026-08-30 15:45,Bridge Inspection Block,Requested
BR005960,TASK93611,Traction,ST-BCT,2026-08-30 22:00,2026-08-31 00:04,Power Block,Approved
BR005961,TASK28731,Engineering,BRC-ST,2026-08-30 22:15,2026-08-31 01:38,Traffic Block,Completed
BR005962,TASK32213,S&T,ADI-BRC,2026-08-30 22:15,2026-08-31 02:08,Interlocking Testing Block,Approved
BR005963,TASK63066,Traction,ADI-BRC,2026-08-30 22:30,2026-08-30 23:32,Power Block,Approved
BR005964,TASK39556,S&T,UBL-PUNE,2026-08-30 22:30,2026-08-30 23:52,Cable Block,Approved
BR005965,TASK56589,Engineering,ADI-BRC,2026-08-30 22:45,2026-08-31 00:28,Traffic Block,Approved
BR005966,TASK76730,S&T,PUNE-CSMT,2026-08-30 22:45,2026-08-31 00:35,Cable Block,Approved
BR005967,TASK86713,S&T,HWH-KGP,2026-08-30 23:00,2026-08-31 01:24,Cable Block,Approved
BR005968,TASK63830,Engineering,ST-BCT,2026-08-30 23:00,2026-08-31 01:21,Bridge Inspection Block,Approved
BR005969,TASK26697,S&T,BSR-BPL,2026-08-30 23:15,2026-08-31 00:26,Interlocking Testing Block,Completed
BR005970,TASK33861,S&T,BZA-SC,2026-08-30 23:30,2026-08-31 03:07,Cable Block,Completed
BR005971,TASK65926,Engineering,SC-NGP,2026-08-30 23:45,2026-08-31 03:09,Track Renewal Block,Approved
BR005972,TASK60328,S&T,BRC-ST,2026-08-31 00:00,2026-08-31 03:36,Cable Block,Completed
BR005973,TASK51814,Traction,CSMT-BSR,2026-08-31 00:30,2026-08-31 02:17,Traction Feed Block,Requested
BR005974,TASK95871,Engineering,CNB-ALD,2026-08-31 00:30,2026-08-31 01:56,Track Renewal Block,Approved
BR005975,TASK91926,Engineering,GZB-CNB,2026-08-31 00:45,2026-08-31 04:04,Bridge Inspection Block,Completed
BR005976,TASK17554,Engineering,ST-BCT,2026-08-31 01:00,2026-08-31 02:17,Traffic Block,Rejected
BR005977,TASK99725,Engineering,ADI-BRC,2026-08-31 01:00,2026-08-31 05:54,Bridge Inspection Block,Requested
BR005978,TASK47300,S&T,NDLS-JHS,2026-08-31 01:15,2026-08-31 03:22,Cable Block,Approved
BR005979,TASK93175,Engineering,NDLS-ASR,2026-08-31 01:30,2026-08-31 03:22,Non-Interlocking Block,Approved
BR005980,TASK73723,S&T,DLI-JU,2026-08-31 01:45,2026-08-31 04:03,Interlocking Testing Block,Approved
BR005981,TASK21028,S&T,HWH-KGP,2026-08-31 10:15,2026-08-31 11:53,Signal Maintenance Block,Approved
BR005982,TASK82671,Engineering,NGP-BSP,2026-08-31 11:00,2026-08-31 12:14,Track Renewal Block,Requested
BR005983,TASK40789,S&T,ALD-MGS,2026-08-31 22:00,2026-09-01 02:40,Signal Maintenance Block,Approved
BR005984,TASK34747,S&T,CNB-ALD,2026-08-31 22:45,2026-09-01 00:49,Interlocking Testing Block,Approved
BR005985,TASK60130,S&T,NGP-BSP,2026-08-31 22:45,2026-08-31 23:57,Interlocking Testing Block,Rejected
BR005986,TASK57715,Engineering,ALD-MGS,2026-08-31 23:30,2026-09-01 02:10,Traffic Block,Completed
BR005987,TASK50183,S&T,BZA-MAS,2026-08-31 23:30,2026-09-01 01:27,Interlocking Testing Block,Rejected
BR005988,TASK78734,S&T,MGS-HWH,2026-08-31 23:30,2026-09-01 01:42,Signal Maintenance Block,Completed
BR005989,TASK57884,Engineering,BZA-MAS,2026-09-01 00:00,2026-09-01 01:06,Bridge Inspection Block,Requested
BR005990,TASK15621,Traction,HWH-KGP,2026-09-01 00:30,2026-09-01 04:37,OHE Maintenance Block,Completed
BR005991,TASK35758,S&T,VSKP-BZA,2026-09-01 00:45,2026-09-01 02:43,Cable Block,Approved
BR005992,TASK46296,Engineering,NGP-BSP,2026-09-01 01:00,2026-09-01 03:30,Traffic Block,Approved
BR005993,TASK97945,Traction,SBC-UBL,2026-09-01 01:00,2026-09-01 02:17,OHE Maintenance Block,Cancelled
BR005994,TASK52398,S&T,ST-BCT,2026-09-01 01:00,2026-09-01 04:56,Cable Block,Approved
BR005995,TASK76269,Engineering,KGP-VSKP,2026-09-01 01:00,2026-09-01 05:35,Non-Interlocking Block,Approved
BR005996,TASK36409,S&T,ADI-BRC,2026-09-01 01:00,2026-09-01 04:19,Signal Maintenance Block,Cancelled
BR005997,TASK31650,S&T,NDLS-UMB,2026-09-01 01:15,2026-09-01 05:06,Cable Block,Rejected
BR005998,TASK89571,Engineering,NDLS-ASR,2026-09-01 01:45,2026-09-01 06:23,Non-Interlocking Block,Approved
BR005999,TASK89881,Traction,ADI-BRC,2026-09-01 10:45,2026-09-01 12:23,OHE Maintenance Block,Approved
BR006000,TASK15129,S&T,HWH-KGP,2026-09-01 10:45,2026-09-01 11:58,Cable Block,Approved
BR006001,TASK74652,Engineering,HWH-KGP,2026-09-01 13:00,2026-09-01 14:58,Track Renewal Block,Approved
BR006002,TASK62060,Traction,DLI-JU,2026-09-01 22:00,2026-09-01 23:11,Power Block,Approved
BR006003,TASK34501,S&T,GZB-CNB,2026-09-01 22:15,2026-09-02 00:04,Cable Block,Completed
BR006004,TASK54187,Traction,UBL-PUNE,2026-09-01 22:15,2026-09-01 23:45,Power Block,Cancelled
BR006005,TASK98966,Engineering,CNB-ALD,2026-09-01 22:15,2026-09-02 00:34,Track Renewal Block,Completed
BR006006,TASK41091,S&T,JU-JP,2026-09-01 22:45,2026-09-02 02:23,Interlocking Testing Block,Rejected
BR006007,TASK90407,Engineering,NDLS-JHS,2026-09-01 23:00,2026-09-02 01:04,Non-Interlocking Block,Requested
BR006008,TASK82357,Traction,MGS-HWH,2026-09-01 23:00,2026-09-02 02:43,Power Block,Approved
BR006009,TASK95732,Traction,ADI-BRC,2026-09-01 23:00,2026-09-02 00:05,OHE Maintenance Block,Completed
BR006010,TASK77252,Traction,ADI-BRC,2026-09-01 23:30,2026-09-02 02:01,Traction Feed Block,Approved
BR006011,TASK34934,Traction,NDLS-UMB,2026-09-01 23:45,2026-09-02 01:52,Power Block,Requested
BR006012,TASK33204,S&T,BRC-ST,2026-09-02 00:30,2026-09-02 02:31,Signal Maintenance Block,Approved
BR006013,TASK37274,Traction,JU-JP,2026-09-02 00:45,2026-09-02 03:13,Power Block,Approved
BR006014,TASK63245,Traction,CSMT-BSR,2026-09-02 00:45,2026-09-02 03:56,Power Block,Rejected
BR006015,TASK39574,Engineering,UBL-PUNE,2026-09-02 00:45,2026-09-02 03:01,Traffic Block,Requested
BR006016,TASK12260,Traction,NDLS-ASR,2026-09-02 10:00,2026-09-02 11:44,OHE Maintenance Block,Approved
BR006017,TASK11302,Engineering,MGS-HWH,2026-09-02 12:00,2026-09-02 12:54,Traffic Block,Completed
BR006018,TASK16515,S&T,CSMT-BSR,2026-09-02 22:00,2026-09-03 02:33,Interlocking Testing Block,Requested
BR006019,TASK67684,Traction,NDLS-GZB,2026-09-02 22:00,2026-09-02 23:45,OHE Maintenance Block,Approved
BR006020,TASK88407,Traction,NDLS-ASR,2026-09-02 22:00,2026-09-03 02:13,OHE Maintenance Block,Completed
BR006021,TASK23667,S&T,NDLS-GZB,2026-09-02 22:00,2026-09-03 01:03,Cable Block,Approved
BR006022,TASK40126,Engineering,SBC-UBL,2026-09-02 22:00,2026-09-02 23:02,Non-Interlocking Block,Approved
BR006023,TASK55508,Engineering,BZA-MAS,2026-09-02 22:15,2026-09-03 00:10,Bridge Inspection Block,Requested
BR006024,TASK31967,Traction,KGP-VSKP,2026-09-02 22:30,2026-09-03 01:01,Traction Feed Block,Approved
BR006025,TASK10809,S&T,NJP-GHY,2026-09-02 22:45,2026-09-03 02:30,Interlocking Testing Block,Requested
BR006026,TASK19286,S&T,VSKP-BZA,2026-09-02 22:45,2026-09-03 03:37,Cable Block,Requested
BR006027,TASK23801,Engineering,SBC-MAS,2026-09-02 22:45,2026-09-03 01:59,Non-Interlocking Block,Requested
BR006028,TASK69986,Traction,NDLS-ASR,2026-09-02 23:00,2026-09-03 02:32,Power Block,Approved
BR006029,TASK66567,Engineering,MGS-HWH,2026-09-02 23:30,2026-09-03 02:33,Traffic Block,Approved
BR006030,TASK56562,Traction,GZB-CNB,2026-09-02 23:30,2026-09-03 03:01,Power Block,Rejected
BR006031,TASK78637,S&T,BPL-JHS,2026-09-02 23:30,2026-09-03 03:39,Signal Maintenance Block,Completed
BR006032,TASK23344,Traction,CNB-ALD,2026-09-03 00:00,2026-09-03 01:59,Traction Feed Block,Completed
BR006033,TASK47813,Engineering,SBC-UBL,2026-09-03 00:00,2026-09-03 02:00,Non-Interlocking Block,Completed
BR006034,TASK10036,Engineering,BSP-R,2026-09-03 00:15,2026-09-03 03:53,Traffic Block,Requested
BR006035,TASK73199,Traction,SBC-MAS,2026-09-03 00:15,2026-09-03 02:33,OHE Maintenance Block,Approved
BR006036,TASK89711,Engineering,GZB-CNB,2026-09-03 00:30,2026-09-03 01:50,Traffic Block,Approved
BR006037,TASK20988,Engineering,CNB-ALD,2026-09-03 00:30,2026-09-03 01:54,Traffic Block,Requested
BR006038,TASK45765,Engineering,SBC-UBL,2026-09-03 01:15,2026-09-03 05:54,Traffic Block,Rejected
BR006039,TASK81551,Engineering,BPL-JHS,2026-09-03 01:15,2026-09-03 02:51,Traffic Block,Approved
BR006040,TASK90670,S&T,NDLS-UMB,2026-09-03 01:30,2026-09-03 05:05,Interlocking Testing Block,Requested
BR006041,TASK15580,Traction,NDLS-JHS,2026-09-03 01:30,2026-09-03 02:39,Traction Feed Block,Approved
BR006042,TASK10095,S&T,JP-ADI,2026-09-03 01:45,2026-09-03 04:09,Interlocking Testing Block,Approved
BR006043,TASK12396,Traction,CSMT-BSR,2026-09-03 13:45,2026-09-03 14:23,Power Block,Rejected
BR006044,TASK82013,Engineering,BZA-SC,2026-09-03 15:15,2026-09-03 16:55,Traffic Block,Approved
BR006045,TASK14646,Engineering,KGP-VSKP,2026-09-03 15:45,2026-09-03 16:51,Bridge Inspection Block,Approved
BR006046,TASK18656,Engineering,SBC-MAS,2026-09-03 22:00,2026-09-04 02:21,Track Renewal Block,Requested
BR006047,TASK23073,S&T,BPL-JHS,2026-09-03 22:15,2026-09-03 23:36,Cable Block,Approved
BR006048,TASK10347,S&T,HWH-KGP,2026-09-03 22:15,2026-09-04 00:39,Interlocking Testing Block,Approved
BR006049,TASK41839,Engineering,BZA-MAS,2026-09-03 22:15,2026-09-04 02:55,Track Renewal Block,Completed
BR006050,TASK33061,S&T,ADI-BRC,2026-09-03 22:45,2026-09-04 01:05,Cable Block,Approved
BR006051,TASK20093,Traction,UBL-PUNE,2026-09-03 23:00,2026-09-04 00:34,Power Block,Approved
BR006052,TASK73575,Engineering,VSKP-BZA,2026-09-03 23:00,2026-09-04 01:40,Traffic Block,Requested
BR006053,TASK10883,Engineering,NDLS-GZB,2026-09-03 23:00,2026-09-04 00:00,Track Renewal Block,Approved
BR006054,TASK63504,Traction,ADI-BRC,2026-09-03 23:00,2026-09-04 01:29,OHE Maintenance Block,Completed
BR006055,TASK99699,Engineering,NDLS-ASR,2026-09-03 23:00,2026-09-04 00:43,Track Renewal Block,Approved
BR006056,TASK35852,Engineering,UBL-PUNE,2026-09-03 23:00,2026-09-04 02:19,Non-Interlocking Block,Rejected
BR006057,TASK73074,Engineering,BRC-ST,2026-09-03 23:15,2026-09-04 02:08,Track Renewal Block,Approved
BR006058,TASK30727,S&T,BRC-ST,2026-09-03 23:15,2026-09-04 03:53,Interlocking Testing Block,Completed
BR006059,TASK79467,S&T,ST-BCT,2026-09-03 23:30,2026-09-04 02:45,Interlocking Testing Block,Approved
BR006060,TASK78864,Traction,MGS-HWH,2026-09-03 23:30,2026-09-04 00:58,Power Block,Rejected
BR006061,TASK94282,S&T,MGS-HWH,2026-09-03 23:45,2026-09-04 02:37,Interlocking Testing Block,Requested
BR006062,TASK82281,S&T,BSR-BPL,2026-09-03 23:45,2026-09-04 03:53,Interlocking Testing Block,Requested
BR006063,TASK34476,Engineering,HWH-NJP,2026-09-04 00:15,2026-09-04 03:41,Track Renewal Block,Rejected
BR006064,TASK67593,S&T,SC-NGP,2026-09-04 00:30,2026-09-04 02:34,Interlocking Testing Block,Rejected
BR006065,TASK75805,Traction,KGP-VSKP,2026-09-04 00:30,2026-09-04 02:42,OHE Maintenance Block,Approved
BR006066,TASK31230,Engineering,ST-BCT,2026-09-04 01:15,2026-09-04 04:10,Track Renewal Block,Completed
BR006067,TASK72361,Engineering,BSR-BPL,2026-09-04 01:15,2026-09-04 02:49,Traffic Block,Approved
BR006068,TASK62077,S&T,CNB-ALD,2026-09-04 01:15,2026-09-04 05:18,Cable Block,Approved
BR006069,TASK25253,Engineering,ADI-BRC,2026-09-04 01:45,2026-09-04 04:13,Traffic Block,Rejected
BR006070,TASK52930,Engineering,NGP-BSP,2026-09-04 11:00,2026-09-04 12:19,Non-Interlocking Block,Cancelled
BR006071,TASK40211,Traction,GZB-CNB,2026-09-04 11:15,2026-09-04 12:24,Traction Feed Block,Rejected
BR006072,TASK66561,S&T,GZB-CNB,2026-09-04 11:30,2026-09-04 12:38,Interlocking Testing Block,Requested
BR006073,TASK10824,Engineering,NJP-GHY,2026-09-04 11:45,2026-09-04 12:27,Bridge Inspection Block,Approved
BR006074,TASK88074,Engineering,BZA-MAS,2026-09-04 12:00,2026-09-04 12:33,Non-Interlocking Block,Requested
BR006075,TASK74020,S&T,NJP-GHY,2026-09-04 12:45,2026-09-04 13:54,Interlocking Testing Block,Cancelled
BR006076,TASK36310,S&T,ALD-MGS,2026-09-04 12:45,2026-09-04 13:31,Signal Maintenance Block,Rejected
BR006077,TASK96194,Engineering,JU-JP,2026-09-04 13:45,2026-09-04 14:54,Track Renewal Block,Rejected
BR006078,TASK57188,Engineering,GZB-CNB,2026-09-04 15:00,2026-09-04 16:41,Non-Interlocking Block,Approved
BR006079,TASK22002,Traction,KGP-VSKP,2026-09-04 22:00,2026-09-05 01:24,Traction Feed Block,Approved
BR006080,TASK20747,Traction,NDLS-UMB,2026-09-04 22:00,2026-09-05 01:21,OHE Maintenance Block,Approved
BR006081,TASK74664,Engineering,UBL-PUNE,2026-09-04 22:15,2026-09-05 02:32,Non-Interlocking Block,Requested
BR006082,TASK37807,Traction,BPL-JHS,2026-09-04 22:15,2026-09-04 23:58,Power Block,Approved
BR006083,TASK53894,S&T,SBC-UBL,2026-09-04 22:30,2026-09-05 02:33,Signal Maintenance Block,Approved
BR006084,TASK51561,S&T,ST-BCT,2026-09-04 22:45,2026-09-05 01:51,Interlocking Testing Block,Approved
BR006085,TASK67920,S&T,BRC-ST,2026-09-04 22:45,2026-09-05 01:39,Interlocking Testing Block,Approved
BR006086,TASK57408,Traction,BSP-R,2026-09-04 23:15,2026-09-05 00:35,Power Block,Approved
BR006087,TASK74883,Engineering,ADI-BRC,2026-09-04 23:15,2026-09-05 04:02,Non-Interlocking Block,Completed
BR006088,TASK31812,Engineering,ADI-BRC,2026-09-04 23:30,2026-09-05 01:52,Track Renewal Block,Approved
BR006089,TASK21987,Traction,GZB-CNB,2026-09-04 23:30,2026-09-05 00:48,OHE Maintenance Block,Approved
BR006090,TASK48280,Engineering,MGS-HWH,2026-09-04 23:45,2026-09-05 01:41,Traffic Block,Rejected
BR006091,TASK76985,S&T,BPL-JHS,2026-09-05 00:00,2026-09-05 02:35,Cable Block,Approved
BR006092,TASK17800,Traction,KGP-VSKP,2026-09-05 00:00,2026-09-05 02:21,OHE Maintenance Block,Approved
BR006093,TASK80496,S&T,BSP-R,2026-09-05 00:30,2026-09-05 03:08,Interlocking Testing Block,Completed
BR006094,TASK91831,Traction,MGS-HWH,2026-09-05 00:30,2026-09-05 02:03,Power Block,Completed
BR006095,TASK50525,S&T,BSP-R,2026-09-05 00:45,2026-09-05 04:41,Cable Block,Approved
BR006096,TASK82522,Traction,GZB-CNB,2026-09-05 01:00,2026-09-05 05:11,Power Block,Approved
BR006097,TASK98871,Engineering,JTJ-SBC,2026-09-05 01:00,2026-09-05 02:26,Non-Interlocking Block,Cancelled
BR006098,TASK93387,S&T,NJP-GHY,2026-09-05 01:45,2026-09-05 04:47,Signal Maintenance Block,Approved
BR006099,TASK73913,Engineering,BSP-R,2026-09-05 13:15,2026-09-05 15:02,Track Renewal Block,Requested
BR006100,TASK47580,Engineering,ST-BCT,2026-09-05 14:30,2026-09-05 15:31,Traffic Block,Approved
BR006101,TASK38089,Traction,BZA-MAS,2026-09-05 22:15,2026-09-06 03:08,Traction Feed Block,Rejected
BR006102,TASK93034,Traction,SBC-MAS,2026-09-05 22:30,2026-09-06 00:46,Power Block,Approved
BR006103,TASK34449,Engineering,UBL-PUNE,2026-09-05 22:45,2026-09-06 03:08,Bridge Inspection Block,Requested
BR006104,TASK19610,S&T,CSMT-BSR,2026-09-05 23:00,2026-09-06 02:47,Interlocking Testing Block,Approved
BR006105,TASK69514,Traction,UBL-PUNE,2026-09-05 23:00,2026-09-06 00:12,Traction Feed Block,Approved
BR006106,TASK66389,Engineering,ALD-MGS,2026-09-05 23:30,2026-09-06 03:02,Traffic Block,Approved
BR006107,TASK17232,Engineering,BSR-BPL,2026-09-05 23:30,2026-09-06 04:19,Non-Interlocking Block,Completed
BR006108,TASK17888,Engineering,BRC-ST,2026-09-05 23:30,2026-09-06 03:41,Non-Interlocking Block,Completed
BR006109,TASK44288,S&T,BZA-MAS,2026-09-05 23:45,2026-09-06 03:23,Signal Maintenance Block,Approved
BR006110,TASK66215,Engineering,PUNE-CSMT,2026-09-06 00:00,2026-09-06 02:20,Non-Interlocking Block,Approved
BR006111,TASK69909,Traction,CNB-ALD,2026-09-06 00:15,2026-09-06 04:29,OHE Maintenance Block,Approved
BR006112,TASK28730,Engineering,JTJ-SBC,2026-09-06 00:30,2026-09-06 01:59,Bridge Inspection Block,Approved
BR006113,TASK84111,Engineering,CNB-ALD,2026-09-06 00:30,2026-09-06 04:13,Traffic Block,Requested
BR006114,TASK74544,S&T,SBC-UBL,2026-09-06 00:30,2026-09-06 02:08,Signal Maintenance Block,Completed
BR006115,TASK97587,S&T,HWH-KGP,2026-09-06 00:45,2026-09-06 04:54,Cable Block,Approved
BR006116,TASK15971,Engineering,ALD-MGS,2026-09-06 01:00,2026-09-06 03:41,Bridge Inspection Block,Approved
BR006117,TASK50588,Engineering,MGS-HWH,2026-09-06 01:15,2026-09-06 05:59,Traffic Block,Requested
BR006118,TASK16524,Engineering,NDLS-GZB,2026-09-06 01:15,2026-09-06 04:11,Traffic Block,Rejected
BR006119,TASK19792,Traction,BRC-ST,2026-09-06 10:00,2026-09-06 10:57,OHE Maintenance Block,Approved
BR006120,TASK53055,Engineering,NDLS-GZB,2026-09-06 10:45,2026-09-06 12:08,Traffic Block,Cancelled
BR006121,TASK98481,Engineering,ADI-BRC,2026-09-06 11:00,2026-09-06 12:29,Bridge Inspection Block,Approved
BR006122,TASK69550,S&T,GZB-CNB,2026-09-06 11:00,2026-09-06 11:40,Interlocking Testing Block,Approved
BR006123,TASK84347,Engineering,NDLS-UMB,2026-09-06 11:30,2026-09-06 12:00,Non-Interlocking Block,Approved
BR006124,TASK98730,S&T,ST-BCT,2026-09-06 11:45,2026-09-06 13:07,Signal Maintenance Block,Rejected
BR006125,TASK23970,S&T,UBL-PUNE,2026-09-06 13:15,2026-09-06 15:11,Signal Maintenance Block,Approved
BR006126,TASK38044,Engineering,PUNE-CSMT,2026-09-06 15:15,2026-09-06 16:10,Traffic Block,Approved
BR006127,TASK88844,S&T,ST-BCT,2026-09-06 22:00,2026-09-07 01:02,Cable Block,Approved
BR006128,TASK86731,Traction,BPL-JHS,2026-09-06 22:00,2026-09-06 23:39,Traction Feed Block,Approved
BR006129,TASK67247,Engineering,ST-BCT,2026-09-06 22:15,2026-09-07 02:12,Traffic Block,Approved
BR006130,TASK17678,Engineering,MGS-HWH,2026-09-06 22:30,2026-09-07 01:41,Non-Interlocking Block,Approved
BR006131,TASK63633,Engineering,CSMT-BSR,2026-09-06 22:30,2026-09-07 03:05,Non-Interlocking Block,Cancelled
BR006132,TASK61075,S&T,BPL-JHS,2026-09-06 22:30,2026-09-07 01:08,Signal Maintenance Block,Approved
BR006133,TASK70948,Engineering,ST-BCT,2026-09-06 22:45,2026-09-07 00:23,Track Renewal Block,Approved
BR006134,TASK13571,Traction,NDLS-GZB,2026-09-06 23:15,2026-09-07 04:06,Traction Feed Block,Approved
BR006135,TASK81833,Engineering,PUNE-CSMT,2026-09-06 23:30,2026-09-07 01:31,Traffic Block,Approved
BR006136,TASK25979,Traction,ST-BCT,2026-09-06 23:30,2026-09-07 04:13,Power Block,Requested
BR006137,TASK92883,S&T,CNB-ALD,2026-09-06 23:45,2026-09-07 03:37,Cable Block,Requested
BR006138,TASK98261,Traction,CSMT-BSR,2026-09-07 00:00,2026-09-07 01:35,Power Block,Approved
BR006139,TASK75350,S&T,VSKP-BZA,2026-09-07 00:00,2026-09-07 04:29,Signal Maintenance Block,Completed
BR006140,TASK14825,Traction,JP-ADI,2026-09-07 00:00,2026-09-07 03:00,OHE Maintenance Block,Requested
BR006141,TASK71185,Traction,BZA-SC,2026-09-07 00:15,2026-09-07 01:50,Traction Feed Block,Approved
BR006142,TASK85339,S&T,BRC-ST,2026-09-07 00:30,2026-09-07 03:00,Interlocking Testing Block,Approved
BR006143,TASK48701,Engineering,BSR-BPL,2026-09-07 00:30,2026-09-07 03:17,Traffic Block,Completed
BR006144,TASK84522,Engineering,CNB-ALD,2026-09-07 00:30,2026-09-07 02:17,Traffic Block,Requested
BR006145,TASK68787,Traction,JU-JP,2026-09-07 00:45,2026-09-07 04:51,Power Block,Approved
BR006146,TASK50915,Engineering,JP-ADI,2026-09-07 01:30,2026-09-07 05:15,Non-Interlocking Block,Approved
BR006147,TASK39462,Engineering,GZB-CNB,2026-09-07 01:30,2026-09-07 03:29,Track Renewal Block,Approved
BR006148,TASK76555,Traction,MGS-HWH,2026-09-07 01:45,2026-09-07 03:28,Traction Feed Block,Approved
BR006149,TASK68166,Traction,NGP-BSP,2026-09-07 13:15,2026-09-07 14:26,Traction Feed Block,Approved
BR006150,TASK75039,Engineering,JU-JP,2026-09-07 22:00,2026-09-08 00:18,Bridge Inspection Block,Requested
BR006151,TASK82028,S&T,BZA-MAS,2026-09-07 22:15,2026-09-08 00:47,Signal Maintenance Block,Approved
BR006152,TASK73969,Traction,NDLS-GZB,2026-09-07 22:45,2026-09-08 01:51,OHE Maintenance Block,Approved
BR006153,TASK33231,Engineering,MGS-HWH,2026-09-07 22:45,2026-09-08 02:17,Traffic Block,Approved
BR006154,TASK67002,S&T,JU-JP,2026-09-07 23:00,2026-09-08 03:30,Signal Maintenance Block,Approved
BR006155,TASK97618,Engineering,GZB-CNB,2026-09-07 23:15,2026-09-08 02:52,Track Renewal Block,Approved
BR006156,TASK99921,S&T,ADI-BRC,2026-09-07 23:15,2026-09-08 00:18,Interlocking Testing Block,Approved
BR006157,TASK36401,Engineering,SBC-UBL,2026-09-07 23:15,2026-09-08 03:29,Traffic Block,Approved
BR006158,TASK99154,Engineering,BZA-MAS,2026-09-07 23:30,2026-09-08 03:15,Non-Interlocking Block,Requested
BR006159,TASK64819,Engineering,NDLS-GZB,2026-09-07 23:45,2026-09-08 03:52,Track Renewal Block,Requested
BR006160,TASK19790,Traction,SBC-MAS,2026-09-07 23:45,2026-09-08 04:28,Power Block,Requested
BR006161,TASK54743,Traction,HWH-NJP,2026-09-08 00:15,2026-09-08 04:06,Power Block,Rejected
BR006162,TASK69247,Engineering,HWH-KGP,2026-09-08 00:15,2026-09-08 03:11,Non-Interlocking Block,Approved
BR006163,TASK16160,Traction,MGS-HWH,2026-09-08 00:15,2026-09-08 04:08,Traction Feed Block,Completed
BR006164,TASK43645,S&T,VSKP-BZA,2026-09-08 00:30,2026-09-08 03:01,Signal Maintenance Block,Approved
BR006165,TASK17922,S&T,NDLS-JHS,2026-09-08 00:30,2026-09-08 02:34,Cable Block,Approved
BR006166,TASK74300,S&T,HWH-KGP,2026-09-08 01:00,2026-09-08 04:34,Signal Maintenance Block,Requested
BR006167,TASK38786,Engineering,PUNE-CSMT,2026-09-08 01:15,2026-09-08 05:32,Track Renewal Block,Approved
BR006168,TASK44053,Traction,BRC-ST,2026-09-08 01:15,2026-09-08 04:44,OHE Maintenance Block,Completed
BR006169,TASK31373,Engineering,HWH-KGP,2026-09-08 01:30,2026-09-08 04:01,Track Renewal Block,Requested
BR006170,TASK99658,Traction,BRC-ST,2026-09-08 11:00,2026-09-08 11:40,OHE Maintenance Block,Approved
BR006171,TASK39015,Traction,NDLS-JHS,2026-09-08 12:30,2026-09-08 13:47,OHE Maintenance Block,Approved
BR006172,TASK50156,S&T,BSR-BPL,2026-09-08 13:15,2026-09-08 14:18,Interlocking Testing Block,Approved
BR006173,TASK70850,Engineering,NDLS-UMB,2026-09-08 13:30,2026-09-08 15:21,Track Renewal Block,Approved
BR006174,TASK45381,Engineering,CNB-ALD,2026-09-08 14:30,2026-09-08 15:14,Traffic Block,Rejected
BR006175,TASK17208,Engineering,ADI-BRC,2026-09-08 14:45,2026-09-08 15:25,Track Renewal Block,Approved
BR006176,TASK38914,Engineering,BSP-R,2026-09-08 22:15,2026-09-09 02:47,Traffic Block,Requested
BR006177,TASK94571,Engineering,JTJ-SBC,2026-09-08 23:30,2026-09-09 02:46,Non-Interlocking Block,Requested
BR006178,TASK42908,S&T,BZA-MAS,2026-09-08 23:45,2026-09-09 02:24,Cable Block,Approved
BR006179,TASK16938,Traction,GZB-CNB,2026-09-08 23:45,2026-09-09 03:19,Traction Feed Block,Approved
BR006180,TASK94817,S&T,UBL-PUNE,2026-09-09 00:30,2026-09-09 02:58,Interlocking Testing Block,Completed
BR006181,TASK97846,Traction,BZA-MAS,2026-09-09 00:30,2026-09-09 04:48,OHE Maintenance Block,Approved
BR006182,TASK47344,Engineering,ADI-BRC,2026-09-09 00:45,2026-09-09 02:31,Track Renewal Block,Approved
BR006183,TASK61158,Engineering,MGS-HWH,2026-09-09 01:30,2026-09-09 06:14,Traffic Block,Approved
BR006184,TASK88895,Traction,VSKP-BZA,2026-09-09 01:45,2026-09-09 04:20,OHE Maintenance Block,Approved
BR006185,TASK14909,Traction,NDLS-GZB,2026-09-09 10:45,2026-09-09 11:43,OHE Maintenance Block,Approved
BR006186,TASK25694,S&T,CSMT-BSR,2026-09-09 10:45,2026-09-09 11:42,Cable Block,Approved
BR006187,TASK26493,Traction,SC-NGP,2026-09-09 11:45,2026-09-09 13:34,OHE Maintenance Block,Completed
BR006188,TASK24309,Engineering,BZA-MAS,2026-09-09 15:15,2026-09-09 16:13,Track Renewal Block,Requested
BR006189,TASK52881,Traction,MAS-JTJ,2026-09-09 22:00,2026-09-10 02:30,OHE Maintenance Block,Rejected
BR006190,TASK56007,Engineering,HWH-NJP,2026-09-09 22:00,2026-09-10 01:10,Traffic Block,Approved
BR006191,TASK23566,Engineering,MGS-HWH,2026-09-09 22:00,2026-09-10 01:40,Track Renewal Block,Approved
BR006192,TASK99578,Engineering,CSMT-BSR,2026-09-09 22:15,2026-09-10 00:39,Track Renewal Block,Approved
BR006193,TASK90725,S&T,BSP-R,2026-09-09 22:30,2026-09-10 02:25,Interlocking Testing Block,Approved
BR006194,TASK34831,S&T,ST-BCT,2026-09-09 23:15,2026-09-10 01:29,Cable Block,Rejected
BR006195,TASK11595,S&T,MAS-JTJ,2026-09-09 23:15,2026-09-10 04:03,Interlocking Testing Block,Completed
BR006196,TASK23089,S&T,MAS-JTJ,2026-09-09 23:15,2026-09-10 00:23,Signal Maintenance Block,Requested
BR006197,TASK90629,Engineering,VSKP-BZA,2026-09-09 23:45,2026-09-10 02:40,Track Renewal Block,Rejected
BR006198,TASK75820,Engineering,NDLS-GZB,2026-09-09 23:45,2026-09-10 02:53,Non-Interlocking Block,Rejected
BR006199,TASK44134,Traction,KGP-VSKP,2026-09-09 23:45,2026-09-10 01:52,OHE Maintenance Block,Requested
BR006200,TASK92180,Engineering,BSP-R,2026-09-09 23:45,2026-09-10 02:31,Traffic Block,Requested
BR006201,TASK59009,Traction,SBC-UBL,2026-09-10 00:00,2026-09-10 02:15,Power Block,Completed
BR006202,TASK55350,S&T,GZB-CNB,2026-09-10 00:00,2026-09-10 02:20,Interlocking Testing Block,Cancelled
BR006203,TASK87434,Engineering,BZA-SC,2026-09-10 01:30,2026-09-10 05:26,Non-Interlocking Block,Approved
BR006204,TASK78369,Engineering,MGS-HWH,2026-09-10 01:45,2026-09-10 06:14,Traffic Block,Approved
BR006205,TASK39632,S&T,BRC-ST,2026-09-10 13:45,2026-09-10 15:27,Signal Maintenance Block,Requested
BR006206,TASK61762,Traction,CSMT-BSR,2026-09-10 14:30,2026-09-10 15:19,OHE Maintenance Block,Approved
BR006207,TASK46452,Engineering,CSMT-BSR,2026-09-10 23:30,2026-09-11 04:02,Track Renewal Block,Rejected
BR006208,TASK10100,Engineering,BRC-ST,2026-09-10 23:30,2026-09-11 02:50,Track Renewal Block,Approved
BR006209,TASK47606,Traction,NDLS-GZB,2026-09-10 23:45,2026-09-11 02:39,OHE Maintenance Block,Cancelled
BR006210,TASK35285,Engineering,SC-NGP,2026-09-10 23:45,2026-09-11 02:34,Traffic Block,Approved
BR006211,TASK81141,S&T,GZB-CNB,2026-09-10 23:45,2026-09-11 04:09,Cable Block,Requested
BR006212,TASK69753,Engineering,CNB-ALD,2026-09-11 00:00,2026-09-11 03:53,Bridge Inspection Block,Approved
BR006213,TASK42761,Engineering,UBL-PUNE,2026-09-11 00:15,2026-09-11 05:11,Traffic Block,Approved
BR006214,TASK71347,Engineering,MGS-HWH,2026-09-11 00:15,2026-09-11 05:07,Traffic Block,Approved
BR006215,TASK66224,Traction,SBC-UBL,2026-09-11 00:15,2026-09-11 04:47,Power Block,Approved
BR006216,TASK92254,Engineering,CSMT-BSR,2026-09-11 00:15,2026-09-11 02:24,Traffic Block,Approved
BR006217,TASK43493,S&T,CSMT-BSR,2026-09-11 00:30,2026-09-11 05:10,Cable Block,Approved
BR006218,TASK36558,Engineering,BRC-ST,2026-09-11 00:45,2026-09-11 03:16,Bridge Inspection Block,Completed
BR006219,TASK44769,S&T,MAS-JTJ,2026-09-11 01:45,2026-09-11 03:36,Signal Maintenance Block,Requested
BR006220,TASK94981,Engineering,ADI-BRC,2026-09-11 01:45,2026-09-11 06:01,Non-Interlocking Block,Approved
BR006221,TASK33621,Engineering,ALD-MGS,2026-09-11 10:00,2026-09-11 11:25,Traffic Block,Completed
BR006222,TASK85058,Traction,BSR-BPL,2026-09-11 11:45,2026-09-11 13:43,OHE Maintenance Block,Approved
BR006223,TASK13202,S&T,BRC-ST,2026-09-11 12:15,2026-09-11 13:18,Signal Maintenance Block,Approved
BR006224,TASK59791,Engineering,MGS-HWH,2026-09-11 13:00,2026-09-11 14:08,Bridge Inspection Block,Cancelled
BR006225,TASK84212,S&T,ST-BCT,2026-09-11 13:30,2026-09-11 14:08,Signal Maintenance Block,Cancelled
BR006226,TASK87626,Traction,GZB-CNB,2026-09-11 14:00,2026-09-11 15:12,OHE Maintenance Block,Completed
BR006227,TASK23623,S&T,JU-JP,2026-09-11 22:00,2026-09-12 01:19,Signal Maintenance Block,Requested
BR006228,TASK22770,S&T,BSR-BPL,2026-09-11 22:30,2026-09-11 23:33,Cable Block,Approved
BR006229,TASK33953,Traction,NDLS-GZB,2026-09-11 22:30,2026-09-12 01:07,Power Block,Approved
BR006230,TASK30514,Traction,CNB-ALD,2026-09-11 22:45,2026-09-12 00:17,Power Block,Approved
BR006231,TASK88609,Engineering,MAS-JTJ,2026-09-11 23:00,2026-09-12 00:05,Traffic Block,Requested
BR006232,TASK48509,Engineering,MGS-HWH,2026-09-11 23:00,2026-09-12 00:40,Track Renewal Block,Approved
BR006233,TASK40731,Engineering,SBC-UBL,2026-09-11 23:00,2026-09-12 03:51,Track Renewal Block,Requested
BR006234,TASK86459,Engineering,ADI-BRC,2026-09-11 23:00,2026-09-12 01:17,Non-Interlocking Block,Requested
BR006235,TASK27153,Traction,ALD-MGS,2026-09-11 23:15,2026-09-12 01:03,Power Block,Approved
BR006236,TASK92695,Traction,PUNE-CSMT,2026-09-11 23:15,2026-09-12 02:13,OHE Maintenance Block,Completed
BR006237,TASK17276,S&T,BPL-JHS,2026-09-11 23:15,2026-09-12 02:10,Cable Block,Requested
BR006238,TASK12834,Traction,HWH-NJP,2026-09-11 23:15,2026-09-12 04:12,Power Block,Approved
BR006239,TASK26344,S&T,JTJ-SBC,2026-09-11 23:30,2026-09-12 03:48,Cable Block,Requested
BR006240,TASK43908,Engineering,JU-JP,2026-09-12 00:00,2026-09-12 01:55,Track Renewal Block,Completed
BR006241,TASK77103,S&T,SBC-UBL,2026-09-12 00:00,2026-09-12 02:23,Interlocking Testing Block,Approved
BR006242,TASK31320,S&T,NDLS-JHS,2026-09-12 00:00,2026-09-12 04:25,Cable Block,Completed
BR006243,TASK41529,Traction,VSKP-BZA,2026-09-12 00:15,2026-09-12 04:58,OHE Maintenance Block,Approved
BR006244,TASK38597,S&T,NDLS-GZB,2026-09-12 00:45,2026-09-12 02:21,Signal Maintenance Block,Approved
BR006245,TASK25790,Engineering,NGP-BSP,2026-09-12 01:00,2026-09-12 02:52,Traffic Block,Completed
BR006246,TASK79082,Engineering,UBL-PUNE,2026-09-12 01:00,2026-09-12 04:02,Track Renewal Block,Approved
BR006247,TASK10343,Engineering,HWH-KGP,2026-09-12 01:00,2026-09-12 03:25,Track Renewal Block,Approved
BR006248,TASK29664,Traction,CNB-ALD,2026-09-12 01:15,2026-09-12 06:14,Traction Feed Block,Approved
BR006249,TASK51734,Traction,ADI-BRC,2026-09-12 01:30,2026-09-12 05:17,Traction Feed Block,Approved
BR006250,TASK36429,S&T,HWH-KGP,2026-09-12 01:30,2026-09-12 06:17,Signal Maintenance Block,Requested
BR006251,TASK79031,Traction,ADI-BRC,2026-09-12 01:30,2026-09-12 04:32,Traction Feed Block,Approved
BR006252,TASK95548,Engineering,CNB-ALD,2026-09-12 10:00,2026-09-12 11:30,Track Renewal Block,Approved
BR006253,TASK66471,Engineering,ST-BCT,2026-09-12 10:15,2026-09-12 11:21,Bridge Inspection Block,Completed
BR006254,TASK98928,Traction,NDLS-GZB,2026-09-12 11:30,2026-09-12 12:34,Traction Feed Block,Approved
BR006255,TASK32981,Engineering,ALD-MGS,2026-09-12 12:00,2026-09-12 12:52,Traffic Block,Rejected
BR006256,TASK65619,Engineering,BPL-JHS,2026-09-12 12:15,2026-09-12 14:14,Track Renewal Block,Approved
BR006257,TASK77506,Engineering,NDLS-JHS,2026-09-12 12:45,2026-09-12 13:40,Track Renewal Block,Rejected
BR006258,TASK13265,Engineering,NDLS-ASR,2026-09-12 13:00,2026-09-12 14:03,Traffic Block,Rejected
BR006259,TASK55927,S&T,BZA-SC,2026-09-12 22:00,2026-09-13 02:45,Signal Maintenance Block,Approved
BR006260,TASK97268,Traction,JTJ-SBC,2026-09-12 22:15,2026-09-13 00:45,Power Block,Approved
BR006261,TASK78487,S&T,MAS-JTJ,2026-09-12 22:15,2026-09-13 03:09,Signal Maintenance Block,Approved
BR006262,TASK39145,S&T,SBC-UBL,2026-09-12 22:30,2026-09-13 01:11,Cable Block,Approved
BR006263,TASK93924,Traction,ADI-BRC,2026-09-12 22:30,2026-09-12 23:45,Power Block,Cancelled
BR006264,TASK59923,Engineering,CSMT-BSR,2026-09-12 23:00,2026-09-13 00:59,Track Renewal Block,Requested
BR006265,TASK27019,Engineering,MGS-HWH,2026-09-12 23:15,2026-09-13 02:09,Non-Interlocking Block,Approved
BR006266,TASK91509,S&T,GZB-CNB,2026-09-12 23:45,2026-09-13 02:48,Cable Block,Cancelled
BR006267,TASK46963,Traction,PUNE-CSMT,2026-09-12 23:45,2026-09-13 02:04,OHE Maintenance Block,Approved
BR006268,TASK94295,S&T,HWH-NJP,2026-09-12 23:45,2026-09-13 03:08,Interlocking Testing Block,Approved
BR006269,TASK34886,S&T,UBL-PUNE,2026-09-12 23:45,2026-09-13 02:25,Interlocking Testing Block,Completed
BR006270,TASK90185,Engineering,CNB-ALD,2026-09-13 00:45,2026-09-13 01:50,Non-Interlocking Block,Requested
BR006271,TASK70933,S&T,GZB-CNB,2026-09-13 01:00,2026-09-13 05:09,Interlocking Testing Block,Completed
BR006272,TASK40293,S&T,JU-JP,2026-09-13 01:15,2026-09-13 04:45,Interlocking Testing Block,Approved
BR006273,TASK76361,Traction,ST-BCT,2026-09-13 01:15,2026-09-13 05:03,OHE Maintenance Block,Rejected
BR006274,TASK30055,S&T,UBL-PUNE,2026-09-13 01:15,2026-09-13 04:32,Interlocking Testing Block,Approved
BR006275,TASK32912,S&T,ST-BCT,2026-09-13 01:30,2026-09-13 04:20,Interlocking Testing Block,Approved
BR006276,TASK19090,Engineering,BSP-R,2026-09-13 01:30,2026-09-13 04:57,Traffic Block,Approved
BR006277,TASK74235,Traction,NDLS-GZB,2026-09-13 01:30,2026-09-13 02:41,Power Block,Rejected
BR006278,TASK19271,S&T,GZB-CNB,2026-09-13 01:45,2026-09-13 05:32,Cable Block,Approved
BR006279,TASK57093,Engineering,CSMT-BSR,2026-09-13 10:45,2026-09-13 12:12,Bridge Inspection Block,Approved
BR006280,TASK53044,Engineering,VSKP-BZA,2026-09-13 11:45,2026-09-13 13:26,Non-Interlocking Block,Approved
BR006281,TASK53986,Engineering,VSKP-BZA,2026-09-13 13:00,2026-09-13 13:50,Traffic Block,Requested
BR006282,TASK64691,S&T,ST-BCT,2026-09-13 14:15,2026-09-13 15:27,Signal Maintenance Block,Approved
BR006283,TASK12423,S&T,NGP-BSP,2026-09-13 14:15,2026-09-13 16:04,Interlocking Testing Block,Completed
BR006284,TASK71252,Engineering,SC-NGP,2026-09-13 15:30,2026-09-13 16:33,Non-Interlocking Block,Approved
BR006285,TASK31118,S&T,CNB-ALD,2026-09-13 22:00,2026-09-14 00:09,Interlocking Testing Block,Cancelled
BR006286,TASK66305,S&T,BSR-BPL,2026-09-13 22:00,2026-09-14 00:28,Signal Maintenance Block,Approved
BR006287,TASK87872,Traction,BSP-R,2026-09-13 22:00,2026-09-13 23:59,Traction Feed Block,Requested
BR006288,TASK17949,Engineering,ST-BCT,2026-09-13 22:15,2026-09-14 00:46,Bridge Inspection Block,Approved
BR006289,TASK35306,S&T,SBC-UBL,2026-09-13 22:30,2026-09-14 02:07,Signal Maintenance Block,Approved
BR006290,TASK72648,Engineering,NDLS-ASR,2026-09-13 22:30,2026-09-13 23:30,Track Renewal Block,Completed
BR006291,TASK61124,Traction,NGP-BSP,2026-09-13 22:30,2026-09-13 23:42,OHE Maintenance Block,Approved
BR006292,TASK74477,Engineering,MGS-HWH,2026-09-13 23:00,2026-09-14 00:31,Track Renewal Block,Approved
BR006293,TASK71780,S&T,UBL-PUNE,2026-09-13 23:00,2026-09-14 00:11,Cable Block,Rejected
BR006294,TASK70352,Engineering,NGP-BSP,2026-09-13 23:15,2026-09-14 01:49,Track Renewal Block,Approved
BR006295,TASK80549,S&T,NDLS-ASR,2026-09-13 23:30,2026-09-14 02:09,Signal Maintenance Block,Approved
BR006296,TASK70347,Engineering,BZA-SC,2026-09-13 23:30,2026-09-14 00:58,Traffic Block,Requested
BR006297,TASK16260,Engineering,UBL-PUNE,2026-09-13 23:30,2026-09-14 03:37,Non-Interlocking Block,Requested
BR006298,TASK31838,S&T,JP-ADI,2026-09-13 23:45,2026-09-14 04:30,Interlocking Testing Block,Approved
BR006299,TASK98826,S&T,UBL-PUNE,2026-09-14 00:00,2026-09-14 02:37,Signal Maintenance Block,Approved
BR006300,TASK28426,S&T,NDLS-UMB,2026-09-14 00:00,2026-09-14 04:53,Interlocking Testing Block,Approved
BR006301,TASK50273,Engineering,JU-JP,2026-09-14 00:00,2026-09-14 03:50,Bridge Inspection Block,Completed
BR006302,TASK28355,Traction,BSR-BPL,2026-09-14 00:15,2026-09-14 01:35,OHE Maintenance Block,Approved
BR006303,TASK88725,Engineering,ADI-BRC,2026-09-14 00:30,2026-09-14 03:23,Traffic Block,Completed
BR006304,TASK76908,Engineering,ADI-BRC,2026-09-14 00:45,2026-09-14 02:58,Non-Interlocking Block,Approved
BR006305,TASK34172,Traction,BZA-MAS,2026-09-14 00:45,2026-09-14 01:50,Traction Feed Block,Approved
BR006306,TASK43009,Traction,UBL-PUNE,2026-09-14 00:45,2026-09-14 04:20,Traction Feed Block,Completed
BR006307,TASK93055,S&T,ADI-BRC,2026-09-14 01:00,2026-09-14 03:30,Signal Maintenance Block,Rejected
BR006308,TASK96640,Traction,SBC-UBL,2026-09-14 01:00,2026-09-14 02:54,OHE Maintenance Block,Approved
BR006309,TASK51821,S&T,SC-NGP,2026-09-14 01:15,2026-09-14 03:47,Interlocking Testing Block,Completed
BR006310,TASK46175,Engineering,NDLS-JHS,2026-09-14 01:45,2026-09-14 03:31,Bridge Inspection Block,Approved
BR006311,TASK17354,S&T,HWH-NJP,2026-09-14 10:15,2026-09-14 11:30,Cable Block,Approved
BR006312,TASK22307,Engineering,ST-BCT,2026-09-14 11:15,2026-09-14 11:47,Traffic Block,Completed
BR006313,TASK61089,S&T,ADI-BRC,2026-09-14 12:15,2026-09-14 13:19,Signal Maintenance Block,Approved
BR006314,TASK55864,Engineering,MAS-JTJ,2026-09-14 12:30,2026-09-14 13:34,Bridge Inspection Block,Approved
BR006315,TASK76247,Engineering,MGS-HWH,2026-09-14 12:45,2026-09-14 14:38,Track Renewal Block,Approved
BR006316,TASK42100,S&T,SBC-MAS,2026-09-14 13:00,2026-09-14 14:07,Interlocking Testing Block,Approved
BR006317,TASK29791,Engineering,KGP-VSKP,2026-09-14 14:45,2026-09-14 16:43,Track Renewal Block,Completed
BR006318,TASK50262,Engineering,PUNE-CSMT,2026-09-14 14:45,2026-09-14 15:53,Bridge Inspection Block,Requested
BR006319,TASK63271,Traction,BSR-BPL,2026-09-14 22:30,2026-09-15 01:49,Power Block,Completed
BR006320,TASK59504,Traction,KGP-VSKP,2026-09-14 22:30,2026-09-14 23:38,OHE Maintenance Block,Approved
BR006321,TASK85265,Engineering,BSR-BPL,2026-09-14 22:30,2026-09-14 23:56,Non-Interlocking Block,Completed
BR006322,TASK15333,S&T,CSMT-BSR,2026-09-14 22:45,2026-09-15 00:18,Signal Maintenance Block,Rejected
BR006323,TASK38037,S&T,CNB-ALD,2026-09-14 23:00,2026-09-15 00:10,Interlocking Testing Block,Completed
BR006324,TASK44381,Engineering,JTJ-SBC,2026-09-14 23:30,2026-09-15 02:14,Traffic Block,Rejected
BR006325,TASK41174,Engineering,ST-BCT,2026-09-14 23:30,2026-09-15 01:33,Non-Interlocking Block,Approved
BR006326,TASK61891,Traction,CNB-ALD,2026-09-14 23:45,2026-09-15 03:18,Power Block,Approved
BR006327,TASK75663,S&T,NDLS-GZB,2026-09-14 23:45,2026-09-15 03:57,Cable Block,Rejected
BR006328,TASK41896,S&T,BRC-ST,2026-09-15 00:00,2026-09-15 02:19,Cable Block,Approved
BR006329,TASK21469,Engineering,CNB-ALD,2026-09-15 00:15,2026-09-15 01:56,Bridge Inspection Block,Requested
BR006330,TASK39285,Engineering,NDLS-JHS,2026-09-15 00:15,2026-09-15 03:15,Non-Interlocking Block,Approved
BR006331,TASK38231,Traction,SBC-UBL,2026-09-15 00:30,2026-09-15 02:15,Traction Feed Block,Requested
BR006332,TASK68493,S&T,BZA-MAS,2026-09-15 00:45,2026-09-15 02:56,Interlocking Testing Block,Approved
BR006333,TASK74478,Engineering,GZB-CNB,2026-09-15 00:45,2026-09-15 05:23,Bridge Inspection Block,Completed
BR006334,TASK82254,Traction,HWH-KGP,2026-09-15 00:45,2026-09-15 04:50,OHE Maintenance Block,Approved
BR006335,TASK30602,S&T,MGS-HWH,2026-09-15 01:00,2026-09-15 02:28,Interlocking Testing Block,Completed
BR006336,TASK75305,S&T,ALD-MGS,2026-09-15 01:15,2026-09-15 05:11,Signal Maintenance Block,Requested
BR006337,TASK74862,S&T,BZA-MAS,2026-09-15 01:15,2026-09-15 04:38,Signal Maintenance Block,Completed
BR006338,TASK27678,Engineering,CSMT-BSR,2026-09-15 01:15,2026-09-15 05:44,Non-Interlocking Block,Approved
BR006339,TASK12953,S&T,BRC-ST,2026-09-15 01:15,2026-09-15 03:40,Cable Block,Approved
BR006340,TASK10628,Engineering,VSKP-BZA,2026-09-15 01:30,2026-09-15 02:57,Bridge Inspection Block,Requested
BR006341,TASK39527,Engineering,ADI-BRC,2026-09-15 01:45,2026-09-15 06:20,Track Renewal Block,Completed
BR006342,TASK63355,Engineering,BZA-MAS,2026-09-15 01:45,2026-09-15 04:42,Bridge Inspection Block,Approved
BR006343,TASK15551,S&T,BRC-ST,2026-09-15 01:45,2026-09-15 05:02,Interlocking Testing Block,Rejected
BR006344,TASK96716,S&T,JTJ-SBC,2026-09-15 10:00,2026-09-15 11:13,Signal Maintenance Block,Approved
BR006345,TASK75791,S&T,ADI-BRC,2026-09-15 13:30,2026-09-15 14:21,Signal Maintenance Block,Approved
BR006346,TASK90664,Engineering,HWH-KGP,2026-09-15 14:15,2026-09-15 15:39,Bridge Inspection Block,Approved
BR006347,TASK96616,Engineering,MGS-HWH,2026-09-15 22:00,2026-09-16 00:10,Track Renewal Block,Approved
BR006348,TASK73437,Engineering,JTJ-SBC,2026-09-15 22:00,2026-09-16 00:57,Bridge Inspection Block,Completed
BR006349,TASK93653,S&T,ST-BCT,2026-09-15 22:15,2026-09-16 03:09,Cable Block,Approved
BR006350,TASK64125,S&T,CNB-ALD,2026-09-15 22:30,2026-09-15 23:55,Cable Block,Completed
BR006351,TASK37612,Traction,MAS-JTJ,2026-09-15 22:45,2026-09-16 01:55,OHE Maintenance Block,Approved
BR006352,TASK63886,Traction,NDLS-JHS,2026-09-15 23:30,2026-09-16 03:35,OHE Maintenance Block,Completed
BR006353,TASK70864,S&T,JTJ-SBC,2026-09-15 23:30,2026-09-16 03:59,Interlocking Testing Block,Approved
BR006354,TASK99082,S&T,SC-NGP,2026-09-15 23:30,2026-09-16 01:35,Cable Block,Approved
BR006355,TASK34925,Engineering,ADI-BRC,2026-09-15 23:45,2026-09-16 02:01,Non-Interlocking Block,Approved
BR006356,TASK70893,Traction,SBC-MAS,2026-09-15 23:45,2026-09-16 01:03,Power Block,Cancelled
BR006357,TASK50545,S&T,NDLS-GZB,2026-09-16 00:30,2026-09-16 02:11,Signal Maintenance Block,Rejected
BR006358,TASK53942,Traction,ADI-BRC,2026-09-16 00:30,2026-09-16 05:23,Power Block,Completed
BR006359,TASK37699,S&T,BSR-BPL,2026-09-16 00:45,2026-09-16 04:05,Signal Maintenance Block,Rejected
BR006360,TASK35883,Traction,NGP-BSP,2026-09-16 01:00,2026-09-16 02:22,Power Block,Requested
BR006361,TASK13863,Traction,BSR-BPL,2026-09-16 01:15,2026-09-16 02:47,Traction Feed Block,Approved
BR006362,TASK24313,Traction,GZB-CNB,2026-09-16 01:30,2026-09-16 02:44,OHE Maintenance Block,Approved
BR006363,TASK31670,S&T,ST-BCT,2026-09-16 01:30,2026-09-16 03:21,Signal Maintenance Block,Approved
BR006364,TASK81494,Traction,ALD-MGS,2026-09-16 01:45,2026-09-16 05:22,Power Block,Approved
BR006365,TASK52625,Traction,MAS-JTJ,2026-09-16 01:45,2026-09-16 05:42,OHE Maintenance Block,Approved
BR006366,TASK10915,Traction,CNB-ALD,2026-09-16 10:30,2026-09-16 11:13,Traction Feed Block,Approved
BR006367,TASK96422,Traction,MAS-JTJ,2026-09-16 11:00,2026-09-16 12:34,Traction Feed Block,Approved
BR006368,TASK96478,Engineering,MAS-JTJ,2026-09-16 11:30,2026-09-16 12:11,Track Renewal Block,Cancelled
BR006369,TASK54371,Engineering,BZA-SC,2026-09-16 12:30,2026-09-16 13:55,Bridge Inspection Block,Approved
BR006370,TASK54476,Engineering,HWH-KGP,2026-09-16 13:15,2026-09-16 15:10,Non-Interlocking Block,Approved
BR006371,TASK27552,Engineering,BZA-SC,2026-09-16 13:15,2026-09-16 14:38,Non-Interlocking Block,Cancelled
BR006372,TASK25060,Engineering,CSMT-BSR,2026-09-16 14:30,2026-09-16 16:19,Track Renewal Block,Approved
BR006373,TASK20434,Traction,ST-BCT,2026-09-16 15:15,2026-09-16 16:11,Power Block,Completed
BR006374,TASK47847,Traction,ALD-MGS,2026-09-16 22:00,2026-09-17 01:36,OHE Maintenance Block,Approved
BR006375,TASK49436,Engineering,PUNE-CSMT,2026-09-16 22:15,2026-09-17 02:02,Non-Interlocking Block,Approved
BR006376,TASK18897,Engineering,BSR-BPL,2026-09-16 22:30,2026-09-17 01:52,Track Renewal Block,Rejected
BR006377,TASK12828,Engineering,ADI-BRC,2026-09-16 23:00,2026-09-17 02:08,Traffic Block,Rejected
BR006378,TASK23625,Engineering,UBL-PUNE,2026-09-16 23:15,2026-09-17 03:33,Traffic Block,Cancelled
BR006379,TASK68972,Engineering,GZB-CNB,2026-09-16 23:15,2026-09-17 01:40,Bridge Inspection Block,Rejected
BR006380,TASK80026,Traction,BPL-JHS,2026-09-16 23:15,2026-09-17 03:49,OHE Maintenance Block,Completed
BR006381,TASK93544,S&T,JTJ-SBC,2026-09-16 23:30,2026-09-17 04:11,Interlocking Testing Block,Completed
BR006382,TASK47254,Engineering,JTJ-SBC,2026-09-17 00:00,2026-09-17 01:05,Bridge Inspection Block,Approved
BR006383,TASK76501,Traction,NDLS-GZB,2026-09-17 00:00,2026-09-17 03:56,OHE Maintenance Block,Approved
BR006384,TASK90247,Engineering,SC-NGP,2026-09-17 00:15,2026-09-17 01:29,Bridge Inspection Block,Completed
BR006385,TASK26468,Engineering,VSKP-BZA,2026-09-17 00:15,2026-09-17 03:20,Non-Interlocking Block,Completed
BR006386,TASK94275,Engineering,NDLS-ASR,2026-09-17 00:30,2026-09-17 02:22,Bridge Inspection Block,Approved
BR006387,TASK88315,Traction,NJP-GHY,2026-09-17 01:00,2026-09-17 05:32,Power Block,Approved
BR006388,TASK11828,S&T,JU-JP,2026-09-17 01:00,2026-09-17 05:32,Interlocking Testing Block,Completed
BR006389,TASK79589,Traction,NDLS-GZB,2026-09-17 01:15,2026-09-17 03:15,OHE Maintenance Block,Rejected
BR006390,TASK83724,S&T,HWH-KGP,2026-09-17 01:15,2026-09-17 05:07,Cable Block,Completed
BR006391,TASK93044,Traction,NDLS-GZB,2026-09-17 01:30,2026-09-17 02:41,OHE Maintenance Block,Approved
BR006392,TASK63034,Engineering,NDLS-JHS,2026-09-17 01:30,2026-09-17 05:48,Bridge Inspection Block,Approved
BR006393,TASK83884,S&T,ALD-MGS,2026-09-17 01:30,2026-09-17 06:20,Signal Maintenance Block,Approved
BR006394,TASK29323,Engineering,DLI-JU,2026-09-17 01:45,2026-09-17 05:39,Non-Interlocking Block,Approved
BR006395,TASK85833,Engineering,VSKP-BZA,2026-09-17 10:00,2026-09-17 11:37,Traffic Block,Approved
BR006396,TASK93668,Engineering,MAS-JTJ,2026-09-17 10:15,2026-09-17 11:48,Track Renewal Block,Approved
BR006397,TASK24611,Engineering,ALD-MGS,2026-09-17 11:00,2026-09-17 12:48,Non-Interlocking Block,Cancelled
BR006398,TASK87981,Engineering,PUNE-CSMT,2026-09-17 12:15,2026-09-17 13:28,Traffic Block,Approved
BR006399,TASK78208,Engineering,NDLS-JHS,2026-09-17 14:45,2026-09-17 15:29,Non-Interlocking Block,Approved
BR006400,TASK96082,Engineering,KGP-VSKP,2026-09-17 15:00,2026-09-17 15:49,Track Renewal Block,Rejected
BR006401,TASK91778,S&T,VSKP-BZA,2026-09-17 22:15,2026-09-18 01:47,Cable Block,Completed
BR006402,TASK82603,Traction,BZA-MAS,2026-09-17 22:15,2026-09-18 02:56,Power Block,Approved
BR006403,TASK72966,Traction,BZA-SC,2026-09-17 22:30,2026-09-18 02:55,OHE Maintenance Block,Completed
BR006404,TASK23977,Engineering,KGP-VSKP,2026-09-17 23:00,2026-09-18 00:29,Traffic Block,Completed
BR006405,TASK54324,S&T,GZB-CNB,2026-09-17 23:00,2026-09-18 03:01,Cable Block,Approved
BR006406,TASK30799,Traction,NJP-GHY,2026-09-17 23:00,2026-09-18 02:22,Power Block,Approved
BR006407,TASK77142,Engineering,CNB-ALD,2026-09-17 23:15,2026-09-18 03:45,Bridge Inspection Block,Requested
BR006408,TASK17923,Traction,UBL-PUNE,2026-09-17 23:15,2026-09-18 03:44,OHE Maintenance Block,Approved
BR006409,TASK53217,Engineering,GZB-CNB,2026-09-17 23:15,2026-09-18 01:03,Bridge Inspection Block,Approved
BR006410,TASK66197,S&T,BZA-MAS,2026-09-18 00:00,2026-09-18 03:35,Signal Maintenance Block,Approved
BR006411,TASK60203,Engineering,NDLS-GZB,2026-09-18 00:15,2026-09-18 03:34,Bridge Inspection Block,Requested
BR006412,TASK15381,S&T,PUNE-CSMT,2026-09-18 00:15,2026-09-18 01:18,Interlocking Testing Block,Requested
BR006413,TASK64917,S&T,CSMT-BSR,2026-09-18 00:15,2026-09-18 02:40,Cable Block,Approved
BR006414,TASK24015,S&T,BZA-MAS,2026-09-18 00:30,2026-09-18 05:06,Signal Maintenance Block,Approved
BR006415,TASK63591,Traction,GZB-CNB,2026-09-18 00:45,2026-09-18 03:36,Traction Feed Block,Approved
BR006416,TASK98232,Traction,CSMT-BSR,2026-09-18 00:45,2026-09-18 04:48,Traction Feed Block,Approved
BR006417,TASK81467,Traction,BRC-ST,2026-09-18 01:00,2026-09-18 04:05,Power Block,Requested
BR006418,TASK84347,Traction,PUNE-CSMT,2026-09-18 01:15,2026-09-18 03:04,OHE Maintenance Block,Approved
BR006419,TASK57409,Engineering,BRC-ST,2026-09-18 01:30,2026-09-18 06:16,Traffic Block,Completed
BR006420,TASK38419,Traction,JU-JP,2026-09-18 01:30,2026-09-18 02:40,OHE Maintenance Block,Requested
BR006421,TASK37788,Engineering,SC-NGP,2026-09-18 01:45,2026-09-18 05:38,Traffic Block,Approved
BR006422,TASK71125,Engineering,UBL-PUNE,2026-09-18 10:45,2026-09-18 12:01,Bridge Inspection Block,Approved
BR006423,TASK30768,S&T,ST-BCT,2026-09-18 12:15,2026-09-18 13:10,Interlocking Testing Block,Cancelled
BR006424,TASK82151,Traction,ALD-MGS,2026-09-18 13:15,2026-09-18 15:00,Power Block,Approved
BR006425,TASK65964,S&T,NJP-GHY,2026-09-18 14:30,2026-09-18 15:01,Cable Block,Approved
BR006426,TASK40507,Traction,ADI-BRC,2026-09-18 15:00,2026-09-18 16:36,OHE Maintenance Block,Approved
BR006427,TASK13288,S&T,PUNE-CSMT,2026-09-18 15:45,2026-09-18 17:30,Interlocking Testing Block,Approved
BR006428,TASK99413,Traction,JP-ADI,2026-09-18 22:00,2026-09-19 00:57,OHE Maintenance Block,Completed
BR006429,TASK86726,S&T,NDLS-UMB,2026-09-18 22:15,2026-09-19 02:39,Cable Block,Completed
BR006430,TASK43277,Engineering,VSKP-BZA,2026-09-18 22:15,2026-09-19 02:05,Traffic Block,Approved
BR006431,TASK46010,Traction,BZA-SC,2026-09-18 22:45,2026-09-19 00:09,Traction Feed Block,Approved
BR006432,TASK36367,Engineering,NDLS-GZB,2026-09-18 23:00,2026-09-19 00:38,Traffic Block,Approved
BR006433,TASK65011,Engineering,CNB-ALD,2026-09-18 23:00,2026-09-19 02:25,Traffic Block,Requested
BR006434,TASK46969,S&T,BRC-ST,2026-09-18 23:15,2026-09-19 00:26,Signal Maintenance Block,Approved
BR006435,TASK73082,Engineering,KGP-VSKP,2026-09-18 23:30,2026-09-19 02:48,Traffic Block,Completed
BR006436,TASK72462,Engineering,JP-ADI,2026-09-18 23:45,2026-09-19 04:02,Non-Interlocking Block,Completed
BR006437,TASK53929,S&T,PUNE-CSMT,2026-09-19 00:30,2026-09-19 02:38,Signal Maintenance Block,Approved
BR006438,TASK44855,Engineering,BZA-MAS,2026-09-19 00:45,2026-09-19 05:34,Bridge Inspection Block,Completed
BR006439,TASK22697,S&T,GZB-CNB,2026-09-19 01:15,2026-09-19 02:17,Signal Maintenance Block,Approved
BR006440,TASK79440,S&T,CSMT-BSR,2026-09-19 01:30,2026-09-19 04:29,Signal Maintenance Block,Requested
BR006441,TASK18246,S&T,NJP-GHY,2026-09-19 01:30,2026-09-19 05:38,Interlocking Testing Block,Approved
BR006442,TASK55912,S&T,BZA-MAS,2026-09-19 10:00,2026-09-19 11:22,Cable Block,Approved
BR006443,TASK82632,Traction,MGS-HWH,2026-09-19 14:00,2026-09-19 14:46,OHE Maintenance Block,Approved
BR006444,TASK98619,Traction,NDLS-ASR,2026-09-19 15:00,2026-09-19 16:54,OHE Maintenance Block,Rejected
BR006445,TASK41516,Engineering,NDLS-JHS,2026-09-19 15:30,2026-09-19 16:30,Traffic Block,Approved
BR006446,TASK54204,Engineering,SC-NGP,2026-09-19 22:30,2026-09-20 01:20,Track Renewal Block,Rejected
BR006447,TASK46628,Engineering,CNB-ALD,2026-09-19 22:30,2026-09-20 02:38,Traffic Block,Approved
BR006448,TASK29689,Engineering,NDLS-UMB,2026-09-19 22:45,2026-09-20 00:31,Track Renewal Block,Rejected
BR006449,TASK86824,S&T,CSMT-BSR,2026-09-19 22:45,2026-09-20 03:24,Signal Maintenance Block,Approved
BR006450,TASK51585,Engineering,NDLS-JHS,2026-09-19 23:00,2026-09-20 00:56,Bridge Inspection Block,Completed
BR006451,TASK62751,S&T,NGP-BSP,2026-09-19 23:00,2026-09-20 03:07,Signal Maintenance Block,Approved
BR006452,TASK71380,Traction,BZA-SC,2026-09-19 23:15,2026-09-20 01:36,Power Block,Approved
BR006453,TASK26197,S&T,HWH-NJP,2026-09-19 23:15,2026-09-20 01:37,Cable Block,Requested
BR006454,TASK67550,Engineering,JU-JP,2026-09-19 23:30,2026-09-20 03:49,Traffic Block,Approved
BR006455,TASK27169,Traction,PUNE-CSMT,2026-09-19 23:30,2026-09-20 00:45,OHE Maintenance Block,Approved
BR006456,TASK40461,Traction,ALD-MGS,2026-09-19 23:30,2026-09-20 03:47,Power Block,Approved
BR006457,TASK32537,Engineering,JP-ADI,2026-09-19 23:45,2026-09-20 00:49,Non-Interlocking Block,Cancelled
BR006458,TASK43777,Engineering,MAS-JTJ,2026-09-20 00:00,2026-09-20 01:34,Non-Interlocking Block,Completed
BR006459,TASK60718,Traction,ADI-BRC,2026-09-20 00:00,2026-09-20 04:37,OHE Maintenance Block,Approved
BR006460,TASK28294,Traction,HWH-KGP,2026-09-20 00:00,2026-09-20 04:40,Power Block,Completed
BR006461,TASK80092,Engineering,SC-NGP,2026-09-20 00:15,2026-09-20 01:35,Traffic Block,Completed
BR006462,TASK49608,Traction,BRC-ST,2026-09-20 00:15,2026-09-20 02:39,Traction Feed Block,Approved
BR006463,TASK43841,Engineering,NDLS-JHS,2026-09-20 00:30,2026-09-20 03:14,Track Renewal Block,Requested
BR006464,TASK64057,S&T,NDLS-JHS,2026-09-20 00:30,2026-09-20 03:33,Signal Maintenance Block,Requested
BR006465,TASK90642,Engineering,HWH-KGP,2026-09-20 00:45,2026-09-20 05:43,Traffic Block,Cancelled
BR006466,TASK46518,Engineering,NJP-GHY,2026-09-20 01:15,2026-09-20 05:33,Non-Interlocking Block,Approved
BR006467,TASK88657,Engineering,BZA-MAS,2026-09-20 01:30,2026-09-20 04:32,Traffic Block,Approved
BR006468,TASK72238,S&T,SBC-UBL,2026-09-20 01:30,2026-09-20 04:14,Signal Maintenance Block,Requested
BR006469,TASK53772,Engineering,VSKP-BZA,2026-09-20 01:30,2026-09-20 05:26,Track Renewal Block,Requested
BR006470,TASK92528,S&T,CNB-ALD,2026-09-20 01:30,2026-09-20 05:25,Signal Maintenance Block,Approved
BR006471,TASK67565,S&T,MAS-JTJ,2026-09-20 01:45,2026-09-20 03:27,Cable Block,Rejected
BR006472,TASK77995,Traction,NDLS-ASR,2026-09-20 01:45,2026-09-20 05:17,Traction Feed Block,Requested
BR006473,TASK76168,Traction,ST-BCT,2026-09-20 01:45,2026-09-20 04:51,Traction Feed Block,Approved
BR006474,TASK22690,S&T,ADI-BRC,2026-09-20 13:00,2026-09-20 14:56,Interlocking Testing Block,Approved
BR006475,TASK93123,Engineering,BZA-MAS,2026-09-20 13:00,2026-09-20 14:41,Traffic Block,Requested
BR006476,TASK97369,Traction,HWH-NJP,2026-09-20 14:00,2026-09-20 15:43,Traction Feed Block,Rejected
BR006477,TASK61870,Engineering,JU-JP,2026-09-20 22:30,2026-09-21 03:21,Track Renewal Block,Requested
BR006478,TASK89338,Traction,GZB-CNB,2026-09-20 22:30,2026-09-21 01:14,Power Block,Rejected
BR006479,TASK91677,S&T,SC-NGP,2026-09-20 23:00,2026-09-21 01:32,Signal Maintenance Block,Rejected
BR006480,TASK84950,Engineering,ADI-BRC,2026-09-20 23:15,2026-09-21 03:41,Traffic Block,Approved
BR006481,TASK14272,S&T,JTJ-SBC,2026-09-20 23:15,2026-09-21 00:59,Cable Block,Approved
BR006482,TASK35011,Traction,UBL-PUNE,2026-09-20 23:30,2026-09-21 03:42,Traction Feed Block,Approved
BR006483,TASK94704,Engineering,NDLS-GZB,2026-09-20 23:45,2026-09-21 02:29,Bridge Inspection Block,Approved
BR006484,TASK73132,Engineering,CNB-ALD,2026-09-21 00:15,2026-09-21 02:47,Traffic Block,Cancelled
BR006485,TASK13578,Engineering,ST-BCT,2026-09-21 00:30,2026-09-21 03:43,Traffic Block,Approved
BR006486,TASK39442,S&T,ST-BCT,2026-09-21 00:45,2026-09-21 03:37,Interlocking Testing Block,Rejected
BR006487,TASK90939,Engineering,ST-BCT,2026-09-21 00:45,2026-09-21 03:18,Track Renewal Block,Approved
BR006488,TASK44236,Traction,SBC-UBL,2026-09-21 00:45,2026-09-21 04:52,OHE Maintenance Block,Approved
BR006489,TASK91494,Engineering,NDLS-JHS,2026-09-21 00:45,2026-09-21 01:46,Bridge Inspection Block,Approved
BR006490,TASK86326,S&T,BPL-JHS,2026-09-21 01:00,2026-09-21 02:51,Interlocking Testing Block,Completed
BR006491,TASK77034,S&T,ADI-BRC,2026-09-21 01:00,2026-09-21 03:44,Signal Maintenance Block,Requested
BR006492,TASK30946,S&T,ALD-MGS,2026-09-21 01:15,2026-09-21 04:06,Signal Maintenance Block,Rejected
BR006493,TASK33572,Engineering,NDLS-JHS,2026-09-21 01:30,2026-09-21 06:03,Track Renewal Block,Approved
BR006494,TASK29278,Engineering,BPL-JHS,2026-09-21 01:30,2026-09-21 03:49,Non-Interlocking Block,Approved
BR006495,TASK38218,S&T,PUNE-CSMT,2026-09-21 01:45,2026-09-21 05:27,Interlocking Testing Block,Approved
BR006496,TASK73042,Engineering,NDLS-ASR,2026-09-21 11:15,2026-09-21 12:56,Traffic Block,Completed
BR006497,TASK88350,Traction,BRC-ST,2026-09-21 11:15,2026-09-21 13:04,Power Block,Completed
BR006498,TASK44868,Traction,BZA-MAS,2026-09-21 11:15,2026-09-21 13:07,OHE Maintenance Block,Approved
BR006499,TASK65920,Engineering,BPL-JHS,2026-09-21 11:30,2026-09-21 12:49,Bridge Inspection Block,Requested
BR006500,TASK48448,S&T,VSKP-BZA,2026-09-21 13:30,2026-09-21 15:24,Cable Block,Rejected
BR006501,TASK73390,Traction,HWH-NJP,2026-09-21 13:30,2026-09-21 15:29,Power Block,Cancelled
BR006502,TASK88002,S&T,MGS-HWH,2026-09-21 22:15,2026-09-22 01:41,Cable Block,Rejected
BR006503,TASK92592,Engineering,BZA-MAS,2026-09-21 22:15,2026-09-22 01:39,Non-Interlocking Block,Completed
BR006504,TASK84675,Traction,ST-BCT,2026-09-21 22:15,2026-09-21 23:45,Power Block,Approved
BR006505,TASK59954,S&T,SC-NGP,2026-09-21 22:30,2026-09-22 01:43,Cable Block,Rejected
BR006506,TASK69227,Traction,NDLS-UMB,2026-09-21 22:45,2026-09-22 02:00,Power Block,Approved
BR006507,TASK94000,Engineering,GZB-CNB,2026-09-21 22:45,2026-09-22 01:50,Track Renewal Block,Requested
BR006508,TASK87134,S&T,JTJ-SBC,2026-09-21 22:45,2026-09-21 23:48,Cable Block,Approved
BR006509,TASK96017,Engineering,JTJ-SBC,2026-09-21 23:00,2026-09-22 02:12,Non-Interlocking Block,Approved
BR006510,TASK63920,Engineering,NDLS-GZB,2026-09-21 23:00,2026-09-22 03:24,Non-Interlocking Block,Requested
BR006511,TASK19014,S&T,BZA-SC,2026-09-21 23:30,2026-09-22 01:00,Signal Maintenance Block,Requested
BR006512,TASK36292,S&T,GZB-CNB,2026-09-21 23:30,2026-09-22 02:39,Cable Block,Approved
BR006513,TASK44945,S&T,BSR-BPL,2026-09-21 23:30,2026-09-22 03:56,Cable Block,Approved
BR006514,TASK83086,Engineering,VSKP-BZA,2026-09-21 23:30,2026-09-22 02:19,Bridge Inspection Block,Approved
BR006515,TASK26968,Engineering,ALD-MGS,2026-09-22 00:00,2026-09-22 01:02,Track Renewal Block,Approved
BR006516,TASK66612,Engineering,NDLS-GZB,2026-09-22 00:00,2026-09-22 04:25,Non-Interlocking Block,Requested
BR006517,TASK29734,S&T,SBC-UBL,2026-09-22 00:30,2026-09-22 04:55,Interlocking Testing Block,Rejected
BR006518,TASK63497,Engineering,JTJ-SBC,2026-09-22 00:45,2026-09-22 02:17,Track Renewal Block,Completed
BR006519,TASK72251,S&T,BRC-ST,2026-09-22 01:00,2026-09-22 04:58,Interlocking Testing Block,Approved
BR006520,TASK66505,Traction,BZA-MAS,2026-09-22 01:00,2026-09-22 04:56,Traction Feed Block,Approved
BR006521,TASK55686,S&T,BSP-R,2026-09-22 01:15,2026-09-22 02:29,Cable Block,Rejected
BR006522,TASK93616,Engineering,BZA-SC,2026-09-22 01:15,2026-09-22 04:33,Track Renewal Block,Completed
BR006523,TASK64958,Engineering,ST-BCT,2026-09-22 01:30,2026-09-22 04:07,Traffic Block,Completed
BR006524,TASK22757,S&T,NDLS-UMB,2026-09-22 01:45,2026-09-22 03:31,Signal Maintenance Block,Approved
BR006525,TASK39321,Traction,ST-BCT,2026-09-22 11:30,2026-09-22 13:24,Power Block,Requested
BR006526,TASK37695,Traction,GZB-CNB,2026-09-22 22:15,2026-09-23 00:07,Power Block,Approved
BR006527,TASK41145,Traction,ALD-MGS,2026-09-22 22:15,2026-09-22 23:58,OHE Maintenance Block,Completed
BR006528,TASK45520,Engineering,NDLS-ASR,2026-09-22 22:30,2026-09-23 02:27,Bridge Inspection Block,Rejected
BR006529,TASK82047,Engineering,NDLS-ASR,2026-09-22 22:30,2026-09-23 01:03,Traffic Block,Completed
BR006530,TASK54952,Traction,BZA-SC,2026-09-22 22:45,2026-09-23 01:30,OHE Maintenance Block,Approved
BR006531,TASK76078,Engineering,KGP-VSKP,2026-09-22 23:15,2026-09-23 02:00,Bridge Inspection Block,Requested
BR006532,TASK18557,Traction,NDLS-GZB,2026-09-22 23:15,2026-09-23 02:50,OHE Maintenance Block,Approved
BR006533,TASK97489,S&T,ALD-MGS,2026-09-23 00:00,2026-09-23 04:02,Cable Block,Approved
BR006534,TASK18842,Traction,BSR-BPL,2026-09-23 00:15,2026-09-23 03:58,OHE Maintenance Block,Requested
BR006535,TASK57278,S&T,NDLS-JHS,2026-09-23 00:45,2026-09-23 03:58,Cable Block,Approved
BR006536,TASK43432,Engineering,BPL-JHS,2026-09-23 01:00,2026-09-23 02:05,Track Renewal Block,Requested
BR006537,TASK61676,Traction,BSR-BPL,2026-09-23 01:15,2026-09-23 02:21,Power Block,Approved
BR006538,TASK47440,S&T,DLI-JU,2026-09-23 01:30,2026-09-23 03:06,Interlocking Testing Block,Approved
BR006539,TASK35914,S&T,BZA-SC,2026-09-23 01:30,2026-09-23 06:20,Cable Block,Requested
BR006540,TASK56015,S&T,CNB-ALD,2026-09-23 01:45,2026-09-23 03:13,Signal Maintenance Block,Approved
BR006541,TASK29514,Engineering,GZB-CNB,2026-09-23 10:30,2026-09-23 12:08,Track Renewal Block,Approved
BR006542,TASK32321,S&T,PUNE-CSMT,2026-09-23 11:30,2026-09-23 12:48,Cable Block,Requested
BR006543,TASK38968,Traction,BPL-JHS,2026-09-23 11:45,2026-09-23 13:23,Traction Feed Block,Approved
BR006544,TASK41359,Engineering,NDLS-GZB,2026-09-23 13:00,2026-09-23 14:58,Non-Interlocking Block,Cancelled
BR006545,TASK66884,S&T,BPL-JHS,2026-09-23 13:15,2026-09-23 15:02,Cable Block,Approved
BR006546,TASK59732,Engineering,NDLS-GZB,2026-09-23 22:15,2026-09-24 01:01,Bridge Inspection Block,Approved
BR006547,TASK97635,S&T,JP-ADI,2026-09-23 22:45,2026-09-24 00:43,Cable Block,Approved
BR006548,TASK78228,Engineering,PUNE-CSMT,2026-09-23 23:15,2026-09-24 00:23,Non-Interlocking Block,Approved
BR006549,TASK61673,Engineering,PUNE-CSMT,2026-09-23 23:30,2026-09-24 03:02,Traffic Block,Approved
BR006550,TASK84219,Traction,BRC-ST,2026-09-24 00:00,2026-09-24 03:53,OHE Maintenance Block,Approved
BR006551,TASK56962,S&T,HWH-KGP,2026-09-24 00:00,2026-09-24 01:35,Signal Maintenance Block,Requested
BR006552,TASK90638,S&T,HWH-KGP,2026-09-24 00:00,2026-09-24 03:21,Signal Maintenance Block,Approved
BR006553,TASK35448,S&T,SC-NGP,2026-09-24 00:00,2026-09-24 03:39,Interlocking Testing Block,Cancelled
BR006554,TASK23158,S&T,CSMT-BSR,2026-09-24 00:15,2026-09-24 01:50,Signal Maintenance Block,Approved
BR006555,TASK19348,S&T,ALD-MGS,2026-09-24 00:30,2026-09-24 01:49,Interlocking Testing Block,Approved
BR006556,TASK79164,Engineering,BSR-BPL,2026-09-24 00:30,2026-09-24 03:12,Track Renewal Block,Requested
BR006557,TASK50249,S&T,ALD-MGS,2026-09-24 00:30,2026-09-24 05:24,Interlocking Testing Block,Approved
BR006558,TASK28545,Traction,NGP-BSP,2026-09-24 00:45,2026-09-24 02:14,Power Block,Completed
BR006559,TASK39891,Traction,BSR-BPL,2026-09-24 01:15,2026-09-24 05:48,Power Block,Rejected
BR006560,TASK44002,S&T,SBC-MAS,2026-09-24 01:15,2026-09-24 06:00,Signal Maintenance Block,Approved
BR006561,TASK31506,S&T,SBC-UBL,2026-09-24 01:15,2026-09-24 04:21,Interlocking Testing Block,Approved
BR006562,TASK63060,S&T,JTJ-SBC,2026-09-24 01:15,2026-09-24 06:02,Interlocking Testing Block,Approved
BR006563,TASK43804,Traction,BSP-R,2026-09-24 01:45,2026-09-24 04:46,Traction Feed Block,Requested
BR006564,TASK83131,Traction,JP-ADI,2026-09-24 01:45,2026-09-24 03:00,Power Block,Rejected
BR006565,TASK91826,Engineering,ADI-BRC,2026-09-24 01:45,2026-09-24 03:02,Bridge Inspection Block,Requested
BR006566,TASK79064,Engineering,JP-ADI,2026-09-24 10:45,2026-09-24 11:23,Non-Interlocking Block,Approved
BR006567,TASK91059,Traction,GZB-CNB,2026-09-24 11:30,2026-09-24 13:27,Traction Feed Block,Completed
BR006568,TASK38121,Engineering,MGS-HWH,2026-09-24 13:00,2026-09-24 14:10,Track Renewal Block,Cancelled
BR006569,TASK95485,Traction,JP-ADI,2026-09-24 14:30,2026-09-24 15:17,OHE Maintenance Block,Approved
BR006570,TASK88991,S&T,NDLS-JHS,2026-09-24 14:30,2026-09-24 16:12,Interlocking Testing Block,Approved
BR006571,TASK47564,Engineering,MAS-JTJ,2026-09-24 15:30,2026-09-24 17:09,Traffic Block,Approved
BR006572,TASK56680,S&T,NJP-GHY,2026-09-24 22:00,2026-09-24 23:30,Cable Block,Approved
BR006573,TASK18388,Engineering,NDLS-JHS,2026-09-24 22:15,2026-09-25 02:23,Traffic Block,Approved
BR006574,TASK25045,Traction,KGP-VSKP,2026-09-24 22:30,2026-09-25 02:13,OHE Maintenance Block,Approved
BR006575,TASK36368,Traction,CNB-ALD,2026-09-24 22:45,2026-09-25 00:33,Power Block,Completed
BR006576,TASK74241,Engineering,ALD-MGS,2026-09-24 23:15,2026-09-25 03:04,Non-Interlocking Block,Approved
BR006577,TASK45008,Engineering,CSMT-BSR,2026-09-24 23:15,2026-09-25 02:00,Traffic Block,Approved
BR006578,TASK78955,Engineering,MGS-HWH,2026-09-24 23:45,2026-09-25 01:31,Traffic Block,Approved
BR006579,TASK74290,Engineering,MGS-HWH,2026-09-25 00:00,2026-09-25 04:11,Traffic Block,Completed
BR006580,TASK30440,Engineering,CSMT-BSR,2026-09-25 00:00,2026-09-25 01:41,Track Renewal Block,Completed
BR006581,TASK41074,Engineering,ADI-BRC,2026-09-25 00:15,2026-09-25 01:47,Bridge Inspection Block,Approved
BR006582,TASK83896,S&T,BZA-MAS,2026-09-25 00:15,2026-09-25 02:25,Interlocking Testing Block,Requested
BR006583,TASK83880,Engineering,MAS-JTJ,2026-09-25 00:30,2026-09-25 02:32,Non-Interlocking Block,Approved
BR006584,TASK30933,Traction,HWH-NJP,2026-09-25 00:30,2026-09-25 04:48,OHE Maintenance Block,Requested
BR006585,TASK56284,Engineering,NDLS-UMB,2026-09-25 00:30,2026-09-25 01:34,Track Renewal Block,Cancelled
BR006586,TASK96539,Engineering,ADI-BRC,2026-09-25 00:45,2026-09-25 05:42,Non-Interlocking Block,Approved
BR006587,TASK74316,Traction,BSR-BPL,2026-09-25 01:00,2026-09-25 03:25,OHE Maintenance Block,Rejected
BR006588,TASK26994,S&T,JTJ-SBC,2026-09-25 01:30,2026-09-25 02:53,Interlocking Testing Block,Approved
BR006589,TASK42386,Traction,CSMT-BSR,2026-09-25 01:30,2026-09-25 03:10,Traction Feed Block,Approved
BR006590,TASK83771,Engineering,NDLS-GZB,2026-09-25 01:45,2026-09-25 06:30,Bridge Inspection Block,Approved
BR006591,TASK66446,S&T,ST-BCT,2026-09-25 11:15,2026-09-25 12:41,Interlocking Testing Block,Approved
BR006592,TASK47246,S&T,BZA-SC,2026-09-25 11:45,2026-09-25 13:43,Interlocking Testing Block,Requested
BR006593,TASK60780,Traction,MAS-JTJ,2026-09-25 13:30,2026-09-25 14:48,Traction Feed Block,Completed
BR006594,TASK16110,Traction,ST-BCT,2026-09-25 14:00,2026-09-25 15:00,OHE Maintenance Block,Approved
BR006595,TASK66787,Engineering,SC-NGP,2026-09-25 14:15,2026-09-25 16:06,Bridge Inspection Block,Requested
BR006596,TASK82967,S&T,BZA-SC,2026-09-25 15:45,2026-09-25 16:49,Cable Block,Rejected
BR006597,TASK50219,S&T,BZA-SC,2026-09-25 22:00,2026-09-26 00:44,Interlocking Testing Block,Approved
BR006598,TASK75154,S&T,CSMT-BSR,2026-09-25 22:15,2026-09-26 01:54,Interlocking Testing Block,Approved
BR006599,TASK29562,Engineering,NDLS-ASR,2026-09-25 22:15,2026-09-26 00:53,Track Renewal Block,Approved
BR006600,TASK35709,Engineering,ALD-MGS,2026-09-25 22:15,2026-09-25 23:24,Bridge Inspection Block,Completed
BR006601,TASK44719,Traction,ADI-BRC,2026-09-25 22:15,2026-09-26 01:58,OHE Maintenance Block,Requested
BR006602,TASK88015,Traction,BRC-ST,2026-09-25 22:45,2026-09-26 03:07,Power Block,Approved
BR006603,TASK96846,S&T,VSKP-BZA,2026-09-25 22:45,2026-09-26 02:04,Signal Maintenance Block,Approved
BR006604,TASK87465,Engineering,NDLS-GZB,2026-09-25 23:00,2026-09-26 02:43,Traffic Block,Approved
BR006605,TASK91671,Engineering,BZA-MAS,2026-09-25 23:30,2026-09-26 02:11,Track Renewal Block,Approved
BR006606,TASK28033,S&T,BRC-ST,2026-09-26 00:00,2026-09-26 02:13,Cable Block,Requested
BR006607,TASK82752,Traction,ST-BCT,2026-09-26 00:15,2026-09-26 04:44,Power Block,Approved
BR006608,TASK31763,Engineering,NDLS-ASR,2026-09-26 01:00,2026-09-26 04:52,Track Renewal Block,Approved
BR006609,TASK87400,Engineering,ALD-MGS,2026-09-26 01:15,2026-09-26 03:25,Traffic Block,Approved
BR006610,TASK47006,Engineering,BRC-ST,2026-09-26 01:15,2026-09-26 05:52,Non-Interlocking Block,Approved
BR006611,TASK55139,Engineering,MGS-HWH,2026-09-26 01:30,2026-09-26 02:57,Bridge Inspection Block,Cancelled
BR006612,TASK29496,S&T,SBC-MAS,2026-09-26 01:30,2026-09-26 04:24,Interlocking Testing Block,Requested
BR006613,TASK61146,Engineering,NDLS-UMB,2026-09-26 01:30,2026-09-26 04:59,Non-Interlocking Block,Requested
BR006614,TASK18726,Engineering,BPL-JHS,2026-09-26 01:30,2026-09-26 05:18,Bridge Inspection Block,Approved
BR006615,TASK88841,Engineering,MGS-HWH,2026-09-26 01:30,2026-09-26 03:53,Non-Interlocking Block,Approved
BR006616,TASK37556,Engineering,PUNE-CSMT,2026-09-26 10:00,2026-09-26 10:39,Bridge Inspection Block,Requested
BR006617,TASK72092,Engineering,NDLS-JHS,2026-09-26 10:00,2026-09-26 11:53,Bridge Inspection Block,Completed
BR006618,TASK44634,S&T,NGP-BSP,2026-09-26 10:30,2026-09-26 11:21,Interlocking Testing Block,Rejected
BR006619,TASK68349,Engineering,NJP-GHY,2026-09-26 10:30,2026-09-26 11:11,Traffic Block,Completed
BR006620,TASK65673,Engineering,BRC-ST,2026-09-26 11:00,2026-09-26 11:49,Non-Interlocking Block,Approved
BR006621,TASK14019,Traction,NDLS-ASR,2026-09-26 11:30,2026-09-26 12:35,Power Block,Approved
BR006622,TASK67094,Engineering,HWH-NJP,2026-09-26 11:30,2026-09-26 12:56,Bridge Inspection Block,Approved
BR006623,TASK36774,Engineering,JU-JP,2026-09-26 13:00,2026-09-26 14:09,Traffic Block,Cancelled
BR006624,TASK68222,S&T,ST-BCT,2026-09-26 14:30,2026-09-26 16:25,Signal Maintenance Block,Rejected
BR006625,TASK89638,S&T,KGP-VSKP,2026-09-26 22:00,2026-09-27 00:00,Interlocking Testing Block,Completed
BR006626,TASK88923,S&T,KGP-VSKP,2026-09-26 22:00,2026-09-27 00:48,Cable Block,Approved
BR006627,TASK61461,Engineering,HWH-KGP,2026-09-26 22:30,2026-09-26 23:42,Traffic Block,Approved
BR006628,TASK18448,Engineering,SBC-UBL,2026-09-26 22:30,2026-09-27 02:31,Traffic Block,Approved
BR006629,TASK55178,S&T,DLI-JU,2026-09-26 22:30,2026-09-27 02:02,Cable Block,Completed
BR006630,TASK76257,S&T,ST-BCT,2026-09-26 22:45,2026-09-27 02:11,Signal Maintenance Block,Approved
BR006631,TASK59778,Engineering,BRC-ST,2026-09-26 23:15,2026-09-27 03:09,Non-Interlocking Block,Completed
BR006632,TASK70278,Traction,BRC-ST,2026-09-26 23:30,2026-09-27 02:11,Traction Feed Block,Approved
BR006633,TASK61930,S&T,NDLS-JHS,2026-09-26 23:45,2026-09-27 01:36,Signal Maintenance Block,Approved
BR006634,TASK39235,S&T,SBC-UBL,2026-09-27 00:00,2026-09-27 01:11,Cable Block,Approved
BR006635,TASK46833,Engineering,KGP-VSKP,2026-09-27 00:15,2026-09-27 04:14,Traffic Block,Approved
BR006636,TASK23974,S&T,CSMT-BSR,2026-09-27 01:15,2026-09-27 02:25,Cable Block,Approved
BR006637,TASK79644,Engineering,NGP-BSP,2026-09-27 01:15,2026-09-27 04:26,Bridge Inspection Block,Approved
BR006638,TASK47982,Engineering,NDLS-GZB,2026-09-27 01:15,2026-09-27 03:56,Non-Interlocking Block,Approved
BR006639,TASK41529,Engineering,NDLS-JHS,2026-09-27 01:15,2026-09-27 02:33,Track Renewal Block,Approved
BR006640,TASK99492,S&T,ST-BCT,2026-09-27 01:15,2026-09-27 05:32,Signal Maintenance Block,Approved
BR006641,TASK51381,Traction,PUNE-CSMT,2026-09-27 10:45,2026-09-27 12:20,Traction Feed Block,Approved
BR006642,TASK13659,Engineering,NDLS-GZB,2026-09-27 10:45,2026-09-27 12:27,Bridge Inspection Block,Requested
BR006643,TASK93680,S&T,PUNE-CSMT,2026-09-27 11:30,2026-09-27 13:29,Signal Maintenance Block,Approved
BR006644,TASK86369,S&T,BRC-ST,2026-09-27 12:00,2026-09-27 13:33,Interlocking Testing Block,Approved
BR006645,TASK48465,S&T,NDLS-UMB,2026-09-27 12:00,2026-09-27 12:33,Signal Maintenance Block,Requested
BR006646,TASK44735,S&T,NDLS-ASR,2026-09-27 12:30,2026-09-27 13:42,Signal Maintenance Block,Approved
BR006647,TASK45077,S&T,CSMT-BSR,2026-09-27 22:15,2026-09-28 02:58,Interlocking Testing Block,Rejected
BR006648,TASK95807,Traction,HWH-KGP,2026-09-27 22:30,2026-09-28 02:49,OHE Maintenance Block,Completed
BR006649,TASK65241,Traction,HWH-NJP,2026-09-27 22:45,2026-09-28 01:05,Traction Feed Block,Approved
BR006650,TASK24639,Traction,ST-BCT,2026-09-27 22:45,2026-09-28 01:45,Traction Feed Block,Approved
BR006651,TASK64148,Engineering,HWH-KGP,2026-09-27 22:45,2026-09-28 02:20,Track Renewal Block,Requested
BR006652,TASK63598,Engineering,ST-BCT,2026-09-27 23:00,2026-09-28 01:51,Traffic Block,Approved
BR006653,TASK11910,Traction,ALD-MGS,2026-09-27 23:00,2026-09-28 00:59,OHE Maintenance Block,Approved
BR006654,TASK51606,S&T,NGP-BSP,2026-09-27 23:00,2026-09-28 03:06,Cable Block,Approved
BR006655,TASK94169,S&T,NDLS-ASR,2026-09-27 23:00,2026-09-28 01:46,Signal Maintenance Block,Requested
BR006656,TASK25733,Engineering,NDLS-ASR,2026-09-27 23:15,2026-09-28 03:32,Non-Interlocking Block,Approved
BR006657,TASK71546,Engineering,GZB-CNB,2026-09-27 23:15,2026-09-28 02:34,Track Renewal Block,Approved
BR006658,TASK89639,Engineering,BRC-ST,2026-09-27 23:15,2026-09-28 01:10,Traffic Block,Approved
BR006659,TASK11362,S&T,ST-BCT,2026-09-27 23:30,2026-09-28 03:57,Interlocking Testing Block,Requested
BR006660,TASK97113,Engineering,JTJ-SBC,2026-09-27 23:30,2026-09-28 02:04,Bridge Inspection Block,Rejected
BR006661,TASK97964,Engineering,ST-BCT,2026-09-27 23:45,2026-09-28 03:13,Non-Interlocking Block,Completed
BR006662,TASK83209,Traction,PUNE-CSMT,2026-09-27 23:45,2026-09-28 02:17,Power Block,Approved
BR006663,TASK12380,Traction,VSKP-BZA,2026-09-28 00:00,2026-09-28 02:32,OHE Maintenance Block,Cancelled
BR006664,TASK83474,Engineering,NDLS-UMB,2026-09-28 00:15,2026-09-28 02:40,Track Renewal Block,Completed
BR006665,TASK29496,Engineering,NDLS-JHS,2026-09-28 00:45,2026-09-28 03:19,Track Renewal Block,Completed
BR006666,TASK87134,Traction,JP-ADI,2026-09-28 00:45,2026-09-28 04:52,Traction Feed Block,Approved
BR006667,TASK84528,Engineering,BSP-R,2026-09-28 01:00,2026-09-28 02:21,Traffic Block,Rejected
BR006668,TASK31672,Engineering,PUNE-CSMT,2026-09-28 01:15,2026-09-28 05:34,Track Renewal Block,Approved
BR006669,TASK77758,Traction,BRC-ST,2026-09-28 10:45,2026-09-28 12:36,OHE Maintenance Block,Requested
BR006670,TASK32678,Engineering,KGP-VSKP,2026-09-28 11:30,2026-09-28 12:29,Bridge Inspection Block,Approved
BR006671,TASK23864,S&T,ALD-MGS,2026-09-28 11:45,2026-09-28 12:28,Cable Block,Approved
BR006672,TASK78307,Engineering,NDLS-UMB,2026-09-28 12:45,2026-09-28 13:51,Bridge Inspection Block,Rejected
BR006673,TASK88989,S&T,HWH-KGP,2026-09-28 13:30,2026-09-28 14:00,Signal Maintenance Block,Requested
BR006674,TASK35774,S&T,JTJ-SBC,2026-09-28 14:00,2026-09-28 15:26,Cable Block,Approved
BR006675,TASK58958,Engineering,CSMT-BSR,2026-09-28 22:00,2026-09-29 00:21,Non-Interlocking Block,Approved
BR006676,TASK43734,S&T,SBC-UBL,2026-09-28 22:15,2026-09-29 02:47,Cable Block,Rejected
BR006677,TASK79332,Engineering,GZB-CNB,2026-09-28 22:15,2026-09-29 00:15,Bridge Inspection Block,Approved
BR006678,TASK78970,S&T,SBC-UBL,2026-09-28 22:15,2026-09-29 00:37,Signal Maintenance Block,Approved
BR006679,TASK53039,S&T,NDLS-GZB,2026-09-28 22:30,2026-09-29 02:52,Signal Maintenance Block,Completed
BR006680,TASK61072,Traction,VSKP-BZA,2026-09-28 22:30,2026-09-29 02:22,Power Block,Completed
BR006681,TASK81995,Traction,PUNE-CSMT,2026-09-28 22:30,2026-09-29 02:01,Power Block,Completed
BR006682,TASK41091,Traction,NDLS-UMB,2026-09-28 22:30,2026-09-29 01:22,Power Block,Approved
BR006683,TASK26423,Engineering,SBC-UBL,2026-09-28 22:30,2026-09-29 00:18,Traffic Block,Completed
BR006684,TASK39973,Engineering,JU-JP,2026-09-28 23:00,2026-09-29 02:46,Bridge Inspection Block,Rejected
BR006685,TASK71898,Traction,BRC-ST,2026-09-28 23:00,2026-09-29 02:05,Power Block,Approved
BR006686,TASK65986,S&T,GZB-CNB,2026-09-28 23:00,2026-09-29 01:02,Interlocking Testing Block,Approved
BR006687,TASK75341,Engineering,KGP-VSKP,2026-09-28 23:00,2026-09-29 00:24,Track Renewal Block,Requested
BR006688,TASK48877,S&T,JTJ-SBC,2026-09-28 23:00,2026-09-29 01:56,Signal Maintenance Block,Completed
BR006689,TASK15132,Traction,BZA-SC,2026-09-28 23:15,2026-09-29 02:33,OHE Maintenance Block,Rejected
BR006690,TASK62232,Traction,VSKP-BZA,2026-09-28 23:15,2026-09-29 02:20,Traction Feed Block,Completed
BR006691,TASK46290,S&T,JTJ-SBC,2026-09-29 00:00,2026-09-29 03:20,Cable Block,Approved
BR006692,TASK36032,Traction,NGP-BSP,2026-09-29 00:00,2026-09-29 03:23,Traction Feed Block,Completed
BR006693,TASK58827,Engineering,ALD-MGS,2026-09-29 00:15,2026-09-29 01:29,Track Renewal Block,Approved
BR006694,TASK84999,Engineering,ADI-BRC,2026-09-29 00:30,2026-09-29 01:39,Bridge Inspection Block,Approved
BR006695,TASK69193,Engineering,HWH-NJP,2026-09-29 01:15,2026-09-29 02:39,Traffic Block,Approved
BR006696,TASK80925,Traction,NDLS-GZB,2026-09-29 11:15,2026-09-29 12:48,Power Block,Approved
BR006697,TASK21643,Traction,BSR-BPL,2026-09-29 11:30,2026-09-29 12:13,OHE Maintenance Block,Approved
BR006698,TASK16871,Traction,MGS-HWH,2026-09-29 12:00,2026-09-29 13:19,OHE Maintenance Block,Completed
BR006699,TASK64908,S&T,BRC-ST,2026-09-29 12:45,2026-09-29 13:37,Cable Block,Approved
BR006700,TASK25927,Engineering,PUNE-CSMT,2026-09-29 13:15,2026-09-29 14:40,Track Renewal Block,Approved
BR006701,TASK59156,Engineering,VSKP-BZA,2026-09-29 15:15,2026-09-29 16:36,Non-Interlocking Block,Approved
BR006702,TASK25782,S&T,SBC-UBL,2026-09-29 22:00,2026-09-30 01:50,Interlocking Testing Block,Approved
BR006703,TASK66346,Engineering,JP-ADI,2026-09-29 22:00,2026-09-30 00:24,Traffic Block,Approved
BR006704,TASK92811,Engineering,ST-BCT,2026-09-29 22:15,2026-09-29 23:34,Track Renewal Block,Cancelled
BR006705,TASK87959,S&T,HWH-NJP,2026-09-29 22:30,2026-09-30 02:29,Signal Maintenance Block,Approved
BR006706,TASK81392,Engineering,CSMT-BSR,2026-09-29 22:30,2026-09-30 02:16,Bridge Inspection Block,Completed
BR006707,TASK94784,S&T,CSMT-BSR,2026-09-29 22:45,2026-09-30 03:16,Interlocking Testing Block,Approved
BR006708,TASK82048,Engineering,CNB-ALD,2026-09-29 23:00,2026-09-30 00:56,Non-Interlocking Block,Completed
BR006709,TASK34884,Engineering,NDLS-JHS,2026-09-30 00:00,2026-09-30 04:10,Bridge Inspection Block,Rejected
BR006710,TASK32979,S&T,BRC-ST,2026-09-30 00:00,2026-09-30 03:11,Signal Maintenance Block,Approved
BR006711,TASK19904,S&T,BZA-SC,2026-09-30 00:00,2026-09-30 02:45,Cable Block,Approved
BR006712,TASK26810,Traction,MAS-JTJ,2026-09-30 00:15,2026-09-30 03:10,OHE Maintenance Block,Requested
BR006713,TASK75074,Engineering,CNB-ALD,2026-09-30 00:30,2026-09-30 04:32,Non-Interlocking Block,Approved
BR006714,TASK52611,Engineering,ALD-MGS,2026-09-30 00:45,2026-09-30 03:26,Traffic Block,Approved
BR006715,TASK43636,S&T,ALD-MGS,2026-09-30 00:45,2026-09-30 04:09,Signal Maintenance Block,Requested
BR006716,TASK92959,Traction,VSKP-BZA,2026-09-30 01:00,2026-09-30 04:29,OHE Maintenance Block,Completed
BR006717,TASK60330,Engineering,BZA-SC,2026-09-30 01:00,2026-09-30 02:08,Non-Interlocking Block,Requested
BR006718,TASK84435,Engineering,VSKP-BZA,2026-09-30 01:15,2026-09-30 02:22,Track Renewal Block,Requested
BR006719,TASK74681,S&T,VSKP-BZA,2026-09-30 01:15,2026-09-30 03:39,Interlocking Testing Block,Approved
BR006720,TASK48230,Engineering,ALD-MGS,2026-09-30 01:30,2026-09-30 04:01,Traffic Block,Approved
BR006721,TASK66672,S&T,VSKP-BZA,2026-09-30 10:45,2026-09-30 12:24,Signal Maintenance Block,Approved
BR006722,TASK64304,Engineering,UBL-PUNE,2026-09-30 11:15,2026-09-30 12:47,Track Renewal Block,Requested
BR006723,TASK70234,Engineering,BPL-JHS,2026-09-30 13:00,2026-09-30 13:47,Non-Interlocking Block,Completed
BR006724,TASK73206,Engineering,CSMT-BSR,2026-09-30 13:15,2026-09-30 14:59,Track Renewal Block,Cancelled
BR006725,TASK19164,Engineering,BSR-BPL,2026-09-30 13:45,2026-09-30 15:08,Track Renewal Block,Approved
BR006726,TASK96466,S&T,ALD-MGS,2026-09-30 22:00,2026-10-01 00:55,Interlocking Testing Block,Approved
BR006727,TASK52414,Engineering,BZA-MAS,2026-09-30 22:15,2026-10-01 01:05,Non-Interlocking Block,Rejected
BR006728,TASK71831,S&T,JU-JP,2026-09-30 22:15,2026-10-01 02:17,Signal Maintenance Block,Approved
BR006729,TASK91621,Engineering,NGP-BSP,2026-09-30 22:15,2026-09-30 23:20,Non-Interlocking Block,Rejected
BR006730,TASK26386,Engineering,SBC-MAS,2026-09-30 22:30,2026-09-30 23:30,Track Renewal Block,Approved
BR006731,TASK94770,Engineering,ADI-BRC,2026-09-30 22:30,2026-10-01 01:12,Non-Interlocking Block,Approved
BR006732,TASK61475,Traction,ALD-MGS,2026-09-30 22:45,2026-10-01 00:45,Power Block,Approved
BR006733,TASK38241,S&T,DLI-JU,2026-09-30 23:00,2026-10-01 03:44,Interlocking Testing Block,Completed
BR006734,TASK78233,Engineering,NDLS-JHS,2026-09-30 23:00,2026-10-01 02:13,Bridge Inspection Block,Approved
BR006735,TASK61073,Traction,BSP-R,2026-10-01 00:00,2026-10-01 04:28,Power Block,Cancelled
BR006736,TASK52660,Traction,ADI-BRC,2026-10-01 00:00,2026-10-01 01:49,Traction Feed Block,Approved
BR006737,TASK63467,S&T,HWH-KGP,2026-10-01 00:15,2026-10-01 01:54,Signal Maintenance Block,Completed
BR006738,TASK58313,Engineering,BPL-JHS,2026-10-01 00:30,2026-10-01 03:55,Track Renewal Block,Approved
BR006739,TASK91315,Engineering,ST-BCT,2026-10-01 00:30,2026-10-01 03:35,Traffic Block,Approved
BR006740,TASK16061,S&T,PUNE-CSMT,2026-10-01 01:00,2026-10-01 04:55,Signal Maintenance Block,Cancelled
BR006741,TASK11626,Engineering,BRC-ST,2026-10-01 01:00,2026-10-01 02:31,Non-Interlocking Block,Approved
BR006742,TASK48148,Engineering,KGP-VSKP,2026-10-01 01:15,2026-10-01 05:55,Non-Interlocking Block,Requested
BR006743,TASK11296,Engineering,NDLS-JHS,2026-10-01 12:45,2026-10-01 14:19,Bridge Inspection Block,Rejected
BR006744,TASK44777,Engineering,ALD-MGS,2026-10-01 14:30,2026-10-01 15:59,Traffic Block,Requested
BR006745,TASK41735,Traction,ALD-MGS,2026-10-01 15:00,2026-10-01 15:38,Power Block,Approved
BR006746,TASK90554,Engineering,BZA-SC,2026-10-01 15:30,2026-10-01 17:20,Non-Interlocking Block,Cancelled
BR006747,TASK44079,Traction,BZA-MAS,2026-10-01 22:15,2026-10-02 00:10,Traction Feed Block,Approved
BR006748,TASK45848,S&T,JU-JP,2026-10-01 22:15,2026-10-02 03:09,Signal Maintenance Block,Approved
BR006749,TASK88778,Engineering,SBC-MAS,2026-10-01 22:30,2026-10-02 02:39,Traffic Block,Approved
BR006750,TASK69653,S&T,NDLS-JHS,2026-10-01 22:45,2026-10-02 01:04,Signal Maintenance Block,Requested
BR006751,TASK55276,Traction,DLI-JU,2026-10-01 23:45,2026-10-02 02:10,Power Block,Completed
BR006752,TASK91229,S&T,MGS-HWH,2026-10-02 00:00,2026-10-02 03:24,Cable Block,Completed
BR006753,TASK72739,S&T,ADI-BRC,2026-10-02 00:15,2026-10-02 01:45,Interlocking Testing Block,Requested
BR006754,TASK38892,S&T,DLI-JU,2026-10-02 00:30,2026-10-02 04:42,Signal Maintenance Block,Approved
BR006755,TASK80656,Traction,CNB-ALD,2026-10-02 00:30,2026-10-02 02:52,Power Block,Approved
BR006756,TASK67195,Traction,NDLS-ASR,2026-10-02 00:30,2026-10-02 02:42,Traction Feed Block,Approved
BR006757,TASK81020,S&T,CNB-ALD,2026-10-02 01:15,2026-10-02 04:45,Signal Maintenance Block,Cancelled
BR006758,TASK73337,Traction,JU-JP,2026-10-02 01:30,2026-10-02 05:31,Traction Feed Block,Requested
BR006759,TASK63805,Engineering,NDLS-JHS,2026-10-02 01:30,2026-10-02 04:25,Non-Interlocking Block,Approved
BR006760,TASK51821,Engineering,ALD-MGS,2026-10-02 01:45,2026-10-02 03:51,Non-Interlocking Block,Approved
BR006761,TASK95280,Engineering,HWH-KGP,2026-10-02 01:45,2026-10-02 06:38,Non-Interlocking Block,Rejected
BR006762,TASK10961,S&T,PUNE-CSMT,2026-10-02 10:30,2026-10-02 11:33,Cable Block,Approved
BR006763,TASK62354,S&T,HWH-KGP,2026-10-02 10:30,2026-10-02 11:39,Interlocking Testing Block,Approved
BR006764,TASK58247,Engineering,SC-NGP,2026-10-02 14:30,2026-10-02 15:02,Track Renewal Block,Approved
BR006765,TASK47340,S&T,BSR-BPL,2026-10-02 15:15,2026-10-02 16:39,Signal Maintenance Block,Completed
BR006766,TASK45926,Engineering,HWH-NJP,2026-10-02 22:00,2026-10-03 00:16,Non-Interlocking Block,Cancelled
BR006767,TASK91919,S&T,JP-ADI,2026-10-02 22:00,2026-10-03 01:31,Cable Block,Approved
BR006768,TASK47580,Engineering,BRC-ST,2026-10-02 22:15,2026-10-03 00:01,Bridge Inspection Block,Approved
BR006769,TASK31094,Engineering,MGS-HWH,2026-10-02 22:15,2026-10-03 03:01,Track Renewal Block,Approved
BR006770,TASK21796,Engineering,CSMT-BSR,2026-10-02 22:45,2026-10-03 02:48,Track Renewal Block,Approved
BR006771,TASK31191,Engineering,SBC-MAS,2026-10-02 22:45,2026-10-03 01:51,Track Renewal Block,Completed
BR006772,TASK41596,Engineering,ALD-MGS,2026-10-02 23:00,2026-10-03 03:17,Track Renewal Block,Requested
BR006773,TASK39036,Traction,BZA-SC,2026-10-02 23:00,2026-10-03 03:44,Traction Feed Block,Requested
BR006774,TASK40789,Engineering,GZB-CNB,2026-10-02 23:00,2026-10-03 00:11,Non-Interlocking Block,Completed
BR006775,TASK48852,Engineering,GZB-CNB,2026-10-02 23:15,2026-10-03 03:36,Bridge Inspection Block,Completed
BR006776,TASK81291,Engineering,PUNE-CSMT,2026-10-02 23:30,2026-10-03 04:04,Track Renewal Block,Approved
BR006777,TASK38351,Traction,DLI-JU,2026-10-03 00:00,2026-10-03 04:56,Traction Feed Block,Completed
BR006778,TASK22838,S&T,HWH-KGP,2026-10-03 00:00,2026-10-03 04:18,Signal Maintenance Block,Requested
BR006779,TASK11621,Traction,GZB-CNB,2026-10-03 00:15,2026-10-03 03:53,Power Block,Approved
BR006780,TASK13853,S&T,NDLS-UMB,2026-10-03 00:30,2026-10-03 02:16,Interlocking Testing Block,Cancelled
BR006781,TASK86024,Traction,UBL-PUNE,2026-10-03 01:15,2026-10-03 03:46,OHE Maintenance Block,Rejected
BR006782,TASK88834,Engineering,DLI-JU,2026-10-03 01:30,2026-10-03 04:02,Non-Interlocking Block,Approved
BR006783,TASK31039,Engineering,CSMT-BSR,2026-10-03 01:30,2026-10-03 03:25,Bridge Inspection Block,Approved
BR006784,TASK46484,Traction,JTJ-SBC,2026-10-03 13:15,2026-10-03 14:58,Power Block,Approved
BR006785,TASK70221,Engineering,KGP-VSKP,2026-10-03 15:00,2026-10-03 16:07,Traffic Block,Approved
BR006786,TASK18327,S&T,NDLS-ASR,2026-10-03 15:45,2026-10-03 17:43,Cable Block,Approved
BR006787,TASK52376,Traction,GZB-CNB,2026-10-03 15:45,2026-10-03 17:16,Traction Feed Block,Approved
BR006788,TASK83176,Traction,MGS-HWH,2026-10-03 22:00,2026-10-04 01:20,Traction Feed Block,Approved
BR006789,TASK52825,Engineering,NGP-BSP,2026-10-03 22:00,2026-10-04 01:56,Non-Interlocking Block,Completed
BR006790,TASK25553,Engineering,SBC-UBL,2026-10-03 22:15,2026-10-04 01:58,Bridge Inspection Block,Approved
BR006791,TASK48640,Traction,NDLS-UMB,2026-10-03 22:15,2026-10-04 03:03,OHE Maintenance Block,Approved
BR006792,TASK18010,S&T,PUNE-CSMT,2026-10-03 22:15,2026-10-03 23:51,Signal Maintenance Block,Rejected
BR006793,TASK80871,Engineering,HWH-KGP,2026-10-03 22:15,2026-10-04 02:53,Track Renewal Block,Approved
BR006794,TASK13270,Engineering,GZB-CNB,2026-10-03 22:30,2026-10-04 02:48,Bridge Inspection Block,Completed
BR006795,TASK12968,S&T,HWH-KGP,2026-10-03 22:30,2026-10-04 02:57,Interlocking Testing Block,Requested
BR006796,TASK42486,S&T,BSP-R,2026-10-03 22:45,2026-10-04 00:52,Interlocking Testing Block,Approved
BR006797,TASK99472,S&T,NDLS-GZB,2026-10-03 22:45,2026-10-04 01:45,Signal Maintenance Block,Approved
BR006798,TASK58358,Engineering,BRC-ST,2026-10-03 23:00,2026-10-04 03:26,Bridge Inspection Block,Requested
BR006799,TASK76930,Engineering,JU-JP,2026-10-03 23:15,2026-10-04 01:24,Bridge Inspection Block,Approved
BR006800,TASK32533,S&T,SBC-UBL,2026-10-03 23:30,2026-10-04 01:07,Cable Block,Requested
BR006801,TASK99913,Engineering,CNB-ALD,2026-10-03 23:45,2026-10-04 01:14,Bridge Inspection Block,Approved
BR006802,TASK42665,S&T,BZA-SC,2026-10-04 00:30,2026-10-04 04:12,Interlocking Testing Block,Approved
BR006803,TASK49471,S&T,ALD-MGS,2026-10-04 00:45,2026-10-04 05:42,Interlocking Testing Block,Approved
BR006804,TASK92786,S&T,PUNE-CSMT,2026-10-04 00:45,2026-10-04 02:43,Cable Block,Approved
BR006805,TASK83514,Engineering,NGP-BSP,2026-10-04 01:00,2026-10-04 03:31,Bridge Inspection Block,Rejected
BR006806,TASK70806,S&T,MGS-HWH,2026-10-04 01:00,2026-10-04 04:33,Interlocking Testing Block,Approved
BR006807,TASK76590,Engineering,BZA-MAS,2026-10-04 01:00,2026-10-04 02:10,Non-Interlocking Block,Rejected
BR006808,TASK53178,Traction,NDLS-JHS,2026-10-04 01:15,2026-10-04 02:53,Power Block,Approved
BR006809,TASK63143,S&T,BRC-ST,2026-10-04 01:15,2026-10-04 03:11,Cable Block,Approved
BR006810,TASK50710,Engineering,NDLS-JHS,2026-10-04 01:30,2026-10-04 02:32,Traffic Block,Cancelled
BR006811,TASK96757,S&T,ALD-MGS,2026-10-04 01:30,2026-10-04 03:37,Cable Block,Approved
BR006812,TASK66066,Engineering,PUNE-CSMT,2026-10-04 10:15,2026-10-04 10:54,Non-Interlocking Block,Rejected
BR006813,TASK65444,Engineering,CSMT-BSR,2026-10-04 10:15,2026-10-04 11:38,Traffic Block,Requested
BR006814,TASK74480,S&T,NDLS-ASR,2026-10-04 12:30,2026-10-04 13:14,Signal Maintenance Block,Approved
BR006815,TASK69418,Engineering,CSMT-BSR,2026-10-04 13:30,2026-10-04 15:07,Bridge Inspection Block,Requested
BR006816,TASK62227,Traction,HWH-KGP,2026-10-04 14:00,2026-10-04 15:37,OHE Maintenance Block,Requested
BR006817,TASK74342,Traction,BPL-JHS,2026-10-04 22:15,2026-10-04 23:35,Traction Feed Block,Completed
BR006818,TASK78422,Engineering,CSMT-BSR,2026-10-04 22:15,2026-10-05 00:48,Track Renewal Block,Approved
BR006819,TASK69685,Engineering,BSR-BPL,2026-10-04 22:30,2026-10-05 00:48,Bridge Inspection Block,Completed
BR006820,TASK60121,Engineering,SBC-UBL,2026-10-04 22:45,2026-10-05 02:33,Traffic Block,Approved
BR006821,TASK96039,Engineering,JU-JP,2026-10-04 22:45,2026-10-05 02:17,Non-Interlocking Block,Approved
BR006822,TASK50067,Engineering,PUNE-CSMT,2026-10-04 22:45,2026-10-05 02:06,Bridge Inspection Block,Requested
BR006823,TASK60795,S&T,NDLS-UMB,2026-10-04 22:45,2026-10-05 02:12,Interlocking Testing Block,Approved
BR006824,TASK70403,S&T,GZB-CNB,2026-10-04 23:00,2026-10-05 01:49,Interlocking Testing Block,Approved
BR006825,TASK77488,S&T,SBC-MAS,2026-10-04 23:30,2026-10-05 00:47,Interlocking Testing Block,Approved
BR006826,TASK37228,Engineering,BZA-MAS,2026-10-04 23:30,2026-10-05 02:41,Bridge Inspection Block,Approved
BR006827,TASK61071,Traction,GZB-CNB,2026-10-04 23:30,2026-10-05 02:28,Traction Feed Block,Approved
BR006828,TASK78046,Traction,DLI-JU,2026-10-04 23:45,2026-10-05 00:55,Power Block,Approved
BR006829,TASK40531,Engineering,UBL-PUNE,2026-10-05 00:00,2026-10-05 02:35,Bridge Inspection Block,Approved
BR006830,TASK50783,Engineering,NDLS-ASR,2026-10-05 00:45,2026-10-05 03:37,Non-Interlocking Block,Cancelled
BR006831,TASK56397,Engineering,JU-JP,2026-10-05 01:00,2026-10-05 02:48,Non-Interlocking Block,Approved
BR006832,TASK50445,Engineering,BSR-BPL,2026-10-05 01:15,2026-10-05 04:44,Traffic Block,Rejected
BR006833,TASK19577,Engineering,VSKP-BZA,2026-10-05 01:15,2026-10-05 02:59,Non-Interlocking Block,Requested
BR006834,TASK68606,Engineering,NDLS-ASR,2026-10-05 01:30,2026-10-05 05:24,Non-Interlocking Block,Approved
BR006835,TASK11711,Engineering,BSR-BPL,2026-10-05 01:30,2026-10-05 05:24,Track Renewal Block,Requested
BR006836,TASK17220,Engineering,ADI-BRC,2026-10-05 01:30,2026-10-05 03:52,Track Renewal Block,Requested
BR006837,TASK51058,Engineering,UBL-PUNE,2026-10-05 01:45,2026-10-05 06:14,Bridge Inspection Block,Approved
BR006838,TASK93365,Engineering,SC-NGP,2026-10-05 01:45,2026-10-05 02:54,Traffic Block,Requested
BR006839,TASK69479,Engineering,PUNE-CSMT,2026-10-05 10:00,2026-10-05 11:35,Track Renewal Block,Completed
BR006840,TASK86872,Traction,UBL-PUNE,2026-10-05 15:45,2026-10-05 17:32,Traction Feed Block,Rejected
BR006841,TASK45718,S&T,SC-NGP,2026-10-05 22:15,2026-10-06 00:37,Signal Maintenance Block,Completed
BR006842,TASK85007,Traction,NDLS-GZB,2026-10-05 22:15,2026-10-05 23:30,OHE Maintenance Block,Approved
BR006843,TASK16366,Engineering,GZB-CNB,2026-10-05 22:15,2026-10-06 02:14,Track Renewal Block,Approved
BR006844,TASK51064,Traction,ADI-BRC,2026-10-05 22:15,2026-10-06 03:04,OHE Maintenance Block,Requested
BR006845,TASK46520,Traction,CSMT-BSR,2026-10-05 22:15,2026-10-06 02:56,Power Block,Completed
BR006846,TASK36056,S&T,NDLS-UMB,2026-10-05 22:15,2026-10-06 01:25,Signal Maintenance Block,Cancelled
BR006847,TASK44077,Engineering,CSMT-BSR,2026-10-05 23:00,2026-10-06 03:20,Non-Interlocking Block,Completed
BR006848,TASK85902,Traction,CSMT-BSR,2026-10-05 23:45,2026-10-06 03:07,Traction Feed Block,Approved
BR006849,TASK94326,Engineering,SC-NGP,2026-10-06 00:00,2026-10-06 03:02,Bridge Inspection Block,Requested
BR006850,TASK63940,Traction,ADI-BRC,2026-10-06 00:00,2026-10-06 02:52,Power Block,Approved
BR006851,TASK53217,S&T,CSMT-BSR,2026-10-06 00:30,2026-10-06 04:59,Cable Block,Approved
BR006852,TASK90995,S&T,BRC-ST,2026-10-06 00:30,2026-10-06 03:21,Interlocking Testing Block,Approved
BR006853,TASK61052,Traction,MAS-JTJ,2026-10-06 01:00,2026-10-06 04:34,OHE Maintenance Block,Approved
BR006854,TASK31236,Engineering,ALD-MGS,2026-10-06 01:30,2026-10-06 03:35,Bridge Inspection Block,Requested
BR006855,TASK62332,S&T,NJP-GHY,2026-10-06 10:30,2026-10-06 11:02,Interlocking Testing Block,Approved
BR006856,TASK16715,Engineering,ST-BCT,2026-10-06 10:30,2026-10-06 11:11,Bridge Inspection Block,Completed
BR006857,TASK21272,S&T,BSR-BPL,2026-10-06 10:30,2026-10-06 11:13,Interlocking Testing Block,Requested
BR006858,TASK94915,S&T,KGP-VSKP,2026-10-06 10:45,2026-10-06 12:39,Interlocking Testing Block,Approved
BR006859,TASK95786,Traction,ADI-BRC,2026-10-06 12:15,2026-10-06 13:13,Traction Feed Block,Cancelled
BR006860,TASK57368,Engineering,NDLS-UMB,2026-10-06 13:30,2026-10-06 14:23,Bridge Inspection Block,Approved
BR006861,TASK49143,S&T,SBC-MAS,2026-10-06 14:45,2026-10-06 15:44,Interlocking Testing Block,Completed
BR006862,TASK18839,Engineering,HWH-NJP,2026-10-06 22:00,2026-10-07 01:25,Track Renewal Block,Requested
BR006863,TASK75771,Engineering,ADI-BRC,2026-10-06 22:00,2026-10-07 02:54,Non-Interlocking Block,Rejected
BR006864,TASK55695,Traction,BSR-BPL,2026-10-06 22:30,2026-10-07 00:22,OHE Maintenance Block,Completed
BR006865,TASK56790,Traction,VSKP-BZA,2026-10-06 22:30,2026-10-07 01:41,OHE Maintenance Block,Approved
BR006866,TASK20673,Traction,ADI-BRC,2026-10-06 22:45,2026-10-07 02:20,Power Block,Approved
BR006867,TASK51798,S&T,SC-NGP,2026-10-06 22:45,2026-10-07 03:32,Interlocking Testing Block,Completed
BR006868,TASK48261,Engineering,BPL-JHS,2026-10-06 22:45,2026-10-07 01:48,Track Renewal Block,Rejected
BR006869,TASK69793,S&T,PUNE-CSMT,2026-10-06 23:15,2026-10-07 00:58,Signal Maintenance Block,Requested
BR006870,TASK41910,Engineering,BZA-MAS,2026-10-06 23:15,2026-10-07 01:34,Non-Interlocking Block,Approved
BR006871,TASK61031,Engineering,SBC-UBL,2026-10-06 23:15,2026-10-07 01:44,Traffic Block,Approved
BR006872,TASK13791,S&T,GZB-CNB,2026-10-06 23:15,2026-10-07 02:28,Cable Block,Approved
BR006873,TASK11554,S&T,NDLS-GZB,2026-10-06 23:30,2026-10-07 02:34,Cable Block,Approved
BR006874,TASK20382,S&T,NDLS-JHS,2026-10-06 23:30,2026-10-07 03:35,Signal Maintenance Block,Approved
BR006875,TASK27106,Engineering,MAS-JTJ,2026-10-06 23:30,2026-10-07 02:10,Traffic Block,Cancelled
BR006876,TASK37018,Engineering,NDLS-UMB,2026-10-06 23:45,2026-10-07 02:21,Bridge Inspection Block,Rejected
BR006877,TASK51517,Engineering,NGP-BSP,2026-10-07 00:00,2026-10-07 02:37,Bridge Inspection Block,Completed
BR006878,TASK25304,Traction,NDLS-JHS,2026-10-07 00:00,2026-10-07 01:40,Traction Feed Block,Approved
BR006879,TASK55880,Engineering,NDLS-JHS,2026-10-07 00:30,2026-10-07 02:45,Traffic Block,Approved
BR006880,TASK69371,S&T,BRC-ST,2026-10-07 00:30,2026-10-07 04:29,Interlocking Testing Block,Approved
BR006881,TASK78612,Traction,BSP-R,2026-10-07 01:00,2026-10-07 02:19,OHE Maintenance Block,Approved
BR006882,TASK67037,S&T,UBL-PUNE,2026-10-07 01:15,2026-10-07 02:25,Cable Block,Approved
BR006883,TASK75635,S&T,BPL-JHS,2026-10-07 01:15,2026-10-07 03:07,Signal Maintenance Block,Approved
BR006884,TASK16240,Traction,BPL-JHS,2026-10-07 01:30,2026-10-07 05:17,Power Block,Cancelled
BR006885,TASK44724,Traction,ST-BCT,2026-10-07 01:30,2026-10-07 04:15,Power Block,Completed
BR006886,TASK90036,Traction,MGS-HWH,2026-10-07 01:45,2026-10-07 06:23,Traction Feed Block,Completed
BR006887,TASK52242,S&T,SBC-UBL,2026-10-07 11:45,2026-10-07 12:44,Signal Maintenance Block,Approved
BR006888,TASK93110,Traction,BZA-SC,2026-10-07 15:45,2026-10-07 17:30,Power Block,Requested
BR006889,TASK62591,Engineering,VSKP-BZA,2026-10-07 22:00,2026-10-08 02:28,Non-Interlocking Block,Approved
BR006890,TASK89149,Engineering,CNB-ALD,2026-10-07 22:15,2026-10-08 03:06,Track Renewal Block,Approved
BR006891,TASK58690,Traction,HWH-NJP,2026-10-07 22:15,2026-10-08 00:40,OHE Maintenance Block,Requested
BR006892,TASK80285,Engineering,JTJ-SBC,2026-10-07 22:30,2026-10-08 00:30,Bridge Inspection Block,Approved
BR006893,TASK50455,Engineering,BPL-JHS,2026-10-07 22:30,2026-10-08 03:24,Track Renewal Block,Approved
BR006894,TASK30461,Traction,BZA-SC,2026-10-07 22:30,2026-10-08 01:44,OHE Maintenance Block,Requested
BR006895,TASK89150,Traction,BSR-BPL,2026-10-07 23:00,2026-10-08 01:31,Traction Feed Block,Approved
BR006896,TASK82504,Engineering,ALD-MGS,2026-10-07 23:00,2026-10-08 03:36,Bridge Inspection Block,Approved
BR006897,TASK97738,Engineering,NJP-GHY,2026-10-07 23:00,2026-10-08 03:53,Traffic Block,Approved
BR006898,TASK65420,Engineering,GZB-CNB,2026-10-07 23:15,2026-10-08 03:01,Non-Interlocking Block,Completed
BR006899,TASK54623,S&T,HWH-NJP,2026-10-07 23:15,2026-10-08 02:56,Signal Maintenance Block,Approved
BR006900,TASK73978,Engineering,MGS-HWH,2026-10-07 23:15,2026-10-08 01:51,Traffic Block,Approved
BR006901,TASK78981,Traction,BPL-JHS,2026-10-07 23:15,2026-10-08 04:00,Power Block,Requested
BR006902,TASK19901,Engineering,SBC-MAS,2026-10-07 23:45,2026-10-08 00:50,Traffic Block,Requested
BR006903,TASK38620,Traction,BZA-MAS,2026-10-07 23:45,2026-10-08 02:56,OHE Maintenance Block,Approved
BR006904,TASK51189,S&T,NDLS-GZB,2026-10-08 00:15,2026-10-08 01:29,Cable Block,Approved
BR006905,TASK18423,S&T,BSR-BPL,2026-10-08 00:30,2026-10-08 04:00,Interlocking Testing Block,Rejected
BR006906,TASK61298,Engineering,CNB-ALD,2026-10-08 00:30,2026-10-08 01:54,Non-Interlocking Block,Requested
BR006907,TASK63286,S&T,UBL-PUNE,2026-10-08 00:30,2026-10-08 01:34,Cable Block,Approved
BR006908,TASK72148,Traction,SBC-MAS,2026-10-08 00:45,2026-10-08 04:28,OHE Maintenance Block,Approved
BR006909,TASK53527,Traction,JU-JP,2026-10-08 01:00,2026-10-08 04:46,OHE Maintenance Block,Approved
BR006910,TASK85546,S&T,SBC-UBL,2026-10-08 01:15,2026-10-08 03:35,Cable Block,Completed
BR006911,TASK70518,S&T,SC-NGP,2026-10-08 01:30,2026-10-08 06:04,Cable Block,Approved
BR006912,TASK56346,Engineering,GZB-CNB,2026-10-08 01:30,2026-10-08 03:56,Track Renewal Block,Approved
BR006913,TASK28568,S&T,MAS-JTJ,2026-10-08 01:30,2026-10-08 06:03,Cable Block,Approved
BR006914,TASK94303,Engineering,MGS-HWH,2026-10-08 11:15,2026-10-08 12:57,Track Renewal Block,Approved
BR006915,TASK17776,Engineering,CNB-ALD,2026-10-08 12:15,2026-10-08 13:08,Traffic Block,Requested
BR006916,TASK78951,S&T,PUNE-CSMT,2026-10-08 12:30,2026-10-08 13:48,Cable Block,Approved
BR006917,TASK77086,Traction,ST-BCT,2026-10-08 13:30,2026-10-08 14:43,Power Block,Approved
BR006918,TASK12193,S&T,BSP-R,2026-10-08 14:45,2026-10-08 16:10,Interlocking Testing Block,Cancelled
BR006919,TASK38100,Engineering,NDLS-UMB,2026-10-08 22:15,2026-10-09 00:30,Bridge Inspection Block,Rejected
BR006920,TASK52005,S&T,BZA-MAS,2026-10-08 22:15,2026-10-09 00:40,Interlocking Testing Block,Completed
BR006921,TASK54683,Engineering,SBC-UBL,2026-10-08 22:15,2026-10-09 01:28,Non-Interlocking Block,Approved
BR006922,TASK46313,Traction,KGP-VSKP,2026-10-08 22:45,2026-10-09 02:33,Power Block,Completed
BR006923,TASK95975,Traction,GZB-CNB,2026-10-08 23:00,2026-10-09 01:51,Traction Feed Block,Approved
BR006924,TASK35160,Traction,SC-NGP,2026-10-08 23:15,2026-10-09 00:18,Traction Feed Block,Completed
BR006925,TASK51064,Traction,HWH-NJP,2026-10-08 23:15,2026-10-09 01:32,OHE Maintenance Block,Approved
BR006926,TASK23685,Traction,GZB-CNB,2026-10-08 23:15,2026-10-09 02:47,Traction Feed Block,Approved
BR006927,TASK78698,Engineering,BRC-ST,2026-10-08 23:30,2026-10-09 03:00,Track Renewal Block,Approved
BR006928,TASK71461,S&T,SBC-UBL,2026-10-08 23:30,2026-10-09 03:00,Signal Maintenance Block,Approved
BR006929,TASK52179,Traction,NDLS-UMB,2026-10-08 23:45,2026-10-09 04:35,Power Block,Approved
BR006930,TASK68043,S&T,GZB-CNB,2026-10-09 00:00,2026-10-09 03:16,Cable Block,Approved
BR006931,TASK57559,Traction,PUNE-CSMT,2026-10-09 00:15,2026-10-09 03:05,Power Block,Cancelled
BR006932,TASK93935,Engineering,JP-ADI,2026-10-09 00:15,2026-10-09 04:04,Traffic Block,Approved
BR006933,TASK35253,Traction,BSR-BPL,2026-10-09 00:30,2026-10-09 02:36,Traction Feed Block,Completed
BR006934,TASK46941,S&T,BSR-BPL,2026-10-09 00:30,2026-10-09 02:10,Cable Block,Approved
BR006935,TASK49152,Traction,ALD-MGS,2026-10-09 00:30,2026-10-09 03:49,Traction Feed Block,Approved
BR006936,TASK32698,S&T,NDLS-GZB,2026-10-09 00:30,2026-10-09 04:37,Cable Block,Approved
BR006937,TASK14430,Engineering,NDLS-UMB,2026-10-09 00:45,2026-10-09 02:59,Bridge Inspection Block,Approved
BR006938,TASK60859,S&T,CSMT-BSR,2026-10-09 01:00,2026-10-09 03:39,Signal Maintenance Block,Completed
BR006939,TASK95512,Engineering,MAS-JTJ,2026-10-09 01:00,2026-10-09 02:49,Non-Interlocking Block,Approved
BR006940,TASK95262,Engineering,BRC-ST,2026-10-09 01:00,2026-10-09 04:25,Track Renewal Block,Cancelled
BR006941,TASK86656,Engineering,NDLS-GZB,2026-10-09 01:00,2026-10-09 04:19,Non-Interlocking Block,Approved
BR006942,TASK26465,S&T,CNB-ALD,2026-10-09 01:15,2026-10-09 04:10,Cable Block,Completed
BR006943,TASK89310,Engineering,BPL-JHS,2026-10-09 01:15,2026-10-09 02:50,Non-Interlocking Block,Requested
BR006944,TASK61437,S&T,ST-BCT,2026-10-09 01:30,2026-10-09 03:09,Interlocking Testing Block,Approved
BR006945,TASK49481,Engineering,SC-NGP,2026-10-09 01:30,2026-10-09 04:26,Traffic Block,Requested
BR006946,TASK56565,Engineering,VSKP-BZA,2026-10-09 10:15,2026-10-09 11:59,Bridge Inspection Block,Cancelled
BR006947,TASK25897,Traction,ALD-MGS,2026-10-09 11:15,2026-10-09 12:13,OHE Maintenance Block,Approved
BR006948,TASK81565,Traction,ST-BCT,2026-10-09 11:45,2026-10-09 12:30,OHE Maintenance Block,Completed
BR006949,TASK77925,S&T,NDLS-UMB,2026-10-09 12:30,2026-10-09 13:03,Signal Maintenance Block,Approved
BR006950,TASK31536,Engineering,JP-ADI,2026-10-09 14:15,2026-10-09 15:43,Traffic Block,Approved
BR006951,TASK66640,Engineering,JU-JP,2026-10-09 14:15,2026-10-09 15:57,Traffic Block,Approved
BR006952,TASK89575,S&T,HWH-NJP,2026-10-09 15:15,2026-10-09 16:43,Interlocking Testing Block,Cancelled
BR006953,TASK84095,Traction,NDLS-GZB,2026-10-09 22:15,2026-10-10 00:01,Power Block,Rejected
BR006954,TASK26066,Traction,NGP-BSP,2026-10-09 22:15,2026-10-10 02:16,OHE Maintenance Block,Approved
BR006955,TASK27254,S&T,GZB-CNB,2026-10-09 22:15,2026-10-10 01:07,Signal Maintenance Block,Approved
BR006956,TASK53945,Engineering,MGS-HWH,2026-10-09 22:15,2026-10-10 00:32,Traffic Block,Approved
BR006957,TASK97173,Engineering,VSKP-BZA,2026-10-09 22:30,2026-10-10 00:21,Non-Interlocking Block,Rejected
BR006958,TASK75075,Engineering,VSKP-BZA,2026-10-09 23:00,2026-10-10 02:54,Track Renewal Block,Completed
BR006959,TASK60834,Engineering,NDLS-GZB,2026-10-09 23:15,2026-10-10 03:41,Bridge Inspection Block,Approved
BR006960,TASK80717,Traction,NDLS-ASR,2026-10-09 23:45,2026-10-10 03:15,OHE Maintenance Block,Approved
BR006961,TASK26055,Traction,ALD-MGS,2026-10-09 23:45,2026-10-10 04:04,Power Block,Approved
BR006962,TASK58436,Engineering,BZA-MAS,2026-10-10 00:00,2026-10-10 03:10,Non-Interlocking Block,Requested
BR006963,TASK24325,Engineering,BZA-MAS,2026-10-10 00:15,2026-10-10 04:44,Bridge Inspection Block,Approved
BR006964,TASK93944,Engineering,UBL-PUNE,2026-10-10 00:15,2026-10-10 03:49,Bridge Inspection Block,Approved
BR006965,TASK60578,Engineering,NDLS-GZB,2026-10-10 00:15,2026-10-10 03:59,Non-Interlocking Block,Approved
BR006966,TASK45926,Engineering,BPL-JHS,2026-10-10 00:15,2026-10-10 04:32,Non-Interlocking Block,Approved
BR006967,TASK83878,Engineering,BZA-MAS,2026-10-10 00:30,2026-10-10 02:46,Traffic Block,Approved
BR006968,TASK82210,S&T,NDLS-GZB,2026-10-10 00:30,2026-10-10 04:29,Interlocking Testing Block,Approved
BR006969,TASK27732,Traction,UBL-PUNE,2026-10-10 01:00,2026-10-10 04:56,Traction Feed Block,Approved
BR006970,TASK53723,S&T,VSKP-BZA,2026-10-10 01:15,2026-10-10 04:42,Cable Block,Rejected
BR006971,TASK20893,Engineering,BPL-JHS,2026-10-10 01:45,2026-10-10 05:04,Track Renewal Block,Completed
BR006972,TASK40140,Engineering,JTJ-SBC,2026-10-10 01:45,2026-10-10 04:15,Track Renewal Block,Approved
BR006973,TASK28135,Engineering,CSMT-BSR,2026-10-10 01:45,2026-10-10 06:04,Track Renewal Block,Completed
BR006974,TASK30206,Traction,ADI-BRC,2026-10-10 10:15,2026-10-10 11:25,Traction Feed Block,Rejected
BR006975,TASK58348,Engineering,NDLS-GZB,2026-10-10 10:15,2026-10-10 12:12,Track Renewal Block,Approved
BR006976,TASK49036,Engineering,ADI-BRC,2026-10-10 10:30,2026-10-10 11:13,Track Renewal Block,Approved
BR006977,TASK55148,Traction,CNB-ALD,2026-10-10 11:30,2026-10-10 12:44,Power Block,Requested
BR006978,TASK54414,Engineering,GZB-CNB,2026-10-10 14:30,2026-10-10 15:15,Non-Interlocking Block,Completed
BR006979,TASK88982,Engineering,BSP-R,2026-10-10 15:15,2026-10-10 16:29,Track Renewal Block,Completed
BR006980,TASK99329,Traction,CSMT-BSR,2026-10-10 22:00,2026-10-11 00:00,OHE Maintenance Block,Approved
BR006981,TASK42608,S&T,BZA-SC,2026-10-10 22:15,2026-10-11 02:14,Signal Maintenance Block,Requested
BR006982,TASK91794,Engineering,ALD-MGS,2026-10-10 22:45,2026-10-11 00:37,Bridge Inspection Block,Approved
BR006983,TASK78654,Traction,BPL-JHS,2026-10-10 22:45,2026-10-11 03:07,OHE Maintenance Block,Requested
BR006984,TASK93995,S&T,BZA-MAS,2026-10-10 23:00,2026-10-11 01:45,Cable Block,Approved
BR006985,TASK92952,Engineering,BSP-R,2026-10-11 00:00,2026-10-11 04:24,Bridge Inspection Block,Cancelled
BR006986,TASK22479,Traction,UBL-PUNE,2026-10-11 00:15,2026-10-11 04:07,OHE Maintenance Block,Approved
BR006987,TASK37594,Traction,ST-BCT,2026-10-11 00:30,2026-10-11 02:53,OHE Maintenance Block,Requested
BR006988,TASK14864,Engineering,SC-NGP,2026-10-11 00:30,2026-10-11 03:03,Traffic Block,Approved
BR006989,TASK53098,Traction,CSMT-BSR,2026-10-11 01:00,2026-10-11 04:34,OHE Maintenance Block,Approved
BR006990,TASK19028,S&T,CNB-ALD,2026-10-11 01:15,2026-10-11 03:00,Signal Maintenance Block,Approved
BR006991,TASK16153,Engineering,NJP-GHY,2026-10-11 01:30,2026-10-11 03:39,Bridge Inspection Block,Requested
BR006992,TASK64834,Traction,HWH-KGP,2026-10-11 01:30,2026-10-11 03:30,Traction Feed Block,Completed
BR006993,TASK40943,S&T,MGS-HWH,2026-10-11 22:15,2026-10-12 00:02,Signal Maintenance Block,Approved
BR006994,TASK10516,Engineering,GZB-CNB,2026-10-11 23:15,2026-10-12 01:52,Track Renewal Block,Approved
BR006995,TASK84535,Traction,SC-NGP,2026-10-11 23:15,2026-10-12 00:31,Power Block,Approved
BR006996,TASK53801,Engineering,PUNE-CSMT,2026-10-11 23:30,2026-10-12 02:18,Non-Interlocking Block,Cancelled
BR006997,TASK95372,S&T,ADI-BRC,2026-10-11 23:45,2026-10-12 04:40,Cable Block,Rejected
BR006998,TASK76918,S&T,BSR-BPL,2026-10-11 23:45,2026-10-12 01:40,Cable Block,Completed
BR006999,TASK90313,S&T,ALD-MGS,2026-10-11 23:45,2026-10-12 02:27,Interlocking Testing Block,Completed
BR007000,TASK60689,S&T,MGS-HWH,2026-10-12 00:00,2026-10-12 01:19,Signal Maintenance Block,Approved
BR007001,TASK24468,Engineering,MGS-HWH,2026-10-12 00:15,2026-10-12 03:26,Traffic Block,Approved
BR007002,TASK93603,S&T,ST-BCT,2026-10-12 00:30,2026-10-12 03:23,Signal Maintenance Block,Approved
BR007003,TASK87288,Engineering,GZB-CNB,2026-10-12 00:45,2026-10-12 05:36,Traffic Block,Requested
BR007004,TASK94386,S&T,MAS-JTJ,2026-10-12 01:30,2026-10-12 06:14,Cable Block,Requested
BR007005,TASK10612,Engineering,CNB-ALD,2026-10-12 01:30,2026-10-12 05:49,Non-Interlocking Block,Requested
BR007006,TASK96128,Traction,NGP-BSP,2026-10-12 01:45,2026-10-12 03:38,Power Block,Approved
BR007007,TASK47584,S&T,NDLS-GZB,2026-10-12 01:45,2026-10-12 03:27,Signal Maintenance Block,Rejected
BR007008,TASK68495,Engineering,ADI-BRC,2026-10-12 01:45,2026-10-12 05:15,Bridge Inspection Block,Requested
BR007009,TASK50260,Traction,BPL-JHS,2026-10-12 10:00,2026-10-12 11:11,Traction Feed Block,Requested
BR007010,TASK19274,Engineering,VSKP-BZA,2026-10-12 10:00,2026-10-12 10:33,Non-Interlocking Block,Approved
BR007011,TASK50577,Traction,BRC-ST,2026-10-12 11:00,2026-10-12 12:34,Power Block,Approved
BR007012,TASK56095,Traction,BRC-ST,2026-10-12 13:00,2026-10-12 14:48,Traction Feed Block,Approved
BR007013,TASK12446,Traction,BRC-ST,2026-10-12 14:45,2026-10-12 16:07,Power Block,Approved
BR007014,TASK50580,Engineering,SBC-UBL,2026-10-12 15:00,2026-10-12 16:51,Bridge Inspection Block,Requested
BR007015,TASK20709,Engineering,HWH-KGP,2026-10-12 15:15,2026-10-12 15:52,Track Renewal Block,Rejected
BR007016,TASK71546,Engineering,NJP-GHY,2026-10-12 22:00,2026-10-13 00:00,Non-Interlocking Block,Completed
BR007017,TASK44223,Traction,CNB-ALD,2026-10-12 22:15,2026-10-13 01:54,OHE Maintenance Block,Approved
BR007018,TASK70737,Engineering,MAS-JTJ,2026-10-12 22:15,2026-10-13 01:20,Bridge Inspection Block,Approved
BR007019,TASK67875,S&T,NGP-BSP,2026-10-12 22:30,2026-10-12 23:49,Signal Maintenance Block,Approved
BR007020,TASK33400,Engineering,BZA-MAS,2026-10-12 22:45,2026-10-13 02:21,Traffic Block,Completed
BR007021,TASK62243,S&T,ST-BCT,2026-10-12 22:45,2026-10-13 00:06,Signal Maintenance Block,Approved
BR007022,TASK96014,Engineering,BSR-BPL,2026-10-12 22:45,2026-10-13 00:36,Track Renewal Block,Rejected
BR007023,TASK70682,Traction,KGP-VSKP,2026-10-12 23:00,2026-10-13 00:52,Traction Feed Block,Approved
BR007024,TASK61044,S&T,VSKP-BZA,2026-10-12 23:30,2026-10-13 00:39,Signal Maintenance Block,Rejected
BR007025,TASK44818,Engineering,VSKP-BZA,2026-10-12 23:30,2026-10-13 03:08,Traffic Block,Approved
BR007026,TASK22751,Engineering,HWH-KGP,2026-10-12 23:45,2026-10-13 04:44,Track Renewal Block,Approved
BR007027,TASK45385,S&T,BSR-BPL,2026-10-13 00:00,2026-10-13 04:28,Signal Maintenance Block,Requested
BR007028,TASK44008,S&T,GZB-CNB,2026-10-13 00:00,2026-10-13 02:33,Interlocking Testing Block,Approved
BR007029,TASK94800,Traction,SBC-UBL,2026-10-13 00:30,2026-10-13 04:00,Power Block,Requested
BR007030,TASK88200,Engineering,ALD-MGS,2026-10-13 00:30,2026-10-13 05:23,Bridge Inspection Block,Completed
BR007031,TASK92560,S&T,BPL-JHS,2026-10-13 00:45,2026-10-13 04:35,Interlocking Testing Block,Approved
BR007032,TASK29755,Engineering,ADI-BRC,2026-10-13 01:00,2026-10-13 05:24,Bridge Inspection Block,Cancelled
BR007033,TASK90699,Traction,JP-ADI,2026-10-13 01:15,2026-10-13 03:15,Traction Feed Block,Approved
BR007034,TASK46157,Engineering,JTJ-SBC,2026-10-13 01:15,2026-10-13 03:13,Track Renewal Block,Requested
BR007035,TASK18211,Traction,PUNE-CSMT,2026-10-13 01:30,2026-10-13 04:59,OHE Maintenance Block,Requested
BR007036,TASK58635,S&T,GZB-CNB,2026-10-13 01:30,2026-10-13 03:39,Signal Maintenance Block,Completed
BR007037,TASK19034,Engineering,MAS-JTJ,2026-10-13 01:30,2026-10-13 05:24,Traffic Block,Approved
BR007038,TASK92556,Engineering,BSR-BPL,2026-10-13 01:30,2026-10-13 04:34,Traffic Block,Cancelled
BR007039,TASK40760,S&T,NDLS-ASR,2026-10-13 01:45,2026-10-13 04:27,Cable Block,Approved
BR007040,TASK98713,Engineering,ALD-MGS,2026-10-13 01:45,2026-10-13 04:53,Traffic Block,Approved
BR007041,TASK63388,S&T,HWH-KGP,2026-10-13 11:00,2026-10-13 12:44,Cable Block,Approved
BR007042,TASK51017,Engineering,NDLS-GZB,2026-10-13 13:15,2026-10-13 13:59,Bridge Inspection Block,Requested
BR007043,TASK61290,Traction,BZA-SC,2026-10-13 14:00,2026-10-13 15:51,OHE Maintenance Block,Approved
BR007044,TASK68074,Traction,NDLS-GZB,2026-10-13 14:30,2026-10-13 15:25,Traction Feed Block,Approved
BR007045,TASK32426,Traction,NDLS-ASR,2026-10-13 15:15,2026-10-13 17:02,Traction Feed Block,Rejected
BR007046,TASK86662,Engineering,BZA-MAS,2026-10-13 22:00,2026-10-14 02:50,Bridge Inspection Block,Approved
BR007047,TASK35787,Engineering,KGP-VSKP,2026-10-13 22:00,2026-10-14 01:13,Track Renewal Block,Requested
BR007048,TASK21683,Traction,ADI-BRC,2026-10-13 22:15,2026-10-14 00:38,Traction Feed Block,Approved
BR007049,TASK37750,Traction,DLI-JU,2026-10-13 22:15,2026-10-14 01:51,OHE Maintenance Block,Approved
BR007050,TASK97101,S&T,BRC-ST,2026-10-13 22:15,2026-10-13 23:29,Interlocking Testing Block,Requested
BR007051,TASK13817,Traction,HWH-NJP,2026-10-13 22:30,2026-10-14 02:50,Traction Feed Block,Completed
BR007052,TASK88692,Engineering,KGP-VSKP,2026-10-13 22:45,2026-10-13 23:56,Track Renewal Block,Approved
BR007053,TASK13517,S&T,MAS-JTJ,2026-10-13 22:45,2026-10-14 01:05,Cable Block,Approved
BR007054,TASK80882,Engineering,BZA-MAS,2026-10-13 23:00,2026-10-14 02:08,Bridge Inspection Block,Completed
BR007055,TASK15907,S&T,NDLS-ASR,2026-10-13 23:00,2026-10-14 01:51,Cable Block,Requested
BR007056,TASK11108,Engineering,UBL-PUNE,2026-10-13 23:15,2026-10-14 02:25,Non-Interlocking Block,Approved
BR007057,TASK49792,Traction,PUNE-CSMT,2026-10-13 23:15,2026-10-14 03:29,OHE Maintenance Block,Requested
BR007058,TASK13032,Engineering,NDLS-ASR,2026-10-13 23:30,2026-10-14 01:43,Track Renewal Block,Completed
BR007059,TASK49793,S&T,BZA-SC,2026-10-13 23:45,2026-10-14 02:35,Interlocking Testing Block,Approved
BR007060,TASK28701,Traction,JTJ-SBC,2026-10-13 23:45,2026-10-14 01:28,Power Block,Approved
BR007061,TASK93608,S&T,CNB-ALD,2026-10-13 23:45,2026-10-14 01:28,Cable Block,Completed
BR007062,TASK71806,Engineering,SBC-MAS,2026-10-14 00:00,2026-10-14 02:54,Track Renewal Block,Requested
BR007063,TASK73699,Engineering,DLI-JU,2026-10-14 00:45,2026-10-14 03:08,Traffic Block,Approved
BR007064,TASK54961,S&T,BZA-SC,2026-10-14 00:45,2026-10-14 05:34,Interlocking Testing Block,Approved
BR007065,TASK83569,S&T,CSMT-BSR,2026-10-14 01:00,2026-10-14 02:12,Signal Maintenance Block,Requested
BR007066,TASK56417,Traction,SC-NGP,2026-10-14 01:00,2026-10-14 03:58,Power Block,Approved
BR007067,TASK42082,S&T,SC-NGP,2026-10-14 01:45,2026-10-14 06:30,Cable Block,Approved
BR007068,TASK24254,Traction,SC-NGP,2026-10-14 11:45,2026-10-14 13:38,Traction Feed Block,Requested
BR007069,TASK90254,Traction,UBL-PUNE,2026-10-14 12:45,2026-10-14 14:27,Power Block,Approved
BR007070,TASK35524,Traction,NDLS-JHS,2026-10-14 13:15,2026-10-14 14:58,Power Block,Approved
BR007071,TASK60048,Engineering,CNB-ALD,2026-10-14 14:00,2026-10-14 15:10,Non-Interlocking Block,Approved
BR007072,TASK82909,S&T,BSP-R,2026-10-14 14:00,2026-10-14 14:43,Interlocking Testing Block,Approved
BR007073,TASK58820,Engineering,NDLS-JHS,2026-10-14 15:45,2026-10-14 16:41,Bridge Inspection Block,Completed
BR007074,TASK52882,Engineering,PUNE-CSMT,2026-10-14 22:00,2026-10-15 02:37,Bridge Inspection Block,Completed
BR007075,TASK60953,Engineering,BSR-BPL,2026-10-14 22:00,2026-10-15 01:46,Track Renewal Block,Approved
BR007076,TASK87879,Engineering,UBL-PUNE,2026-10-14 22:15,2026-10-15 02:32,Traffic Block,Approved
BR007077,TASK85374,S&T,MGS-HWH,2026-10-14 22:15,2026-10-15 01:05,Cable Block,Approved
BR007078,TASK85061,S&T,SBC-MAS,2026-10-14 22:15,2026-10-15 01:46,Signal Maintenance Block,Requested
BR007079,TASK96938,Engineering,CNB-ALD,2026-10-14 22:45,2026-10-15 02:07,Track Renewal Block,Approved
BR007080,TASK39971,S&T,JU-JP,2026-10-14 22:45,2026-10-15 03:41,Interlocking Testing Block,Requested
BR007081,TASK35331,Engineering,BZA-SC,2026-10-14 23:00,2026-10-15 00:34,Bridge Inspection Block,Approved
BR007082,TASK37603,S&T,BPL-JHS,2026-10-14 23:00,2026-10-15 00:57,Signal Maintenance Block,Rejected
BR007083,TASK31039,Engineering,UBL-PUNE,2026-10-14 23:00,2026-10-15 03:33,Non-Interlocking Block,Approved
BR007084,TASK10515,Engineering,SBC-MAS,2026-10-14 23:15,2026-10-15 01:35,Track Renewal Block,Approved
BR007085,TASK53848,Traction,NDLS-ASR,2026-10-14 23:30,2026-10-15 04:24,OHE Maintenance Block,Approved
BR007086,TASK30461,Engineering,MGS-HWH,2026-10-14 23:30,2026-10-15 03:07,Bridge Inspection Block,Requested
BR007087,TASK69096,Engineering,BPL-JHS,2026-10-14 23:45,2026-10-15 01:39,Non-Interlocking Block,Approved
BR007088,TASK22495,Engineering,ST-BCT,2026-10-14 23:45,2026-10-15 04:35,Track Renewal Block,Rejected
BR007089,TASK58169,Engineering,NDLS-JHS,2026-10-14 23:45,2026-10-15 03:39,Non-Interlocking Block,Completed
BR007090,TASK90503,S&T,VSKP-BZA,2026-10-14 23:45,2026-10-15 03:36,Signal Maintenance Block,Rejected
BR007091,TASK71550,Traction,CSMT-BSR,2026-10-15 00:00,2026-10-15 04:21,Power Block,Rejected
BR007092,TASK85286,Engineering,NDLS-ASR,2026-10-15 00:15,2026-10-15 04:50,Traffic Block,Approved
BR007093,TASK98133,Engineering,VSKP-BZA,2026-10-15 00:30,2026-10-15 04:57,Traffic Block,Requested
BR007094,TASK43165,Engineering,SBC-MAS,2026-10-15 00:45,2026-10-15 02:37,Track Renewal Block,Approved
BR007095,TASK86270,Engineering,NDLS-UMB,2026-10-15 01:30,2026-10-15 06:06,Traffic Block,Approved
BR007096,TASK25974,Engineering,BSR-BPL,2026-10-15 01:45,2026-10-15 06:17,Traffic Block,Approved
BR007097,TASK24044,Engineering,HWH-NJP,2026-10-15 13:30,2026-10-15 14:10,Track Renewal Block,Approved
BR007098,TASK45840,S&T,UBL-PUNE,2026-10-15 15:45,2026-10-15 16:39,Interlocking Testing Block,Completed
BR007099,TASK91364,S&T,MAS-JTJ,2026-10-15 15:45,2026-10-15 16:21,Interlocking Testing Block,Requested
BR007100,TASK11691,Traction,BZA-MAS,2026-10-15 22:15,2026-10-16 00:35,OHE Maintenance Block,Approved
BR007101,TASK34520,S&T,DLI-JU,2026-10-15 22:30,2026-10-16 00:48,Interlocking Testing Block,Approved
BR007102,TASK76081,Traction,JP-ADI,2026-10-15 23:00,2026-10-16 00:14,Traction Feed Block,Approved
BR007103,TASK30211,Traction,BZA-MAS,2026-10-15 23:15,2026-10-16 03:32,Power Block,Rejected
BR007104,TASK88354,S&T,HWH-NJP,2026-10-15 23:15,2026-10-16 01:12,Interlocking Testing Block,Completed
BR007105,TASK25722,S&T,JU-JP,2026-10-15 23:30,2026-10-16 02:41,Signal Maintenance Block,Approved
BR007106,TASK32844,S&T,DLI-JU,2026-10-15 23:45,2026-10-16 00:51,Interlocking Testing Block,Requested
BR007107,TASK58429,Traction,BSR-BPL,2026-10-16 00:15,2026-10-16 03:15,OHE Maintenance Block,Rejected
BR007108,TASK60219,S&T,MAS-JTJ,2026-10-16 00:30,2026-10-16 03:16,Cable Block,Completed
BR007109,TASK98168,Traction,NDLS-UMB,2026-10-16 00:45,2026-10-16 03:51,Traction Feed Block,Approved
BR007110,TASK65395,Engineering,NDLS-ASR,2026-10-16 01:00,2026-10-16 04:10,Non-Interlocking Block,Completed
BR007111,TASK13206,S&T,BZA-SC,2026-10-16 01:00,2026-10-16 05:48,Signal Maintenance Block,Requested
BR007112,TASK37878,Engineering,JP-ADI,2026-10-16 01:00,2026-10-16 04:29,Track Renewal Block,Approved
BR007113,TASK96957,S&T,MGS-HWH,2026-10-16 01:15,2026-10-16 04:20,Interlocking Testing Block,Approved
BR007114,TASK71519,Engineering,HWH-NJP,2026-10-16 01:30,2026-10-16 04:57,Track Renewal Block,Approved
BR007115,TASK78794,Engineering,NGP-BSP,2026-10-16 01:45,2026-10-16 03:22,Track Renewal Block,Approved
BR007116,TASK93415,Traction,HWH-KGP,2026-10-16 01:45,2026-10-16 03:05,OHE Maintenance Block,Completed
BR007117,TASK80051,Traction,GZB-CNB,2026-10-16 01:45,2026-10-16 04:52,Traction Feed Block,Rejected
BR007118,TASK64119,S&T,KGP-VSKP,2026-10-16 01:45,2026-10-16 04:05,Interlocking Testing Block,Approved
BR007119,TASK77311,S&T,BSR-BPL,2026-10-16 10:00,2026-10-16 11:04,Cable Block,Approved
BR007120,TASK53446,Engineering,SC-NGP,2026-10-16 10:45,2026-10-16 12:12,Traffic Block,Completed
BR007121,TASK13301,Traction,DLI-JU,2026-10-16 10:45,2026-10-16 11:15,Traction Feed Block,Approved
BR007122,TASK92924,S&T,HWH-KGP,2026-10-16 12:15,2026-10-16 13:05,Signal Maintenance Block,Approved
BR007123,TASK38931,S&T,SBC-UBL,2026-10-16 13:15,2026-10-16 14:14,Cable Block,Requested
BR007124,TASK52223,Engineering,BRC-ST,2026-10-16 13:45,2026-10-16 14:48,Non-Interlocking Block,Completed
BR007125,TASK39076,Engineering,ALD-MGS,2026-10-16 22:00,2026-10-17 01:23,Non-Interlocking Block,Requested
BR007126,TASK35030,Engineering,MGS-HWH,2026-10-16 22:00,2026-10-16 23:32,Track Renewal Block,Approved
BR007127,TASK58394,Traction,NDLS-UMB,2026-10-16 22:15,2026-10-17 00:52,Power Block,Requested
BR007128,TASK33698,Engineering,CSMT-BSR,2026-10-16 22:30,2026-10-17 02:26,Track Renewal Block,Approved
BR007129,TASK98162,Engineering,SBC-MAS,2026-10-16 22:30,2026-10-16 23:57,Bridge Inspection Block,Completed
BR007130,TASK78254,Engineering,SBC-MAS,2026-10-16 22:45,2026-10-17 01:21,Track Renewal Block,Requested
BR007131,TASK78773,S&T,MGS-HWH,2026-10-16 23:00,2026-10-17 02:48,Cable Block,Approved
BR007132,TASK20411,Traction,JP-ADI,2026-10-16 23:30,2026-10-17 00:50,OHE Maintenance Block,Requested
BR007133,TASK54858,S&T,SBC-MAS,2026-10-16 23:45,2026-10-17 01:45,Signal Maintenance Block,Completed
BR007134,TASK65734,S&T,MAS-JTJ,2026-10-16 23:45,2026-10-17 02:51,Signal Maintenance Block,Approved
BR007135,TASK79761,S&T,MAS-JTJ,2026-10-17 00:15,2026-10-17 02:55,Signal Maintenance Block,Rejected
BR007136,TASK38632,Engineering,JU-JP,2026-10-17 00:30,2026-10-17 02:18,Non-Interlocking Block,Approved
BR007137,TASK93203,Engineering,NDLS-GZB,2026-10-17 00:30,2026-10-17 05:08,Non-Interlocking Block,Approved
BR007138,TASK24425,Engineering,NDLS-UMB,2026-10-17 00:30,2026-10-17 04:27,Non-Interlocking Block,Approved
BR007139,TASK40632,Engineering,NDLS-GZB,2026-10-17 00:45,2026-10-17 02:26,Traffic Block,Approved
BR007140,TASK57133,Engineering,BSR-BPL,2026-10-17 01:00,2026-10-17 03:23,Bridge Inspection Block,Requested
BR007141,TASK68934,Engineering,ST-BCT,2026-10-17 01:00,2026-10-17 04:19,Track Renewal Block,Approved
BR007142,TASK81381,Engineering,VSKP-BZA,2026-10-17 01:00,2026-10-17 02:08,Track Renewal Block,Cancelled
BR007143,TASK35377,S&T,MGS-HWH,2026-10-17 01:00,2026-10-17 04:16,Interlocking Testing Block,Approved
BR007144,TASK49603,S&T,GZB-CNB,2026-10-17 01:30,2026-10-17 05:06,Cable Block,Approved
BR007145,TASK33666,Engineering,HWH-KGP,2026-10-17 01:30,2026-10-17 04:45,Traffic Block,Approved
BR007146,TASK82870,S&T,ADI-BRC,2026-10-17 10:30,2026-10-17 11:53,Interlocking Testing Block,Approved
BR007147,TASK64474,Engineering,BSR-BPL,2026-10-17 10:30,2026-10-17 11:26,Bridge Inspection Block,Requested
BR007148,TASK75990,Engineering,BZA-MAS,2026-10-17 10:45,2026-10-17 11:22,Non-Interlocking Block,Completed
BR007149,TASK91438,S&T,SC-NGP,2026-10-17 10:45,2026-10-17 11:17,Interlocking Testing Block,Completed
BR007150,TASK54481,S&T,ALD-MGS,2026-10-17 11:15,2026-10-17 12:59,Cable Block,Approved
BR007151,TASK68718,S&T,ADI-BRC,2026-10-17 12:00,2026-10-17 13:36,Interlocking Testing Block,Rejected
BR007152,TASK69927,Engineering,BZA-MAS,2026-10-17 12:30,2026-10-17 14:01,Traffic Block,Rejected
BR007153,TASK24418,S&T,BSR-BPL,2026-10-17 12:45,2026-10-17 13:34,Interlocking Testing Block,Requested
BR007154,TASK27179,Engineering,BSP-R,2026-10-17 14:30,2026-10-17 15:55,Traffic Block,Completed
BR007155,TASK55125,S&T,JP-ADI,2026-10-17 15:30,2026-10-17 17:29,Signal Maintenance Block,Approved
BR007156,TASK32818,S&T,ADI-BRC,2026-10-17 15:45,2026-10-17 17:09,Interlocking Testing Block,Rejected
BR007157,TASK20836,S&T,SC-NGP,2026-10-17 15:45,2026-10-17 16:27,Interlocking Testing Block,Requested
BR007158,TASK84619,Engineering,ST-BCT,2026-10-17 22:30,2026-10-18 02:47,Track Renewal Block,Rejected
BR007159,TASK59524,S&T,BRC-ST,2026-10-17 22:45,2026-10-18 00:47,Cable Block,Completed
BR007160,TASK38774,Engineering,HWH-KGP,2026-10-17 22:45,2026-10-18 01:53,Track Renewal Block,Rejected
BR007161,TASK25173,S&T,BSR-BPL,2026-10-17 22:45,2026-10-18 03:32,Cable Block,Approved
BR007162,TASK58401,Traction,SBC-UBL,2026-10-17 22:45,2026-10-18 01:58,Power Block,Cancelled
BR007163,TASK22957,Engineering,NDLS-ASR,2026-10-17 23:00,2026-10-18 00:36,Traffic Block,Cancelled
BR007164,TASK60973,Engineering,GZB-CNB,2026-10-17 23:00,2026-10-18 03:36,Non-Interlocking Block,Completed
BR007165,TASK92738,S&T,ADI-BRC,2026-10-17 23:15,2026-10-18 03:48,Signal Maintenance Block,Approved
BR007166,TASK58816,Traction,SBC-UBL,2026-10-17 23:15,2026-10-18 03:53,Power Block,Approved
BR007167,TASK30230,Traction,PUNE-CSMT,2026-10-17 23:30,2026-10-18 02:58,Power Block,Cancelled
BR007168,TASK34335,Traction,NDLS-UMB,2026-10-18 00:00,2026-10-18 04:51,Power Block,Completed
BR007169,TASK71228,Engineering,KGP-VSKP,2026-10-18 00:00,2026-10-18 03:06,Non-Interlocking Block,Approved
BR007170,TASK61627,S&T,GZB-CNB,2026-10-18 00:30,2026-10-18 02:17,Cable Block,Requested
BR007171,TASK24166,Traction,ADI-BRC,2026-10-18 00:45,2026-10-18 05:25,OHE Maintenance Block,Requested
BR007172,TASK16792,Engineering,ADI-BRC,2026-10-18 01:15,2026-10-18 06:05,Non-Interlocking Block,Requested
BR007173,TASK42142,Traction,CSMT-BSR,2026-10-18 01:30,2026-10-18 04:59,Power Block,Approved
BR007174,TASK99892,Engineering,ADI-BRC,2026-10-18 11:30,2026-10-18 13:20,Non-Interlocking Block,Approved
BR007175,TASK72376,Engineering,MGS-HWH,2026-10-18 13:00,2026-10-18 14:28,Track Renewal Block,Approved
BR007176,TASK41399,S&T,GZB-CNB,2026-10-18 14:45,2026-10-18 16:05,Signal Maintenance Block,Approved
BR007177,TASK17276,Engineering,MAS-JTJ,2026-10-18 22:30,2026-10-19 00:11,Non-Interlocking Block,Approved
BR007178,TASK36402,S&T,NGP-BSP,2026-10-18 22:30,2026-10-18 23:45,Signal Maintenance Block,Approved
BR007179,TASK66826,Engineering,VSKP-BZA,2026-10-18 22:30,2026-10-19 00:00,Traffic Block,Requested
BR007180,TASK12320,S&T,NDLS-JHS,2026-10-18 22:45,2026-10-19 03:37,Cable Block,Approved
BR007181,TASK16286,S&T,BPL-JHS,2026-10-18 22:45,2026-10-19 02:42,Signal Maintenance Block,Approved
BR007182,TASK42290,Engineering,MAS-JTJ,2026-10-18 22:45,2026-10-19 01:16,Bridge Inspection Block,Rejected
BR007183,TASK55802,Engineering,NDLS-JHS,2026-10-18 23:00,2026-10-19 03:30,Traffic Block,Requested
BR007184,TASK71105,Engineering,ALD-MGS,2026-10-18 23:00,2026-10-19 02:36,Traffic Block,Completed
BR007185,TASK25993,S&T,ST-BCT,2026-10-18 23:15,2026-10-19 03:28,Signal Maintenance Block,Approved
BR007186,TASK20871,Traction,SBC-MAS,2026-10-18 23:15,2026-10-19 00:30,OHE Maintenance Block,Completed
BR007187,TASK82780,Traction,ST-BCT,2026-10-18 23:30,2026-10-19 00:52,OHE Maintenance Block,Approved
BR007188,TASK18925,Engineering,SBC-UBL,2026-10-18 23:30,2026-10-19 04:13,Bridge Inspection Block,Approved
BR007189,TASK83200,Engineering,CNB-ALD,2026-10-19 00:30,2026-10-19 02:41,Non-Interlocking Block,Requested
BR007190,TASK36584,Engineering,NDLS-GZB,2026-10-19 00:30,2026-10-19 02:12,Track Renewal Block,Rejected
BR007191,TASK19736,Engineering,GZB-CNB,2026-10-19 01:00,2026-10-19 03:06,Track Renewal Block,Approved
BR007192,TASK57749,S&T,ST-BCT,2026-10-19 01:15,2026-10-19 06:12,Cable Block,Approved
BR007193,TASK56574,S&T,GZB-CNB,2026-10-19 01:45,2026-10-19 04:39,Signal Maintenance Block,Requested
BR007194,TASK84741,Traction,CSMT-BSR,2026-10-19 01:45,2026-10-19 02:50,Power Block,Rejected
BR007195,TASK84974,S&T,BSR-BPL,2026-10-19 10:45,2026-10-19 11:16,Interlocking Testing Block,Completed
BR007196,TASK34398,Engineering,JTJ-SBC,2026-10-19 15:00,2026-10-19 16:06,Traffic Block,Completed
BR007197,TASK14607,Engineering,MAS-JTJ,2026-10-19 22:15,2026-10-20 01:47,Track Renewal Block,Approved
BR007198,TASK89946,Engineering,SC-NGP,2026-10-19 22:45,2026-10-20 02:11,Bridge Inspection Block,Approved
BR007199,TASK20521,S&T,ALD-MGS,2026-10-19 22:45,2026-10-20 00:34,Interlocking Testing Block,Completed
BR007200,TASK93308,Traction,BZA-MAS,2026-10-19 23:15,2026-10-20 00:58,OHE Maintenance Block,Approved
BR007201,TASK55383,Engineering,NDLS-UMB,2026-10-19 23:30,2026-10-20 02:00,Track Renewal Block,Completed
BR007202,TASK26210,S&T,HWH-NJP,2026-10-19 23:30,2026-10-20 03:51,Cable Block,Rejected
BR007203,TASK77994,Engineering,HWH-KGP,2026-10-20 00:00,2026-10-20 02:29,Traffic Block,Completed
BR007204,TASK23396,S&T,GZB-CNB,2026-10-20 00:45,2026-10-20 04:48,Signal Maintenance Block,Cancelled
BR007205,TASK89878,Traction,ALD-MGS,2026-10-20 01:45,2026-10-20 05:16,Traction Feed Block,Requested
BR007206,TASK20713,Traction,BSP-R,2026-10-20 01:45,2026-10-20 04:26,Traction Feed Block,Requested
BR007207,TASK41045,Engineering,NDLS-JHS,2026-10-20 10:00,2026-10-20 11:31,Non-Interlocking Block,Approved
BR007208,TASK21684,S&T,ALD-MGS,2026-10-20 10:00,2026-10-20 10:37,Cable Block,Approved
BR007209,TASK68274,Traction,MGS-HWH,2026-10-20 13:00,2026-10-20 14:06,Power Block,Approved
BR007210,TASK13962,Traction,MGS-HWH,2026-10-20 14:15,2026-10-20 15:48,OHE Maintenance Block,Approved
BR007211,TASK61046,Traction,JP-ADI,2026-10-20 22:00,2026-10-21 02:05,OHE Maintenance Block,Completed
BR007212,TASK51000,Engineering,MGS-HWH,2026-10-20 22:00,2026-10-21 02:53,Non-Interlocking Block,Approved
BR007213,TASK58236,Engineering,ALD-MGS,2026-10-20 22:00,2026-10-20 23:48,Track Renewal Block,Requested
BR007214,TASK80934,Engineering,ADI-BRC,2026-10-20 22:30,2026-10-20 23:59,Traffic Block,Approved
BR007215,TASK18365,S&T,BRC-ST,2026-10-20 23:00,2026-10-21 00:02,Signal Maintenance Block,Rejected
BR007216,TASK36571,Engineering,ALD-MGS,2026-10-20 23:00,2026-10-21 02:10,Track Renewal Block,Approved
BR007217,TASK42732,Engineering,DLI-JU,2026-10-20 23:15,2026-10-21 01:30,Traffic Block,Rejected
BR007218,TASK34300,S&T,BZA-SC,2026-10-20 23:15,2026-10-21 01:22,Cable Block,Requested
BR007219,TASK72572,Engineering,HWH-KGP,2026-10-20 23:15,2026-10-21 02:39,Non-Interlocking Block,Approved
BR007220,TASK57857,Traction,BZA-MAS,2026-10-21 00:00,2026-10-21 01:26,OHE Maintenance Block,Approved
BR007221,TASK70979,Engineering,NGP-BSP,2026-10-21 00:00,2026-10-21 01:10,Non-Interlocking Block,Cancelled
BR007222,TASK40590,Engineering,BZA-SC,2026-10-21 00:00,2026-10-21 04:45,Non-Interlocking Block,Approved
BR007223,TASK30388,S&T,BSR-BPL,2026-10-21 00:00,2026-10-21 03:54,Signal Maintenance Block,Approved
BR007224,TASK57432,Engineering,BZA-MAS,2026-10-21 00:45,2026-10-21 04:36,Non-Interlocking Block,Approved
BR007225,TASK61330,Traction,ALD-MGS,2026-10-21 01:00,2026-10-21 03:44,Traction Feed Block,Approved
BR007226,TASK10515,Traction,NDLS-UMB,2026-10-21 01:00,2026-10-21 05:28,Traction Feed Block,Approved
BR007227,TASK23239,Traction,CSMT-BSR,2026-10-21 01:30,2026-10-21 03:43,OHE Maintenance Block,Approved
BR007228,TASK71699,S&T,SBC-UBL,2026-10-21 10:15,2026-10-21 11:43,Cable Block,Approved
BR007229,TASK86410,S&T,HWH-NJP,2026-10-21 10:15,2026-10-21 10:47,Interlocking Testing Block,Approved
BR007230,TASK85807,Traction,NDLS-ASR,2026-10-21 11:00,2026-10-21 11:44,Power Block,Approved
BR007231,TASK78091,S&T,MAS-JTJ,2026-10-21 11:15,2026-10-21 12:41,Signal Maintenance Block,Approved
BR007232,TASK16738,S&T,PUNE-CSMT,2026-10-21 12:15,2026-10-21 13:59,Cable Block,Approved
BR007233,TASK46566,Traction,BRC-ST,2026-10-21 15:45,2026-10-21 16:49,OHE Maintenance Block,Approved
BR007234,TASK10549,S&T,BZA-MAS,2026-10-21 22:30,2026-10-22 01:05,Signal Maintenance Block,Approved
BR007235,TASK93327,Engineering,HWH-KGP,2026-10-21 23:00,2026-10-22 02:24,Non-Interlocking Block,Approved
BR007236,TASK98208,Engineering,HWH-NJP,2026-10-21 23:30,2026-10-22 03:08,Traffic Block,Requested
BR007237,TASK93828,Traction,BZA-SC,2026-10-22 00:00,2026-10-22 03:44,Traction Feed Block,Approved
BR007238,TASK30674,Engineering,ST-BCT,2026-10-22 00:30,2026-10-22 05:11,Non-Interlocking Block,Requested
BR007239,TASK33944,Engineering,BSR-BPL,2026-10-22 00:30,2026-10-22 04:51,Bridge Inspection Block,Requested
BR007240,TASK62400,Traction,NJP-GHY,2026-10-22 00:30,2026-10-22 02:20,OHE Maintenance Block,Requested
BR007241,TASK29012,Engineering,JTJ-SBC,2026-10-22 01:00,2026-10-22 04:15,Track Renewal Block,Completed
BR007242,TASK47574,S&T,HWH-KGP,2026-10-22 01:00,2026-10-22 02:00,Interlocking Testing Block,Approved
BR007243,TASK39607,Traction,NDLS-ASR,2026-10-22 01:00,2026-10-22 02:29,Power Block,Cancelled
BR007244,TASK46463,Traction,BPL-JHS,2026-10-22 01:00,2026-10-22 03:59,Power Block,Completed
BR007245,TASK72336,Engineering,NDLS-JHS,2026-10-22 01:30,2026-10-22 02:47,Bridge Inspection Block,Approved
BR007246,TASK98968,S&T,UBL-PUNE,2026-10-22 01:30,2026-10-22 05:01,Cable Block,Approved
BR007247,TASK64560,S&T,PUNE-CSMT,2026-10-22 01:30,2026-10-22 05:58,Interlocking Testing Block,Approved
BR007248,TASK40499,Traction,ADI-BRC,2026-10-22 01:45,2026-10-22 03:12,Traction Feed Block,Approved
BR007249,TASK24923,Engineering,ADI-BRC,2026-10-22 01:45,2026-10-22 03:11,Track Renewal Block,Approved
BR007250,TASK75768,S&T,NDLS-GZB,2026-10-22 10:30,2026-10-22 12:27,Interlocking Testing Block,Completed
BR007251,TASK24428,S&T,BZA-SC,2026-10-22 12:15,2026-10-22 13:18,Cable Block,Rejected
BR007252,TASK99059,Engineering,DLI-JU,2026-10-22 12:30,2026-10-22 13:48,Bridge Inspection Block,Completed
BR007253,TASK21135,Engineering,NDLS-UMB,2026-10-22 13:30,2026-10-22 15:15,Track Renewal Block,Cancelled
BR007254,TASK13942,Engineering,NDLS-GZB,2026-10-22 15:30,2026-10-22 16:24,Non-Interlocking Block,Approved
BR007255,TASK28148,Engineering,SBC-MAS,2026-10-22 22:00,2026-10-22 23:44,Track Renewal Block,Completed
BR007256,TASK35859,S&T,CSMT-BSR,2026-10-22 22:15,2026-10-23 02:40,Interlocking Testing Block,Rejected
BR007257,TASK95025,Engineering,BSR-BPL,2026-10-22 22:15,2026-10-23 01:12,Track Renewal Block,Approved
BR007258,TASK32535,S&T,BSP-R,2026-10-22 22:45,2026-10-23 02:31,Signal Maintenance Block,Completed
BR007259,TASK23729,Engineering,BSR-BPL,2026-10-22 23:15,2026-10-23 02:51,Traffic Block,Completed
BR007260,TASK35019,Traction,ADI-BRC,2026-10-22 23:30,2026-10-23 01:01,OHE Maintenance Block,Approved
BR007261,TASK11135,Engineering,NDLS-ASR,2026-10-22 23:30,2026-10-23 02:29,Track Renewal Block,Approved
BR007262,TASK89983,Engineering,JTJ-SBC,2026-10-23 00:15,2026-10-23 03:27,Track Renewal Block,Completed
BR007263,TASK38493,Traction,ST-BCT,2026-10-23 00:15,2026-10-23 04:10,Power Block,Approved
BR007264,TASK74219,Engineering,NDLS-UMB,2026-10-23 00:30,2026-10-23 03:55,Bridge Inspection Block,Rejected
BR007265,TASK23403,Engineering,CNB-ALD,2026-10-23 00:30,2026-10-23 02:06,Traffic Block,Approved
BR007266,TASK64288,Engineering,MGS-HWH,2026-10-23 00:30,2026-10-23 02:35,Track Renewal Block,Requested
BR007267,TASK42355,Traction,MGS-HWH,2026-10-23 01:00,2026-10-23 04:15,Power Block,Requested
BR007268,TASK39289,Engineering,JU-JP,2026-10-23 01:00,2026-10-23 04:51,Track Renewal Block,Approved
BR007269,TASK91496,Traction,NJP-GHY,2026-10-23 01:45,2026-10-23 05:26,Power Block,Approved
BR007270,TASK18528,Traction,BZA-MAS,2026-10-23 01:45,2026-10-23 04:53,Traction Feed Block,Completed
BR007271,TASK66560,S&T,GZB-CNB,2026-10-23 01:45,2026-10-23 02:48,Interlocking Testing Block,Rejected
BR007272,TASK79657,S&T,BZA-MAS,2026-10-23 10:00,2026-10-23 11:47,Cable Block,Requested
BR007273,TASK28704,Engineering,JP-ADI,2026-10-23 10:15,2026-10-23 11:44,Traffic Block,Approved
BR007274,TASK31916,S&T,NGP-BSP,2026-10-23 10:45,2026-10-23 11:31,Interlocking Testing Block,Rejected
BR007275,TASK58736,S&T,UBL-PUNE,2026-10-23 10:45,2026-10-23 12:08,Signal Maintenance Block,Approved
BR007276,TASK54769,S&T,NGP-BSP,2026-10-23 11:30,2026-10-23 12:46,Cable Block,Requested
BR007277,TASK84914,S&T,CNB-ALD,2026-10-23 12:00,2026-10-23 13:22,Signal Maintenance Block,Requested
BR007278,TASK79149,S&T,BZA-MAS,2026-10-23 12:15,2026-10-23 13:24,Cable Block,Approved
BR007279,TASK35094,Traction,ADI-BRC,2026-10-23 13:15,2026-10-23 14:04,Power Block,Rejected
BR007280,TASK58074,Engineering,HWH-NJP,2026-10-23 13:30,2026-10-23 15:02,Track Renewal Block,Completed
BR007281,TASK89158,S&T,MAS-JTJ,2026-10-23 22:00,2026-10-24 00:54,Interlocking Testing Block,Completed
BR007282,TASK66656,Engineering,JU-JP,2026-10-23 22:00,2026-10-24 01:10,Bridge Inspection Block,Approved
BR007283,TASK88567,S&T,BSP-R,2026-10-23 22:15,2026-10-24 00:47,Cable Block,Approved
BR007284,TASK40072,S&T,MGS-HWH,2026-10-23 22:45,2026-10-24 00:20,Cable Block,Approved
BR007285,TASK59763,Traction,JU-JP,2026-10-23 23:00,2026-10-24 03:55,Power Block,Approved
BR007286,TASK68387,Engineering,MGS-HWH,2026-10-23 23:00,2026-10-24 02:18,Traffic Block,Approved
BR007287,TASK13278,S&T,NDLS-ASR,2026-10-23 23:00,2026-10-24 00:04,Cable Block,Approved
BR007288,TASK94820,Engineering,NDLS-GZB,2026-10-23 23:00,2026-10-24 03:42,Track Renewal Block,Approved
BR007289,TASK46453,Engineering,NGP-BSP,2026-10-23 23:30,2026-10-24 02:19,Track Renewal Block,Requested
BR007290,TASK69596,Traction,NDLS-JHS,2026-10-23 23:45,2026-10-24 02:37,Traction Feed Block,Completed
BR007291,TASK57465,S&T,HWH-NJP,2026-10-23 23:45,2026-10-24 02:52,Interlocking Testing Block,Completed
BR007292,TASK37936,Traction,HWH-NJP,2026-10-23 23:45,2026-10-24 02:27,Power Block,Approved
BR007293,TASK72181,Traction,NDLS-ASR,2026-10-24 00:00,2026-10-24 01:06,OHE Maintenance Block,Approved
BR007294,TASK83764,S&T,BRC-ST,2026-10-24 00:15,2026-10-24 04:35,Interlocking Testing Block,Completed
BR007295,TASK35106,Engineering,MGS-HWH,2026-10-24 00:30,2026-10-24 02:13,Non-Interlocking Block,Approved
BR007296,TASK55343,Traction,GZB-CNB,2026-10-24 00:45,2026-10-24 02:25,Traction Feed Block,Approved
BR007297,TASK43866,Traction,BSR-BPL,2026-10-24 00:45,2026-10-24 02:46,OHE Maintenance Block,Completed
BR007298,TASK39760,Engineering,KGP-VSKP,2026-10-24 01:00,2026-10-24 04:53,Bridge Inspection Block,Requested
BR007299,TASK69130,Engineering,NGP-BSP,2026-10-24 01:00,2026-10-24 04:24,Track Renewal Block,Approved
BR007300,TASK14581,S&T,SBC-UBL,2026-10-24 01:15,2026-10-24 02:49,Signal Maintenance Block,Approved
BR007301,TASK34349,Engineering,ST-BCT,2026-10-24 01:15,2026-10-24 03:52,Non-Interlocking Block,Approved
BR007302,TASK82497,S&T,BPL-JHS,2026-10-24 01:30,2026-10-24 02:55,Signal Maintenance Block,Approved
BR007303,TASK91243,Engineering,NDLS-JHS,2026-10-24 01:30,2026-10-24 04:31,Track Renewal Block,Approved
BR007304,TASK19167,Traction,SBC-MAS,2026-10-24 11:45,2026-10-24 12:40,Traction Feed Block,Approved
BR007305,TASK22280,Engineering,KGP-VSKP,2026-10-24 13:15,2026-10-24 13:58,Non-Interlocking Block,Approved
BR007306,TASK29527,Traction,NDLS-UMB,2026-10-24 13:45,2026-10-24 15:17,Power Block,Completed
BR007307,TASK62923,Engineering,MAS-JTJ,2026-10-24 14:00,2026-10-24 15:59,Track Renewal Block,Requested
BR007308,TASK25395,Engineering,SBC-MAS,2026-10-24 14:15,2026-10-24 14:55,Bridge Inspection Block,Approved
BR007309,TASK51082,Traction,SBC-UBL,2026-10-24 15:00,2026-10-24 16:20,Power Block,Rejected
BR007310,TASK63826,Traction,BRC-ST,2026-10-24 15:15,2026-10-24 16:18,Traction Feed Block,Cancelled
BR007311,TASK26898,Engineering,GZB-CNB,2026-10-24 22:00,2026-10-25 01:55,Traffic Block,Rejected
BR007312,TASK53234,Engineering,BZA-MAS,2026-10-24 22:00,2026-10-25 01:59,Traffic Block,Requested
BR007313,TASK44209,S&T,SC-NGP,2026-10-24 22:15,2026-10-25 00:44,Interlocking Testing Block,Requested
BR007314,TASK96916,Traction,MAS-JTJ,2026-10-24 22:30,2026-10-25 00:27,OHE Maintenance Block,Completed
BR007315,TASK23622,Traction,HWH-KGP,2026-10-24 22:30,2026-10-24 23:57,Traction Feed Block,Approved
BR007316,TASK39082,Traction,JU-JP,2026-10-24 22:30,2026-10-25 02:29,Traction Feed Block,Approved
BR007317,TASK63081,Traction,JP-ADI,2026-10-24 22:45,2026-10-25 03:40,Power Block,Completed
BR007318,TASK56647,Traction,UBL-PUNE,2026-10-24 23:00,2026-10-25 03:47,Power Block,Requested
BR007319,TASK87038,S&T,ADI-BRC,2026-10-24 23:15,2026-10-25 01:02,Interlocking Testing Block,Approved
BR007320,TASK28061,Traction,BZA-SC,2026-10-24 23:30,2026-10-25 00:40,Traction Feed Block,Approved
BR007321,TASK33409,Engineering,CSMT-BSR,2026-10-24 23:45,2026-10-25 02:13,Track Renewal Block,Approved
BR007322,TASK19722,Traction,BRC-ST,2026-10-24 23:45,2026-10-25 03:14,Traction Feed Block,Approved
BR007323,TASK91859,Engineering,BSR-BPL,2026-10-25 00:00,2026-10-25 03:05,Non-Interlocking Block,Requested
BR007324,TASK29493,Engineering,DLI-JU,2026-10-25 00:15,2026-10-25 04:46,Traffic Block,Approved
BR007325,TASK57837,S&T,NJP-GHY,2026-10-25 00:15,2026-10-25 01:56,Signal Maintenance Block,Approved
BR007326,TASK69432,S&T,GZB-CNB,2026-10-25 00:30,2026-10-25 02:51,Cable Block,Approved
BR007327,TASK89055,S&T,MGS-HWH,2026-10-25 01:00,2026-10-25 04:20,Signal Maintenance Block,Cancelled
BR007328,TASK81728,S&T,ADI-BRC,2026-10-25 01:15,2026-10-25 03:33,Interlocking Testing Block,Approved
BR007329,TASK17311,Engineering,NDLS-ASR,2026-10-25 01:30,2026-10-25 03:39,Non-Interlocking Block,Approved
BR007330,TASK56660,Engineering,BZA-MAS,2026-10-25 01:45,2026-10-25 04:19,Traffic Block,Requested
BR007331,TASK81754,Engineering,PUNE-CSMT,2026-10-25 01:45,2026-10-25 04:49,Track Renewal Block,Approved
BR007332,TASK86849,Engineering,CNB-ALD,2026-10-25 01:45,2026-10-25 02:58,Traffic Block,Requested
BR007333,TASK55233,Traction,BPL-JHS,2026-10-25 10:15,2026-10-25 11:29,OHE Maintenance Block,Cancelled
BR007334,TASK51348,S&T,BPL-JHS,2026-10-25 11:45,2026-10-25 12:25,Interlocking Testing Block,Cancelled
BR007335,TASK64454,Engineering,BZA-MAS,2026-10-25 12:15,2026-10-25 13:38,Track Renewal Block,Requested
BR007336,TASK10741,Traction,NDLS-UMB,2026-10-25 13:30,2026-10-25 15:20,OHE Maintenance Block,Approved
BR007337,TASK28448,S&T,BSR-BPL,2026-10-25 15:45,2026-10-25 17:42,Cable Block,Completed
BR007338,TASK57786,Engineering,CNB-ALD,2026-10-25 22:00,2026-10-26 01:17,Track Renewal Block,Completed
BR007339,TASK54146,Engineering,GZB-CNB,2026-10-25 22:00,2026-10-26 00:05,Non-Interlocking Block,Completed
BR007340,TASK75902,S&T,VSKP-BZA,2026-10-25 22:30,2026-10-26 00:02,Interlocking Testing Block,Approved
BR007341,TASK73423,Engineering,MAS-JTJ,2026-10-25 22:30,2026-10-26 00:59,Non-Interlocking Block,Approved
BR007342,TASK70723,Traction,CSMT-BSR,2026-10-25 22:30,2026-10-26 02:06,OHE Maintenance Block,Rejected
BR007343,TASK30574,S&T,NDLS-UMB,2026-10-25 22:30,2026-10-26 02:30,Cable Block,Approved
BR007344,TASK36142,S&T,ALD-MGS,2026-10-25 22:45,2026-10-25 23:50,Signal Maintenance Block,Requested
BR007345,TASK90622,Engineering,BRC-ST,2026-10-25 22:45,2026-10-26 03:39,Bridge Inspection Block,Approved
BR007346,TASK57609,Engineering,ALD-MGS,2026-10-25 22:45,2026-10-26 03:29,Traffic Block,Requested
BR007347,TASK63718,Engineering,BRC-ST,2026-10-25 23:00,2026-10-26 01:17,Track Renewal Block,Approved
BR007348,TASK13536,Engineering,BRC-ST,2026-10-25 23:15,2026-10-26 03:44,Track Renewal Block,Approved
BR007349,TASK68118,Traction,GZB-CNB,2026-10-25 23:30,2026-10-26 01:19,Power Block,Approved
BR007350,TASK11849,S&T,JTJ-SBC,2026-10-26 00:00,2026-10-26 03:24,Cable Block,Rejected
BR007351,TASK45318,S&T,SC-NGP,2026-10-26 01:00,2026-10-26 03:24,Signal Maintenance Block,Approved
BR007352,TASK22922,Engineering,MAS-JTJ,2026-10-26 01:15,2026-10-26 03:32,Track Renewal Block,Approved
BR007353,TASK83054,Traction,SBC-UBL,2026-10-26 01:15,2026-10-26 04:52,Traction Feed Block,Completed
BR007354,TASK62395,Engineering,KGP-VSKP,2026-10-26 01:15,2026-10-26 05:37,Track Renewal Block,Approved
BR007355,TASK77892,Engineering,NDLS-JHS,2026-10-26 01:30,2026-10-26 06:14,Traffic Block,Approved
BR007356,TASK26617,Traction,GZB-CNB,2026-10-26 12:15,2026-10-26 12:56,Power Block,Rejected
BR007357,TASK56989,Traction,CNB-ALD,2026-10-26 15:00,2026-10-26 16:48,Traction Feed Block,Approved
BR007358,TASK38983,S&T,SC-NGP,2026-10-26 22:30,2026-10-27 02:37,Interlocking Testing Block,Approved
BR007359,TASK76076,S&T,VSKP-BZA,2026-10-26 22:30,2026-10-27 00:24,Cable Block,Cancelled
BR007360,TASK31953,Engineering,PUNE-CSMT,2026-10-26 23:15,2026-10-27 02:22,Bridge Inspection Block,Approved
BR007361,TASK84890,S&T,KGP-VSKP,2026-10-26 23:30,2026-10-27 02:08,Interlocking Testing Block,Approved
BR007362,TASK89029,S&T,PUNE-CSMT,2026-10-26 23:45,2026-10-27 03:16,Interlocking Testing Block,Requested
BR007363,TASK20357,Traction,BSR-BPL,2026-10-26 23:45,2026-10-27 03:16,OHE Maintenance Block,Requested
BR007364,TASK76382,Traction,SC-NGP,2026-10-26 23:45,2026-10-27 04:05,Traction Feed Block,Requested
BR007365,TASK41794,Engineering,VSKP-BZA,2026-10-27 00:00,2026-10-27 03:15,Traffic Block,Approved
BR007366,TASK77958,Traction,NGP-BSP,2026-10-27 00:30,2026-10-27 01:39,Traction Feed Block,Approved
BR007367,TASK44101,Engineering,BZA-MAS,2026-10-27 00:45,2026-10-27 01:53,Track Renewal Block,Approved
BR007368,TASK84993,Engineering,BSR-BPL,2026-10-27 00:45,2026-10-27 05:22,Traffic Block,Requested
BR007369,TASK81228,Engineering,BRC-ST,2026-10-27 01:15,2026-10-27 05:05,Track Renewal Block,Completed
BR007370,TASK72426,Traction,BZA-MAS,2026-10-27 01:15,2026-10-27 05:00,Power Block,Approved
BR007371,TASK62110,Engineering,NDLS-ASR,2026-10-27 01:45,2026-10-27 06:13,Bridge Inspection Block,Requested
BR007372,TASK23353,Traction,JU-JP,2026-10-27 12:00,2026-10-27 13:49,OHE Maintenance Block,Approved
BR007373,TASK25704,S&T,KGP-VSKP,2026-10-27 12:15,2026-10-27 13:48,Signal Maintenance Block,Cancelled
BR007374,TASK41185,Engineering,MAS-JTJ,2026-10-27 13:30,2026-10-27 14:28,Non-Interlocking Block,Requested
BR007375,TASK87567,Engineering,NDLS-JHS,2026-10-27 13:45,2026-10-27 15:16,Track Renewal Block,Requested
BR007376,TASK95395,Engineering,SBC-MAS,2026-10-27 14:30,2026-10-27 15:33,Bridge Inspection Block,Approved
BR007377,TASK41132,S&T,ALD-MGS,2026-10-27 22:00,2026-10-27 23:44,Signal Maintenance Block,Requested
BR007378,TASK21129,S&T,GZB-CNB,2026-10-27 22:00,2026-10-28 02:24,Signal Maintenance Block,Approved
BR007379,TASK17124,S&T,NDLS-ASR,2026-10-27 22:00,2026-10-28 00:46,Cable Block,Requested
BR007380,TASK54709,S&T,JP-ADI,2026-10-27 22:15,2026-10-28 00:13,Cable Block,Approved
BR007381,TASK15583,Engineering,JTJ-SBC,2026-10-27 22:30,2026-10-28 00:39,Traffic Block,Approved
BR007382,TASK88924,Engineering,CNB-ALD,2026-10-27 22:30,2026-10-27 23:53,Bridge Inspection Block,Approved
BR007383,TASK35368,Engineering,SBC-MAS,2026-10-27 22:30,2026-10-27 23:52,Track Renewal Block,Approved
BR007384,TASK76186,Engineering,BZA-SC,2026-10-27 22:45,2026-10-28 01:00,Traffic Block,Approved
BR007385,TASK79415,S&T,NDLS-UMB,2026-10-27 23:00,2026-10-28 02:30,Signal Maintenance Block,Approved
BR007386,TASK86267,Traction,JU-JP,2026-10-27 23:15,2026-10-28 01:14,Power Block,Completed
BR007387,TASK38240,Traction,CSMT-BSR,2026-10-27 23:30,2026-10-28 01:34,Traction Feed Block,Approved
BR007388,TASK49600,S&T,HWH-NJP,2026-10-27 23:45,2026-10-28 02:43,Cable Block,Approved
BR007389,TASK24142,Engineering,HWH-NJP,2026-10-27 23:45,2026-10-28 03:58,Bridge Inspection Block,Approved
BR007390,TASK44337,Engineering,ADI-BRC,2026-10-27 23:45,2026-10-28 01:20,Traffic Block,Approved
BR007391,TASK42897,Traction,CSMT-BSR,2026-10-27 23:45,2026-10-28 02:32,Power Block,Approved
BR007392,TASK76241,Engineering,VSKP-BZA,2026-10-28 00:00,2026-10-28 04:56,Non-Interlocking Block,Approved
BR007393,TASK93086,Engineering,BRC-ST,2026-10-28 00:00,2026-10-28 02:27,Non-Interlocking Block,Completed
BR007394,TASK40493,Traction,SC-NGP,2026-10-28 00:15,2026-10-28 04:36,Power Block,Approved
BR007395,TASK22056,S&T,NDLS-JHS,2026-10-28 00:45,2026-10-28 02:01,Cable Block,Rejected
BR007396,TASK97629,S&T,HWH-KGP,2026-10-28 01:00,2026-10-28 05:12,Cable Block,Rejected
BR007397,TASK27580,Engineering,GZB-CNB,2026-10-28 01:00,2026-10-28 03:39,Non-Interlocking Block,Approved
BR007398,TASK88823,S&T,BZA-SC,2026-10-28 01:15,2026-10-28 03:21,Signal Maintenance Block,Rejected
BR007399,TASK31382,Engineering,BPL-JHS,2026-10-28 01:30,2026-10-28 04:21,Bridge Inspection Block,Completed
BR007400,TASK16504,Engineering,NDLS-GZB,2026-10-28 01:30,2026-10-28 05:50,Track Renewal Block,Approved
BR007401,TASK34619,Engineering,BZA-SC,2026-10-28 11:30,2026-10-28 12:59,Traffic Block,Requested
BR007402,TASK92654,S&T,CNB-ALD,2026-10-28 11:30,2026-10-28 12:12,Interlocking Testing Block,Rejected
BR007403,TASK90036,S&T,ST-BCT,2026-10-28 12:30,2026-10-28 14:12,Signal Maintenance Block,Rejected
BR007404,TASK50101,Traction,GZB-CNB,2026-10-28 12:45,2026-10-28 14:44,Traction Feed Block,Approved
BR007405,TASK68727,Engineering,ST-BCT,2026-10-28 13:30,2026-10-28 14:39,Bridge Inspection Block,Approved
BR007406,TASK45945,Engineering,JP-ADI,2026-10-28 14:15,2026-10-28 15:58,Track Renewal Block,Approved
BR007407,TASK89266,S&T,BSR-BPL,2026-10-28 14:30,2026-10-28 15:52,Cable Block,Approved
BR007408,TASK74928,Traction,NDLS-UMB,2026-10-28 15:00,2026-10-28 16:05,OHE Maintenance Block,Completed
BR007409,TASK29122,S&T,BPL-JHS,2026-10-28 15:15,2026-10-28 17:04,Cable Block,Approved
BR007410,TASK18153,S&T,JTJ-SBC,2026-10-28 22:00,2026-10-29 00:21,Signal Maintenance Block,Rejected
BR007411,TASK42498,Traction,JTJ-SBC,2026-10-28 22:00,2026-10-29 00:09,Power Block,Requested
BR007412,TASK89772,S&T,NDLS-UMB,2026-10-28 22:30,2026-10-29 01:58,Cable Block,Rejected
BR007413,TASK95962,Engineering,PUNE-CSMT,2026-10-28 22:30,2026-10-29 00:20,Bridge Inspection Block,Approved
BR007414,TASK16090,Traction,JU-JP,2026-10-28 22:30,2026-10-29 01:58,Traction Feed Block,Cancelled
BR007415,TASK59686,Engineering,BRC-ST,2026-10-28 22:45,2026-10-29 01:01,Traffic Block,Approved
BR007416,TASK58611,S&T,SBC-MAS,2026-10-28 23:00,2026-10-29 01:05,Signal Maintenance Block,Approved
BR007417,TASK80911,Engineering,NDLS-UMB,2026-10-28 23:15,2026-10-29 01:52,Non-Interlocking Block,Approved
BR007418,TASK31029,Traction,PUNE-CSMT,2026-10-28 23:30,2026-10-29 02:35,Traction Feed Block,Approved
BR007419,TASK28298,Engineering,JU-JP,2026-10-28 23:30,2026-10-29 01:56,Track Renewal Block,Completed
BR007420,TASK34903,Traction,NDLS-JHS,2026-10-28 23:30,2026-10-29 00:56,OHE Maintenance Block,Requested
BR007421,TASK11869,Engineering,BZA-SC,2026-10-28 23:30,2026-10-29 02:00,Non-Interlocking Block,Completed
BR007422,TASK68243,Engineering,PUNE-CSMT,2026-10-28 23:45,2026-10-29 01:15,Non-Interlocking Block,Rejected
BR007423,TASK81950,Traction,BZA-SC,2026-10-29 00:00,2026-10-29 04:23,Power Block,Rejected
BR007424,TASK15290,Engineering,NJP-GHY,2026-10-29 00:00,2026-10-29 03:57,Bridge Inspection Block,Completed
BR007425,TASK38407,Traction,NDLS-GZB,2026-10-29 00:30,2026-10-29 02:58,OHE Maintenance Block,Approved
BR007426,TASK48066,Engineering,BRC-ST,2026-10-29 00:45,2026-10-29 03:58,Track Renewal Block,Approved
BR007427,TASK33203,S&T,BSR-BPL,2026-10-29 01:00,2026-10-29 03:11,Interlocking Testing Block,Approved
BR007428,TASK17567,Engineering,NDLS-UMB,2026-10-29 01:15,2026-10-29 05:04,Traffic Block,Completed
BR007429,TASK73226,Engineering,UBL-PUNE,2026-10-29 01:15,2026-10-29 03:07,Bridge Inspection Block,Requested
BR007430,TASK66417,Engineering,CSMT-BSR,2026-10-29 01:15,2026-10-29 06:02,Bridge Inspection Block,Requested
BR007431,TASK71253,S&T,SBC-UBL,2026-10-29 01:30,2026-10-29 04:44,Signal Maintenance Block,Cancelled
BR007432,TASK17944,S&T,CNB-ALD,2026-10-29 01:30,2026-10-29 04:58,Interlocking Testing Block,Completed
BR007433,TASK47078,Engineering,NGP-BSP,2026-10-29 11:00,2026-10-29 12:14,Track Renewal Block,Cancelled
BR007434,TASK49946,S&T,JTJ-SBC,2026-10-29 12:15,2026-10-29 14:06,Cable Block,Completed
BR007435,TASK62087,Engineering,NDLS-ASR,2026-10-29 22:00,2026-10-30 01:49,Traffic Block,Approved
BR007436,TASK19380,Traction,DLI-JU,2026-10-29 22:15,2026-10-29 23:57,Power Block,Cancelled
BR007437,TASK86975,Traction,NGP-BSP,2026-10-29 22:30,2026-10-29 23:53,Power Block,Rejected
BR007438,TASK70568,S&T,MAS-JTJ,2026-10-29 23:00,2026-10-30 00:59,Interlocking Testing Block,Completed
BR007439,TASK51951,S&T,ADI-BRC,2026-10-29 23:15,2026-10-30 03:25,Interlocking Testing Block,Completed
BR007440,TASK47907,S&T,ALD-MGS,2026-10-29 23:15,2026-10-30 00:48,Interlocking Testing Block,Approved
BR007441,TASK24042,Engineering,UBL-PUNE,2026-10-29 23:15,2026-10-30 01:08,Bridge Inspection Block,Requested
BR007442,TASK23252,Traction,BSP-R,2026-10-30 00:00,2026-10-30 03:47,OHE Maintenance Block,Approved
BR007443,TASK70783,S&T,ST-BCT,2026-10-30 00:00,2026-10-30 01:17,Cable Block,Completed
BR007444,TASK75259,S&T,DLI-JU,2026-10-30 00:00,2026-10-30 04:11,Cable Block,Approved
BR007445,TASK77126,Engineering,HWH-KGP,2026-10-30 00:15,2026-10-30 02:16,Non-Interlocking Block,Approved
BR007446,TASK37478,Engineering,DLI-JU,2026-10-30 00:30,2026-10-30 04:12,Traffic Block,Completed
BR007447,TASK81193,S&T,CSMT-BSR,2026-10-30 00:45,2026-10-30 04:43,Interlocking Testing Block,Requested
BR007448,TASK39713,S&T,HWH-KGP,2026-10-30 01:00,2026-10-30 03:21,Cable Block,Rejected
BR007449,TASK39313,Traction,ST-BCT,2026-10-30 01:00,2026-10-30 05:07,OHE Maintenance Block,Rejected
BR007450,TASK79646,Traction,ADI-BRC,2026-10-30 01:30,2026-10-30 05:35,OHE Maintenance Block,Approved
BR007451,TASK36832,Traction,BZA-MAS,2026-10-30 01:45,2026-10-30 04:21,Power Block,Approved
BR007452,TASK43601,Engineering,JP-ADI,2026-10-30 01:45,2026-10-30 04:34,Track Renewal Block,Approved
BR007453,TASK92582,Engineering,SBC-MAS,2026-10-30 01:45,2026-10-30 06:19,Traffic Block,Approved
BR007454,TASK65863,S&T,BPL-JHS,2026-10-30 13:15,2026-10-30 14:02,Interlocking Testing Block,Rejected
BR007455,TASK94456,S&T,MGS-HWH,2026-10-30 15:00,2026-10-30 16:20,Signal Maintenance Block,Cancelled
BR007456,TASK95151,S&T,ADI-BRC,2026-10-30 15:15,2026-10-30 15:51,Interlocking Testing Block,Approved
BR007457,TASK30144,Engineering,NDLS-UMB,2026-10-30 15:15,2026-10-30 16:52,Track Renewal Block,Requested
BR007458,TASK59976,Traction,SBC-MAS,2026-10-30 22:45,2026-10-31 00:14,Traction Feed Block,Approved
BR007459,TASK12450,Engineering,SBC-UBL,2026-10-30 22:45,2026-10-31 02:32,Bridge Inspection Block,Approved
BR007460,TASK39112,Engineering,ST-BCT,2026-10-30 23:15,2026-10-31 01:44,Traffic Block,Approved
BR007461,TASK23914,Traction,JU-JP,2026-10-30 23:15,2026-10-31 01:30,Power Block,Approved
BR007462,TASK25077,Engineering,UBL-PUNE,2026-10-30 23:30,2026-10-31 04:09,Track Renewal Block,Approved
BR007463,TASK29312,Traction,ST-BCT,2026-10-30 23:45,2026-10-31 04:31,OHE Maintenance Block,Approved
BR007464,TASK51047,Engineering,BSR-BPL,2026-10-31 00:00,2026-10-31 01:52,Non-Interlocking Block,Cancelled
BR007465,TASK90415,Engineering,NDLS-JHS,2026-10-31 00:15,2026-10-31 04:58,Non-Interlocking Block,Approved
BR007466,TASK61857,Engineering,CNB-ALD,2026-10-31 00:15,2026-10-31 03:27,Track Renewal Block,Approved
BR007467,TASK44901,Engineering,UBL-PUNE,2026-10-31 00:15,2026-10-31 02:28,Bridge Inspection Block,Approved
BR007468,TASK17935,Engineering,BPL-JHS,2026-10-31 00:30,2026-10-31 01:49,Track Renewal Block,Approved
BR007469,TASK45386,Engineering,BZA-MAS,2026-10-31 00:45,2026-10-31 01:47,Non-Interlocking Block,Approved
BR007470,TASK82792,Traction,SC-NGP,2026-10-31 00:45,2026-10-31 04:59,Power Block,Requested
BR007471,TASK43596,Traction,UBL-PUNE,2026-10-31 01:00,2026-10-31 02:51,Traction Feed Block,Cancelled
BR007472,TASK51514,Traction,SBC-MAS,2026-10-31 01:00,2026-10-31 02:56,Power Block,Approved
BR007473,TASK47359,Engineering,BZA-MAS,2026-10-31 01:15,2026-10-31 04:34,Bridge Inspection Block,Approved
BR007474,TASK53954,Traction,HWH-KGP,2026-10-31 01:30,2026-10-31 04:22,OHE Maintenance Block,Approved
BR007475,TASK98924,S&T,MGS-HWH,2026-10-31 01:30,2026-10-31 04:43,Interlocking Testing Block,Approved
BR007476,TASK51280,Engineering,NDLS-GZB,2026-10-31 01:45,2026-10-31 04:53,Track Renewal Block,Completed
BR007477,TASK41194,Engineering,SBC-MAS,2026-10-31 01:45,2026-10-31 03:09,Bridge Inspection Block,Approved
BR007478,TASK17210,Traction,NJP-GHY,2026-10-31 01:45,2026-10-31 04:13,Traction Feed Block,Completed
BR007479,TASK16509,Traction,SBC-UBL,2026-10-31 10:15,2026-10-31 12:07,Power Block,Requested
BR007480,TASK55805,Engineering,HWH-KGP,2026-10-31 10:30,2026-10-31 11:54,Track Renewal Block,Approved
BR007481,TASK90909,Engineering,BRC-ST,2026-10-31 12:15,2026-10-31 13:24,Bridge Inspection Block,Approved
BR007482,TASK16146,Engineering,BSP-R,2026-10-31 13:00,2026-10-31 13:59,Non-Interlocking Block,Requested
BR007483,TASK44245,Engineering,GZB-CNB,2026-10-31 13:15,2026-10-31 15:05,Non-Interlocking Block,Rejected
BR007484,TASK34297,Traction,JTJ-SBC,2026-10-31 14:00,2026-10-31 15:21,OHE Maintenance Block,Approved
BR007485,TASK64382,Engineering,CSMT-BSR,2026-10-31 14:15,2026-10-31 15:55,Traffic Block,Requested
BR007486,TASK20816,S&T,BSP-R,2026-10-31 22:30,2026-11-01 02:56,Cable Block,Approved
BR007487,TASK45253,Traction,BSR-BPL,2026-10-31 23:00,2026-11-01 00:44,Traction Feed Block,Completed
BR007488,TASK21950,S&T,UBL-PUNE,2026-10-31 23:00,2026-11-01 01:34,Cable Block,Approved
BR007489,TASK76057,Traction,KGP-VSKP,2026-10-31 23:15,2026-11-01 02:38,Power Block,Approved
BR007490,TASK87893,Engineering,CSMT-BSR,2026-10-31 23:45,2026-11-01 03:30,Non-Interlocking Block,Approved
BR007491,TASK10487,Engineering,KGP-VSKP,2026-11-01 00:00,2026-11-01 01:20,Non-Interlocking Block,Completed
BR007492,TASK70335,S&T,BRC-ST,2026-11-01 00:00,2026-11-01 03:56,Interlocking Testing Block,Rejected
BR007493,TASK83598,Engineering,BSR-BPL,2026-11-01 00:15,2026-11-01 02:05,Non-Interlocking Block,Approved
BR007494,TASK48438,S&T,HWH-NJP,2026-11-01 00:15,2026-11-01 01:26,Interlocking Testing Block,Requested
BR007495,TASK44487,Engineering,BPL-JHS,2026-11-01 00:30,2026-11-01 02:10,Traffic Block,Approved
BR007496,TASK70045,S&T,JU-JP,2026-11-01 01:00,2026-11-01 03:48,Cable Block,Approved
BR007497,TASK83560,Engineering,SBC-UBL,2026-11-01 01:15,2026-11-01 04:11,Track Renewal Block,Approved
BR007498,TASK92130,Traction,VSKP-BZA,2026-11-01 01:15,2026-11-01 03:24,Power Block,Requested
BR007499,TASK21062,Traction,NDLS-ASR,2026-11-01 01:30,2026-11-01 04:17,Traction Feed Block,Completed
BR007500,TASK86329,Engineering,ST-BCT,2026-11-01 01:30,2026-11-01 03:55,Non-Interlocking Block,Requested
BR007501,TASK46859,Engineering,NDLS-JHS,2026-11-01 01:30,2026-11-01 02:52,Non-Interlocking Block,Approved
BR007502,TASK97199,S&T,BRC-ST,2026-11-01 01:30,2026-11-01 04:10,Cable Block,Approved
BR007503,TASK37836,Engineering,ALD-MGS,2026-11-01 01:45,2026-11-01 02:56,Non-Interlocking Block,Approved
BR007504,TASK10486,Engineering,BSR-BPL,2026-11-01 01:45,2026-11-01 02:46,Traffic Block,Approved
BR007505,TASK41391,S&T,NJP-GHY,2026-11-01 11:15,2026-11-01 12:31,Signal Maintenance Block,Approved
BR007506,TASK18225,Engineering,BRC-ST,2026-11-01 12:00,2026-11-01 13:33,Bridge Inspection Block,Approved
BR007507,TASK89472,Engineering,CNB-ALD,2026-11-01 12:45,2026-11-01 13:35,Non-Interlocking Block,Approved
BR007508,TASK79540,Engineering,UBL-PUNE,2026-11-01 13:00,2026-11-01 14:03,Bridge Inspection Block,Approved
BR007509,TASK48828,Engineering,MAS-JTJ,2026-11-01 22:00,2026-11-01 23:51,Traffic Block,Approved
BR007510,TASK81324,S&T,SBC-MAS,2026-11-01 22:15,2026-11-02 02:46,Cable Block,Approved
BR007511,TASK36671,S&T,NDLS-GZB,2026-11-01 23:30,2026-11-02 00:56,Interlocking Testing Block,Approved
BR007512,TASK89227,Engineering,MGS-HWH,2026-11-02 00:00,2026-11-02 02:07,Traffic Block,Approved
BR007513,TASK68348,S&T,BRC-ST,2026-11-02 00:00,2026-11-02 04:01,Interlocking Testing Block,Requested
BR007514,TASK12703,Engineering,NDLS-GZB,2026-11-02 00:00,2026-11-02 01:39,Bridge Inspection Block,Requested
BR007515,TASK93057,S&T,NDLS-UMB,2026-11-02 00:15,2026-11-02 01:23,Cable Block,Approved
BR007516,TASK73998,Traction,ALD-MGS,2026-11-02 00:45,2026-11-02 02:51,OHE Maintenance Block,Approved
BR007517,TASK90404,Engineering,BRC-ST,2026-11-02 00:45,2026-11-02 03:25,Track Renewal Block,Requested
BR007518,TASK23632,Traction,NDLS-GZB,2026-11-02 00:45,2026-11-02 02:10,Power Block,Rejected
BR007519,TASK80476,Engineering,CSMT-BSR,2026-11-02 01:00,2026-11-02 02:31,Bridge Inspection Block,Cancelled
BR007520,TASK34300,Engineering,SC-NGP,2026-11-02 01:00,2026-11-02 03:59,Traffic Block,Approved
BR007521,TASK57152,Traction,SBC-MAS,2026-11-02 01:30,2026-11-02 02:40,OHE Maintenance Block,Rejected
BR007522,TASK97621,Engineering,NDLS-JHS,2026-11-02 01:45,2026-11-02 03:13,Bridge Inspection Block,Completed
BR007523,TASK29671,Traction,NDLS-GZB,2026-11-02 10:00,2026-11-02 10:44,Power Block,Requested
BR007524,TASK52943,S&T,UBL-PUNE,2026-11-02 10:30,2026-11-02 11:04,Cable Block,Approved
BR007525,TASK46287,Engineering,KGP-VSKP,2026-11-02 11:45,2026-11-02 12:27,Non-Interlocking Block,Approved
BR007526,TASK74733,Engineering,KGP-VSKP,2026-11-02 12:00,2026-11-02 13:07,Bridge Inspection Block,Completed
BR007527,TASK57778,S&T,DLI-JU,2026-11-02 15:00,2026-11-02 15:52,Signal Maintenance Block,Requested
BR007528,TASK93604,S&T,BSR-BPL,2026-11-02 22:00,2026-11-03 02:42,Signal Maintenance Block,Rejected
BR007529,TASK72508,Traction,BZA-MAS,2026-11-02 22:00,2026-11-02 23:05,OHE Maintenance Block,Approved
BR007530,TASK26915,Engineering,JP-ADI,2026-11-02 22:00,2026-11-03 01:01,Non-Interlocking Block,Approved
BR007531,TASK44805,S&T,BPL-JHS,2026-11-02 22:15,2026-11-03 00:40,Cable Block,Approved
BR007532,TASK71385,Traction,NDLS-JHS,2026-11-02 22:30,2026-11-03 01:13,Power Block,Completed
BR007533,TASK84902,Traction,NJP-GHY,2026-11-02 23:00,2026-11-03 02:37,Traction Feed Block,Completed
BR007534,TASK30497,Traction,MGS-HWH,2026-11-02 23:00,2026-11-03 00:27,OHE Maintenance Block,Requested
BR007535,TASK35087,Engineering,JTJ-SBC,2026-11-02 23:15,2026-11-03 02:15,Bridge Inspection Block,Approved
BR007536,TASK90929,S&T,GZB-CNB,2026-11-02 23:15,2026-11-03 00:56,Signal Maintenance Block,Approved
BR007537,TASK15946,Engineering,UBL-PUNE,2026-11-02 23:30,2026-11-03 01:14,Traffic Block,Approved
BR007538,TASK74948,Engineering,SBC-UBL,2026-11-03 00:00,2026-11-03 01:19,Track Renewal Block,Approved
BR007539,TASK50160,Traction,CNB-ALD,2026-11-03 00:15,2026-11-03 04:56,OHE Maintenance Block,Approved
BR007540,TASK30555,S&T,UBL-PUNE,2026-11-03 00:30,2026-11-03 03:57,Interlocking Testing Block,Approved
BR007541,TASK27969,Traction,NDLS-GZB,2026-11-03 01:00,2026-11-03 03:48,Power Block,Approved
BR007542,TASK96256,Engineering,NGP-BSP,2026-11-03 01:00,2026-11-03 05:05,Track Renewal Block,Completed
BR007543,TASK71195,Engineering,PUNE-CSMT,2026-11-03 01:00,2026-11-03 03:52,Non-Interlocking Block,Rejected
BR007544,TASK77217,S&T,BPL-JHS,2026-11-03 01:00,2026-11-03 04:54,Interlocking Testing Block,Requested
BR007545,TASK93257,Traction,BSR-BPL,2026-11-03 01:30,2026-11-03 05:12,Traction Feed Block,Requested
BR007546,TASK27445,S&T,GZB-CNB,2026-11-03 01:30,2026-11-03 04:22,Signal Maintenance Block,Rejected
BR007547,TASK26176,S&T,KGP-VSKP,2026-11-03 13:15,2026-11-03 13:56,Signal Maintenance Block,Approved
BR007548,TASK33680,Engineering,ST-BCT,2026-11-03 14:00,2026-11-03 15:43,Non-Interlocking Block,Requested
BR007549,TASK32608,Traction,KGP-VSKP,2026-11-03 14:15,2026-11-03 14:51,Traction Feed Block,Approved
BR007550,TASK47832,Traction,SBC-MAS,2026-11-03 15:30,2026-11-03 17:08,OHE Maintenance Block,Approved
BR007551,TASK69334,S&T,NDLS-JHS,2026-11-03 22:15,2026-11-04 01:37,Interlocking Testing Block,Approved
BR007552,TASK20393,S&T,UBL-PUNE,2026-11-03 22:15,2026-11-03 23:33,Cable Block,Approved
BR007553,TASK17737,Engineering,HWH-NJP,2026-11-03 23:15,2026-11-04 02:08,Non-Interlocking Block,Completed
BR007554,TASK16280,Engineering,HWH-KGP,2026-11-03 23:30,2026-11-04 02:22,Track Renewal Block,Completed
BR007555,TASK68909,S&T,SC-NGP,2026-11-03 23:45,2026-11-04 01:34,Signal Maintenance Block,Approved
BR007556,TASK67484,Traction,MGS-HWH,2026-11-03 23:45,2026-11-04 01:16,Power Block,Approved
BR007557,TASK62863,Engineering,JTJ-SBC,2026-11-04 00:00,2026-11-04 04:24,Bridge Inspection Block,Completed
BR007558,TASK47233,S&T,NDLS-GZB,2026-11-04 00:15,2026-11-04 01:49,Interlocking Testing Block,Requested
BR007559,TASK91008,S&T,BPL-JHS,2026-11-04 00:15,2026-11-04 01:28,Signal Maintenance Block,Rejected
BR007560,TASK79433,Engineering,DLI-JU,2026-11-04 00:15,2026-11-04 04:27,Bridge Inspection Block,Approved
BR007561,TASK71572,S&T,NDLS-GZB,2026-11-04 00:30,2026-11-04 03:09,Interlocking Testing Block,Requested
BR007562,TASK57173,S&T,BSP-R,2026-11-04 00:45,2026-11-04 04:34,Interlocking Testing Block,Rejected
BR007563,TASK78353,S&T,ST-BCT,2026-11-04 00:45,2026-11-04 02:29,Interlocking Testing Block,Rejected
BR007564,TASK11830,S&T,NDLS-UMB,2026-11-04 01:00,2026-11-04 02:46,Signal Maintenance Block,Approved
BR007565,TASK36521,Engineering,HWH-KGP,2026-11-04 01:15,2026-11-04 03:03,Track Renewal Block,Approved
BR007566,TASK51484,Traction,BSR-BPL,2026-11-04 01:30,2026-11-04 06:14,OHE Maintenance Block,Cancelled
BR007567,TASK44577,S&T,VSKP-BZA,2026-11-04 01:30,2026-11-04 03:02,Interlocking Testing Block,Cancelled
BR007568,TASK35784,Traction,BSR-BPL,2026-11-04 01:45,2026-11-04 06:15,OHE Maintenance Block,Approved
BR007569,TASK56876,Engineering,MAS-JTJ,2026-11-04 10:30,2026-11-04 11:19,Bridge Inspection Block,Approved
BR007570,TASK28524,S&T,NDLS-GZB,2026-11-04 10:30,2026-11-04 11:15,Interlocking Testing Block,Cancelled
BR007571,TASK36743,Traction,ST-BCT,2026-11-04 12:15,2026-11-04 13:22,OHE Maintenance Block,Requested
BR007572,TASK20464,Engineering,BPL-JHS,2026-11-04 12:15,2026-11-04 14:04,Traffic Block,Approved
BR007573,TASK29486,Traction,SBC-MAS,2026-11-04 15:30,2026-11-04 17:16,Power Block,Requested
BR007574,TASK20535,Engineering,BSR-BPL,2026-11-04 22:15,2026-11-04 23:18,Track Renewal Block,Requested
BR007575,TASK95988,Traction,NDLS-UMB,2026-11-04 22:15,2026-11-04 23:34,Traction Feed Block,Requested
BR007576,TASK33406,Engineering,BSP-R,2026-11-04 22:45,2026-11-05 00:46,Bridge Inspection Block,Completed
BR007577,TASK24557,Engineering,ADI-BRC,2026-11-04 22:45,2026-11-05 00:01,Non-Interlocking Block,Approved
BR007578,TASK63153,Traction,CSMT-BSR,2026-11-04 23:00,2026-11-05 00:09,Power Block,Approved
BR007579,TASK26620,S&T,BSR-BPL,2026-11-04 23:45,2026-11-05 02:18,Cable Block,Approved
BR007580,TASK72975,Engineering,SBC-MAS,2026-11-04 23:45,2026-11-05 04:29,Non-Interlocking Block,Approved
BR007581,TASK56324,S&T,NGP-BSP,2026-11-04 23:45,2026-11-05 04:04,Interlocking Testing Block,Approved
BR007582,TASK19357,S&T,HWH-NJP,2026-11-04 23:45,2026-11-05 02:18,Interlocking Testing Block,Approved
BR007583,TASK18521,Traction,HWH-KGP,2026-11-04 23:45,2026-11-05 02:41,Traction Feed Block,Approved
BR007584,TASK51278,Engineering,KGP-VSKP,2026-11-05 00:30,2026-11-05 02:59,Bridge Inspection Block,Approved
BR007585,TASK49200,Engineering,ALD-MGS,2026-11-05 00:45,2026-11-05 03:21,Bridge Inspection Block,Requested
BR007586,TASK82520,S&T,VSKP-BZA,2026-11-05 01:00,2026-11-05 02:32,Cable Block,Approved
BR007587,TASK67569,S&T,ST-BCT,2026-11-05 01:00,2026-11-05 05:55,Signal Maintenance Block,Requested
BR007588,TASK29062,S&T,HWH-NJP,2026-11-05 01:00,2026-11-05 02:09,Signal Maintenance Block,Approved
BR007589,TASK89196,Engineering,MGS-HWH,2026-11-05 01:30,2026-11-05 04:07,Bridge Inspection Block,Rejected
BR007590,TASK22521,Engineering,BPL-JHS,2026-11-05 01:45,2026-11-05 03:36,Traffic Block,Rejected
BR007591,TASK82184,S&T,KGP-VSKP,2026-11-05 01:45,2026-11-05 04:46,Signal Maintenance Block,Approved
BR007592,TASK11756,S&T,PUNE-CSMT,2026-11-05 01:45,2026-11-05 03:24,Cable Block,Approved
BR007593,TASK68103,Traction,BSR-BPL,2026-11-05 10:00,2026-11-05 11:50,OHE Maintenance Block,Completed
BR007594,TASK46088,Engineering,BZA-MAS,2026-11-05 11:00,2026-11-05 12:28,Track Renewal Block,Completed
BR007595,TASK46246,S&T,BRC-ST,2026-11-05 11:30,2026-11-05 13:29,Cable Block,Requested
BR007596,TASK83079,Engineering,NDLS-UMB,2026-11-05 12:45,2026-11-05 14:28,Track Renewal Block,Approved
BR007597,TASK60630,S&T,JTJ-SBC,2026-11-05 13:30,2026-11-05 14:05,Interlocking Testing Block,Approved
BR007598,TASK79168,S&T,CNB-ALD,2026-11-05 13:30,2026-11-05 14:02,Cable Block,Requested
BR007599,TASK43875,S&T,SBC-MAS,2026-11-05 22:00,2026-11-06 00:16,Interlocking Testing Block,Approved
BR007600,TASK11657,Engineering,MGS-HWH,2026-11-05 22:15,2026-11-05 23:38,Non-Interlocking Block,Approved
BR007601,TASK73152,Engineering,BZA-MAS,2026-11-05 23:00,2026-11-06 03:57,Traffic Block,Approved
BR007602,TASK36150,S&T,MGS-HWH,2026-11-05 23:15,2026-11-06 01:53,Interlocking Testing Block,Approved
BR007603,TASK48351,Traction,SBC-UBL,2026-11-05 23:30,2026-11-06 03:03,Power Block,Approved
BR007604,TASK35910,Engineering,BRC-ST,2026-11-05 23:30,2026-11-06 00:31,Traffic Block,Approved
BR007605,TASK60636,S&T,ADI-BRC,2026-11-05 23:30,2026-11-06 03:44,Interlocking Testing Block,Approved
BR007606,TASK25271,Engineering,PUNE-CSMT,2026-11-05 23:30,2026-11-06 01:27,Non-Interlocking Block,Requested
BR007607,TASK95341,Traction,MAS-JTJ,2026-11-05 23:45,2026-11-06 03:07,Traction Feed Block,Requested
BR007608,TASK55654,Engineering,CSMT-BSR,2026-11-05 23:45,2026-11-06 04:09,Traffic Block,Approved
BR007609,TASK20741,S&T,HWH-KGP,2026-11-05 23:45,2026-11-06 01:46,Cable Block,Rejected
BR007610,TASK79889,Traction,JU-JP,2026-11-06 00:00,2026-11-06 02:30,Traction Feed Block,Approved
BR007611,TASK66125,Engineering,SBC-MAS,2026-11-06 00:00,2026-11-06 03:56,Bridge Inspection Block,Approved
BR007612,TASK92123,Engineering,BSR-BPL,2026-11-06 00:30,2026-11-06 01:32,Traffic Block,Rejected
BR007613,TASK60985,Engineering,BSR-BPL,2026-11-06 00:30,2026-11-06 02:20,Traffic Block,Approved
BR007614,TASK28562,Traction,HWH-KGP,2026-11-06 00:45,2026-11-06 02:54,Power Block,Approved
BR007615,TASK93261,Engineering,DLI-JU,2026-11-06 01:00,2026-11-06 04:40,Bridge Inspection Block,Approved
BR007616,TASK95534,Traction,SBC-UBL,2026-11-06 01:00,2026-11-06 02:09,Power Block,Rejected
BR007617,TASK81233,Engineering,BRC-ST,2026-11-06 01:15,2026-11-06 03:06,Bridge Inspection Block,Approved
BR007618,TASK26337,S&T,CNB-ALD,2026-11-06 10:15,2026-11-06 11:58,Signal Maintenance Block,Completed
BR007619,TASK44979,S&T,NDLS-GZB,2026-11-06 11:15,2026-11-06 13:02,Signal Maintenance Block,Approved
BR007620,TASK86632,S&T,GZB-CNB,2026-11-06 11:30,2026-11-06 13:25,Interlocking Testing Block,Requested
BR007621,TASK10921,Engineering,HWH-KGP,2026-11-06 12:00,2026-11-06 12:44,Non-Interlocking Block,Approved
BR007622,TASK85043,Engineering,MGS-HWH,2026-11-06 13:45,2026-11-06 14:59,Track Renewal Block,Requested
BR007623,TASK51271,Engineering,PUNE-CSMT,2026-11-06 14:30,2026-11-06 16:09,Non-Interlocking Block,Approved
BR007624,TASK59455,S&T,JU-JP,2026-11-06 15:15,2026-11-06 16:43,Cable Block,Approved
BR007625,TASK76304,Engineering,JP-ADI,2026-11-06 15:15,2026-11-06 16:20,Bridge Inspection Block,Requested
BR007626,TASK62596,S&T,NGP-BSP,2026-11-06 22:00,2026-11-07 01:29,Interlocking Testing Block,Approved
BR007627,TASK11076,Engineering,ADI-BRC,2026-11-06 22:15,2026-11-07 02:49,Track Renewal Block,Approved
BR007628,TASK83521,Engineering,ADI-BRC,2026-11-06 22:30,2026-11-07 03:11,Traffic Block,Completed
BR007629,TASK46376,S&T,VSKP-BZA,2026-11-06 22:30,2026-11-07 01:14,Cable Block,Approved
BR007630,TASK93442,S&T,SBC-UBL,2026-11-06 23:00,2026-11-07 00:49,Cable Block,Completed
BR007631,TASK73114,S&T,MGS-HWH,2026-11-07 00:00,2026-11-07 02:04,Interlocking Testing Block,Requested
BR007632,TASK13991,Traction,MAS-JTJ,2026-11-07 00:00,2026-11-07 01:39,Traction Feed Block,Approved
BR007633,TASK98781,Engineering,HWH-NJP,2026-11-07 00:15,2026-11-07 03:59,Non-Interlocking Block,Approved
BR007634,TASK41738,Engineering,BZA-SC,2026-11-07 00:30,2026-11-07 02:09,Traffic Block,Approved
BR007635,TASK10146,Traction,ADI-BRC,2026-11-07 00:45,2026-11-07 03:27,OHE Maintenance Block,Approved
BR007636,TASK42304,S&T,SBC-UBL,2026-11-07 00:45,2026-11-07 03:19,Signal Maintenance Block,Cancelled
BR007637,TASK81305,S&T,HWH-KGP,2026-11-07 01:00,2026-11-07 02:08,Cable Block,Approved
BR007638,TASK45726,Engineering,ST-BCT,2026-11-07 01:00,2026-11-07 02:05,Bridge Inspection Block,Approved
BR007639,TASK95860,Traction,ALD-MGS,2026-11-07 01:15,2026-11-07 04:57,OHE Maintenance Block,Approved
BR007640,TASK24971,S&T,JU-JP,2026-11-07 01:15,2026-11-07 05:34,Cable Block,Rejected
BR007641,TASK31972,Traction,NDLS-ASR,2026-11-07 01:30,2026-11-07 03:35,Traction Feed Block,Approved
BR007642,TASK59091,S&T,KGP-VSKP,2026-11-07 01:30,2026-11-07 04:41,Signal Maintenance Block,Approved
BR007643,TASK64239,S&T,MGS-HWH,2026-11-07 01:30,2026-11-07 03:19,Cable Block,Cancelled
BR007644,TASK63721,Engineering,NDLS-GZB,2026-11-07 01:30,2026-11-07 06:19,Track Renewal Block,Approved
BR007645,TASK38020,Engineering,NGP-BSP,2026-11-07 01:45,2026-11-07 04:21,Traffic Block,Approved
BR007646,TASK73298,Engineering,NDLS-ASR,2026-11-07 01:45,2026-11-07 05:29,Non-Interlocking Block,Cancelled
BR007647,TASK37283,Traction,MGS-HWH,2026-11-07 10:00,2026-11-07 10:52,Traction Feed Block,Requested
BR007648,TASK35536,Engineering,NGP-BSP,2026-11-07 12:15,2026-11-07 13:58,Bridge Inspection Block,Requested
BR007649,TASK82565,Traction,NDLS-GZB,2026-11-07 14:15,2026-11-07 16:09,OHE Maintenance Block,Completed
BR007650,TASK42941,Engineering,BSR-BPL,2026-11-07 15:30,2026-11-07 16:06,Non-Interlocking Block,Rejected
BR007651,TASK78086,S&T,ADI-BRC,2026-11-07 22:00,2026-11-07 23:40,Signal Maintenance Block,Approved
BR007652,TASK13178,S&T,BSR-BPL,2026-11-07 23:00,2026-11-08 02:05,Cable Block,Approved
BR007653,TASK48079,Traction,NGP-BSP,2026-11-07 23:15,2026-11-08 04:07,Power Block,Completed
BR007654,TASK74316,Traction,BZA-MAS,2026-11-07 23:30,2026-11-08 02:37,OHE Maintenance Block,Approved
BR007655,TASK72308,S&T,BSR-BPL,2026-11-08 00:15,2026-11-08 05:03,Signal Maintenance Block,Approved
BR007656,TASK15268,Traction,NDLS-GZB,2026-11-08 00:15,2026-11-08 02:38,Power Block,Rejected
BR007657,TASK42059,Engineering,ADI-BRC,2026-11-08 00:15,2026-11-08 05:05,Traffic Block,Rejected
BR007658,TASK21609,S&T,MGS-HWH,2026-11-08 01:00,2026-11-08 05:48,Interlocking Testing Block,Completed
BR007659,TASK22823,Traction,BZA-MAS,2026-11-08 01:00,2026-11-08 02:58,Power Block,Rejected
BR007660,TASK52264,Engineering,PUNE-CSMT,2026-11-08 01:00,2026-11-08 03:41,Non-Interlocking Block,Cancelled
BR007661,TASK56970,S&T,NDLS-ASR,2026-11-08 01:30,2026-11-08 04:04,Cable Block,Completed
BR007662,TASK48538,S&T,BPL-JHS,2026-11-08 01:30,2026-11-08 05:08,Cable Block,Approved
BR007663,TASK85746,Traction,ADI-BRC,2026-11-08 01:45,2026-11-08 04:48,OHE Maintenance Block,Rejected
BR007664,TASK95176,Engineering,MGS-HWH,2026-11-08 01:45,2026-11-08 03:19,Traffic Block,Cancelled
BR007665,TASK67318,Traction,SBC-MAS,2026-11-08 01:45,2026-11-08 06:04,Traction Feed Block,Approved
BR007666,TASK22768,S&T,NGP-BSP,2026-11-08 11:15,2026-11-08 12:25,Interlocking Testing Block,Cancelled
BR007667,TASK12832,Traction,BPL-JHS,2026-11-08 13:00,2026-11-08 13:59,Traction Feed Block,Approved
BR007668,TASK95698,S&T,BRC-ST,2026-11-08 13:15,2026-11-08 14:05,Interlocking Testing Block,Cancelled
BR007669,TASK92483,Engineering,NGP-BSP,2026-11-08 13:15,2026-11-08 14:23,Traffic Block,Rejected
BR007670,TASK70337,Traction,HWH-KGP,2026-11-08 13:30,2026-11-08 15:27,OHE Maintenance Block,Cancelled
BR007671,TASK17505,Traction,MAS-JTJ,2026-11-08 13:45,2026-11-08 15:18,OHE Maintenance Block,Approved
BR007672,TASK83666,S&T,CNB-ALD,2026-11-08 14:00,2026-11-08 15:32,Cable Block,Completed
BR007673,TASK46649,Traction,PUNE-CSMT,2026-11-08 14:30,2026-11-08 15:37,Power Block,Rejected
BR007674,TASK99986,Traction,ST-BCT,2026-11-08 14:30,2026-11-08 15:04,Traction Feed Block,Requested
BR007675,TASK36504,Traction,CSMT-BSR,2026-11-08 14:45,2026-11-08 15:38,Traction Feed Block,Requested
BR007676,TASK72507,S&T,NDLS-JHS,2026-11-08 15:00,2026-11-08 16:14,Signal Maintenance Block,Requested
BR007677,TASK97861,Engineering,BSR-BPL,2026-11-08 22:15,2026-11-09 00:03,Track Renewal Block,Approved
BR007678,TASK87836,Engineering,BZA-MAS,2026-11-08 22:15,2026-11-09 02:01,Track Renewal Block,Requested
BR007679,TASK91529,Engineering,ST-BCT,2026-11-08 22:30,2026-11-09 01:54,Bridge Inspection Block,Approved
BR007680,TASK52229,Traction,BZA-MAS,2026-11-08 23:15,2026-11-09 03:10,Power Block,Approved
BR007681,TASK39946,S&T,KGP-VSKP,2026-11-08 23:45,2026-11-09 02:15,Interlocking Testing Block,Approved
BR007682,TASK22142,Traction,SBC-UBL,2026-11-08 23:45,2026-11-09 02:45,Traction Feed Block,Approved
BR007683,TASK63814,Engineering,BZA-MAS,2026-11-08 23:45,2026-11-09 01:50,Bridge Inspection Block,Approved
BR007684,TASK54096,Engineering,GZB-CNB,2026-11-09 00:15,2026-11-09 03:39,Non-Interlocking Block,Completed
BR007685,TASK66658,Traction,BSR-BPL,2026-11-09 00:15,2026-11-09 02:40,Traction Feed Block,Completed
BR007686,TASK64221,Engineering,BZA-MAS,2026-11-09 00:15,2026-11-09 04:03,Traffic Block,Completed
BR007687,TASK53122,Engineering,KGP-VSKP,2026-11-09 00:15,2026-11-09 02:58,Traffic Block,Approved
BR007688,TASK48101,Engineering,NDLS-UMB,2026-11-09 00:45,2026-11-09 03:57,Traffic Block,Cancelled
BR007689,TASK57287,Traction,BZA-SC,2026-11-09 01:15,2026-11-09 05:25,Traction Feed Block,Rejected
BR007690,TASK98591,Engineering,BZA-MAS,2026-11-09 10:15,2026-11-09 11:11,Traffic Block,Approved
BR007691,TASK68693,Engineering,ST-BCT,2026-11-09 15:30,2026-11-09 16:43,Non-Interlocking Block,Rejected
BR007692,TASK97137,Engineering,ADI-BRC,2026-11-09 22:00,2026-11-10 01:54,Non-Interlocking Block,Approved
BR007693,TASK38003,S&T,BRC-ST,2026-11-09 22:15,2026-11-09 23:34,Signal Maintenance Block,Approved
BR007694,TASK39866,S&T,SC-NGP,2026-11-09 22:15,2026-11-10 01:41,Interlocking Testing Block,Rejected
BR007695,TASK49541,Engineering,PUNE-CSMT,2026-11-09 22:30,2026-11-10 00:05,Non-Interlocking Block,Approved
BR007696,TASK16619,S&T,UBL-PUNE,2026-11-09 22:30,2026-11-10 02:46,Interlocking Testing Block,Approved
BR007697,TASK90493,S&T,NDLS-ASR,2026-11-09 22:45,2026-11-10 01:17,Cable Block,Approved
BR007698,TASK64815,Traction,NDLS-UMB,2026-11-09 23:00,2026-11-10 03:10,OHE Maintenance Block,Completed
BR007699,TASK69670,Traction,MAS-JTJ,2026-11-09 23:00,2026-11-10 02:20,OHE Maintenance Block,Approved
BR007700,TASK41756,Engineering,GZB-CNB,2026-11-09 23:45,2026-11-10 01:25,Track Renewal Block,Requested
BR007701,TASK78790,Traction,PUNE-CSMT,2026-11-10 00:00,2026-11-10 03:59,Power Block,Approved
BR007702,TASK37963,S&T,ALD-MGS,2026-11-10 00:15,2026-11-10 04:39,Cable Block,Approved
BR007703,TASK34704,Engineering,JP-ADI,2026-11-10 00:15,2026-11-10 02:19,Bridge Inspection Block,Requested
BR007704,TASK68354,Engineering,SBC-MAS,2026-11-10 01:15,2026-11-10 04:54,Track Renewal Block,Requested
BR007705,TASK65876,Engineering,CSMT-BSR,2026-11-10 01:15,2026-11-10 02:44,Non-Interlocking Block,Requested
BR007706,TASK23539,Engineering,PUNE-CSMT,2026-11-10 01:15,2026-11-10 03:58,Traffic Block,Approved
BR007707,TASK87255,Traction,BRC-ST,2026-11-10 01:30,2026-11-10 04:27,Traction Feed Block,Rejected
BR007708,TASK21838,S&T,MAS-JTJ,2026-11-10 01:45,2026-11-10 05:55,Cable Block,Rejected
BR007709,TASK59829,Traction,BPL-JHS,2026-11-10 11:15,2026-11-10 12:04,Power Block,Approved
BR007710,TASK54177,S&T,JP-ADI,2026-11-10 11:15,2026-11-10 11:47,Signal Maintenance Block,Cancelled
BR007711,TASK79215,Traction,BSP-R,2026-11-10 11:30,2026-11-10 12:54,Power Block,Approved
BR007712,TASK84858,S&T,BSP-R,2026-11-10 11:30,2026-11-10 13:02,Interlocking Testing Block,Completed
BR007713,TASK64039,Engineering,NDLS-UMB,2026-11-10 11:45,2026-11-10 13:00,Traffic Block,Requested
BR007714,TASK45469,Traction,ALD-MGS,2026-11-10 11:45,2026-11-10 12:23,Traction Feed Block,Cancelled
BR007715,TASK57304,Traction,NJP-GHY,2026-11-10 13:15,2026-11-10 14:33,Power Block,Approved
BR007716,TASK98919,Engineering,JP-ADI,2026-11-10 15:00,2026-11-10 16:06,Bridge Inspection Block,Approved
BR007717,TASK50725,Traction,BRC-ST,2026-11-10 22:00,2026-11-11 01:28,Power Block,Completed
BR007718,TASK12208,Engineering,NDLS-UMB,2026-11-10 22:15,2026-11-10 23:28,Track Renewal Block,Completed
BR007719,TASK94139,S&T,ST-BCT,2026-11-10 22:15,2026-11-11 00:27,Cable Block,Approved
BR007720,TASK75615,Engineering,ST-BCT,2026-11-10 22:30,2026-11-11 00:40,Bridge Inspection Block,Approved
BR007721,TASK44581,Engineering,ST-BCT,2026-11-10 22:30,2026-11-11 00:32,Non-Interlocking Block,Approved
BR007722,TASK46204,S&T,NDLS-ASR,2026-11-10 23:15,2026-11-11 01:27,Interlocking Testing Block,Approved
BR007723,TASK71584,Engineering,BZA-SC,2026-11-10 23:15,2026-11-11 01:25,Track Renewal Block,Cancelled
BR007724,TASK28146,Engineering,NDLS-JHS,2026-11-10 23:30,2026-11-11 00:36,Traffic Block,Approved
BR007725,TASK91699,Traction,NDLS-UMB,2026-11-10 23:45,2026-11-11 03:37,Traction Feed Block,Approved
BR007726,TASK58952,S&T,BZA-SC,2026-11-10 23:45,2026-11-11 01:32,Signal Maintenance Block,Completed
BR007727,TASK11824,Traction,BZA-MAS,2026-11-11 00:15,2026-11-11 02:19,Traction Feed Block,Approved
BR007728,TASK47376,Engineering,DLI-JU,2026-11-11 00:15,2026-11-11 05:02,Track Renewal Block,Approved
BR007729,TASK76345,S&T,BSR-BPL,2026-11-11 00:30,2026-11-11 02:50,Interlocking Testing Block,Approved
BR007730,TASK97968,Traction,BZA-MAS,2026-11-11 00:30,2026-11-11 05:10,Power Block,Approved
BR007731,TASK55608,Engineering,ADI-BRC,2026-11-11 01:00,2026-11-11 04:08,Non-Interlocking Block,Approved
BR007732,TASK42230,Traction,NGP-BSP,2026-11-11 01:15,2026-11-11 02:27,OHE Maintenance Block,Approved
BR007733,TASK85196,Engineering,HWH-KGP,2026-11-11 01:15,2026-11-11 02:55,Bridge Inspection Block,Approved
BR007734,TASK62248,S&T,BZA-MAS,2026-11-11 01:15,2026-11-11 04:14,Interlocking Testing Block,Approved
BR007735,TASK41237,S&T,JU-JP,2026-11-11 01:30,2026-11-11 05:39,Interlocking Testing Block,Approved
BR007736,TASK35834,Traction,BPL-JHS,2026-11-11 01:45,2026-11-11 05:16,OHE Maintenance Block,Requested
BR007737,TASK32727,Engineering,CNB-ALD,2026-11-11 01:45,2026-11-11 03:17,Bridge Inspection Block,Completed
BR007738,TASK74613,Traction,KGP-VSKP,2026-11-11 01:45,2026-11-11 04:50,Traction Feed Block,Approved
BR007739,TASK57967,Traction,VSKP-BZA,2026-11-11 01:45,2026-11-11 02:45,Traction Feed Block,Approved
BR007740,TASK24260,Traction,SBC-UBL,2026-11-11 10:00,2026-11-11 11:22,Traction Feed Block,Approved
BR007741,TASK93616,S&T,ADI-BRC,2026-11-11 11:30,2026-11-11 13:10,Cable Block,Approved
BR007742,TASK62553,S&T,BSP-R,2026-11-11 13:00,2026-11-11 14:04,Cable Block,Cancelled
BR007743,TASK25673,Traction,UBL-PUNE,2026-11-11 13:15,2026-11-11 14:40,Power Block,Approved
BR007744,TASK22613,Engineering,MGS-HWH,2026-11-11 15:00,2026-11-11 16:14,Bridge Inspection Block,Approved
BR007745,TASK56943,S&T,DLI-JU,2026-11-11 22:00,2026-11-12 00:59,Interlocking Testing Block,Approved
BR007746,TASK55240,S&T,ST-BCT,2026-11-11 22:15,2026-11-12 02:57,Signal Maintenance Block,Completed
BR007747,TASK22275,Engineering,ST-BCT,2026-11-11 22:30,2026-11-12 00:31,Bridge Inspection Block,Requested
BR007748,TASK88480,Engineering,MAS-JTJ,2026-11-11 22:30,2026-11-11 23:52,Traffic Block,Rejected
BR007749,TASK99910,Engineering,ADI-BRC,2026-11-11 22:30,2026-11-12 01:31,Non-Interlocking Block,Completed
BR007750,TASK63079,S&T,CNB-ALD,2026-11-11 22:45,2026-11-12 03:11,Interlocking Testing Block,Requested
BR007751,TASK70770,Traction,HWH-KGP,2026-11-11 23:00,2026-11-12 00:57,OHE Maintenance Block,Approved
BR007752,TASK93145,Traction,BRC-ST,2026-11-11 23:15,2026-11-12 00:34,Power Block,Approved
BR007753,TASK54166,Engineering,BSR-BPL,2026-11-11 23:30,2026-11-12 01:15,Bridge Inspection Block,Approved
BR007754,TASK75602,Traction,CNB-ALD,2026-11-11 23:30,2026-11-12 02:46,Traction Feed Block,Requested
BR007755,TASK83496,Traction,HWH-NJP,2026-11-11 23:30,2026-11-12 02:14,OHE Maintenance Block,Rejected
BR007756,TASK98246,Engineering,BSR-BPL,2026-11-11 23:45,2026-11-12 04:41,Track Renewal Block,Approved
BR007757,TASK26428,Traction,KGP-VSKP,2026-11-12 00:00,2026-11-12 03:39,Traction Feed Block,Approved
BR007758,TASK66853,Traction,CNB-ALD,2026-11-12 00:00,2026-11-12 04:16,Traction Feed Block,Approved
BR007759,TASK20341,S&T,BZA-SC,2026-11-12 01:00,2026-11-12 02:21,Cable Block,Approved
BR007760,TASK47635,Traction,BPL-JHS,2026-11-12 01:00,2026-11-12 03:02,OHE Maintenance Block,Approved
BR007761,TASK33322,Traction,NDLS-UMB,2026-11-12 01:00,2026-11-12 04:56,Power Block,Approved
BR007762,TASK20228,S&T,CSMT-BSR,2026-11-12 01:00,2026-11-12 02:50,Signal Maintenance Block,Approved
BR007763,TASK93575,Traction,CNB-ALD,2026-11-12 01:00,2026-11-12 02:26,Power Block,Approved
BR007764,TASK51305,S&T,NJP-GHY,2026-11-12 01:15,2026-11-12 03:12,Cable Block,Approved
BR007765,TASK62786,S&T,VSKP-BZA,2026-11-12 01:15,2026-11-12 06:03,Interlocking Testing Block,Requested
BR007766,TASK36174,Traction,JTJ-SBC,2026-11-12 01:30,2026-11-12 02:57,Power Block,Requested
BR007767,TASK14377,Engineering,CNB-ALD,2026-11-12 01:30,2026-11-12 06:25,Traffic Block,Approved
BR007768,TASK18191,S&T,BSP-R,2026-11-12 01:45,2026-11-12 06:00,Interlocking Testing Block,Rejected
BR007769,TASK40837,S&T,PUNE-CSMT,2026-11-12 10:00,2026-11-12 11:29,Cable Block,Approved
BR007770,TASK74647,Engineering,GZB-CNB,2026-11-12 12:30,2026-11-12 13:34,Traffic Block,Requested
BR007771,TASK79714,Engineering,KGP-VSKP,2026-11-12 12:30,2026-11-12 14:24,Bridge Inspection Block,Completed
BR007772,TASK87856,Engineering,VSKP-BZA,2026-11-12 12:30,2026-11-12 13:04,Traffic Block,Approved
BR007773,TASK17109,Traction,SBC-UBL,2026-11-12 22:15,2026-11-13 02:32,Power Block,Approved
BR007774,TASK21395,S&T,NDLS-GZB,2026-11-12 22:15,2026-11-13 02:20,Cable Block,Approved
BR007775,TASK67705,Engineering,GZB-CNB,2026-11-12 22:30,2026-11-13 00:55,Traffic Block,Rejected
BR007776,TASK96202,Engineering,BZA-SC,2026-11-12 22:30,2026-11-13 02:42,Traffic Block,Requested
BR007777,TASK95210,Traction,SBC-UBL,2026-11-12 22:30,2026-11-13 00:08,OHE Maintenance Block,Approved
BR007778,TASK29607,Engineering,SC-NGP,2026-11-12 22:45,2026-11-13 02:52,Track Renewal Block,Approved
BR007779,TASK39048,Engineering,NDLS-GZB,2026-11-12 22:45,2026-11-13 03:00,Traffic Block,Approved
BR007780,TASK84967,Traction,KGP-VSKP,2026-11-12 22:45,2026-11-13 03:32,OHE Maintenance Block,Requested
BR007781,TASK37058,S&T,JTJ-SBC,2026-11-12 22:45,2026-11-13 01:30,Cable Block,Rejected
BR007782,TASK14303,Engineering,MGS-HWH,2026-11-12 22:45,2026-11-13 00:51,Non-Interlocking Block,Rejected
BR007783,TASK99487,Traction,PUNE-CSMT,2026-11-12 23:00,2026-11-13 01:49,Traction Feed Block,Approved
BR007784,TASK75268,S&T,BRC-ST,2026-11-12 23:15,2026-11-13 00:33,Interlocking Testing Block,Requested
BR007785,TASK30874,Engineering,NDLS-GZB,2026-11-12 23:30,2026-11-13 00:59,Bridge Inspection Block,Approved
BR007786,TASK30946,Engineering,HWH-KGP,2026-11-12 23:45,2026-11-13 03:08,Bridge Inspection Block,Requested
BR007787,TASK36246,Traction,BZA-SC,2026-11-13 00:15,2026-11-13 04:43,OHE Maintenance Block,Cancelled
BR007788,TASK47363,S&T,BSR-BPL,2026-11-13 00:15,2026-11-13 01:31,Cable Block,Approved
BR007789,TASK31607,S&T,SBC-MAS,2026-11-13 00:15,2026-11-13 01:41,Cable Block,Approved
BR007790,TASK81424,Traction,BRC-ST,2026-11-13 00:30,2026-11-13 02:11,Traction Feed Block,Approved
BR007791,TASK54431,Engineering,BRC-ST,2026-11-13 00:30,2026-11-13 02:49,Track Renewal Block,Completed
BR007792,TASK82623,Engineering,SBC-MAS,2026-11-13 01:00,2026-11-13 02:24,Track Renewal Block,Cancelled
BR007793,TASK42561,Engineering,ST-BCT,2026-11-13 01:30,2026-11-13 04:52,Non-Interlocking Block,Approved
BR007794,TASK83287,Traction,BSP-R,2026-11-13 01:30,2026-11-13 03:32,Power Block,Approved
BR007795,TASK68391,Engineering,HWH-NJP,2026-11-13 01:45,2026-11-13 05:42,Non-Interlocking Block,Requested
BR007796,TASK26377,Engineering,HWH-KGP,2026-11-13 10:15,2026-11-13 11:27,Bridge Inspection Block,Completed
BR007797,TASK14104,Engineering,UBL-PUNE,2026-11-13 10:45,2026-11-13 12:10,Traffic Block,Approved
BR007798,TASK28001,S&T,CSMT-BSR,2026-11-13 12:00,2026-11-13 13:16,Signal Maintenance Block,Completed
BR007799,TASK92293,S&T,BZA-SC,2026-11-13 12:15,2026-11-13 14:00,Cable Block,Requested
BR007800,TASK42310,Engineering,MGS-HWH,2026-11-13 14:30,2026-11-13 16:15,Bridge Inspection Block,Requested
BR007801,TASK95887,Engineering,PUNE-CSMT,2026-11-13 22:00,2026-11-14 01:35,Non-Interlocking Block,Approved
BR007802,TASK99523,Traction,BZA-MAS,2026-11-13 22:15,2026-11-14 00:23,OHE Maintenance Block,Completed
BR007803,TASK19426,Engineering,HWH-KGP,2026-11-13 22:15,2026-11-14 01:31,Track Renewal Block,Approved
BR007804,TASK97096,S&T,MAS-JTJ,2026-11-13 22:15,2026-11-13 23:51,Signal Maintenance Block,Approved
BR007805,TASK73346,S&T,MGS-HWH,2026-11-13 22:45,2026-11-14 02:18,Cable Block,Approved
BR007806,TASK97437,Engineering,BZA-MAS,2026-11-13 23:15,2026-11-14 03:16,Bridge Inspection Block,Approved
BR007807,TASK38463,S&T,BSR-BPL,2026-11-13 23:15,2026-11-14 01:49,Interlocking Testing Block,Requested
BR007808,TASK56161,Engineering,SC-NGP,2026-11-13 23:15,2026-11-14 01:30,Non-Interlocking Block,Approved
BR007809,TASK38609,S&T,NDLS-UMB,2026-11-13 23:45,2026-11-14 03:47,Cable Block,Approved
BR007810,TASK33304,Traction,DLI-JU,2026-11-14 00:15,2026-11-14 04:28,OHE Maintenance Block,Approved
BR007811,TASK86829,S&T,BSP-R,2026-11-14 00:15,2026-11-14 03:01,Signal Maintenance Block,Requested
BR007812,TASK61764,Traction,CSMT-BSR,2026-11-14 00:15,2026-11-14 03:14,Traction Feed Block,Completed
BR007813,TASK46046,Engineering,BSR-BPL,2026-11-14 00:30,2026-11-14 03:39,Non-Interlocking Block,Approved
BR007814,TASK91146,Engineering,GZB-CNB,2026-11-14 00:30,2026-11-14 02:22,Traffic Block,Approved
BR007815,TASK89192,S&T,BZA-MAS,2026-11-14 00:30,2026-11-14 03:06,Interlocking Testing Block,Approved
BR007816,TASK17705,Engineering,CNB-ALD,2026-11-14 00:30,2026-11-14 03:04,Track Renewal Block,Approved
BR007817,TASK76376,Engineering,BRC-ST,2026-11-14 00:45,2026-11-14 03:08,Bridge Inspection Block,Approved
BR007818,TASK56751,Engineering,SBC-MAS,2026-11-14 01:00,2026-11-14 02:48,Non-Interlocking Block,Approved
BR007819,TASK18485,Engineering,CSMT-BSR,2026-11-14 13:30,2026-11-14 15:11,Track Renewal Block,Approved
BR007820,TASK47638,S&T,MGS-HWH,2026-11-14 14:30,2026-11-14 16:27,Cable Block,Approved
BR007821,TASK50427,Engineering,BPL-JHS,2026-11-14 22:00,2026-11-15 02:07,Track Renewal Block,Approved
BR007822,TASK54169,Engineering,HWH-KGP,2026-11-14 22:15,2026-11-15 01:42,Track Renewal Block,Completed
BR007823,TASK55503,S&T,GZB-CNB,2026-11-14 22:30,2026-11-15 02:45,Interlocking Testing Block,Requested
BR007824,TASK37175,Traction,NDLS-GZB,2026-11-14 22:45,2026-11-15 02:33,Power Block,Completed
BR007825,TASK39230,S&T,NDLS-UMB,2026-11-14 22:45,2026-11-15 00:48,Signal Maintenance Block,Requested
BR007826,TASK69977,Engineering,HWH-NJP,2026-11-14 23:00,2026-11-15 02:21,Track Renewal Block,Approved
BR007827,TASK40502,S&T,HWH-KGP,2026-11-14 23:15,2026-11-15 03:20,Cable Block,Completed
BR007828,TASK37788,Traction,NDLS-JHS,2026-11-14 23:15,2026-11-15 02:51,Power Block,Completed
BR007829,TASK98014,S&T,BSR-BPL,2026-11-14 23:30,2026-11-15 01:44,Cable Block,Rejected
BR007830,TASK35442,Engineering,SBC-UBL,2026-11-14 23:30,2026-11-15 01:10,Track Renewal Block,Approved
BR007831,TASK96889,Engineering,BZA-MAS,2026-11-14 23:30,2026-11-15 01:15,Traffic Block,Completed
BR007832,TASK22314,Engineering,HWH-KGP,2026-11-14 23:30,2026-11-15 03:59,Non-Interlocking Block,Approved
BR007833,TASK76592,Engineering,UBL-PUNE,2026-11-14 23:45,2026-11-15 01:35,Non-Interlocking Block,Requested
BR007834,TASK77248,Traction,NDLS-GZB,2026-11-15 00:15,2026-11-15 04:23,OHE Maintenance Block,Approved
BR007835,TASK68791,S&T,BZA-SC,2026-11-15 00:15,2026-11-15 04:18,Signal Maintenance Block,Cancelled
BR007836,TASK78162,S&T,CSMT-BSR,2026-11-15 00:30,2026-11-15 04:41,Signal Maintenance Block,Approved
BR007837,TASK43810,Traction,CNB-ALD,2026-11-15 00:30,2026-11-15 02:36,Power Block,Requested
BR007838,TASK52616,Traction,BSR-BPL,2026-11-15 01:15,2026-11-15 06:10,Traction Feed Block,Approved
BR007839,TASK30290,Engineering,NDLS-JHS,2026-11-15 01:30,2026-11-15 05:25,Non-Interlocking Block,Requested
BR007840,TASK71259,Engineering,JU-JP,2026-11-15 01:30,2026-11-15 02:33,Track Renewal Block,Approved
BR007841,TASK89443,Engineering,JP-ADI,2026-11-15 01:30,2026-11-15 05:01,Non-Interlocking Block,Approved
BR007842,TASK88949,Engineering,BSR-BPL,2026-11-15 01:45,2026-11-15 05:15,Bridge Inspection Block,Completed
BR007843,TASK62061,Engineering,BZA-MAS,2026-11-15 11:00,2026-11-15 12:54,Traffic Block,Approved
BR007844,TASK19240,S&T,PUNE-CSMT,2026-11-15 12:30,2026-11-15 14:13,Interlocking Testing Block,Approved
BR007845,TASK27746,Engineering,BSR-BPL,2026-11-15 13:00,2026-11-15 14:27,Traffic Block,Approved
BR007846,TASK17826,Engineering,NJP-GHY,2026-11-15 14:30,2026-11-15 15:38,Bridge Inspection Block,Completed
BR007847,TASK82507,S&T,CSMT-BSR,2026-11-15 15:00,2026-11-15 16:31,Interlocking Testing Block,Rejected
BR007848,TASK65594,Engineering,ADI-BRC,2026-11-15 15:30,2026-11-15 16:25,Traffic Block,Approved
BR007849,TASK56171,S&T,NGP-BSP,2026-11-15 22:00,2026-11-16 01:23,Signal Maintenance Block,Approved
BR007850,TASK92840,Engineering,BRC-ST,2026-11-15 22:45,2026-11-16 02:58,Bridge Inspection Block,Approved
BR007851,TASK97674,S&T,SC-NGP,2026-11-15 23:00,2026-11-16 03:33,Cable Block,Approved
BR007852,TASK22819,S&T,NDLS-ASR,2026-11-15 23:15,2026-11-16 02:59,Interlocking Testing Block,Cancelled
BR007853,TASK26384,Engineering,NDLS-UMB,2026-11-15 23:15,2026-11-16 02:37,Bridge Inspection Block,Requested
BR007854,TASK65154,Engineering,DLI-JU,2026-11-15 23:30,2026-11-16 01:12,Non-Interlocking Block,Requested
BR007855,TASK78811,Engineering,SBC-MAS,2026-11-15 23:45,2026-11-16 03:35,Track Renewal Block,Approved
BR007856,TASK48620,Engineering,BZA-SC,2026-11-15 23:45,2026-11-16 01:54,Traffic Block,Approved
BR007857,TASK25026,Engineering,NDLS-UMB,2026-11-15 23:45,2026-11-16 04:34,Bridge Inspection Block,Completed
BR007858,TASK66393,Engineering,KGP-VSKP,2026-11-15 23:45,2026-11-16 01:09,Track Renewal Block,Completed
BR007859,TASK46659,S&T,BZA-MAS,2026-11-15 23:45,2026-11-16 03:26,Interlocking Testing Block,Requested
BR007860,TASK38463,Traction,JTJ-SBC,2026-11-15 23:45,2026-11-16 04:25,Power Block,Requested
BR007861,TASK94279,Engineering,NDLS-ASR,2026-11-15 23:45,2026-11-16 04:26,Track Renewal Block,Rejected
BR007862,TASK70969,Engineering,BSR-BPL,2026-11-16 00:00,2026-11-16 01:53,Track Renewal Block,Approved
BR007863,TASK15742,S&T,NJP-GHY,2026-11-16 00:30,2026-11-16 01:33,Signal Maintenance Block,Approved
BR007864,TASK87840,Engineering,KGP-VSKP,2026-11-16 00:30,2026-11-16 04:30,Traffic Block,Approved
BR007865,TASK89542,Engineering,ALD-MGS,2026-11-16 01:00,2026-11-16 05:26,Non-Interlocking Block,Approved
BR007866,TASK61042,Engineering,HWH-NJP,2026-11-16 01:15,2026-11-16 04:18,Non-Interlocking Block,Requested
BR007867,TASK34070,Engineering,BZA-MAS,2026-11-16 01:15,2026-11-16 03:08,Non-Interlocking Block,Approved
BR007868,TASK22755,Traction,CSMT-BSR,2026-11-16 01:30,2026-11-16 04:02,Traction Feed Block,Approved
BR007869,TASK41051,Engineering,ADI-BRC,2026-11-16 01:45,2026-11-16 03:45,Bridge Inspection Block,Approved
BR007870,TASK79934,Engineering,NDLS-GZB,2026-11-16 01:45,2026-11-16 06:14,Track Renewal Block,Requested
BR007871,TASK80578,Engineering,CSMT-BSR,2026-11-16 11:15,2026-11-16 11:46,Traffic Block,Approved
BR007872,TASK21037,Engineering,CSMT-BSR,2026-11-16 11:30,2026-11-16 13:08,Bridge Inspection Block,Approved
BR007873,TASK46102,S&T,BRC-ST,2026-11-16 14:15,2026-11-16 16:14,Signal Maintenance Block,Approved
BR007874,TASK19554,Engineering,BRC-ST,2026-11-16 15:30,2026-11-16 16:57,Track Renewal Block,Rejected
BR007875,TASK15967,S&T,NDLS-UMB,2026-11-16 22:30,2026-11-17 01:15,Cable Block,Approved
BR007876,TASK21176,S&T,BSR-BPL,2026-11-16 22:30,2026-11-17 03:25,Signal Maintenance Block,Approved
BR007877,TASK28655,S&T,SBC-UBL,2026-11-16 22:45,2026-11-17 02:13,Interlocking Testing Block,Approved
BR007878,TASK64279,Engineering,VSKP-BZA,2026-11-16 22:45,2026-11-17 00:18,Non-Interlocking Block,Approved
BR007879,TASK95875,Engineering,HWH-KGP,2026-11-16 23:00,2026-11-17 01:34,Bridge Inspection Block,Approved
BR007880,TASK92899,Engineering,BRC-ST,2026-11-16 23:00,2026-11-17 03:08,Traffic Block,Approved
BR007881,TASK44136,Engineering,ST-BCT,2026-11-16 23:30,2026-11-17 01:21,Traffic Block,Approved
BR007882,TASK13349,Engineering,NDLS-GZB,2026-11-16 23:30,2026-11-17 04:07,Non-Interlocking Block,Completed
BR007883,TASK78709,Engineering,DLI-JU,2026-11-17 00:00,2026-11-17 01:06,Track Renewal Block,Requested
BR007884,TASK69573,Traction,ST-BCT,2026-11-17 00:30,2026-11-17 04:14,Traction Feed Block,Requested
BR007885,TASK19498,Traction,NDLS-ASR,2026-11-17 00:30,2026-11-17 02:20,OHE Maintenance Block,Approved
BR007886,TASK58296,S&T,BZA-MAS,2026-11-17 00:45,2026-11-17 04:38,Signal Maintenance Block,Approved
BR007887,TASK12601,S&T,GZB-CNB,2026-11-17 00:45,2026-11-17 04:45,Signal Maintenance Block,Approved
BR007888,TASK18404,S&T,BZA-SC,2026-11-17 01:00,2026-11-17 03:03,Cable Block,Completed
BR007889,TASK20533,Engineering,UBL-PUNE,2026-11-17 01:15,2026-11-17 04:56,Non-Interlocking Block,Completed
BR007890,TASK44091,Engineering,NDLS-JHS,2026-11-17 01:15,2026-11-17 03:37,Bridge Inspection Block,Completed
BR007891,TASK48453,S&T,MGS-HWH,2026-11-17 01:30,2026-11-17 03:09,Signal Maintenance Block,Approved
BR007892,TASK22573,Engineering,NGP-BSP,2026-11-17 01:45,2026-11-17 03:47,Traffic Block,Rejected
BR007893,TASK34526,S&T,UBL-PUNE,2026-11-17 10:15,2026-11-17 11:51,Interlocking Testing Block,Rejected
BR007894,TASK60956,Engineering,BSP-R,2026-11-17 12:00,2026-11-17 13:13,Track Renewal Block,Requested
BR007895,TASK62369,S&T,SBC-UBL,2026-11-17 12:45,2026-11-17 13:33,Signal Maintenance Block,Approved
BR007896,TASK45094,Engineering,NDLS-JHS,2026-11-17 13:00,2026-11-17 14:08,Traffic Block,Approved
BR007897,TASK23179,S&T,ADI-BRC,2026-11-17 14:30,2026-11-17 15:12,Interlocking Testing Block,Approved
BR007898,TASK25317,Engineering,CSMT-BSR,2026-11-17 15:15,2026-11-17 17:00,Non-Interlocking Block,Approved
BR007899,TASK76643,Engineering,BSR-BPL,2026-11-17 22:00,2026-11-18 01:14,Non-Interlocking Block,Approved
BR007900,TASK12619,Traction,ADI-BRC,2026-11-17 22:15,2026-11-18 03:12,OHE Maintenance Block,Approved
BR007901,TASK61239,S&T,CNB-ALD,2026-11-17 22:30,2026-11-18 02:44,Cable Block,Approved
BR007902,TASK80063,Traction,NDLS-JHS,2026-11-17 22:30,2026-11-18 02:52,Traction Feed Block,Approved
BR007903,TASK87199,Engineering,ALD-MGS,2026-11-17 22:45,2026-11-18 00:57,Non-Interlocking Block,Approved
BR007904,TASK13277,Traction,SBC-UBL,2026-11-17 22:45,2026-11-18 03:27,Traction Feed Block,Approved
BR007905,TASK76187,Engineering,SBC-MAS,2026-11-17 23:00,2026-11-18 01:44,Bridge Inspection Block,Approved
BR007906,TASK12532,Engineering,JU-JP,2026-11-17 23:00,2026-11-18 02:38,Traffic Block,Approved
BR007907,TASK50442,S&T,JP-ADI,2026-11-18 00:00,2026-11-18 01:58,Cable Block,Approved
BR007908,TASK86363,S&T,HWH-KGP,2026-11-18 00:15,2026-11-18 02:41,Signal Maintenance Block,Rejected
BR007909,TASK66819,Engineering,CNB-ALD,2026-11-18 00:15,2026-11-18 02:39,Traffic Block,Approved
BR007910,TASK78178,S&T,HWH-NJP,2026-11-18 00:30,2026-11-18 04:28,Cable Block,Approved
BR007911,TASK79997,S&T,MGS-HWH,2026-11-18 00:30,2026-11-18 03:49,Signal Maintenance Block,Completed
BR007912,TASK64523,Engineering,SC-NGP,2026-11-18 01:00,2026-11-18 04:49,Track Renewal Block,Approved
BR007913,TASK83409,S&T,ST-BCT,2026-11-18 01:00,2026-11-18 03:05,Signal Maintenance Block,Approved
BR007914,TASK12960,S&T,MAS-JTJ,2026-11-18 01:00,2026-11-18 03:54,Cable Block,Approved
BR007915,TASK89272,Engineering,GZB-CNB,2026-11-18 01:00,2026-11-18 04:23,Track Renewal Block,Completed
BR007916,TASK24303,Engineering,KGP-VSKP,2026-11-18 01:00,2026-11-18 02:33,Traffic Block,Requested
BR007917,TASK70993,Engineering,HWH-KGP,2026-11-18 01:00,2026-11-18 04:34,Track Renewal Block,Approved
BR007918,TASK48705,Engineering,CSMT-BSR,2026-11-18 01:15,2026-11-18 04:28,Traffic Block,Requested
BR007919,TASK44752,Traction,SBC-MAS,2026-11-18 01:15,2026-11-18 04:47,Power Block,Rejected
BR007920,TASK44248,Engineering,SC-NGP,2026-11-18 01:30,2026-11-18 04:05,Bridge Inspection Block,Approved
BR007921,TASK96988,Engineering,JU-JP,2026-11-18 01:30,2026-11-18 03:11,Traffic Block,Cancelled
BR007922,TASK85929,Traction,SC-NGP,2026-11-18 01:30,2026-11-18 04:07,OHE Maintenance Block,Approved
BR007923,TASK46028,Traction,BSR-BPL,2026-11-18 10:00,2026-11-18 11:44,Traction Feed Block,Approved
BR007924,TASK36483,Traction,ST-BCT,2026-11-18 10:45,2026-11-18 12:16,OHE Maintenance Block,Completed
BR007925,TASK87748,S&T,VSKP-BZA,2026-11-18 12:15,2026-11-18 14:06,Signal Maintenance Block,Approved
BR007926,TASK40503,S&T,NDLS-JHS,2026-11-18 12:45,2026-11-18 13:20,Interlocking Testing Block,Cancelled
BR007927,TASK42251,Engineering,NDLS-GZB,2026-11-18 12:45,2026-11-18 14:29,Bridge Inspection Block,Completed
BR007928,TASK15571,Engineering,ADI-BRC,2026-11-18 14:15,2026-11-18 15:03,Non-Interlocking Block,Approved
BR007929,TASK32868,Engineering,GZB-CNB,2026-11-18 15:45,2026-11-18 17:26,Track Renewal Block,Requested
BR007930,TASK67737,Traction,CSMT-BSR,2026-11-18 22:00,2026-11-19 01:37,OHE Maintenance Block,Approved
BR007931,TASK26853,S&T,BRC-ST,2026-11-18 22:00,2026-11-18 23:19,Interlocking Testing Block,Approved
BR007932,TASK20556,Traction,BPL-JHS,2026-11-18 22:00,2026-11-19 00:31,Traction Feed Block,Requested
BR007933,TASK86412,Traction,JP-ADI,2026-11-18 22:00,2026-11-19 02:41,OHE Maintenance Block,Completed
BR007934,TASK84833,S&T,ST-BCT,2026-11-18 22:15,2026-11-19 02:02,Interlocking Testing Block,Cancelled
BR007935,TASK15926,Traction,PUNE-CSMT,2026-11-18 22:15,2026-11-19 01:56,Power Block,Requested
BR007936,TASK89919,Traction,HWH-KGP,2026-11-18 22:45,2026-11-19 00:54,Power Block,Completed
BR007937,TASK81260,Engineering,ST-BCT,2026-11-18 23:15,2026-11-19 01:43,Track Renewal Block,Requested
BR007938,TASK22635,Traction,KGP-VSKP,2026-11-18 23:15,2026-11-19 03:41,OHE Maintenance Block,Approved
BR007939,TASK54098,Traction,BZA-MAS,2026-11-18 23:30,2026-11-19 03:46,Traction Feed Block,Requested
BR007940,TASK92120,S&T,SC-NGP,2026-11-18 23:45,2026-11-19 01:44,Cable Block,Approved
BR007941,TASK88957,Engineering,ADI-BRC,2026-11-19 00:00,2026-11-19 01:31,Bridge Inspection Block,Approved
BR007942,TASK50981,Engineering,KGP-VSKP,2026-11-19 00:00,2026-11-19 01:04,Bridge Inspection Block,Requested
BR007943,TASK94755,Engineering,BZA-MAS,2026-11-19 00:15,2026-11-19 03:14,Track Renewal Block,Approved
BR007944,TASK97086,Traction,MAS-JTJ,2026-11-19 00:30,2026-11-19 02:25,Traction Feed Block,Approved
BR007945,TASK70744,Engineering,GZB-CNB,2026-11-19 00:30,2026-11-19 01:47,Traffic Block,Approved
BR007946,TASK45296,Engineering,BSR-BPL,2026-11-19 00:45,2026-11-19 04:16,Track Renewal Block,Approved
BR007947,TASK80271,Engineering,NDLS-ASR,2026-11-19 00:45,2026-11-19 02:07,Non-Interlocking Block,Rejected
BR007948,TASK28877,Engineering,MAS-JTJ,2026-11-19 01:15,2026-11-19 03:47,Traffic Block,Approved
BR007949,TASK19455,Engineering,NJP-GHY,2026-11-19 01:30,2026-11-19 05:24,Non-Interlocking Block,Approved
BR007950,TASK65614,S&T,PUNE-CSMT,2026-11-19 01:45,2026-11-19 04:04,Cable Block,Rejected
BR007951,TASK97258,Engineering,NDLS-GZB,2026-11-19 01:45,2026-11-19 06:27,Traffic Block,Rejected
BR007952,TASK69934,Traction,NDLS-UMB,2026-11-19 11:45,2026-11-19 13:12,Traction Feed Block,Completed
BR007953,TASK62105,Engineering,NDLS-ASR,2026-11-19 12:15,2026-11-19 14:09,Traffic Block,Approved
BR007954,TASK70658,S&T,MGS-HWH,2026-11-19 12:30,2026-11-19 14:17,Cable Block,Completed
BR007955,TASK77015,S&T,ALD-MGS,2026-11-19 12:30,2026-11-19 13:35,Signal Maintenance Block,Requested
BR007956,TASK73876,Traction,JU-JP,2026-11-19 12:45,2026-11-19 13:53,Power Block,Approved
BR007957,TASK47126,Engineering,ADI-BRC,2026-11-19 13:00,2026-11-19 13:45,Bridge Inspection Block,Approved
BR007958,TASK13938,Traction,MAS-JTJ,2026-11-19 13:15,2026-11-19 14:50,Power Block,Completed
BR007959,TASK25004,S&T,CSMT-BSR,2026-11-19 13:15,2026-11-19 14:18,Interlocking Testing Block,Approved
BR007960,TASK83988,S&T,HWH-KGP,2026-11-19 13:45,2026-11-19 15:15,Signal Maintenance Block,Approved
BR007961,TASK83452,S&T,ALD-MGS,2026-11-19 22:15,2026-11-19 23:28,Cable Block,Approved
BR007962,TASK79298,Engineering,ST-BCT,2026-11-19 22:15,2026-11-19 23:18,Track Renewal Block,Approved
BR007963,TASK74529,Engineering,CSMT-BSR,2026-11-19 22:15,2026-11-20 01:04,Track Renewal Block,Rejected
BR007964,TASK49455,Engineering,ADI-BRC,2026-11-19 22:15,2026-11-20 02:25,Bridge Inspection Block,Requested
BR007965,TASK29593,Engineering,BRC-ST,2026-11-19 22:15,2026-11-19 23:22,Track Renewal Block,Completed
BR007966,TASK12631,Engineering,BPL-JHS,2026-11-19 22:15,2026-11-20 01:59,Non-Interlocking Block,Approved
BR007967,TASK84224,Engineering,SBC-MAS,2026-11-19 22:30,2026-11-20 01:12,Traffic Block,Approved
BR007968,TASK93929,Traction,JP-ADI,2026-11-19 22:30,2026-11-20 02:48,Traction Feed Block,Requested
BR007969,TASK64848,Engineering,BZA-SC,2026-11-19 22:30,2026-11-20 02:55,Bridge Inspection Block,Approved
BR007970,TASK29550,Traction,NGP-BSP,2026-11-19 22:30,2026-11-20 01:07,Traction Feed Block,Completed
BR007971,TASK73988,Engineering,BRC-ST,2026-11-19 22:45,2026-11-20 02:33,Non-Interlocking Block,Rejected
BR007972,TASK55988,Engineering,BSP-R,2026-11-19 22:45,2026-11-20 00:28,Bridge Inspection Block,Completed
BR007973,TASK79881,Engineering,VSKP-BZA,2026-11-19 23:00,2026-11-20 02:54,Traffic Block,Completed
BR007974,TASK64473,Traction,BSR-BPL,2026-11-19 23:15,2026-11-20 02:46,Traction Feed Block,Approved
BR007975,TASK41919,Engineering,NDLS-UMB,2026-11-19 23:15,2026-11-20 02:20,Track Renewal Block,Approved
BR007976,TASK78426,S&T,BSR-BPL,2026-11-19 23:30,2026-11-20 03:32,Signal Maintenance Block,Rejected
BR007977,TASK21010,Engineering,CSMT-BSR,2026-11-19 23:30,2026-11-20 00:40,Track Renewal Block,Approved
BR007978,TASK48789,Traction,ST-BCT,2026-11-19 23:45,2026-11-20 02:18,OHE Maintenance Block,Approved
BR007979,TASK43718,S&T,NDLS-JHS,2026-11-19 23:45,2026-11-20 03:56,Interlocking Testing Block,Approved
BR007980,TASK91538,Engineering,MGS-HWH,2026-11-20 00:00,2026-11-20 04:26,Bridge Inspection Block,Completed
BR007981,TASK18699,Engineering,SC-NGP,2026-11-20 01:00,2026-11-20 03:01,Traffic Block,Approved
BR007982,TASK99990,Traction,NDLS-GZB,2026-11-20 01:00,2026-11-20 04:26,Traction Feed Block,Approved
BR007983,TASK26165,Engineering,BZA-SC,2026-11-20 01:30,2026-11-20 04:13,Traffic Block,Approved
BR007984,TASK22344,Traction,HWH-KGP,2026-11-20 01:30,2026-11-20 06:14,OHE Maintenance Block,Approved
BR007985,TASK87624,Engineering,HWH-KGP,2026-11-20 01:30,2026-11-20 05:41,Traffic Block,Approved
BR007986,TASK23653,S&T,BZA-MAS,2026-11-20 01:30,2026-11-20 05:33,Cable Block,Approved
BR007987,TASK43953,S&T,HWH-KGP,2026-11-20 01:45,2026-11-20 04:38,Cable Block,Approved
BR007988,TASK10116,S&T,BZA-MAS,2026-11-20 01:45,2026-11-20 05:58,Signal Maintenance Block,Approved
BR007989,TASK47648,Engineering,MGS-HWH,2026-11-20 11:30,2026-11-20 12:41,Non-Interlocking Block,Approved
BR007990,TASK30996,Engineering,SC-NGP,2026-11-20 15:45,2026-11-20 17:29,Non-Interlocking Block,Approved
BR007991,TASK91932,S&T,CSMT-BSR,2026-11-20 22:00,2026-11-21 00:29,Cable Block,Approved
BR007992,TASK96061,Engineering,BSR-BPL,2026-11-20 22:00,2026-11-21 02:01,Bridge Inspection Block,Requested
BR007993,TASK60695,S&T,CSMT-BSR,2026-11-20 22:30,2026-11-21 02:01,Cable Block,Approved
BR007994,TASK76797,Engineering,KGP-VSKP,2026-11-20 22:30,2026-11-21 01:53,Traffic Block,Requested
BR007995,TASK98262,S&T,JP-ADI,2026-11-20 23:00,2026-11-21 01:44,Signal Maintenance Block,Approved
BR007996,TASK19328,S&T,ALD-MGS,2026-11-20 23:45,2026-11-21 02:56,Interlocking Testing Block,Completed
BR007997,TASK80656,S&T,SC-NGP,2026-11-20 23:45,2026-11-21 02:05,Cable Block,Cancelled
BR007998,TASK72348,S&T,BZA-MAS,2026-11-20 23:45,2026-11-21 00:47,Interlocking Testing Block,Cancelled
BR007999,TASK24337,Engineering,VSKP-BZA,2026-11-21 00:00,2026-11-21 01:49,Bridge Inspection Block,Approved
BR008000,TASK23873,Engineering,CNB-ALD,2026-11-21 00:00,2026-11-21 01:39,Bridge Inspection Block,Completed
BR008001,TASK23109,S&T,SBC-MAS,2026-11-21 00:15,2026-11-21 01:48,Interlocking Testing Block,Approved
BR008002,TASK29965,Engineering,NDLS-GZB,2026-11-21 00:15,2026-11-21 02:38,Bridge Inspection Block,Requested
BR008003,TASK84200,Engineering,CSMT-BSR,2026-11-21 00:30,2026-11-21 04:17,Bridge Inspection Block,Approved
BR008004,TASK56185,Traction,GZB-CNB,2026-11-21 00:45,2026-11-21 05:34,Power Block,Requested
BR008005,TASK54712,S&T,BSR-BPL,2026-11-21 01:00,2026-11-21 05:47,Interlocking Testing Block,Approved
BR008006,TASK57234,Engineering,BRC-ST,2026-11-21 01:00,2026-11-21 02:11,Bridge Inspection Block,Completed
BR008007,TASK74990,S&T,NDLS-JHS,2026-11-21 01:30,2026-11-21 04:12,Cable Block,Approved
BR008008,TASK31414,S&T,BSR-BPL,2026-11-21 01:30,2026-11-21 03:24,Signal Maintenance Block,Rejected
BR008009,TASK54868,Engineering,GZB-CNB,2026-11-21 01:30,2026-11-21 04:57,Bridge Inspection Block,Approved
BR008010,TASK77665,Engineering,KGP-VSKP,2026-11-21 01:45,2026-11-21 06:17,Track Renewal Block,Approved
BR008011,TASK77644,Engineering,NDLS-GZB,2026-11-21 10:00,2026-11-21 10:56,Track Renewal Block,Rejected
BR008012,TASK49519,S&T,BSP-R,2026-11-21 11:15,2026-11-21 11:51,Signal Maintenance Block,Rejected
BR008013,TASK75921,Engineering,SBC-UBL,2026-11-21 12:00,2026-11-21 13:12,Track Renewal Block,Requested
BR008014,TASK65867,S&T,CNB-ALD,2026-11-21 13:30,2026-11-21 14:11,Interlocking Testing Block,Cancelled
BR008015,TASK28731,S&T,BZA-SC,2026-11-21 13:45,2026-11-21 15:17,Cable Block,Completed
BR008016,TASK71105,Engineering,CSMT-BSR,2026-11-21 14:45,2026-11-21 16:17,Non-Interlocking Block,Requested
BR008017,TASK89023,Engineering,NDLS-ASR,2026-11-21 22:30,2026-11-22 01:03,Track Renewal Block,Rejected
BR008018,TASK57635,S&T,NDLS-JHS,2026-11-21 22:45,2026-11-22 00:47,Signal Maintenance Block,Approved
BR008019,TASK26166,Engineering,GZB-CNB,2026-11-21 23:15,2026-11-22 02:19,Traffic Block,Approved
BR008020,TASK93496,Traction,ALD-MGS,2026-11-21 23:30,2026-11-22 00:32,Power Block,Rejected
BR008021,TASK70533,Traction,BRC-ST,2026-11-22 00:00,2026-11-22 01:02,Power Block,Rejected
BR008022,TASK16001,Traction,CNB-ALD,2026-11-22 00:30,2026-11-22 02:54,OHE Maintenance Block,Approved
BR008023,TASK95463,Engineering,CNB-ALD,2026-11-22 00:45,2026-11-22 03:15,Bridge Inspection Block,Requested
BR008024,TASK60733,S&T,GZB-CNB,2026-11-22 01:00,2026-11-22 02:51,Cable Block,Completed
BR008025,TASK87933,Engineering,NDLS-JHS,2026-11-22 01:00,2026-11-22 03:54,Bridge Inspection Block,Requested
BR008026,TASK60968,Engineering,UBL-PUNE,2026-11-22 01:00,2026-11-22 05:20,Bridge Inspection Block,Completed
BR008027,TASK16081,S&T,SBC-MAS,2026-11-22 01:00,2026-11-22 05:00,Signal Maintenance Block,Approved
BR008028,TASK22607,S&T,NDLS-GZB,2026-11-22 01:30,2026-11-22 05:09,Signal Maintenance Block,Completed
BR008029,TASK92898,Traction,CNB-ALD,2026-11-22 01:30,2026-11-22 04:43,Power Block,Completed
BR008030,TASK73050,Traction,HWH-NJP,2026-11-22 12:15,2026-11-22 14:12,Power Block,Approved
BR008031,TASK63310,S&T,KGP-VSKP,2026-11-22 13:15,2026-11-22 13:49,Cable Block,Cancelled
BR008032,TASK28490,Traction,JTJ-SBC,2026-11-22 13:45,2026-11-22 14:51,Power Block,Requested
BR008033,TASK61985,S&T,UBL-PUNE,2026-11-22 15:15,2026-11-22 15:57,Interlocking Testing Block,Approved
BR008034,TASK38942,S&T,BSR-BPL,2026-11-22 22:15,2026-11-23 02:12,Interlocking Testing Block,Rejected
BR008035,TASK99637,Engineering,BRC-ST,2026-11-22 22:15,2026-11-23 01:54,Traffic Block,Approved
BR008036,TASK68608,Engineering,NDLS-GZB,2026-11-22 22:30,2026-11-22 23:40,Non-Interlocking Block,Approved
BR008037,TASK30882,Engineering,JU-JP,2026-11-22 22:45,2026-11-23 02:09,Traffic Block,Requested
BR008038,TASK22382,S&T,UBL-PUNE,2026-11-22 22:45,2026-11-23 03:10,Interlocking Testing Block,Completed
BR008039,TASK22593,Traction,HWH-KGP,2026-11-22 23:00,2026-11-23 03:22,Traction Feed Block,Rejected
BR008040,TASK26207,S&T,CSMT-BSR,2026-11-22 23:00,2026-11-23 02:27,Interlocking Testing Block,Approved
BR008041,TASK87885,Engineering,SBC-MAS,2026-11-22 23:15,2026-11-23 02:57,Traffic Block,Rejected
BR008042,TASK10027,S&T,NDLS-UMB,2026-11-22 23:15,2026-11-23 03:40,Interlocking Testing Block,Approved
BR008043,TASK14548,Engineering,NDLS-UMB,2026-11-22 23:30,2026-11-23 02:44,Traffic Block,Cancelled
BR008044,TASK15439,S&T,SBC-UBL,2026-11-22 23:45,2026-11-23 01:07,Signal Maintenance Block,Cancelled
BR008045,TASK43331,Traction,PUNE-CSMT,2026-11-22 23:45,2026-11-23 02:39,OHE Maintenance Block,Approved
BR008046,TASK33815,Engineering,BZA-MAS,2026-11-23 00:30,2026-11-23 03:14,Non-Interlocking Block,Requested
BR008047,TASK95029,Traction,BPL-JHS,2026-11-23 00:45,2026-11-23 01:50,OHE Maintenance Block,Approved
BR008048,TASK67001,Engineering,UBL-PUNE,2026-11-23 00:45,2026-11-23 02:15,Track Renewal Block,Approved
BR008049,TASK22747,S&T,BSR-BPL,2026-11-23 01:00,2026-11-23 04:42,Interlocking Testing Block,Rejected
BR008050,TASK53122,Engineering,BSP-R,2026-11-23 01:30,2026-11-23 04:03,Traffic Block,Completed
BR008051,TASK81404,Engineering,SBC-UBL,2026-11-23 01:45,2026-11-23 04:34,Traffic Block,Approved
BR008052,TASK70968,Engineering,NDLS-GZB,2026-11-23 11:15,2026-11-23 11:52,Traffic Block,Approved
BR008053,TASK61133,Traction,BPL-JHS,2026-11-23 14:45,2026-11-23 16:08,Traction Feed Block,Cancelled
BR008054,TASK10232,Traction,HWH-KGP,2026-11-23 14:45,2026-11-23 15:42,OHE Maintenance Block,Approved
BR008055,TASK26036,Engineering,ALD-MGS,2026-11-23 15:45,2026-11-23 17:29,Traffic Block,Rejected
BR008056,TASK12642,Engineering,BZA-MAS,2026-11-23 22:15,2026-11-24 00:38,Track Renewal Block,Rejected
BR008057,TASK63896,Engineering,ALD-MGS,2026-11-23 22:15,2026-11-24 02:06,Track Renewal Block,Cancelled
BR008058,TASK26931,Engineering,BPL-JHS,2026-11-23 22:30,2026-11-24 00:58,Track Renewal Block,Approved
BR008059,TASK92195,Engineering,MGS-HWH,2026-11-23 22:30,2026-11-24 01:48,Bridge Inspection Block,Approved
BR008060,TASK60770,Engineering,SC-NGP,2026-11-23 22:30,2026-11-24 00:11,Non-Interlocking Block,Completed
BR008061,TASK11654,Engineering,UBL-PUNE,2026-11-23 22:30,2026-11-24 01:02,Bridge Inspection Block,Approved
BR008062,TASK19595,S&T,CSMT-BSR,2026-11-23 22:30,2026-11-24 01:09,Signal Maintenance Block,Approved
BR008063,TASK58920,Traction,BSR-BPL,2026-11-23 23:00,2026-11-24 02:05,OHE Maintenance Block,Approved
BR008064,TASK74052,S&T,NDLS-UMB,2026-11-23 23:15,2026-11-24 03:25,Interlocking Testing Block,Requested
BR008065,TASK74886,S&T,GZB-CNB,2026-11-24 00:00,2026-11-24 03:34,Cable Block,Cancelled
BR008066,TASK21326,Traction,PUNE-CSMT,2026-11-24 00:45,2026-11-24 04:53,Power Block,Approved
BR008067,TASK19844,S&T,KGP-VSKP,2026-11-24 01:00,2026-11-24 03:07,Interlocking Testing Block,Approved
BR008068,TASK79106,Traction,BPL-JHS,2026-11-24 01:00,2026-11-24 04:36,Power Block,Completed
BR008069,TASK67347,S&T,ALD-MGS,2026-11-24 01:15,2026-11-24 03:01,Interlocking Testing Block,Requested
BR008070,TASK21277,Engineering,NDLS-UMB,2026-11-24 01:30,2026-11-24 05:58,Non-Interlocking Block,Cancelled
BR008071,TASK18864,Engineering,CNB-ALD,2026-11-24 01:45,2026-11-24 04:53,Non-Interlocking Block,Approved
BR008072,TASK40897,Traction,NDLS-GZB,2026-11-24 01:45,2026-11-24 06:44,OHE Maintenance Block,Completed
BR008073,TASK62673,S&T,KGP-VSKP,2026-11-24 01:45,2026-11-24 05:13,Signal Maintenance Block,Approved
BR008074,TASK16211,Engineering,KGP-VSKP,2026-11-24 01:45,2026-11-24 03:02,Track Renewal Block,Approved
BR008075,TASK91309,S&T,MAS-JTJ,2026-11-24 12:15,2026-11-24 13:54,Interlocking Testing Block,Rejected
BR008076,TASK34221,S&T,BPL-JHS,2026-11-24 12:30,2026-11-24 13:59,Interlocking Testing Block,Approved
BR008077,TASK75977,S&T,BPL-JHS,2026-11-24 14:15,2026-11-24 15:33,Interlocking Testing Block,Approved
BR008078,TASK37429,Engineering,HWH-KGP,2026-11-24 15:30,2026-11-24 16:29,Bridge Inspection Block,Approved
BR008079,TASK26474,S&T,NDLS-JHS,2026-11-24 22:15,2026-11-25 00:03,Cable Block,Approved
BR008080,TASK10473,Traction,ST-BCT,2026-11-24 22:45,2026-11-25 03:14,Traction Feed Block,Completed
BR008081,TASK49585,Engineering,MAS-JTJ,2026-11-24 22:45,2026-11-25 03:14,Non-Interlocking Block,Approved
BR008082,TASK74170,Engineering,SBC-MAS,2026-11-24 23:00,2026-11-25 00:24,Track Renewal Block,Approved
BR008083,TASK69979,Traction,NDLS-JHS,2026-11-24 23:15,2026-11-25 02:52,Power Block,Completed
BR008084,TASK47047,Traction,BRC-ST,2026-11-24 23:15,2026-11-25 03:45,Traction Feed Block,Completed
BR008085,TASK25920,S&T,NDLS-UMB,2026-11-24 23:45,2026-11-25 01:45,Cable Block,Completed
BR008086,TASK41047,Traction,BRC-ST,2026-11-24 23:45,2026-11-25 01:52,Traction Feed Block,Requested
BR008087,TASK63183,Engineering,PUNE-CSMT,2026-11-25 00:30,2026-11-25 05:08,Traffic Block,Approved
BR008088,TASK33344,S&T,JU-JP,2026-11-25 00:45,2026-11-25 03:40,Cable Block,Approved
BR008089,TASK39379,Engineering,ADI-BRC,2026-11-25 00:45,2026-11-25 04:56,Traffic Block,Completed
BR008090,TASK61221,Engineering,MGS-HWH,2026-11-25 00:45,2026-11-25 02:48,Track Renewal Block,Rejected
BR008091,TASK96771,S&T,NGP-BSP,2026-11-25 00:45,2026-11-25 02:31,Interlocking Testing Block,Rejected
BR008092,TASK44109,Traction,CNB-ALD,2026-11-25 01:00,2026-11-25 03:27,OHE Maintenance Block,Approved
BR008093,TASK22222,S&T,BRC-ST,2026-11-25 01:00,2026-11-25 05:30,Interlocking Testing Block,Requested
BR008094,TASK74431,S&T,SBC-MAS,2026-11-25 01:15,2026-11-25 03:16,Signal Maintenance Block,Approved
BR008095,TASK41453,Engineering,ALD-MGS,2026-11-25 01:30,2026-11-25 05:35,Track Renewal Block,Approved
BR008096,TASK85564,S&T,VSKP-BZA,2026-11-25 01:30,2026-11-25 05:00,Signal Maintenance Block,Approved
BR008097,TASK96727,Traction,BRC-ST,2026-11-25 01:30,2026-11-25 02:44,OHE Maintenance Block,Cancelled
BR008098,TASK32125,Engineering,BRC-ST,2026-11-25 10:30,2026-11-25 11:52,Traffic Block,Cancelled
BR008099,TASK59257,Engineering,BZA-MAS,2026-11-25 11:15,2026-11-25 12:38,Track Renewal Block,Completed
BR008100,TASK68655,S&T,NDLS-UMB,2026-11-25 11:30,2026-11-25 12:08,Cable Block,Approved
BR008101,TASK41007,Traction,NJP-GHY,2026-11-25 22:15,2026-11-26 01:23,Traction Feed Block,Approved
BR008102,TASK85408,S&T,NJP-GHY,2026-11-25 22:15,2026-11-26 01:28,Signal Maintenance Block,Approved
BR008103,TASK27748,S&T,GZB-CNB,2026-11-25 22:30,2026-11-26 00:14,Cable Block,Requested
BR008104,TASK20636,Engineering,BZA-MAS,2026-11-25 22:45,2026-11-26 00:14,Track Renewal Block,Rejected
BR008105,TASK72629,Engineering,SBC-UBL,2026-11-25 23:00,2026-11-26 01:18,Non-Interlocking Block,Rejected
BR008106,TASK64735,Traction,NDLS-ASR,2026-11-25 23:00,2026-11-26 00:51,OHE Maintenance Block,Completed
BR008107,TASK43106,S&T,ADI-BRC,2026-11-25 23:15,2026-11-26 03:38,Interlocking Testing Block,Approved
BR008108,TASK69444,Engineering,BZA-MAS,2026-11-25 23:15,2026-11-26 00:54,Non-Interlocking Block,Approved
BR008109,TASK64062,S&T,BSP-R,2026-11-25 23:30,2026-11-26 01:23,Interlocking Testing Block,Approved
BR008110,TASK16735,Traction,BRC-ST,2026-11-25 23:30,2026-11-26 04:13,Power Block,Approved
BR008111,TASK58883,Traction,ST-BCT,2026-11-25 23:30,2026-11-26 03:36,Power Block,Requested
BR008112,TASK33779,Engineering,JTJ-SBC,2026-11-25 23:45,2026-11-26 03:23,Bridge Inspection Block,Approved
BR008113,TASK91740,Traction,NDLS-JHS,2026-11-26 00:00,2026-11-26 02:47,OHE Maintenance Block,Approved
BR008114,TASK27867,Engineering,NDLS-UMB,2026-11-26 00:15,2026-11-26 04:44,Traffic Block,Approved
BR008115,TASK35967,Traction,MAS-JTJ,2026-11-26 00:15,2026-11-26 03:51,Traction Feed Block,Approved
BR008116,TASK58112,S&T,SC-NGP,2026-11-26 00:30,2026-11-26 03:16,Cable Block,Completed
BR008117,TASK51847,S&T,ADI-BRC,2026-11-26 00:30,2026-11-26 03:54,Interlocking Testing Block,Approved
BR008118,TASK25493,Engineering,MAS-JTJ,2026-11-26 00:30,2026-11-26 03:15,Non-Interlocking Block,Approved
BR008119,TASK48447,Engineering,MAS-JTJ,2026-11-26 00:45,2026-11-26 03:47,Bridge Inspection Block,Completed
BR008120,TASK53997,S&T,BZA-MAS,2026-11-26 00:45,2026-11-26 04:55,Signal Maintenance Block,Approved
BR008121,TASK95261,S&T,BRC-ST,2026-11-26 01:15,2026-11-26 02:17,Signal Maintenance Block,Cancelled
BR008122,TASK18218,Traction,MGS-HWH,2026-11-26 01:30,2026-11-26 04:27,OHE Maintenance Block,Rejected
BR008123,TASK47099,S&T,BPL-JHS,2026-11-26 01:45,2026-11-26 04:07,Interlocking Testing Block,Rejected
BR008124,TASK78053,S&T,JP-ADI,2026-11-26 10:30,2026-11-26 12:24,Signal Maintenance Block,Approved
BR008125,TASK87661,Traction,HWH-KGP,2026-11-26 12:00,2026-11-26 13:58,Power Block,Approved
BR008126,TASK23828,Engineering,MGS-HWH,2026-11-26 15:00,2026-11-26 16:28,Bridge Inspection Block,Requested
BR008127,TASK91618,Engineering,SBC-UBL,2026-11-26 22:00,2026-11-27 00:55,Track Renewal Block,Approved
BR008128,TASK68171,S&T,BZA-MAS,2026-11-26 22:00,2026-11-27 02:06,Interlocking Testing Block,Requested
BR008129,TASK97247,S&T,SBC-MAS,2026-11-26 22:15,2026-11-26 23:36,Interlocking Testing Block,Approved
BR008130,TASK72642,Traction,VSKP-BZA,2026-11-26 22:15,2026-11-27 02:15,Traction Feed Block,Completed
BR008131,TASK62266,Traction,JTJ-SBC,2026-11-26 22:15,2026-11-27 00:44,Power Block,Cancelled
BR008132,TASK51640,Engineering,ST-BCT,2026-11-26 22:15,2026-11-27 01:51,Non-Interlocking Block,Rejected
BR008133,TASK73787,Engineering,GZB-CNB,2026-11-26 23:15,2026-11-27 01:18,Bridge Inspection Block,Requested
BR008134,TASK51976,Traction,SC-NGP,2026-11-26 23:30,2026-11-27 03:19,Power Block,Completed
BR008135,TASK36210,Traction,ALD-MGS,2026-11-26 23:45,2026-11-27 02:44,Power Block,Approved
BR008136,TASK96378,Traction,VSKP-BZA,2026-11-26 23:45,2026-11-27 03:21,OHE Maintenance Block,Approved
BR008137,TASK88957,Engineering,MAS-JTJ,2026-11-26 23:45,2026-11-27 03:06,Non-Interlocking Block,Approved
BR008138,TASK76603,Engineering,NGP-BSP,2026-11-27 00:00,2026-11-27 04:00,Traffic Block,Approved
BR008139,TASK44572,Engineering,NDLS-GZB,2026-11-27 00:00,2026-11-27 04:11,Track Renewal Block,Approved
BR008140,TASK68557,Traction,SBC-UBL,2026-11-27 00:00,2026-11-27 02:23,Power Block,Approved
BR008141,TASK60799,Traction,ALD-MGS,2026-11-27 00:15,2026-11-27 02:16,Power Block,Approved
BR008142,TASK72619,Traction,HWH-KGP,2026-11-27 00:15,2026-11-27 05:03,Power Block,Completed
BR008143,TASK96380,Engineering,SBC-UBL,2026-11-27 00:30,2026-11-27 02:02,Non-Interlocking Block,Rejected
BR008144,TASK93550,S&T,ST-BCT,2026-11-27 00:30,2026-11-27 05:14,Cable Block,Approved
BR008145,TASK19019,Engineering,PUNE-CSMT,2026-11-27 00:30,2026-11-27 02:03,Non-Interlocking Block,Approved
BR008146,TASK17903,Traction,CNB-ALD,2026-11-27 00:45,2026-11-27 05:26,OHE Maintenance Block,Requested
BR008147,TASK97375,Traction,BSR-BPL,2026-11-27 01:00,2026-11-27 04:19,OHE Maintenance Block,Approved
BR008148,TASK11239,Engineering,CNB-ALD,2026-11-27 01:15,2026-11-27 02:42,Track Renewal Block,Completed
BR008149,TASK67277,Traction,NDLS-GZB,2026-11-27 01:15,2026-11-27 06:00,OHE Maintenance Block,Approved
BR008150,TASK74332,Traction,MGS-HWH,2026-11-27 01:15,2026-11-27 03:06,Traction Feed Block,Approved
BR008151,TASK26835,Engineering,NJP-GHY,2026-11-27 01:15,2026-11-27 03:37,Bridge Inspection Block,Rejected
BR008152,TASK53454,Traction,NDLS-UMB,2026-11-27 01:30,2026-11-27 03:36,OHE Maintenance Block,Completed
BR008153,TASK83663,Engineering,MAS-JTJ,2026-11-27 01:45,2026-11-27 03:59,Traffic Block,Approved
BR008154,TASK55152,Traction,HWH-NJP,2026-11-27 13:00,2026-11-27 14:30,Traction Feed Block,Approved
BR008155,TASK62899,Traction,BPL-JHS,2026-11-27 13:45,2026-11-27 14:38,Power Block,Approved
BR008156,TASK23813,Engineering,NGP-BSP,2026-11-27 14:30,2026-11-27 16:21,Non-Interlocking Block,Approved
BR008157,TASK66093,Engineering,BPL-JHS,2026-11-27 22:00,2026-11-28 01:59,Traffic Block,Approved
BR008158,TASK82935,Engineering,HWH-NJP,2026-11-27 22:00,2026-11-28 01:11,Bridge Inspection Block,Completed
BR008159,TASK87350,S&T,BRC-ST,2026-11-27 22:30,2026-11-28 03:21,Signal Maintenance Block,Approved
BR008160,TASK64729,Engineering,JTJ-SBC,2026-11-27 23:00,2026-11-28 03:19,Non-Interlocking Block,Approved
BR008161,TASK45840,Engineering,NDLS-GZB,2026-11-27 23:00,2026-11-28 02:26,Traffic Block,Requested
BR008162,TASK41202,Engineering,JTJ-SBC,2026-11-27 23:00,2026-11-28 01:48,Bridge Inspection Block,Completed
BR008163,TASK23564,S&T,BSR-BPL,2026-11-27 23:30,2026-11-28 01:45,Interlocking Testing Block,Approved
BR008164,TASK59968,Traction,BSR-BPL,2026-11-28 00:00,2026-11-28 02:18,OHE Maintenance Block,Approved
BR008165,TASK25415,S&T,CNB-ALD,2026-11-28 00:15,2026-11-28 02:30,Cable Block,Rejected
BR008166,TASK47143,Engineering,SC-NGP,2026-11-28 00:30,2026-11-28 02:34,Traffic Block,Approved
BR008167,TASK17501,S&T,ADI-BRC,2026-11-28 00:30,2026-11-28 02:46,Signal Maintenance Block,Approved
BR008168,TASK50220,Engineering,JTJ-SBC,2026-11-28 01:00,2026-11-28 05:10,Non-Interlocking Block,Approved
BR008169,TASK68600,Engineering,BSP-R,2026-11-28 01:00,2026-11-28 05:17,Track Renewal Block,Approved
BR008170,TASK46286,S&T,VSKP-BZA,2026-11-28 01:30,2026-11-28 03:46,Interlocking Testing Block,Requested
BR008171,TASK11511,Traction,NDLS-JHS,2026-11-28 01:30,2026-11-28 03:30,Power Block,Approved
BR008172,TASK47401,Traction,JP-ADI,2026-11-28 01:45,2026-11-28 04:30,Traction Feed Block,Approved
BR008173,TASK15232,Engineering,SC-NGP,2026-11-28 10:00,2026-11-28 10:56,Track Renewal Block,Requested
BR008174,TASK66018,Engineering,NGP-BSP,2026-11-28 11:15,2026-11-28 12:39,Bridge Inspection Block,Completed
BR008175,TASK71170,Engineering,UBL-PUNE,2026-11-28 12:45,2026-11-28 13:21,Non-Interlocking Block,Approved
BR008176,TASK69749,Engineering,BSR-BPL,2026-11-28 14:00,2026-11-28 15:40,Non-Interlocking Block,Approved
BR008177,TASK84911,Engineering,MGS-HWH,2026-11-28 14:00,2026-11-28 15:36,Track Renewal Block,Approved
BR008178,TASK91420,Engineering,UBL-PUNE,2026-11-28 14:45,2026-11-28 16:30,Track Renewal Block,Requested
BR008179,TASK94588,S&T,VSKP-BZA,2026-11-28 15:00,2026-11-28 15:56,Cable Block,Completed
BR008180,TASK60984,Traction,BSR-BPL,2026-11-28 22:00,2026-11-29 02:40,Power Block,Rejected
BR008181,TASK16695,Engineering,BRC-ST,2026-11-28 22:45,2026-11-29 03:37,Non-Interlocking Block,Approved
BR008182,TASK20343,S&T,NDLS-JHS,2026-11-28 23:00,2026-11-29 03:25,Signal Maintenance Block,Completed
BR008183,TASK37317,S&T,ADI-BRC,2026-11-28 23:00,2026-11-29 03:27,Cable Block,Rejected
BR008184,TASK26747,Engineering,SC-NGP,2026-11-28 23:00,2026-11-29 01:12,Non-Interlocking Block,Requested
BR008185,TASK32370,Traction,ALD-MGS,2026-11-28 23:15,2026-11-29 04:02,OHE Maintenance Block,Approved
BR008186,TASK82929,Traction,NDLS-GZB,2026-11-28 23:30,2026-11-29 02:25,OHE Maintenance Block,Approved
BR008187,TASK84991,Engineering,BRC-ST,2026-11-28 23:30,2026-11-29 04:15,Bridge Inspection Block,Approved
BR008188,TASK47392,Engineering,NJP-GHY,2026-11-28 23:30,2026-11-29 01:22,Traffic Block,Approved
BR008189,TASK10615,S&T,ALD-MGS,2026-11-28 23:45,2026-11-29 03:23,Interlocking Testing Block,Cancelled
BR008190,TASK93019,Engineering,HWH-NJP,2026-11-28 23:45,2026-11-29 00:55,Bridge Inspection Block,Completed
BR008191,TASK54758,S&T,MGS-HWH,2026-11-29 00:00,2026-11-29 02:04,Cable Block,Approved
BR008192,TASK96110,Traction,VSKP-BZA,2026-11-29 00:00,2026-11-29 03:33,OHE Maintenance Block,Completed
BR008193,TASK25815,Engineering,HWH-KGP,2026-11-29 00:00,2026-11-29 03:19,Traffic Block,Rejected
BR008194,TASK41690,Engineering,HWH-KGP,2026-11-29 00:45,2026-11-29 04:07,Track Renewal Block,Requested
BR008195,TASK42822,Engineering,JTJ-SBC,2026-11-29 00:45,2026-11-29 03:19,Non-Interlocking Block,Requested
BR008196,TASK98351,Engineering,BZA-SC,2026-11-29 00:45,2026-11-29 04:53,Traffic Block,Requested
BR008197,TASK58394,Engineering,SBC-UBL,2026-11-29 01:00,2026-11-29 03:10,Bridge Inspection Block,Approved
BR008198,TASK26480,Traction,BRC-ST,2026-11-29 01:15,2026-11-29 03:50,Traction Feed Block,Cancelled
BR008199,TASK79311,Engineering,CNB-ALD,2026-11-29 01:15,2026-11-29 02:52,Non-Interlocking Block,Approved
BR008200,TASK26124,Engineering,DLI-JU,2026-11-29 01:15,2026-11-29 05:40,Track Renewal Block,Rejected
BR008201,TASK53801,Engineering,CSMT-BSR,2026-11-29 01:15,2026-11-29 06:07,Traffic Block,Cancelled
BR008202,TASK68953,Traction,BSR-BPL,2026-11-29 01:45,2026-11-29 06:40,OHE Maintenance Block,Approved
BR008203,TASK44043,Engineering,ALD-MGS,2026-11-29 01:45,2026-11-29 06:42,Non-Interlocking Block,Completed
BR008204,TASK12056,Traction,NGP-BSP,2026-11-29 13:45,2026-11-29 14:31,Power Block,Approved
BR008205,TASK82761,S&T,ST-BCT,2026-11-29 14:15,2026-11-29 15:38,Cable Block,Approved
BR008206,TASK29206,Engineering,NDLS-UMB,2026-11-29 14:30,2026-11-29 16:23,Bridge Inspection Block,Rejected
BR008207,TASK35239,Traction,BRC-ST,2026-11-29 15:15,2026-11-29 17:05,OHE Maintenance Block,Approved
BR008208,TASK44480,S&T,DLI-JU,2026-11-29 15:30,2026-11-29 17:02,Cable Block,Requested
BR008209,TASK16444,S&T,UBL-PUNE,2026-11-29 22:00,2026-11-29 23:30,Interlocking Testing Block,Completed
BR008210,TASK94104,S&T,KGP-VSKP,2026-11-29 22:00,2026-11-30 00:16,Interlocking Testing Block,Requested
BR008211,TASK15495,S&T,PUNE-CSMT,2026-11-29 22:00,2026-11-30 00:26,Signal Maintenance Block,Requested
BR008212,TASK18091,Engineering,NGP-BSP,2026-11-29 22:15,2026-11-30 03:05,Track Renewal Block,Approved
BR008213,TASK23904,Traction,VSKP-BZA,2026-11-29 22:15,2026-11-30 00:14,OHE Maintenance Block,Approved
BR008214,TASK34715,Engineering,GZB-CNB,2026-11-29 22:15,2026-11-30 01:08,Traffic Block,Approved
BR008215,TASK40026,S&T,ALD-MGS,2026-11-29 22:30,2026-11-30 00:48,Signal Maintenance Block,Approved
BR008216,TASK83062,Traction,JU-JP,2026-11-29 22:30,2026-11-30 02:52,Power Block,Rejected
BR008217,TASK51519,Engineering,NJP-GHY,2026-11-29 23:15,2026-11-30 03:59,Non-Interlocking Block,Approved
BR008218,TASK38597,Engineering,MGS-HWH,2026-11-29 23:15,2026-11-30 00:22,Track Renewal Block,Approved
BR008219,TASK88602,Traction,ALD-MGS,2026-11-29 23:30,2026-11-30 02:15,OHE Maintenance Block,Requested
BR008220,TASK28111,Engineering,MAS-JTJ,2026-11-29 23:30,2026-11-30 00:50,Track Renewal Block,Approved
BR008221,TASK47055,S&T,GZB-CNB,2026-11-29 23:45,2026-11-30 01:28,Interlocking Testing Block,Approved
BR008222,TASK35878,Engineering,CSMT-BSR,2026-11-30 00:00,2026-11-30 01:09,Bridge Inspection Block,Approved
BR008223,TASK65428,Traction,NGP-BSP,2026-11-30 00:30,2026-11-30 01:54,Power Block,Completed
BR008224,TASK35931,Traction,JTJ-SBC,2026-11-30 00:30,2026-11-30 01:51,Traction Feed Block,Approved
BR008225,TASK79021,Engineering,NDLS-JHS,2026-11-30 00:45,2026-11-30 03:12,Bridge Inspection Block,Approved
BR008226,TASK68722,Traction,KGP-VSKP,2026-11-30 01:00,2026-11-30 04:37,Traction Feed Block,Approved
BR008227,TASK64164,Engineering,NDLS-JHS,2026-11-30 01:00,2026-11-30 03:50,Traffic Block,Requested
BR008228,TASK63805,S&T,MAS-JTJ,2026-11-30 01:00,2026-11-30 05:02,Cable Block,Approved
BR008229,TASK46997,Traction,NDLS-GZB,2026-11-30 01:15,2026-11-30 05:21,OHE Maintenance Block,Approved
BR008230,TASK63345,S&T,MGS-HWH,2026-11-30 01:30,2026-11-30 05:55,Interlocking Testing Block,Approved
BR008231,TASK60435,Traction,SBC-UBL,2026-11-30 10:30,2026-11-30 11:24,Power Block,Completed
BR008232,TASK47628,Traction,CSMT-BSR,2026-11-30 13:30,2026-11-30 14:42,Power Block,Completed
BR008233,TASK43519,Engineering,JTJ-SBC,2026-11-30 13:45,2026-11-30 15:06,Track Renewal Block,Cancelled
BR008234,TASK70769,S&T,HWH-KGP,2026-11-30 15:00,2026-11-30 16:46,Signal Maintenance Block,Requested
BR008235,TASK53122,S&T,BSR-BPL,2026-11-30 15:45,2026-11-30 17:40,Interlocking Testing Block,Completed
BR008236,TASK83217,Engineering,UBL-PUNE,2026-11-30 22:30,2026-12-01 03:28,Non-Interlocking Block,Approved
BR008237,TASK94588,Engineering,NDLS-JHS,2026-11-30 22:30,2026-12-01 03:22,Traffic Block,Approved
BR008238,TASK93093,S&T,MGS-HWH,2026-11-30 23:00,2026-12-01 03:48,Cable Block,Approved
BR008239,TASK95608,Traction,SBC-UBL,2026-11-30 23:00,2026-12-01 00:42,Traction Feed Block,Approved
BR008240,TASK26914,S&T,UBL-PUNE,2026-11-30 23:00,2026-12-01 02:59,Interlocking Testing Block,Approved
BR008241,TASK67168,S&T,CSMT-BSR,2026-11-30 23:15,2026-12-01 01:48,Signal Maintenance Block,Approved
BR008242,TASK78253,S&T,ALD-MGS,2026-11-30 23:30,2026-12-01 01:57,Interlocking Testing Block,Requested
BR008243,TASK22652,Engineering,BRC-ST,2026-11-30 23:45,2026-12-01 04:31,Bridge Inspection Block,Approved
BR008244,TASK90435,Traction,KGP-VSKP,2026-11-30 23:45,2026-12-01 01:11,Power Block,Completed
BR008245,TASK93521,Traction,ST-BCT,2026-12-01 00:00,2026-12-01 04:14,Traction Feed Block,Rejected
BR008246,TASK70465,Engineering,CNB-ALD,2026-12-01 00:15,2026-12-01 03:38,Traffic Block,Rejected
BR008247,TASK18653,Engineering,KGP-VSKP,2026-12-01 00:15,2026-12-01 01:32,Bridge Inspection Block,Approved
BR008248,TASK12725,Engineering,BSR-BPL,2026-12-01 00:15,2026-12-01 03:32,Non-Interlocking Block,Rejected
BR008249,TASK78589,Engineering,ADI-BRC,2026-12-01 00:30,2026-12-01 04:07,Bridge Inspection Block,Approved
BR008250,TASK98237,Traction,JP-ADI,2026-12-01 00:30,2026-12-01 04:40,Traction Feed Block,Rejected
BR008251,TASK29881,Traction,SC-NGP,2026-12-01 00:45,2026-12-01 03:59,Traction Feed Block,Completed
BR008252,TASK81529,S&T,ST-BCT,2026-12-01 01:15,2026-12-01 03:16,Interlocking Testing Block,Requested
BR008253,TASK77381,Traction,NJP-GHY,2026-12-01 01:45,2026-12-01 03:40,Power Block,Approved
BR008254,TASK27062,Traction,BRC-ST,2026-12-01 10:30,2026-12-01 11:16,OHE Maintenance Block,Approved
BR008255,TASK90414,Engineering,JP-ADI,2026-12-01 11:00,2026-12-01 12:17,Track Renewal Block,Rejected
BR008256,TASK98463,Traction,MGS-HWH,2026-12-01 12:30,2026-12-01 14:00,Traction Feed Block,Completed
BR008257,TASK27257,S&T,NDLS-GZB,2026-12-01 13:00,2026-12-01 14:20,Interlocking Testing Block,Approved
BR008258,TASK74244,Engineering,SBC-UBL,2026-12-01 22:00,2026-12-02 00:53,Bridge Inspection Block,Approved
BR008259,TASK40992,Engineering,SC-NGP,2026-12-01 22:15,2026-12-02 00:37,Bridge Inspection Block,Approved
BR008260,TASK90024,Engineering,PUNE-CSMT,2026-12-01 22:15,2026-12-02 02:13,Bridge Inspection Block,Completed
BR008261,TASK62699,S&T,GZB-CNB,2026-12-01 22:15,2026-12-01 23:37,Interlocking Testing Block,Approved
BR008262,TASK66076,Engineering,KGP-VSKP,2026-12-01 23:15,2026-12-02 03:41,Track Renewal Block,Rejected
BR008263,TASK12365,Engineering,SBC-UBL,2026-12-01 23:30,2026-12-02 01:14,Track Renewal Block,Approved
BR008264,TASK79446,Engineering,JP-ADI,2026-12-01 23:45,2026-12-02 02:19,Traffic Block,Approved
BR008265,TASK59616,Engineering,BZA-SC,2026-12-02 00:00,2026-12-02 04:46,Non-Interlocking Block,Approved
BR008266,TASK81181,S&T,ADI-BRC,2026-12-02 00:30,2026-12-02 03:16,Interlocking Testing Block,Requested
BR008267,TASK86882,Engineering,NDLS-GZB,2026-12-02 00:45,2026-12-02 02:28,Track Renewal Block,Approved
BR008268,TASK80046,Engineering,GZB-CNB,2026-12-02 01:00,2026-12-02 04:32,Bridge Inspection Block,Approved
BR008269,TASK58203,Traction,GZB-CNB,2026-12-02 01:15,2026-12-02 03:41,Traction Feed Block,Completed
BR008270,TASK38034,S&T,ALD-MGS,2026-12-02 01:15,2026-12-02 03:58,Cable Block,Approved
BR008271,TASK81993,S&T,BPL-JHS,2026-12-02 01:30,2026-12-02 06:08,Cable Block,Approved
BR008272,TASK85970,Engineering,JU-JP,2026-12-02 01:45,2026-12-02 06:36,Bridge Inspection Block,Approved
BR008273,TASK83922,Traction,CNB-ALD,2026-12-02 10:45,2026-12-02 12:44,OHE Maintenance Block,Approved
BR008274,TASK70327,S&T,HWH-KGP,2026-12-02 12:15,2026-12-02 13:38,Interlocking Testing Block,Requested
BR008275,TASK25214,S&T,HWH-NJP,2026-12-02 14:00,2026-12-02 15:51,Signal Maintenance Block,Approved
BR008276,TASK81446,Traction,SC-NGP,2026-12-02 14:15,2026-12-02 15:51,Power Block,Approved
BR008277,TASK63178,S&T,BPL-JHS,2026-12-02 14:30,2026-12-02 15:36,Interlocking Testing Block,Approved
BR008278,TASK62854,S&T,NGP-BSP,2026-12-02 22:30,2026-12-03 00:06,Signal Maintenance Block,Cancelled
BR008279,TASK96791,Engineering,BSR-BPL,2026-12-02 22:30,2026-12-03 01:12,Non-Interlocking Block,Requested
BR008280,TASK61762,Engineering,KGP-VSKP,2026-12-02 22:30,2026-12-03 00:01,Non-Interlocking Block,Requested
BR008281,TASK25907,Traction,BRC-ST,2026-12-02 22:30,2026-12-03 03:10,Power Block,Approved
BR008282,TASK32017,S&T,KGP-VSKP,2026-12-02 22:30,2026-12-03 01:47,Signal Maintenance Block,Rejected
BR008283,TASK61276,S&T,UBL-PUNE,2026-12-02 23:15,2026-12-03 02:21,Interlocking Testing Block,Approved
BR008284,TASK33371,S&T,PUNE-CSMT,2026-12-02 23:30,2026-12-03 01:54,Cable Block,Approved
BR008285,TASK35786,Traction,BSR-BPL,2026-12-02 23:30,2026-12-03 02:12,OHE Maintenance Block,Requested
BR008286,TASK75549,Traction,HWH-KGP,2026-12-02 23:45,2026-12-03 03:44,Power Block,Approved
BR008287,TASK93100,Traction,DLI-JU,2026-12-03 00:00,2026-12-03 02:36,OHE Maintenance Block,Approved
BR008288,TASK75841,S&T,ST-BCT,2026-12-03 00:00,2026-12-03 03:58,Interlocking Testing Block,Approved
BR008289,TASK40945,Traction,BPL-JHS,2026-12-03 00:00,2026-12-03 04:00,Traction Feed Block,Approved
BR008290,TASK96723,Engineering,CSMT-BSR,2026-12-03 00:00,2026-12-03 01:42,Traffic Block,Requested
BR008291,TASK62109,Traction,SBC-UBL,2026-12-03 00:30,2026-12-03 04:42,Power Block,Approved
BR008292,TASK21238,S&T,MGS-HWH,2026-12-03 01:15,2026-12-03 02:33,Interlocking Testing Block,Completed
BR008293,TASK62463,Engineering,BZA-MAS,2026-12-03 01:15,2026-12-03 04:37,Track Renewal Block,Approved
BR008294,TASK90004,Traction,NDLS-JHS,2026-12-03 01:30,2026-12-03 03:40,Power Block,Requested
BR008295,TASK12691,Traction,CNB-ALD,2026-12-03 01:45,2026-12-03 04:27,OHE Maintenance Block,Approved
BR008296,TASK53772,S&T,BPL-JHS,2026-12-03 01:45,2026-12-03 03:44,Signal Maintenance Block,Completed
BR008297,TASK41260,Engineering,BSR-BPL,2026-12-03 01:45,2026-12-03 03:38,Traffic Block,Approved
BR008298,TASK85206,Traction,UBL-PUNE,2026-12-03 10:30,2026-12-03 11:44,Power Block,Completed
BR008299,TASK21506,Engineering,CSMT-BSR,2026-12-03 11:00,2026-12-03 11:35,Track Renewal Block,Completed
BR008300,TASK86991,S&T,ST-BCT,2026-12-03 12:30,2026-12-03 14:24,Interlocking Testing Block,Completed
BR008301,TASK14989,Engineering,HWH-KGP,2026-12-03 13:00,2026-12-03 14:18,Traffic Block,Approved
BR008302,TASK90406,S&T,KGP-VSKP,2026-12-03 22:00,2026-12-04 00:37,Signal Maintenance Block,Cancelled
BR008303,TASK76747,Engineering,NGP-BSP,2026-12-03 22:15,2026-12-04 01:34,Traffic Block,Approved
BR008304,TASK78543,Engineering,NDLS-GZB,2026-12-03 22:15,2026-12-03 23:59,Track Renewal Block,Approved
BR008305,TASK73262,Engineering,KGP-VSKP,2026-12-03 22:15,2026-12-04 01:09,Non-Interlocking Block,Requested
BR008306,TASK35754,Engineering,KGP-VSKP,2026-12-03 22:45,2026-12-04 02:25,Traffic Block,Approved
BR008307,TASK77883,Traction,UBL-PUNE,2026-12-03 22:45,2026-12-04 01:33,Power Block,Cancelled
BR008308,TASK24729,Traction,GZB-CNB,2026-12-03 23:00,2026-12-04 00:16,Traction Feed Block,Rejected
BR008309,TASK33617,Engineering,MAS-JTJ,2026-12-03 23:00,2026-12-04 01:43,Track Renewal Block,Approved
BR008310,TASK27335,Engineering,ADI-BRC,2026-12-03 23:00,2026-12-04 01:08,Track Renewal Block,Completed
BR008311,TASK77983,Traction,UBL-PUNE,2026-12-03 23:00,2026-12-04 01:03,Power Block,Approved
BR008312,TASK83599,S&T,NJP-GHY,2026-12-03 23:15,2026-12-04 01:45,Cable Block,Approved
BR008313,TASK55033,S&T,GZB-CNB,2026-12-03 23:15,2026-12-04 00:47,Cable Block,Requested
BR008314,TASK42654,Engineering,BRC-ST,2026-12-03 23:15,2026-12-04 03:06,Track Renewal Block,Rejected
BR008315,TASK77921,Traction,JP-ADI,2026-12-03 23:30,2026-12-04 04:08,Traction Feed Block,Rejected
BR008316,TASK44567,Engineering,DLI-JU,2026-12-03 23:30,2026-12-04 02:34,Non-Interlocking Block,Requested
BR008317,TASK66522,Traction,NDLS-ASR,2026-12-04 00:00,2026-12-04 02:01,Power Block,Approved
BR008318,TASK65883,Engineering,MGS-HWH,2026-12-04 00:15,2026-12-04 03:55,Bridge Inspection Block,Approved
BR008319,TASK37261,Engineering,NDLS-UMB,2026-12-04 00:30,2026-12-04 01:59,Bridge Inspection Block,Approved
BR008320,TASK62350,Traction,PUNE-CSMT,2026-12-04 01:00,2026-12-04 04:12,Traction Feed Block,Requested
BR008321,TASK91905,S&T,ST-BCT,2026-12-04 01:15,2026-12-04 05:42,Interlocking Testing Block,Approved
BR008322,TASK39103,Engineering,ST-BCT,2026-12-04 01:15,2026-12-04 04:33,Track Renewal Block,Approved
BR008323,TASK12621,Engineering,NGP-BSP,2026-12-04 01:15,2026-12-04 03:45,Non-Interlocking Block,Completed
BR008324,TASK21159,S&T,SBC-UBL,2026-12-04 01:15,2026-12-04 06:00,Cable Block,Requested
BR008325,TASK25461,Engineering,ALD-MGS,2026-12-04 01:45,2026-12-04 06:36,Track Renewal Block,Requested
BR008326,TASK91942,Traction,BZA-SC,2026-12-04 01:45,2026-12-04 05:36,Power Block,Approved
BR008327,TASK18414,Traction,ADI-BRC,2026-12-04 01:45,2026-12-04 03:38,Power Block,Approved
BR008328,TASK19757,Engineering,UBL-PUNE,2026-12-04 10:30,2026-12-04 12:20,Non-Interlocking Block,Approved
BR008329,TASK62337,Engineering,GZB-CNB,2026-12-04 12:00,2026-12-04 12:55,Bridge Inspection Block,Approved
BR008330,TASK45151,Traction,BSP-R,2026-12-04 12:45,2026-12-04 13:51,Power Block,Approved
BR008331,TASK96187,Traction,HWH-KGP,2026-12-04 12:45,2026-12-04 14:44,Power Block,Completed
BR008332,TASK88850,Engineering,BPL-JHS,2026-12-04 15:45,2026-12-04 16:27,Bridge Inspection Block,Completed
BR008333,TASK53067,Traction,ADI-BRC,2026-12-04 22:00,2026-12-04 23:17,Traction Feed Block,Requested
BR008334,TASK12981,Traction,GZB-CNB,2026-12-04 22:15,2026-12-05 01:51,Power Block,Approved
BR008335,TASK10934,S&T,ADI-BRC,2026-12-04 22:15,2026-12-05 02:28,Interlocking Testing Block,Cancelled
BR008336,TASK18874,S&T,BSR-BPL,2026-12-04 22:15,2026-12-05 00:06,Cable Block,Completed
BR008337,TASK64523,Traction,NDLS-GZB,2026-12-04 22:30,2026-12-05 02:55,OHE Maintenance Block,Approved
BR008338,TASK71261,S&T,NDLS-UMB,2026-12-04 22:45,2026-12-05 00:13,Interlocking Testing Block,Cancelled
BR008339,TASK64030,Engineering,SBC-MAS,2026-12-04 22:45,2026-12-05 02:24,Non-Interlocking Block,Rejected
BR008340,TASK53139,S&T,KGP-VSKP,2026-12-04 23:00,2026-12-05 03:33,Interlocking Testing Block,Approved
BR008341,TASK99241,Engineering,NDLS-JHS,2026-12-04 23:15,2026-12-05 02:51,Track Renewal Block,Approved
BR008342,TASK74513,Traction,DLI-JU,2026-12-04 23:30,2026-12-05 02:27,Power Block,Approved
BR008343,TASK74756,S&T,HWH-KGP,2026-12-05 00:00,2026-12-05 02:14,Signal Maintenance Block,Requested
BR008344,TASK91785,Engineering,MGS-HWH,2026-12-05 00:00,2026-12-05 01:31,Bridge Inspection Block,Requested
BR008345,TASK83611,Engineering,BRC-ST,2026-12-05 00:00,2026-12-05 04:04,Traffic Block,Approved
BR008346,TASK76293,Engineering,JTJ-SBC,2026-12-05 00:15,2026-12-05 02:27,Non-Interlocking Block,Requested
BR008347,TASK36340,S&T,PUNE-CSMT,2026-12-05 00:15,2026-12-05 04:24,Signal Maintenance Block,Rejected
BR008348,TASK31740,S&T,MAS-JTJ,2026-12-05 00:30,2026-12-05 02:55,Interlocking Testing Block,Approved
BR008349,TASK47452,Engineering,ADI-BRC,2026-12-05 00:30,2026-12-05 02:35,Track Renewal Block,Approved
BR008350,TASK91125,Traction,CSMT-BSR,2026-12-05 00:30,2026-12-05 01:36,Power Block,Approved
BR008351,TASK65792,Engineering,BPL-JHS,2026-12-05 00:45,2026-12-05 02:41,Track Renewal Block,Requested
BR008352,TASK98253,Engineering,UBL-PUNE,2026-12-05 00:45,2026-12-05 05:00,Non-Interlocking Block,Rejected
BR008353,TASK23461,Traction,ST-BCT,2026-12-05 01:00,2026-12-05 03:15,Power Block,Requested
BR008354,TASK32620,S&T,JP-ADI,2026-12-05 01:30,2026-12-05 02:36,Interlocking Testing Block,Approved
BR008355,TASK57307,S&T,CNB-ALD,2026-12-05 01:30,2026-12-05 02:31,Interlocking Testing Block,Requested
BR008356,TASK49589,Engineering,ADI-BRC,2026-12-05 01:45,2026-12-05 03:56,Track Renewal Block,Completed
BR008357,TASK42782,S&T,ADI-BRC,2026-12-05 10:30,2026-12-05 11:58,Cable Block,Approved
BR008358,TASK62229,Engineering,NJP-GHY,2026-12-05 10:30,2026-12-05 11:54,Non-Interlocking Block,Approved
BR008359,TASK41741,S&T,NDLS-ASR,2026-12-05 10:45,2026-12-05 12:32,Signal Maintenance Block,Completed
BR008360,TASK74567,Engineering,MAS-JTJ,2026-12-05 11:15,2026-12-05 12:23,Bridge Inspection Block,Rejected
BR008361,TASK55513,Engineering,CNB-ALD,2026-12-05 11:30,2026-12-05 12:00,Bridge Inspection Block,Completed
BR008362,TASK63993,Traction,NDLS-UMB,2026-12-05 11:45,2026-12-05 12:19,Power Block,Approved
BR008363,TASK67328,Engineering,SBC-UBL,2026-12-05 12:00,2026-12-05 12:39,Bridge Inspection Block,Approved
BR008364,TASK86661,Traction,CNB-ALD,2026-12-05 13:15,2026-12-05 14:19,Power Block,Approved
BR008365,TASK59811,Engineering,NDLS-ASR,2026-12-05 13:45,2026-12-05 15:26,Bridge Inspection Block,Approved
BR008366,TASK95730,Traction,BSR-BPL,2026-12-05 22:15,2026-12-05 23:16,OHE Maintenance Block,Completed
BR008367,TASK69592,Traction,CSMT-BSR,2026-12-05 22:30,2026-12-06 00:37,OHE Maintenance Block,Completed
BR008368,TASK38829,Engineering,JTJ-SBC,2026-12-05 22:45,2026-12-06 01:39,Traffic Block,Approved
BR008369,TASK84558,Traction,BPL-JHS,2026-12-05 23:15,2026-12-06 03:50,OHE Maintenance Block,Approved
BR008370,TASK39985,S&T,BSR-BPL,2026-12-05 23:15,2026-12-06 03:48,Interlocking Testing Block,Approved
BR008371,TASK25067,Traction,JU-JP,2026-12-05 23:15,2026-12-06 03:44,OHE Maintenance Block,Completed
BR008372,TASK97016,S&T,MGS-HWH,2026-12-05 23:15,2026-12-06 02:21,Interlocking Testing Block,Cancelled
BR008373,TASK57908,Engineering,ADI-BRC,2026-12-05 23:30,2026-12-06 02:37,Non-Interlocking Block,Approved
BR008374,TASK33171,Traction,JTJ-SBC,2026-12-05 23:30,2026-12-06 02:37,OHE Maintenance Block,Approved
BR008375,TASK80272,Engineering,BSR-BPL,2026-12-05 23:45,2026-12-06 04:05,Track Renewal Block,Cancelled
BR008376,TASK90401,Traction,NDLS-ASR,2026-12-06 00:00,2026-12-06 01:44,OHE Maintenance Block,Rejected
BR008377,TASK15358,S&T,ALD-MGS,2026-12-06 00:15,2026-12-06 03:12,Cable Block,Approved
BR008378,TASK80198,Engineering,HWH-KGP,2026-12-06 00:30,2026-12-06 05:11,Non-Interlocking Block,Rejected
BR008379,TASK90626,S&T,BRC-ST,2026-12-06 00:30,2026-12-06 02:52,Interlocking Testing Block,Approved
BR008380,TASK71265,Engineering,NDLS-ASR,2026-12-06 01:00,2026-12-06 04:56,Bridge Inspection Block,Requested
BR008381,TASK90770,S&T,CNB-ALD,2026-12-06 01:15,2026-12-06 04:19,Signal Maintenance Block,Completed
BR008382,TASK95152,Engineering,JTJ-SBC,2026-12-06 01:15,2026-12-06 03:50,Non-Interlocking Block,Approved
BR008383,TASK60920,S&T,NDLS-UMB,2026-12-06 01:30,2026-12-06 06:19,Interlocking Testing Block,Approved
BR008384,TASK39242,Engineering,SBC-MAS,2026-12-06 01:30,2026-12-06 06:19,Track Renewal Block,Approved
BR008385,TASK19919,Engineering,HWH-KGP,2026-12-06 01:30,2026-12-06 05:46,Bridge Inspection Block,Completed
BR008386,TASK76449,S&T,NDLS-UMB,2026-12-06 01:30,2026-12-06 02:42,Signal Maintenance Block,Requested
BR008387,TASK69851,Traction,NDLS-UMB,2026-12-06 01:45,2026-12-06 03:24,Traction Feed Block,Approved
BR008388,TASK27985,Traction,CNB-ALD,2026-12-06 11:30,2026-12-06 13:00,Power Block,Approved
BR008389,TASK53780,Traction,NDLS-JHS,2026-12-06 13:30,2026-12-06 14:10,Power Block,Approved
BR008390,TASK94240,Traction,BZA-SC,2026-12-06 14:45,2026-12-06 16:17,OHE Maintenance Block,Requested
BR008391,TASK53875,S&T,SC-NGP,2026-12-06 22:00,2026-12-07 00:49,Interlocking Testing Block,Approved
BR008392,TASK26063,S&T,BPL-JHS,2026-12-06 22:15,2026-12-07 00:47,Cable Block,Requested
BR008393,TASK64800,Engineering,DLI-JU,2026-12-06 22:30,2026-12-07 01:57,Track Renewal Block,Approved
BR008394,TASK11939,S&T,NDLS-UMB,2026-12-06 22:45,2026-12-07 03:25,Cable Block,Approved
BR008395,TASK13935,S&T,NDLS-JHS,2026-12-06 23:00,2026-12-07 02:43,Cable Block,Approved
BR008396,TASK72935,Engineering,NDLS-ASR,2026-12-06 23:15,2026-12-07 04:00,Non-Interlocking Block,Approved
BR008397,TASK59491,Traction,NDLS-GZB,2026-12-06 23:15,2026-12-07 03:31,OHE Maintenance Block,Approved
BR008398,TASK73954,Engineering,NDLS-ASR,2026-12-06 23:45,2026-12-07 03:58,Bridge Inspection Block,Approved
BR008399,TASK43032,Engineering,ST-BCT,2026-12-06 23:45,2026-12-07 03:32,Track Renewal Block,Completed
BR008400,TASK50749,Engineering,SBC-MAS,2026-12-06 23:45,2026-12-07 01:08,Non-Interlocking Block,Approved
BR008401,TASK54534,S&T,BZA-MAS,2026-12-07 00:00,2026-12-07 03:58,Interlocking Testing Block,Approved
BR008402,TASK82887,Traction,ST-BCT,2026-12-07 00:00,2026-12-07 02:14,Power Block,Approved
BR008403,TASK39856,S&T,BZA-MAS,2026-12-07 00:15,2026-12-07 04:32,Cable Block,Approved
BR008404,TASK87606,S&T,JTJ-SBC,2026-12-07 00:15,2026-12-07 05:07,Signal Maintenance Block,Requested
BR008405,TASK59676,Traction,NDLS-GZB,2026-12-07 00:15,2026-12-07 03:48,OHE Maintenance Block,Approved
BR008406,TASK58506,Engineering,HWH-KGP,2026-12-07 00:15,2026-12-07 04:52,Bridge Inspection Block,Approved
BR008407,TASK49275,Engineering,NGP-BSP,2026-12-07 00:15,2026-12-07 02:24,Non-Interlocking Block,Approved
BR008408,TASK64181,Engineering,NDLS-GZB,2026-12-07 00:15,2026-12-07 02:33,Track Renewal Block,Approved
BR008409,TASK88088,Traction,JTJ-SBC,2026-12-07 00:30,2026-12-07 02:40,Traction Feed Block,Approved
BR008410,TASK71025,Engineering,CSMT-BSR,2026-12-07 00:30,2026-12-07 04:54,Traffic Block,Completed
BR008411,TASK42055,Engineering,GZB-CNB,2026-12-07 00:45,2026-12-07 02:46,Bridge Inspection Block,Approved
BR008412,TASK87938,S&T,VSKP-BZA,2026-12-07 01:15,2026-12-07 04:34,Cable Block,Approved
BR008413,TASK27703,S&T,SBC-MAS,2026-12-07 01:45,2026-12-07 06:04,Interlocking Testing Block,Rejected
BR008414,TASK26436,Engineering,NDLS-UMB,2026-12-07 12:45,2026-12-07 13:50,Traffic Block,Rejected
BR008415,TASK64475,Engineering,JU-JP,2026-12-07 13:45,2026-12-07 15:28,Non-Interlocking Block,Rejected
BR008416,TASK26609,S&T,NDLS-UMB,2026-12-07 15:45,2026-12-07 17:05,Interlocking Testing Block,Approved
BR008417,TASK49265,S&T,JTJ-SBC,2026-12-07 22:00,2026-12-07 23:42,Interlocking Testing Block,Approved
BR008418,TASK98696,S&T,BZA-SC,2026-12-07 22:00,2026-12-08 02:33,Signal Maintenance Block,Approved
BR008419,TASK36745,Traction,BPL-JHS,2026-12-07 22:15,2026-12-07 23:24,OHE Maintenance Block,Approved
BR008420,TASK90277,Traction,MGS-HWH,2026-12-07 22:15,2026-12-08 00:01,Traction Feed Block,Approved
BR008421,TASK30674,Engineering,NDLS-JHS,2026-12-07 22:15,2026-12-07 23:16,Non-Interlocking Block,Cancelled
BR008422,TASK31812,Engineering,ALD-MGS,2026-12-07 22:15,2026-12-08 01:55,Track Renewal Block,Requested
BR008423,TASK15087,Engineering,NGP-BSP,2026-12-07 22:30,2026-12-08 02:02,Non-Interlocking Block,Rejected
BR008424,TASK20397,Traction,UBL-PUNE,2026-12-07 22:30,2026-12-08 01:08,Power Block,Requested
BR008425,TASK73240,Traction,SC-NGP,2026-12-07 22:45,2026-12-07 23:53,Power Block,Cancelled
BR008426,TASK81851,Traction,MGS-HWH,2026-12-07 22:45,2026-12-08 01:49,Power Block,Rejected
BR008427,TASK44125,Engineering,CSMT-BSR,2026-12-07 23:15,2026-12-08 02:48,Traffic Block,Approved
BR008428,TASK23792,Engineering,BPL-JHS,2026-12-07 23:30,2026-12-08 01:49,Non-Interlocking Block,Approved
BR008429,TASK33595,Traction,HWH-KGP,2026-12-07 23:30,2026-12-08 01:44,Traction Feed Block,Rejected
BR008430,TASK88161,S&T,NJP-GHY,2026-12-07 23:45,2026-12-08 03:23,Cable Block,Completed
BR008431,TASK16646,Engineering,SC-NGP,2026-12-08 00:15,2026-12-08 03:40,Non-Interlocking Block,Approved
BR008432,TASK81409,Traction,BZA-SC,2026-12-08 00:45,2026-12-08 03:10,Power Block,Approved
BR008433,TASK13300,Traction,VSKP-BZA,2026-12-08 00:45,2026-12-08 03:53,OHE Maintenance Block,Approved
BR008434,TASK40289,Engineering,NDLS-UMB,2026-12-08 00:45,2026-12-08 04:42,Bridge Inspection Block,Rejected
BR008435,TASK36778,Engineering,MGS-HWH,2026-12-08 01:45,2026-12-08 05:25,Bridge Inspection Block,Approved
BR008436,TASK36114,Engineering,BRC-ST,2026-12-08 01:45,2026-12-08 05:25,Track Renewal Block,Approved
BR008437,TASK45423,Engineering,BZA-MAS,2026-12-08 10:30,2026-12-08 11:19,Track Renewal Block,Completed
BR008438,TASK26812,S&T,KGP-VSKP,2026-12-08 13:15,2026-12-08 14:38,Cable Block,Approved
BR008439,TASK52532,Engineering,GZB-CNB,2026-12-08 14:30,2026-12-08 15:53,Non-Interlocking Block,Requested
BR008440,TASK36908,Traction,KGP-VSKP,2026-12-08 22:15,2026-12-09 02:10,Power Block,Approved
BR008441,TASK75860,S&T,BSR-BPL,2026-12-08 22:15,2026-12-09 02:21,Interlocking Testing Block,Approved
BR008442,TASK76089,Engineering,HWH-KGP,2026-12-08 22:30,2026-12-09 00:16,Bridge Inspection Block,Approved
BR008443,TASK49320,Engineering,MGS-HWH,2026-12-08 22:45,2026-12-09 02:41,Non-Interlocking Block,Completed
BR008444,TASK15529,Engineering,HWH-KGP,2026-12-08 23:00,2026-12-09 01:03,Traffic Block,Requested
BR008445,TASK64210,Engineering,NDLS-JHS,2026-12-08 23:00,2026-12-09 03:47,Traffic Block,Completed
BR008446,TASK59564,Traction,ST-BCT,2026-12-08 23:00,2026-12-09 03:56,Power Block,Approved
BR008447,TASK69428,Traction,SBC-MAS,2026-12-08 23:15,2026-12-09 04:09,OHE Maintenance Block,Cancelled
BR008448,TASK28013,Traction,NDLS-JHS,2026-12-08 23:30,2026-12-09 03:45,Power Block,Approved
BR008449,TASK63404,S&T,NDLS-UMB,2026-12-08 23:45,2026-12-09 01:48,Cable Block,Approved
BR008450,TASK61488,Traction,UBL-PUNE,2026-12-09 00:00,2026-12-09 03:38,OHE Maintenance Block,Approved
BR008451,TASK44640,Engineering,HWH-KGP,2026-12-09 00:00,2026-12-09 04:11,Traffic Block,Cancelled
BR008452,TASK88221,S&T,MGS-HWH,2026-12-09 00:00,2026-12-09 02:12,Cable Block,Rejected
BR008453,TASK10068,Traction,SC-NGP,2026-12-09 00:00,2026-12-09 03:32,OHE Maintenance Block,Requested
BR008454,TASK12547,Engineering,ST-BCT,2026-12-09 01:00,2026-12-09 04:02,Track Renewal Block,Approved
BR008455,TASK70235,Engineering,CSMT-BSR,2026-12-09 01:00,2026-12-09 04:59,Non-Interlocking Block,Approved
BR008456,TASK53468,Traction,MGS-HWH,2026-12-09 01:15,2026-12-09 06:07,Power Block,Rejected
BR008457,TASK26728,Engineering,PUNE-CSMT,2026-12-09 01:45,2026-12-09 03:30,Bridge Inspection Block,Approved
BR008458,TASK85492,Traction,HWH-KGP,2026-12-09 10:30,2026-12-09 11:03,Traction Feed Block,Approved
BR008459,TASK62988,Engineering,ST-BCT,2026-12-09 10:30,2026-12-09 11:09,Track Renewal Block,Rejected
BR008460,TASK27446,Engineering,NDLS-UMB,2026-12-09 10:45,2026-12-09 11:34,Track Renewal Block,Approved
BR008461,TASK34211,Engineering,UBL-PUNE,2026-12-09 11:45,2026-12-09 12:57,Bridge Inspection Block,Requested
BR008462,TASK24711,Engineering,BSR-BPL,2026-12-09 15:00,2026-12-09 16:39,Bridge Inspection Block,Completed
BR008463,TASK93825,Engineering,MAS-JTJ,2026-12-09 15:30,2026-12-09 17:00,Bridge Inspection Block,Approved
BR008464,TASK19791,Engineering,BSR-BPL,2026-12-09 22:00,2026-12-10 02:25,Non-Interlocking Block,Rejected
BR008465,TASK67803,Traction,GZB-CNB,2026-12-09 22:00,2026-12-10 01:30,Traction Feed Block,Rejected
BR008466,TASK62124,Engineering,UBL-PUNE,2026-12-09 22:30,2026-12-10 03:27,Bridge Inspection Block,Approved
BR008467,TASK71619,Traction,NDLS-GZB,2026-12-09 22:30,2026-12-10 00:02,OHE Maintenance Block,Rejected
BR008468,TASK98701,S&T,ADI-BRC,2026-12-09 22:30,2026-12-10 02:37,Signal Maintenance Block,Approved
BR008469,TASK28701,S&T,CNB-ALD,2026-12-09 22:45,2026-12-10 03:00,Signal Maintenance Block,Approved
BR008470,TASK53714,Engineering,JU-JP,2026-12-09 23:00,2026-12-10 02:45,Non-Interlocking Block,Completed
BR008471,TASK48767,Traction,GZB-CNB,2026-12-09 23:00,2026-12-10 00:21,Power Block,Requested
BR008472,TASK60915,Engineering,VSKP-BZA,2026-12-09 23:45,2026-12-10 03:00,Track Renewal Block,Requested
BR008473,TASK50266,Engineering,CNB-ALD,2026-12-09 23:45,2026-12-10 03:16,Bridge Inspection Block,Approved
BR008474,TASK29104,S&T,JTJ-SBC,2026-12-10 00:15,2026-12-10 02:42,Cable Block,Approved
BR008475,TASK55818,Engineering,BPL-JHS,2026-12-10 00:30,2026-12-10 03:55,Bridge Inspection Block,Approved
BR008476,TASK96519,Engineering,GZB-CNB,2026-12-10 00:30,2026-12-10 02:23,Track Renewal Block,Approved
BR008477,TASK50784,Traction,DLI-JU,2026-12-10 00:30,2026-12-10 03:33,Traction Feed Block,Requested
BR008478,TASK68420,Engineering,BSP-R,2026-12-10 00:30,2026-12-10 04:51,Bridge Inspection Block,Requested
BR008479,TASK27885,Traction,SC-NGP,2026-12-10 01:00,2026-12-10 02:27,OHE Maintenance Block,Approved
BR008480,TASK53924,Engineering,NDLS-ASR,2026-12-10 01:00,2026-12-10 05:06,Traffic Block,Completed
BR008481,TASK74691,Engineering,KGP-VSKP,2026-12-10 01:00,2026-12-10 05:14,Traffic Block,Rejected
BR008482,TASK38045,Engineering,NDLS-UMB,2026-12-10 01:30,2026-12-10 04:41,Traffic Block,Approved
BR008483,TASK25638,S&T,CSMT-BSR,2026-12-10 01:45,2026-12-10 03:24,Cable Block,Approved
BR008484,TASK74147,Engineering,ADI-BRC,2026-12-10 13:15,2026-12-10 14:13,Traffic Block,Completed
BR008485,TASK68234,Engineering,GZB-CNB,2026-12-10 14:30,2026-12-10 16:16,Bridge Inspection Block,Approved
BR008486,TASK49519,Traction,BZA-SC,2026-12-10 22:15,2026-12-10 23:51,OHE Maintenance Block,Approved
BR008487,TASK69596,Engineering,NJP-GHY,2026-12-10 22:30,2026-12-11 02:08,Traffic Block,Approved
BR008488,TASK78937,S&T,BSR-BPL,2026-12-10 22:30,2026-12-11 00:15,Interlocking Testing Block,Completed
BR008489,TASK82547,S&T,ST-BCT,2026-12-10 22:30,2026-12-11 01:04,Cable Block,Approved
BR008490,TASK25499,S&T,SBC-UBL,2026-12-10 22:45,2026-12-11 02:28,Cable Block,Approved
BR008491,TASK49225,Engineering,ADI-BRC,2026-12-10 22:45,2026-12-11 03:27,Bridge Inspection Block,Approved
BR008492,TASK91333,S&T,CNB-ALD,2026-12-10 22:45,2026-12-11 00:44,Cable Block,Approved
BR008493,TASK12354,Engineering,BRC-ST,2026-12-10 23:30,2026-12-11 01:24,Bridge Inspection Block,Approved
BR008494,TASK83102,Engineering,KGP-VSKP,2026-12-10 23:30,2026-12-11 00:48,Track Renewal Block,Requested
BR008495,TASK87307,S&T,JTJ-SBC,2026-12-11 00:00,2026-12-11 01:12,Signal Maintenance Block,Approved
BR008496,TASK62893,Engineering,NDLS-GZB,2026-12-11 00:00,2026-12-11 01:17,Traffic Block,Completed
BR008497,TASK46430,Traction,CSMT-BSR,2026-12-11 00:00,2026-12-11 04:09,OHE Maintenance Block,Approved
BR008498,TASK16293,Engineering,BZA-MAS,2026-12-11 00:15,2026-12-11 02:18,Non-Interlocking Block,Approved
BR008499,TASK98391,S&T,MGS-HWH,2026-12-11 00:15,2026-12-11 03:42,Signal Maintenance Block,Approved
BR008500,TASK26561,Traction,SC-NGP,2026-12-11 00:45,2026-12-11 02:14,Traction Feed Block,Rejected
BR008501,TASK79363,Engineering,ALD-MGS,2026-12-11 01:15,2026-12-11 05:22,Non-Interlocking Block,Approved
BR008502,TASK58867,Traction,CNB-ALD,2026-12-11 01:15,2026-12-11 03:53,OHE Maintenance Block,Requested
BR008503,TASK40607,Engineering,JU-JP,2026-12-11 10:45,2026-12-11 12:17,Non-Interlocking Block,Completed
BR008504,TASK96187,Engineering,ST-BCT,2026-12-11 12:30,2026-12-11 14:24,Track Renewal Block,Approved
BR008505,TASK47474,Traction,PUNE-CSMT,2026-12-11 22:00,2026-12-12 02:29,OHE Maintenance Block,Requested
BR008506,TASK55624,Engineering,BRC-ST,2026-12-11 22:00,2026-12-12 01:42,Non-Interlocking Block,Requested
BR008507,TASK16652,Traction,BPL-JHS,2026-12-11 22:00,2026-12-12 00:35,Power Block,Cancelled
BR008508,TASK67759,S&T,CSMT-BSR,2026-12-11 22:30,2026-12-12 02:26,Interlocking Testing Block,Approved
BR008509,TASK19401,Engineering,SBC-UBL,2026-12-11 22:45,2026-12-12 01:24,Bridge Inspection Block,Rejected
BR008510,TASK49497,Traction,SC-NGP,2026-12-11 22:45,2026-12-11 23:48,Power Block,Approved
BR008511,TASK14695,Traction,JTJ-SBC,2026-12-11 23:00,2026-12-12 00:34,OHE Maintenance Block,Approved
BR008512,TASK74366,Engineering,HWH-NJP,2026-12-11 23:00,2026-12-12 02:29,Traffic Block,Approved
BR008513,TASK47833,Traction,BRC-ST,2026-12-11 23:15,2026-12-12 02:54,Traction Feed Block,Approved
BR008514,TASK96149,Traction,MGS-HWH,2026-12-11 23:45,2026-12-12 04:21,Traction Feed Block,Approved
BR008515,TASK96272,Engineering,NDLS-GZB,2026-12-12 00:15,2026-12-12 02:45,Bridge Inspection Block,Approved
BR008516,TASK53735,Engineering,BRC-ST,2026-12-12 00:45,2026-12-12 02:49,Bridge Inspection Block,Approved
BR008517,TASK32674,Traction,JP-ADI,2026-12-12 01:00,2026-12-12 04:29,Traction Feed Block,Approved
BR008518,TASK21619,Engineering,ST-BCT,2026-12-12 01:15,2026-12-12 06:13,Track Renewal Block,Approved
BR008519,TASK19701,Traction,BSP-R,2026-12-12 01:30,2026-12-12 02:35,Power Block,Approved
BR008520,TASK72323,Engineering,SBC-UBL,2026-12-12 01:45,2026-12-12 03:40,Traffic Block,Requested
BR008521,TASK28624,Traction,ALD-MGS,2026-12-12 10:00,2026-12-12 11:23,OHE Maintenance Block,Rejected
BR008522,TASK50650,S&T,NGP-BSP,2026-12-12 10:00,2026-12-12 10:39,Signal Maintenance Block,Rejected
BR008523,TASK78132,Engineering,VSKP-BZA,2026-12-12 10:45,2026-12-12 12:15,Non-Interlocking Block,Requested
BR008524,TASK23913,Engineering,NDLS-UMB,2026-12-12 11:30,2026-12-12 13:24,Non-Interlocking Block,Cancelled
BR008525,TASK35280,Engineering,NGP-BSP,2026-12-12 12:45,2026-12-12 14:41,Traffic Block,Completed
BR008526,TASK95487,Traction,ADI-BRC,2026-12-12 13:45,2026-12-12 15:08,OHE Maintenance Block,Approved
BR008527,TASK43585,Engineering,VSKP-BZA,2026-12-12 13:45,2026-12-12 14:37,Bridge Inspection Block,Approved
BR008528,TASK34286,Engineering,BZA-MAS,2026-12-12 14:00,2026-12-12 15:45,Bridge Inspection Block,Approved
BR008529,TASK38877,Engineering,MGS-HWH,2026-12-12 22:00,2026-12-13 01:49,Traffic Block,Approved
BR008530,TASK47656,Traction,SC-NGP,2026-12-12 22:00,2026-12-13 00:58,OHE Maintenance Block,Rejected
BR008531,TASK51405,Traction,BZA-SC,2026-12-12 22:00,2026-12-13 01:56,Power Block,Completed
BR008532,TASK29757,Engineering,NDLS-ASR,2026-12-12 22:15,2026-12-13 01:54,Bridge Inspection Block,Approved
BR008533,TASK27058,Engineering,ADI-BRC,2026-12-12 22:15,2026-12-13 01:28,Track Renewal Block,Approved
BR008534,TASK25044,Engineering,BZA-MAS,2026-12-12 22:15,2026-12-13 02:57,Track Renewal Block,Approved
BR008535,TASK27235,Traction,ADI-BRC,2026-12-12 22:15,2026-12-13 00:01,OHE Maintenance Block,Rejected
BR008536,TASK67729,Engineering,GZB-CNB,2026-12-12 22:30,2026-12-13 03:15,Track Renewal Block,Rejected
BR008537,TASK23013,Engineering,VSKP-BZA,2026-12-12 23:30,2026-12-13 03:38,Non-Interlocking Block,Requested
BR008538,TASK19979,Traction,CNB-ALD,2026-12-12 23:30,2026-12-13 03:51,Traction Feed Block,Approved
BR008539,TASK19560,S&T,NDLS-GZB,2026-12-12 23:30,2026-12-13 03:09,Signal Maintenance Block,Approved
BR008540,TASK67479,Traction,JU-JP,2026-12-13 00:00,2026-12-13 04:57,Traction Feed Block,Approved
BR008541,TASK63852,S&T,CNB-ALD,2026-12-13 00:00,2026-12-13 01:51,Signal Maintenance Block,Approved
BR008542,TASK27098,Engineering,CSMT-BSR,2026-12-13 01:00,2026-12-13 02:59,Traffic Block,Approved
BR008543,TASK67431,Engineering,ADI-BRC,2026-12-13 01:15,2026-12-13 02:46,Non-Interlocking Block,Completed
BR008544,TASK30467,S&T,MGS-HWH,2026-12-13 01:15,2026-12-13 03:30,Interlocking Testing Block,Approved
BR008545,TASK73663,Engineering,SC-NGP,2026-12-13 01:30,2026-12-13 02:58,Track Renewal Block,Approved
BR008546,TASK15331,Traction,NDLS-JHS,2026-12-13 10:15,2026-12-13 12:13,Power Block,Approved
BR008547,TASK29405,Engineering,SBC-UBL,2026-12-13 11:15,2026-12-13 12:13,Traffic Block,Rejected
BR008548,TASK76946,S&T,JTJ-SBC,2026-12-13 14:15,2026-12-13 15:50,Signal Maintenance Block,Approved
BR008549,TASK92355,Engineering,KGP-VSKP,2026-12-13 14:30,2026-12-13 15:17,Non-Interlocking Block,Approved
BR008550,TASK52357,Engineering,ST-BCT,2026-12-13 22:00,2026-12-14 00:12,Traffic Block,Approved
BR008551,TASK61653,S&T,ADI-BRC,2026-12-13 22:00,2026-12-14 00:09,Cable Block,Rejected
BR008552,TASK74736,S&T,CSMT-BSR,2026-12-13 22:15,2026-12-14 02:00,Signal Maintenance Block,Completed
BR008553,TASK93825,Engineering,BZA-MAS,2026-12-13 22:30,2026-12-13 23:39,Bridge Inspection Block,Rejected
BR008554,TASK65374,S&T,JTJ-SBC,2026-12-13 22:30,2026-12-14 01:56,Cable Block,Approved
BR008555,TASK72744,Engineering,KGP-VSKP,2026-12-13 22:45,2026-12-14 01:34,Non-Interlocking Block,Completed
BR008556,TASK78250,Engineering,JTJ-SBC,2026-12-13 23:15,2026-12-14 02:23,Bridge Inspection Block,Approved
BR008557,TASK20587,S&T,CNB-ALD,2026-12-13 23:15,2026-12-14 02:42,Cable Block,Completed
BR008558,TASK43433,S&T,SBC-MAS,2026-12-13 23:30,2026-12-14 01:30,Cable Block,Approved
BR008559,TASK91824,Traction,MAS-JTJ,2026-12-13 23:45,2026-12-14 01:58,Traction Feed Block,Requested
BR008560,TASK62796,Traction,PUNE-CSMT,2026-12-14 00:15,2026-12-14 01:34,Traction Feed Block,Requested
BR008561,TASK47257,S&T,SC-NGP,2026-12-14 00:15,2026-12-14 05:14,Interlocking Testing Block,Rejected
BR008562,TASK78150,Traction,JP-ADI,2026-12-14 00:15,2026-12-14 04:20,Traction Feed Block,Completed
BR008563,TASK62638,Traction,PUNE-CSMT,2026-12-14 00:30,2026-12-14 03:34,OHE Maintenance Block,Approved
BR008564,TASK94341,Traction,BRC-ST,2026-12-14 00:30,2026-12-14 02:47,Power Block,Approved
BR008565,TASK84482,Traction,BRC-ST,2026-12-14 00:30,2026-12-14 01:41,Traction Feed Block,Approved
BR008566,TASK80419,S&T,MGS-HWH,2026-12-14 00:45,2026-12-14 04:10,Signal Maintenance Block,Approved
BR008567,TASK92933,Engineering,SBC-MAS,2026-12-14 01:00,2026-12-14 02:07,Traffic Block,Completed
BR008568,TASK79694,Engineering,CNB-ALD,2026-12-14 01:00,2026-12-14 04:00,Traffic Block,Approved
BR008569,TASK16686,Engineering,NDLS-JHS,2026-12-14 01:15,2026-12-14 02:59,Bridge Inspection Block,Approved
BR008570,TASK68404,Traction,NDLS-GZB,2026-12-14 10:45,2026-12-14 11:17,Power Block,Rejected
BR008571,TASK43507,S&T,ST-BCT,2026-12-14 12:30,2026-12-14 13:02,Cable Block,Requested
BR008572,TASK21765,Engineering,NDLS-JHS,2026-12-14 13:00,2026-12-14 14:31,Traffic Block,Requested
BR008573,TASK67561,Engineering,KGP-VSKP,2026-12-14 13:00,2026-12-14 14:00,Non-Interlocking Block,Requested
BR008574,TASK50541,S&T,NGP-BSP,2026-12-14 13:15,2026-12-14 14:54,Cable Block,Approved
BR008575,TASK63494,S&T,ADI-BRC,2026-12-14 14:15,2026-12-14 16:08,Signal Maintenance Block,Approved
BR008576,TASK37553,Engineering,ADI-BRC,2026-12-14 14:15,2026-12-14 14:54,Traffic Block,Approved
BR008577,TASK58116,S&T,BZA-MAS,2026-12-14 22:30,2026-12-15 00:04,Cable Block,Approved
BR008578,TASK85763,Engineering,NGP-BSP,2026-12-14 22:30,2026-12-15 01:56,Non-Interlocking Block,Approved
BR008579,TASK17334,Traction,MGS-HWH,2026-12-14 22:30,2026-12-15 01:52,Power Block,Approved
BR008580,TASK62818,Engineering,VSKP-BZA,2026-12-14 22:45,2026-12-15 00:18,Track Renewal Block,Requested
BR008581,TASK84784,Engineering,SBC-MAS,2026-12-14 22:45,2026-12-14 23:52,Traffic Block,Completed
BR008582,TASK61093,Traction,CNB-ALD,2026-12-14 22:45,2026-12-15 03:39,OHE Maintenance Block,Completed
BR008583,TASK36778,Traction,VSKP-BZA,2026-12-14 23:00,2026-12-15 03:07,Traction Feed Block,Rejected
BR008584,TASK86809,Engineering,SBC-MAS,2026-12-14 23:30,2026-12-15 02:30,Track Renewal Block,Approved
BR008585,TASK39781,Engineering,NDLS-GZB,2026-12-15 00:00,2026-12-15 01:06,Traffic Block,Approved
BR008586,TASK22356,Engineering,BSR-BPL,2026-12-15 00:00,2026-12-15 03:39,Track Renewal Block,Requested
BR008587,TASK87864,S&T,SBC-UBL,2026-12-15 01:15,2026-12-15 04:49,Cable Block,Rejected
BR008588,TASK63591,Traction,SBC-MAS,2026-12-15 01:45,2026-12-15 03:24,Traction Feed Block,Approved
BR008589,TASK82252,Traction,BZA-SC,2026-12-15 01:45,2026-12-15 03:19,Traction Feed Block,Approved
BR008590,TASK83055,Engineering,NDLS-GZB,2026-12-15 10:00,2026-12-15 11:46,Track Renewal Block,Completed
BR008591,TASK75953,S&T,NDLS-JHS,2026-12-15 11:00,2026-12-15 12:52,Interlocking Testing Block,Approved
BR008592,TASK91343,Engineering,KGP-VSKP,2026-12-15 12:30,2026-12-15 13:17,Track Renewal Block,Approved
BR008593,TASK22441,Traction,GZB-CNB,2026-12-15 12:30,2026-12-15 14:02,Traction Feed Block,Approved
BR008594,TASK98507,Traction,HWH-KGP,2026-12-15 22:00,2026-12-16 02:57,Power Block,Approved
BR008595,TASK80411,Engineering,CNB-ALD,2026-12-15 22:15,2026-12-16 01:56,Track Renewal Block,Approved
BR008596,TASK96292,Engineering,BPL-JHS,2026-12-15 22:30,2026-12-16 01:06,Traffic Block,Requested
BR008597,TASK14737,Traction,GZB-CNB,2026-12-15 22:45,2026-12-16 03:42,Traction Feed Block,Approved
BR008598,TASK32592,Traction,SC-NGP,2026-12-15 23:00,2026-12-16 00:45,OHE Maintenance Block,Rejected
BR008599,TASK27526,Traction,KGP-VSKP,2026-12-15 23:15,2026-12-16 03:16,OHE Maintenance Block,Requested
BR008600,TASK74907,S&T,HWH-NJP,2026-12-15 23:15,2026-12-16 02:39,Signal Maintenance Block,Rejected
BR008601,TASK18621,S&T,NDLS-UMB,2026-12-15 23:15,2026-12-16 03:51,Cable Block,Completed
BR008602,TASK91133,Traction,ST-BCT,2026-12-15 23:30,2026-12-16 02:24,OHE Maintenance Block,Approved
BR008603,TASK32198,Engineering,HWH-NJP,2026-12-15 23:45,2026-12-16 02:39,Non-Interlocking Block,Approved
BR008604,TASK56585,Engineering,JP-ADI,2026-12-15 23:45,2026-12-16 01:07,Traffic Block,Approved
BR008605,TASK96873,Engineering,NJP-GHY,2026-12-16 00:30,2026-12-16 05:06,Non-Interlocking Block,Rejected
BR008606,TASK36573,S&T,HWH-KGP,2026-12-16 01:00,2026-12-16 05:44,Interlocking Testing Block,Completed
BR008607,TASK17837,Traction,NGP-BSP,2026-12-16 01:00,2026-12-16 04:06,Traction Feed Block,Approved
BR008608,TASK63167,Engineering,NDLS-GZB,2026-12-16 01:00,2026-12-16 05:00,Bridge Inspection Block,Approved
BR008609,TASK85415,S&T,CNB-ALD,2026-12-16 01:15,2026-12-16 03:20,Signal Maintenance Block,Completed
BR008610,TASK68957,S&T,GZB-CNB,2026-12-16 01:15,2026-12-16 04:21,Cable Block,Completed
BR008611,TASK41070,Engineering,NDLS-JHS,2026-12-16 01:30,2026-12-16 06:25,Non-Interlocking Block,Approved
BR008612,TASK77391,Traction,BZA-MAS,2026-12-16 01:30,2026-12-16 03:44,Traction Feed Block,Requested
BR008613,TASK37857,Traction,ALD-MGS,2026-12-16 11:15,2026-12-16 11:46,Traction Feed Block,Requested
BR008614,TASK60369,Traction,BSR-BPL,2026-12-16 15:00,2026-12-16 16:20,Traction Feed Block,Requested
BR008615,TASK29421,S&T,ADI-BRC,2026-12-16 15:30,2026-12-16 16:41,Signal Maintenance Block,Approved
BR008616,TASK15518,Engineering,MAS-JTJ,2026-12-16 15:30,2026-12-16 16:25,Non-Interlocking Block,Completed
BR008617,TASK70867,Traction,SC-NGP,2026-12-16 22:00,2026-12-17 02:21,Traction Feed Block,Approved
BR008618,TASK36153,S&T,BSP-R,2026-12-16 22:15,2026-12-17 00:16,Cable Block,Approved
BR008619,TASK93806,Engineering,GZB-CNB,2026-12-16 22:15,2026-12-17 02:00,Non-Interlocking Block,Cancelled
BR008620,TASK36086,Engineering,SC-NGP,2026-12-16 22:30,2026-12-17 02:11,Track Renewal Block,Approved
BR008621,TASK93305,Engineering,ST-BCT,2026-12-16 22:30,2026-12-17 00:39,Traffic Block,Approved
BR008622,TASK54461,Traction,GZB-CNB,2026-12-16 23:00,2026-12-17 01:00,Traction Feed Block,Approved
BR008623,TASK47172,Engineering,JTJ-SBC,2026-12-17 00:15,2026-12-17 01:17,Traffic Block,Approved
BR008624,TASK48864,Traction,NDLS-UMB,2026-12-17 00:15,2026-12-17 03:10,OHE Maintenance Block,Rejected
BR008625,TASK19241,Traction,CNB-ALD,2026-12-17 00:45,2026-12-17 02:50,OHE Maintenance Block,Completed
BR008626,TASK19752,Engineering,ADI-BRC,2026-12-17 00:45,2026-12-17 04:12,Traffic Block,Requested
BR008627,TASK79230,S&T,JP-ADI,2026-12-17 01:00,2026-12-17 02:16,Cable Block,Approved
BR008628,TASK31160,S&T,ADI-BRC,2026-12-17 01:00,2026-12-17 03:45,Interlocking Testing Block,Approved
BR008629,TASK88184,S&T,JTJ-SBC,2026-12-17 01:00,2026-12-17 04:02,Interlocking Testing Block,Approved
BR008630,TASK48077,Traction,SBC-MAS,2026-12-17 01:15,2026-12-17 03:22,Traction Feed Block,Approved
BR008631,TASK82960,Traction,NGP-BSP,2026-12-17 01:30,2026-12-17 05:58,OHE Maintenance Block,Rejected
BR008632,TASK17508,Traction,BZA-SC,2026-12-17 01:30,2026-12-17 03:04,Power Block,Requested
BR008633,TASK82452,Engineering,ST-BCT,2026-12-17 01:30,2026-12-17 05:34,Traffic Block,Approved
BR008634,TASK69130,Traction,JTJ-SBC,2026-12-17 01:45,2026-12-17 05:26,Traction Feed Block,Approved
BR008635,TASK57045,Engineering,NDLS-GZB,2026-12-17 01:45,2026-12-17 03:59,Traffic Block,Rejected
BR008636,TASK10710,S&T,SC-NGP,2026-12-17 01:45,2026-12-17 04:25,Signal Maintenance Block,Approved
BR008637,TASK95470,S&T,HWH-NJP,2026-12-17 11:15,2026-12-17 12:23,Cable Block,Approved
BR008638,TASK40530,Engineering,NDLS-JHS,2026-12-17 12:45,2026-12-17 14:39,Track Renewal Block,Approved
BR008639,TASK44701,Engineering,CNB-ALD,2026-12-17 13:15,2026-12-17 14:56,Non-Interlocking Block,Requested
BR008640,TASK91936,S&T,NJP-GHY,2026-12-17 15:00,2026-12-17 15:39,Cable Block,Approved
BR008641,TASK13001,Engineering,HWH-KGP,2026-12-17 15:15,2026-12-17 16:49,Non-Interlocking Block,Completed
BR008642,TASK53257,S&T,UBL-PUNE,2026-12-17 15:45,2026-12-17 16:33,Signal Maintenance Block,Completed
BR008643,TASK24721,S&T,BZA-MAS,2026-12-17 22:00,2026-12-18 02:10,Cable Block,Approved
BR008644,TASK91937,Traction,BSR-BPL,2026-12-17 22:45,2026-12-18 00:29,Power Block,Approved
BR008645,TASK55927,Engineering,BSP-R,2026-12-17 23:15,2026-12-18 01:15,Track Renewal Block,Approved
BR008646,TASK88492,Engineering,CNB-ALD,2026-12-17 23:30,2026-12-18 03:07,Non-Interlocking Block,Requested
BR008647,TASK65588,Engineering,ADI-BRC,2026-12-17 23:45,2026-12-18 03:52,Non-Interlocking Block,Approved
BR008648,TASK98600,S&T,NDLS-JHS,2026-12-17 23:45,2026-12-18 02:41,Cable Block,Approved
BR008649,TASK74711,Engineering,NDLS-GZB,2026-12-18 00:00,2026-12-18 04:02,Bridge Inspection Block,Requested
BR008650,TASK66755,Engineering,SBC-UBL,2026-12-18 00:00,2026-12-18 04:15,Track Renewal Block,Completed
BR008651,TASK99714,Engineering,MGS-HWH,2026-12-18 00:15,2026-12-18 05:04,Traffic Block,Rejected
BR008652,TASK68069,Engineering,GZB-CNB,2026-12-18 00:15,2026-12-18 02:10,Traffic Block,Approved
BR008653,TASK20730,Engineering,CNB-ALD,2026-12-18 00:45,2026-12-18 02:35,Traffic Block,Approved
BR008654,TASK53715,Engineering,KGP-VSKP,2026-12-18 00:45,2026-12-18 05:01,Bridge Inspection Block,Approved
BR008655,TASK29080,Engineering,MAS-JTJ,2026-12-18 01:15,2026-12-18 03:56,Bridge Inspection Block,Cancelled
BR008656,TASK22145,Traction,NDLS-ASR,2026-12-18 01:15,2026-12-18 02:40,Traction Feed Block,Requested
BR008657,TASK85338,S&T,HWH-NJP,2026-12-18 01:15,2026-12-18 05:23,Interlocking Testing Block,Requested
BR008658,TASK44567,S&T,MGS-HWH,2026-12-18 01:15,2026-12-18 06:06,Interlocking Testing Block,Cancelled
BR008659,TASK14400,Engineering,HWH-KGP,2026-12-18 01:30,2026-12-18 05:25,Bridge Inspection Block,Approved
BR008660,TASK97093,Engineering,ST-BCT,2026-12-18 01:30,2026-12-18 06:10,Bridge Inspection Block,Rejected
BR008661,TASK81831,S&T,SBC-UBL,2026-12-18 01:45,2026-12-18 03:56,Cable Block,Completed
BR008662,TASK30116,Traction,CSMT-BSR,2026-12-18 01:45,2026-12-18 05:35,OHE Maintenance Block,Approved
BR008663,TASK17828,Traction,SC-NGP,2026-12-18 12:00,2026-12-18 13:27,Power Block,Approved
BR008664,TASK49640,S&T,HWH-KGP,2026-12-18 12:15,2026-12-18 14:09,Cable Block,Approved
BR008665,TASK26015,Traction,NGP-BSP,2026-12-18 13:45,2026-12-18 15:27,OHE Maintenance Block,Cancelled
BR008666,TASK83716,S&T,ALD-MGS,2026-12-18 22:00,2026-12-19 01:12,Cable Block,Rejected
BR008667,TASK14876,Engineering,SBC-UBL,2026-12-18 22:15,2026-12-18 23:41,Traffic Block,Approved
BR008668,TASK55135,Traction,BSP-R,2026-12-18 22:45,2026-12-19 01:17,Traction Feed Block,Approved
BR008669,TASK60298,Engineering,NDLS-JHS,2026-12-18 23:00,2026-12-19 03:39,Bridge Inspection Block,Requested
BR008670,TASK16293,S&T,BSP-R,2026-12-18 23:00,2026-12-19 01:16,Signal Maintenance Block,Cancelled
BR008671,TASK11356,Engineering,NDLS-GZB,2026-12-18 23:45,2026-12-19 02:38,Bridge Inspection Block,Approved
BR008672,TASK99582,S&T,VSKP-BZA,2026-12-19 00:00,2026-12-19 02:33,Interlocking Testing Block,Approved
BR008673,TASK80478,S&T,CNB-ALD,2026-12-19 00:15,2026-12-19 03:42,Signal Maintenance Block,Approved
BR008674,TASK82734,S&T,SBC-UBL,2026-12-19 00:30,2026-12-19 03:39,Cable Block,Requested
BR008675,TASK32161,Traction,NDLS-JHS,2026-12-19 00:30,2026-12-19 02:54,Traction Feed Block,Approved
BR008676,TASK71137,Engineering,BSR-BPL,2026-12-19 00:30,2026-12-19 04:26,Bridge Inspection Block,Completed
BR008677,TASK14735,S&T,MAS-JTJ,2026-12-19 01:00,2026-12-19 04:55,Cable Block,Rejected
BR008678,TASK55190,Engineering,BZA-MAS,2026-12-19 01:30,2026-12-19 04:26,Track Renewal Block,Approved
BR008679,TASK74110,Engineering,SBC-MAS,2026-12-19 01:30,2026-12-19 02:58,Non-Interlocking Block,Approved
BR008680,TASK67628,Engineering,NDLS-UMB,2026-12-19 01:45,2026-12-19 06:25,Track Renewal Block,Completed
BR008681,TASK33974,Engineering,CSMT-BSR,2026-12-19 12:00,2026-12-19 13:13,Track Renewal Block,Approved
BR008682,TASK79429,Engineering,GZB-CNB,2026-12-19 12:30,2026-12-19 13:51,Track Renewal Block,Rejected
BR008683,TASK21313,S&T,NDLS-GZB,2026-12-19 13:00,2026-12-19 14:17,Signal Maintenance Block,Completed
BR008684,TASK46109,Traction,MGS-HWH,2026-12-19 15:15,2026-12-19 17:03,OHE Maintenance Block,Approved
BR008685,TASK56289,Engineering,BSR-BPL,2026-12-19 15:15,2026-12-19 16:56,Non-Interlocking Block,Requested
BR008686,TASK27198,Engineering,JU-JP,2026-12-19 22:00,2026-12-19 23:19,Bridge Inspection Block,Completed
BR008687,TASK17935,Engineering,JTJ-SBC,2026-12-19 22:30,2026-12-20 01:05,Track Renewal Block,Completed
BR008688,TASK39165,Engineering,PUNE-CSMT,2026-12-19 22:45,2026-12-20 01:39,Track Renewal Block,Approved
BR008689,TASK33288,Engineering,NDLS-UMB,2026-12-19 23:15,2026-12-20 03:57,Track Renewal Block,Cancelled
BR008690,TASK54991,Engineering,JU-JP,2026-12-19 23:30,2026-12-20 00:33,Bridge Inspection Block,Requested
BR008691,TASK69666,Engineering,BZA-MAS,2026-12-19 23:30,2026-12-20 01:58,Non-Interlocking Block,Approved
BR008692,TASK90183,Engineering,BPL-JHS,2026-12-20 00:00,2026-12-20 01:30,Non-Interlocking Block,Approved
BR008693,TASK15710,S&T,DLI-JU,2026-12-20 00:30,2026-12-20 01:47,Signal Maintenance Block,Completed
BR008694,TASK93334,Engineering,BZA-MAS,2026-12-20 00:45,2026-12-20 05:26,Non-Interlocking Block,Requested
BR008695,TASK78482,S&T,NJP-GHY,2026-12-20 00:45,2026-12-20 02:48,Interlocking Testing Block,Approved
BR008696,TASK39441,Engineering,NDLS-UMB,2026-12-20 01:00,2026-12-20 02:17,Bridge Inspection Block,Approved
BR008697,TASK57491,Traction,UBL-PUNE,2026-12-20 01:30,2026-12-20 03:10,OHE Maintenance Block,Approved
BR008698,TASK29736,Engineering,MAS-JTJ,2026-12-20 01:45,2026-12-20 06:10,Track Renewal Block,Approved
BR008699,TASK54056,Traction,ADI-BRC,2026-12-20 01:45,2026-12-20 05:44,Traction Feed Block,Completed
BR008700,TASK64159,Engineering,BSR-BPL,2026-12-20 01:45,2026-12-20 04:39,Bridge Inspection Block,Approved
BR008701,TASK25175,Engineering,JP-ADI,2026-12-20 10:45,2026-12-20 12:18,Bridge Inspection Block,Requested
BR008702,TASK12160,Traction,NGP-BSP,2026-12-20 11:30,2026-12-20 12:54,Traction Feed Block,Approved
BR008703,TASK32916,S&T,KGP-VSKP,2026-12-20 13:00,2026-12-20 14:53,Signal Maintenance Block,Approved
BR008704,TASK97046,S&T,ADI-BRC,2026-12-20 15:45,2026-12-20 16:53,Cable Block,Approved
BR008705,TASK85149,Engineering,ST-BCT,2026-12-20 22:00,2026-12-21 01:38,Traffic Block,Cancelled
BR008706,TASK39453,Traction,JP-ADI,2026-12-20 22:00,2026-12-21 00:20,Power Block,Rejected
BR008707,TASK90482,S&T,ST-BCT,2026-12-20 22:15,2026-12-21 02:28,Interlocking Testing Block,Completed
BR008708,TASK26434,Traction,BSR-BPL,2026-12-20 22:30,2026-12-21 03:27,OHE Maintenance Block,Requested
BR008709,TASK66201,Engineering,MGS-HWH,2026-12-20 22:30,2026-12-21 00:30,Bridge Inspection Block,Approved
BR008710,TASK13929,S&T,KGP-VSKP,2026-12-20 22:45,2026-12-21 01:48,Signal Maintenance Block,Completed
BR008711,TASK80892,S&T,BSR-BPL,2026-12-20 22:45,2026-12-21 01:36,Cable Block,Completed
BR008712,TASK54021,S&T,NDLS-UMB,2026-12-20 23:30,2026-12-21 00:31,Signal Maintenance Block,Approved
BR008713,TASK21693,Engineering,JTJ-SBC,2026-12-20 23:45,2026-12-21 04:16,Traffic Block,Approved
BR008714,TASK36112,Traction,BSR-BPL,2026-12-20 23:45,2026-12-21 00:55,Traction Feed Block,Requested
BR008715,TASK37583,S&T,ADI-BRC,2026-12-20 23:45,2026-12-21 03:58,Interlocking Testing Block,Approved
BR008716,TASK82372,Engineering,SBC-UBL,2026-12-20 23:45,2026-12-21 02:17,Bridge Inspection Block,Completed
BR008717,TASK94471,S&T,SC-NGP,2026-12-21 00:15,2026-12-21 03:30,Signal Maintenance Block,Rejected
BR008718,TASK53947,Engineering,BPL-JHS,2026-12-21 00:30,2026-12-21 04:48,Bridge Inspection Block,Approved
BR008719,TASK57714,Engineering,SBC-MAS,2026-12-21 00:30,2026-12-21 04:20,Bridge Inspection Block,Approved
BR008720,TASK33752,Engineering,NGP-BSP,2026-12-21 00:30,2026-12-21 04:04,Track Renewal Block,Requested
BR008721,TASK83243,S&T,SBC-UBL,2026-12-21 00:30,2026-12-21 03:56,Signal Maintenance Block,Approved
BR008722,TASK59696,S&T,CNB-ALD,2026-12-21 00:45,2026-12-21 04:35,Signal Maintenance Block,Approved
BR008723,TASK46424,S&T,JP-ADI,2026-12-21 00:45,2026-12-21 04:59,Interlocking Testing Block,Approved
BR008724,TASK52296,Engineering,CSMT-BSR,2026-12-21 00:45,2026-12-21 02:29,Traffic Block,Approved
BR008725,TASK80763,Traction,JU-JP,2026-12-21 00:45,2026-12-21 05:34,OHE Maintenance Block,Approved
BR008726,TASK15156,Engineering,BZA-SC,2026-12-21 01:15,2026-12-21 05:21,Bridge Inspection Block,Rejected
BR008727,TASK17553,Engineering,ST-BCT,2026-12-21 01:30,2026-12-21 05:07,Non-Interlocking Block,Approved
BR008728,TASK42864,Engineering,BZA-SC,2026-12-21 01:30,2026-12-21 03:13,Non-Interlocking Block,Approved
BR008729,TASK32777,Traction,GZB-CNB,2026-12-21 10:15,2026-12-21 11:56,OHE Maintenance Block,Approved
BR008730,TASK98796,Engineering,ADI-BRC,2026-12-21 11:30,2026-12-21 12:29,Bridge Inspection Block,Approved
BR008731,TASK62612,S&T,NDLS-UMB,2026-12-21 14:00,2026-12-21 15:04,Cable Block,Cancelled
BR008732,TASK17523,S&T,BZA-SC,2026-12-21 14:00,2026-12-21 14:56,Cable Block,Approved
BR008733,TASK55244,Engineering,NGP-BSP,2026-12-21 14:15,2026-12-21 16:13,Traffic Block,Cancelled
BR008734,TASK30718,Engineering,BSP-R,2026-12-21 15:45,2026-12-21 16:23,Non-Interlocking Block,Completed
BR008735,TASK13267,Engineering,HWH-KGP,2026-12-21 22:00,2026-12-22 01:05,Bridge Inspection Block,Approved
BR008736,TASK86288,Traction,SC-NGP,2026-12-21 22:00,2026-12-22 00:52,OHE Maintenance Block,Approved
BR008737,TASK62527,Traction,HWH-KGP,2026-12-21 22:00,2026-12-22 00:31,Traction Feed Block,Rejected
BR008738,TASK57036,S&T,NDLS-GZB,2026-12-21 22:15,2026-12-22 01:05,Interlocking Testing Block,Requested
BR008739,TASK98507,Engineering,ADI-BRC,2026-12-21 22:15,2026-12-22 01:05,Traffic Block,Approved
BR008740,TASK70165,S&T,BRC-ST,2026-12-21 22:15,2026-12-22 00:22,Interlocking Testing Block,Requested
BR008741,TASK31828,Engineering,KGP-VSKP,2026-12-21 23:00,2026-12-22 02:13,Track Renewal Block,Approved
BR008742,TASK48035,Traction,CNB-ALD,2026-12-21 23:00,2026-12-22 02:30,OHE Maintenance Block,Approved
BR008743,TASK10027,Engineering,SC-NGP,2026-12-21 23:00,2026-12-22 02:51,Non-Interlocking Block,Approved
BR008744,TASK25994,Engineering,BPL-JHS,2026-12-21 23:00,2026-12-22 02:01,Traffic Block,Requested
BR008745,TASK96977,S&T,NDLS-JHS,2026-12-21 23:15,2026-12-22 03:05,Cable Block,Approved
BR008746,TASK38651,Traction,NDLS-UMB,2026-12-21 23:15,2026-12-22 01:08,Power Block,Approved
BR008747,TASK75227,Traction,ALD-MGS,2026-12-21 23:30,2026-12-22 01:54,Power Block,Completed
BR008748,TASK13647,Engineering,ALD-MGS,2026-12-21 23:45,2026-12-22 04:24,Non-Interlocking Block,Approved
BR008749,TASK16549,Traction,BSR-BPL,2026-12-22 00:00,2026-12-22 03:20,Traction Feed Block,Requested
BR008750,TASK83457,Engineering,NDLS-GZB,2026-12-22 00:00,2026-12-22 01:56,Track Renewal Block,Approved
BR008751,TASK95634,Engineering,SBC-UBL,2026-12-22 00:00,2026-12-22 04:39,Bridge Inspection Block,Cancelled
BR008752,TASK71097,Engineering,BZA-MAS,2026-12-22 00:45,2026-12-22 04:45,Traffic Block,Approved
BR008753,TASK48083,Traction,BPL-JHS,2026-12-22 00:45,2026-12-22 04:49,OHE Maintenance Block,Approved
BR008754,TASK67630,S&T,NGP-BSP,2026-12-22 01:00,2026-12-22 05:50,Signal Maintenance Block,Approved
BR008755,TASK25995,Engineering,BZA-MAS,2026-12-22 01:15,2026-12-22 03:50,Non-Interlocking Block,Requested
BR008756,TASK32134,Engineering,SC-NGP,2026-12-22 01:15,2026-12-22 04:59,Track Renewal Block,Approved
BR008757,TASK18339,Engineering,ADI-BRC,2026-12-22 01:30,2026-12-22 02:54,Track Renewal Block,Approved
BR008758,TASK29337,S&T,NDLS-UMB,2026-12-22 01:30,2026-12-22 06:00,Signal Maintenance Block,Approved
BR008759,TASK16159,S&T,BRC-ST,2026-12-22 01:30,2026-12-22 04:53,Cable Block,Approved
BR008760,TASK45762,S&T,BZA-SC,2026-12-22 01:30,2026-12-22 06:06,Signal Maintenance Block,Completed
BR008761,TASK55287,S&T,CNB-ALD,2026-12-22 01:45,2026-12-22 05:43,Cable Block,Requested
BR008762,TASK62029,Engineering,SC-NGP,2026-12-22 01:45,2026-12-22 06:02,Track Renewal Block,Approved
BR008763,TASK56253,Engineering,ADI-BRC,2026-12-22 10:45,2026-12-22 12:11,Traffic Block,Rejected
BR008764,TASK84869,Engineering,NGP-BSP,2026-12-22 11:15,2026-12-22 11:47,Track Renewal Block,Cancelled
BR008765,TASK73814,Engineering,BSR-BPL,2026-12-22 12:30,2026-12-22 13:16,Traffic Block,Approved
BR008766,TASK93479,Engineering,JTJ-SBC,2026-12-22 22:30,2026-12-22 23:33,Track Renewal Block,Approved
BR008767,TASK82816,Engineering,HWH-KGP,2026-12-22 22:30,2026-12-23 00:57,Track Renewal Block,Rejected
BR008768,TASK16642,S&T,NDLS-JHS,2026-12-22 22:45,2026-12-23 03:28,Signal Maintenance Block,Requested
BR008769,TASK11858,Traction,SC-NGP,2026-12-22 22:45,2026-12-23 03:15,Power Block,Approved
BR008770,TASK24035,Engineering,JTJ-SBC,2026-12-22 23:00,2026-12-23 01:49,Traffic Block,Rejected
BR008771,TASK50190,Traction,VSKP-BZA,2026-12-22 23:00,2026-12-23 02:04,OHE Maintenance Block,Approved
BR008772,TASK82225,Engineering,ST-BCT,2026-12-22 23:00,2026-12-23 01:15,Track Renewal Block,Requested
BR008773,TASK52730,Traction,GZB-CNB,2026-12-22 23:00,2026-12-23 03:14,OHE Maintenance Block,Approved
BR008774,TASK89277,S&T,MGS-HWH,2026-12-22 23:15,2026-12-23 02:14,Signal Maintenance Block,Requested
BR008775,TASK15241,Engineering,HWH-KGP,2026-12-22 23:30,2026-12-23 01:54,Track Renewal Block,Completed
BR008776,TASK43582,Engineering,DLI-JU,2026-12-22 23:30,2026-12-23 02:03,Bridge Inspection Block,Completed
BR008777,TASK94541,S&T,PUNE-CSMT,2026-12-22 23:30,2026-12-23 01:49,Interlocking Testing Block,Approved
BR008778,TASK67416,Engineering,NGP-BSP,2026-12-22 23:45,2026-12-23 03:21,Track Renewal Block,Approved
BR008779,TASK17579,Engineering,NJP-GHY,2026-12-22 23:45,2026-12-23 04:00,Bridge Inspection Block,Approved
BR008780,TASK43702,S&T,KGP-VSKP,2026-12-23 00:00,2026-12-23 01:15,Signal Maintenance Block,Approved
BR008781,TASK24432,Engineering,ALD-MGS,2026-12-23 00:00,2026-12-23 04:38,Non-Interlocking Block,Approved
BR008782,TASK76053,S&T,NDLS-GZB,2026-12-23 00:15,2026-12-23 01:32,Cable Block,Approved
BR008783,TASK34831,Traction,NDLS-GZB,2026-12-23 00:30,2026-12-23 02:56,OHE Maintenance Block,Approved
BR008784,TASK97777,Traction,NGP-BSP,2026-12-23 00:30,2026-12-23 03:28,Traction Feed Block,Approved
BR008785,TASK19594,Engineering,HWH-KGP,2026-12-23 00:30,2026-12-23 05:27,Track Renewal Block,Requested
BR008786,TASK59565,Engineering,NDLS-UMB,2026-12-23 00:30,2026-12-23 04:02,Non-Interlocking Block,Approved
BR008787,TASK24802,Traction,HWH-NJP,2026-12-23 00:45,2026-12-23 02:22,Traction Feed Block,Requested
BR008788,TASK66106,Traction,JTJ-SBC,2026-12-23 00:45,2026-12-23 03:01,OHE Maintenance Block,Approved
BR008789,TASK18972,Engineering,MGS-HWH,2026-12-23 01:00,2026-12-23 03:16,Traffic Block,Cancelled
BR008790,TASK28975,Traction,BZA-MAS,2026-12-23 01:00,2026-12-23 02:49,Power Block,Approved
BR008791,TASK94728,Traction,HWH-KGP,2026-12-23 01:15,2026-12-23 05:30,Traction Feed Block,Approved
BR008792,TASK49954,Engineering,BSR-BPL,2026-12-23 01:15,2026-12-23 03:18,Track Renewal Block,Approved
BR008793,TASK13482,S&T,HWH-KGP,2026-12-23 11:15,2026-12-23 12:02,Cable Block,Approved
BR008794,TASK28127,S&T,HWH-KGP,2026-12-23 11:30,2026-12-23 12:49,Cable Block,Approved
BR008795,TASK45442,Engineering,MAS-JTJ,2026-12-23 12:15,2026-12-23 12:53,Bridge Inspection Block,Approved
BR008796,TASK12298,Engineering,CSMT-BSR,2026-12-23 14:15,2026-12-23 14:54,Track Renewal Block,Rejected
BR008797,TASK85165,Traction,SC-NGP,2026-12-23 14:15,2026-12-23 15:32,Power Block,Completed
BR008798,TASK78775,Engineering,GZB-CNB,2026-12-23 14:30,2026-12-23 15:59,Traffic Block,Approved
BR008799,TASK44735,Traction,BZA-SC,2026-12-23 22:30,2026-12-24 00:47,OHE Maintenance Block,Rejected
BR008800,TASK26014,S&T,SC-NGP,2026-12-23 22:30,2026-12-24 03:08,Cable Block,Approved
BR008801,TASK55148,Traction,CSMT-BSR,2026-12-23 22:30,2026-12-24 00:25,Power Block,Rejected
BR008802,TASK49503,S&T,MGS-HWH,2026-12-23 22:30,2026-12-23 23:50,Signal Maintenance Block,Rejected
BR008803,TASK35564,Engineering,HWH-NJP,2026-12-23 22:45,2026-12-24 02:54,Bridge Inspection Block,Approved
BR008804,TASK59785,Engineering,HWH-NJP,2026-12-23 22:45,2026-12-24 02:35,Traffic Block,Completed
BR008805,TASK59031,Engineering,SBC-UBL,2026-12-23 22:45,2026-12-24 00:41,Bridge Inspection Block,Approved
BR008806,TASK14245,Traction,VSKP-BZA,2026-12-23 23:00,2026-12-24 01:28,Power Block,Approved
BR008807,TASK32114,Traction,NJP-GHY,2026-12-23 23:00,2026-12-24 03:25,OHE Maintenance Block,Completed
BR008808,TASK63719,Engineering,ADI-BRC,2026-12-23 23:15,2026-12-24 03:04,Traffic Block,Approved
BR008809,TASK92474,Traction,BZA-MAS,2026-12-23 23:30,2026-12-24 03:46,Power Block,Requested
BR008810,TASK48309,S&T,CSMT-BSR,2026-12-23 23:30,2026-12-24 03:44,Cable Block,Rejected
BR008811,TASK99682,S&T,CSMT-BSR,2026-12-23 23:30,2026-12-24 01:16,Interlocking Testing Block,Approved
BR008812,TASK61360,S&T,SC-NGP,2026-12-24 00:00,2026-12-24 03:54,Interlocking Testing Block,Approved
BR008813,TASK69292,Traction,BSR-BPL,2026-12-24 00:00,2026-12-24 03:20,OHE Maintenance Block,Completed
BR008814,TASK86780,Engineering,BSR-BPL,2026-12-24 00:45,2026-12-24 02:34,Track Renewal Block,Requested
BR008815,TASK16941,Traction,BSR-BPL,2026-12-24 00:45,2026-12-24 03:17,OHE Maintenance Block,Completed
BR008816,TASK34992,Engineering,SC-NGP,2026-12-24 01:00,2026-12-24 04:52,Bridge Inspection Block,Approved
BR008817,TASK44475,Engineering,NDLS-ASR,2026-12-24 01:15,2026-12-24 03:58,Bridge Inspection Block,Approved
BR008818,TASK90605,S&T,HWH-NJP,2026-12-24 01:30,2026-12-24 04:35,Cable Block,Cancelled
BR008819,TASK86501,Engineering,GZB-CNB,2026-12-24 01:30,2026-12-24 05:33,Non-Interlocking Block,Rejected
BR008820,TASK18877,Engineering,HWH-KGP,2026-12-24 01:30,2026-12-24 03:15,Traffic Block,Completed
BR008821,TASK32959,Traction,DLI-JU,2026-12-24 01:45,2026-12-24 06:04,Power Block,Rejected
BR008822,TASK74043,Engineering,NGP-BSP,2026-12-24 10:30,2026-12-24 11:06,Traffic Block,Approved
BR008823,TASK60396,Engineering,BSR-BPL,2026-12-24 11:15,2026-12-24 12:58,Traffic Block,Approved
BR008824,TASK52242,S&T,NDLS-ASR,2026-12-24 11:45,2026-12-24 13:20,Cable Block,Requested
BR008825,TASK38192,Traction,SBC-MAS,2026-12-24 12:00,2026-12-24 13:32,Power Block,Approved
BR008826,TASK19660,S&T,NDLS-UMB,2026-12-24 12:00,2026-12-24 12:51,Interlocking Testing Block,Rejected
BR008827,TASK98601,Traction,SBC-UBL,2026-12-24 13:15,2026-12-24 15:05,Traction Feed Block,Approved
BR008828,TASK82945,Engineering,JTJ-SBC,2026-12-24 15:15,2026-12-24 16:43,Traffic Block,Approved
BR008829,TASK24267,Traction,DLI-JU,2026-12-24 15:30,2026-12-24 16:49,Power Block,Approved
BR008830,TASK47785,Engineering,BPL-JHS,2026-12-24 22:30,2026-12-25 00:14,Non-Interlocking Block,Completed
BR008831,TASK88202,Engineering,BZA-SC,2026-12-24 22:45,2026-12-25 03:41,Traffic Block,Cancelled
BR008832,TASK78315,Traction,NJP-GHY,2026-12-24 23:00,2026-12-25 01:17,Power Block,Approved
BR008833,TASK25073,S&T,JP-ADI,2026-12-24 23:15,2026-12-25 00:53,Interlocking Testing Block,Requested
BR008834,TASK82545,Engineering,CSMT-BSR,2026-12-24 23:30,2026-12-25 00:54,Bridge Inspection Block,Approved
BR008835,TASK66529,Engineering,SBC-UBL,2026-12-24 23:45,2026-12-25 03:44,Traffic Block,Approved
BR008836,TASK78301,Traction,CNB-ALD,2026-12-24 23:45,2026-12-25 03:20,Traction Feed Block,Rejected
BR008837,TASK60518,Traction,MAS-JTJ,2026-12-24 23:45,2026-12-25 03:40,Traction Feed Block,Rejected
BR008838,TASK60690,Engineering,HWH-KGP,2026-12-25 00:00,2026-12-25 02:35,Traffic Block,Approved
BR008839,TASK86729,S&T,HWH-KGP,2026-12-25 00:30,2026-12-25 02:21,Signal Maintenance Block,Approved
BR008840,TASK57550,Traction,ADI-BRC,2026-12-25 00:45,2026-12-25 04:10,Power Block,Completed
BR008841,TASK49659,S&T,HWH-NJP,2026-12-25 01:00,2026-12-25 03:38,Interlocking Testing Block,Approved
BR008842,TASK30601,S&T,JU-JP,2026-12-25 01:00,2026-12-25 05:17,Interlocking Testing Block,Requested
BR008843,TASK42827,Engineering,SBC-UBL,2026-12-25 01:15,2026-12-25 04:59,Non-Interlocking Block,Requested
BR008844,TASK67335,Traction,NGP-BSP,2026-12-25 01:30,2026-12-25 03:44,Power Block,Approved
BR008845,TASK43684,Engineering,BSR-BPL,2026-12-25 10:45,2026-12-25 11:58,Bridge Inspection Block,Cancelled
BR008846,TASK26812,Traction,MAS-JTJ,2026-12-25 12:00,2026-12-25 12:42,Power Block,Completed
BR008847,TASK59447,Engineering,BRC-ST,2026-12-25 12:00,2026-12-25 12:46,Bridge Inspection Block,Approved
BR008848,TASK23162,Engineering,MGS-HWH,2026-12-25 22:00,2026-12-26 00:53,Bridge Inspection Block,Approved
BR008849,TASK61767,Engineering,BRC-ST,2026-12-25 22:15,2026-12-26 02:31,Track Renewal Block,Approved
BR008850,TASK68069,S&T,NGP-BSP,2026-12-25 22:15,2026-12-26 02:38,Cable Block,Approved
BR008851,TASK99564,Traction,BSP-R,2026-12-25 22:30,2026-12-26 02:30,OHE Maintenance Block,Approved
BR008852,TASK36353,S&T,JU-JP,2026-12-25 22:30,2026-12-26 00:44,Signal Maintenance Block,Approved
BR008853,TASK30663,Traction,BZA-MAS,2026-12-25 22:30,2026-12-26 00:37,Power Block,Cancelled
BR008854,TASK91947,S&T,NDLS-JHS,2026-12-25 22:30,2026-12-26 02:12,Cable Block,Approved
BR008855,TASK40290,Engineering,ADI-BRC,2026-12-25 22:30,2026-12-26 02:58,Traffic Block,Rejected
BR008856,TASK65622,Engineering,BSR-BPL,2026-12-25 22:45,2026-12-26 00:22,Bridge Inspection Block,Approved
BR008857,TASK89993,Traction,NGP-BSP,2026-12-25 23:15,2026-12-26 01:41,Traction Feed Block,Approved
BR008858,TASK18685,Engineering,JTJ-SBC,2026-12-25 23:15,2026-12-26 02:25,Track Renewal Block,Completed
BR008859,TASK12805,S&T,NDLS-GZB,2026-12-25 23:30,2026-12-26 03:56,Cable Block,Approved
BR008860,TASK19649,Engineering,NDLS-GZB,2026-12-25 23:30,2026-12-26 03:26,Traffic Block,Approved
BR008861,TASK73175,S&T,CNB-ALD,2026-12-25 23:30,2026-12-26 02:34,Interlocking Testing Block,Approved
BR008862,TASK45497,Traction,SBC-MAS,2026-12-25 23:45,2026-12-26 02:56,OHE Maintenance Block,Requested
BR008863,TASK93832,Traction,ADI-BRC,2026-12-25 23:45,2026-12-26 02:20,OHE Maintenance Block,Approved
BR008864,TASK90854,Traction,NJP-GHY,2026-12-26 00:00,2026-12-26 01:45,Power Block,Completed
BR008865,TASK43609,Engineering,PUNE-CSMT,2026-12-26 00:00,2026-12-26 04:30,Track Renewal Block,Rejected
BR008866,TASK65272,Engineering,NDLS-JHS,2026-12-26 00:15,2026-12-26 05:02,Track Renewal Block,Completed
BR008867,TASK69211,Traction,JP-ADI,2026-12-26 00:30,2026-12-26 02:43,OHE Maintenance Block,Approved
BR008868,TASK53398,S&T,UBL-PUNE,2026-12-26 00:30,2026-12-26 04:17,Interlocking Testing Block,Approved
BR008869,TASK40652,Engineering,BZA-MAS,2026-12-26 01:15,2026-12-26 03:33,Non-Interlocking Block,Approved
BR008870,TASK62749,Traction,HWH-KGP,2026-12-26 01:15,2026-12-26 03:56,Traction Feed Block,Rejected
BR008871,TASK10817,S&T,JTJ-SBC,2026-12-26 01:30,2026-12-26 05:51,Interlocking Testing Block,Rejected
BR008872,TASK66071,S&T,SC-NGP,2026-12-26 01:30,2026-12-26 02:31,Interlocking Testing Block,Approved
BR008873,TASK44193,S&T,GZB-CNB,2026-12-26 01:30,2026-12-26 05:38,Interlocking Testing Block,Approved
BR008874,TASK39940,S&T,UBL-PUNE,2026-12-26 01:45,2026-12-26 04:00,Interlocking Testing Block,Requested
BR008875,TASK95660,Traction,ALD-MGS,2026-12-26 01:45,2026-12-26 03:30,Power Block,Completed
BR008876,TASK45110,Engineering,NDLS-UMB,2026-12-26 10:15,2026-12-26 11:56,Bridge Inspection Block,Rejected
BR008877,TASK52617,S&T,JTJ-SBC,2026-12-26 10:15,2026-12-26 12:11,Signal Maintenance Block,Approved
BR008878,TASK64438,S&T,NDLS-JHS,2026-12-26 10:30,2026-12-26 11:03,Cable Block,Approved
BR008879,TASK61821,Engineering,MGS-HWH,2026-12-26 12:00,2026-12-26 13:48,Track Renewal Block,Approved
BR008880,TASK37037,S&T,NGP-BSP,2026-12-26 12:45,2026-12-26 13:56,Interlocking Testing Block,Approved
BR008881,TASK94387,Engineering,CSMT-BSR,2026-12-26 13:45,2026-12-26 14:50,Bridge Inspection Block,Requested
BR008882,TASK69564,Engineering,SBC-MAS,2026-12-26 14:15,2026-12-26 16:07,Traffic Block,Approved
BR008883,TASK74185,Engineering,NDLS-JHS,2026-12-26 15:45,2026-12-26 16:21,Track Renewal Block,Requested
BR008884,TASK60456,S&T,BSR-BPL,2026-12-26 22:00,2026-12-26 23:07,Cable Block,Approved
BR008885,TASK57924,Traction,MGS-HWH,2026-12-26 22:00,2026-12-27 02:05,OHE Maintenance Block,Approved
BR008886,TASK11534,Engineering,HWH-KGP,2026-12-26 22:00,2026-12-27 01:57,Traffic Block,Approved
BR008887,TASK82193,Engineering,HWH-KGP,2026-12-26 22:15,2026-12-27 01:04,Non-Interlocking Block,Completed
BR008888,TASK62384,Traction,JTJ-SBC,2026-12-26 22:15,2026-12-27 02:44,OHE Maintenance Block,Completed
BR008889,TASK28549,Traction,CSMT-BSR,2026-12-26 22:45,2026-12-27 03:25,OHE Maintenance Block,Approved
BR008890,TASK29986,Engineering,BZA-SC,2026-12-26 23:00,2026-12-27 02:34,Bridge Inspection Block,Rejected
BR008891,TASK72101,S&T,CNB-ALD,2026-12-26 23:00,2026-12-27 02:54,Interlocking Testing Block,Approved
BR008892,TASK41491,Engineering,PUNE-CSMT,2026-12-26 23:00,2026-12-27 01:34,Bridge Inspection Block,Requested
BR008893,TASK90272,S&T,NDLS-UMB,2026-12-26 23:30,2026-12-27 02:50,Cable Block,Approved
BR008894,TASK66767,Engineering,HWH-NJP,2026-12-26 23:30,2026-12-27 02:37,Traffic Block,Approved
BR008895,TASK44690,S&T,NDLS-GZB,2026-12-26 23:30,2026-12-27 03:24,Interlocking Testing Block,Approved
BR008896,TASK35954,Traction,HWH-KGP,2026-12-27 00:00,2026-12-27 03:33,OHE Maintenance Block,Requested
BR008897,TASK64138,S&T,NGP-BSP,2026-12-27 00:00,2026-12-27 04:37,Signal Maintenance Block,Requested
BR008898,TASK45819,Engineering,MGS-HWH,2026-12-27 00:00,2026-12-27 03:21,Non-Interlocking Block,Completed
BR008899,TASK52441,Engineering,BSP-R,2026-12-27 00:00,2026-12-27 03:35,Non-Interlocking Block,Approved
BR008900,TASK94856,Engineering,SBC-UBL,2026-12-27 00:15,2026-12-27 03:08,Track Renewal Block,Requested
BR008901,TASK23822,Engineering,HWH-KGP,2026-12-27 00:15,2026-12-27 01:36,Traffic Block,Approved
BR008902,TASK22011,Traction,BZA-MAS,2026-12-27 00:30,2026-12-27 03:23,Power Block,Completed
BR008903,TASK46282,Engineering,UBL-PUNE,2026-12-27 00:45,2026-12-27 03:11,Traffic Block,Approved
BR008904,TASK16531,Engineering,ADI-BRC,2026-12-27 00:45,2026-12-27 03:29,Traffic Block,Approved
BR008905,TASK20787,Engineering,ST-BCT,2026-12-27 01:00,2026-12-27 02:26,Non-Interlocking Block,Approved
BR008906,TASK16607,Traction,BZA-MAS,2026-12-27 01:00,2026-12-27 05:57,OHE Maintenance Block,Requested
BR008907,TASK92331,Engineering,JTJ-SBC,2026-12-27 01:15,2026-12-27 05:31,Traffic Block,Approved
BR008908,TASK13744,Engineering,BRC-ST,2026-12-27 01:30,2026-12-27 04:23,Non-Interlocking Block,Approved
BR008909,TASK71603,Engineering,BSR-BPL,2026-12-27 01:45,2026-12-27 06:19,Track Renewal Block,Approved
BR008910,TASK90900,Engineering,BZA-MAS,2026-12-27 10:45,2026-12-27 12:01,Bridge Inspection Block,Approved
BR008911,TASK37893,Traction,BPL-JHS,2026-12-27 12:30,2026-12-27 13:57,Power Block,Rejected
BR008912,TASK88550,Engineering,KGP-VSKP,2026-12-27 13:30,2026-12-27 15:24,Bridge Inspection Block,Cancelled
BR008913,TASK10550,Traction,GZB-CNB,2026-12-27 22:15,2026-12-28 01:15,OHE Maintenance Block,Approved
BR008914,TASK76154,S&T,UBL-PUNE,2026-12-27 22:45,2026-12-28 03:37,Interlocking Testing Block,Approved
BR008915,TASK95911,S&T,UBL-PUNE,2026-12-27 22:45,2026-12-28 01:19,Signal Maintenance Block,Approved
BR008916,TASK78276,Traction,JTJ-SBC,2026-12-27 22:45,2026-12-28 01:51,Traction Feed Block,Completed
BR008917,TASK32803,Traction,KGP-VSKP,2026-12-27 22:45,2026-12-28 02:59,Traction Feed Block,Approved
BR008918,TASK40749,Engineering,MGS-HWH,2026-12-27 23:00,2026-12-28 00:43,Traffic Block,Approved
BR008919,TASK93792,Engineering,CSMT-BSR,2026-12-27 23:15,2026-12-28 00:39,Traffic Block,Requested
BR008920,TASK24872,S&T,ALD-MGS,2026-12-27 23:30,2026-12-28 00:47,Interlocking Testing Block,Approved
BR008921,TASK42585,Traction,KGP-VSKP,2026-12-27 23:30,2026-12-28 02:50,Power Block,Cancelled
BR008922,TASK74804,Engineering,BZA-MAS,2026-12-27 23:30,2026-12-28 03:51,Track Renewal Block,Approved
BR008923,TASK48043,Engineering,GZB-CNB,2026-12-27 23:45,2026-12-28 00:48,Bridge Inspection Block,Completed
BR008924,TASK28988,Engineering,MAS-JTJ,2026-12-27 23:45,2026-12-28 01:59,Traffic Block,Completed
BR008925,TASK92084,S&T,VSKP-BZA,2026-12-28 00:00,2026-12-28 04:09,Signal Maintenance Block,Approved
BR008926,TASK87713,Engineering,ST-BCT,2026-12-28 00:15,2026-12-28 02:28,Non-Interlocking Block,Approved
BR008927,TASK17180,S&T,GZB-CNB,2026-12-28 00:30,2026-12-28 03:44,Cable Block,Approved
BR008928,TASK22495,Engineering,NGP-BSP,2026-12-28 00:45,2026-12-28 03:40,Traffic Block,Requested
BR008929,TASK13811,Engineering,HWH-KGP,2026-12-28 00:45,2026-12-28 05:33,Traffic Block,Approved
BR008930,TASK98247,Engineering,NDLS-GZB,2026-12-28 00:45,2026-12-28 04:57,Bridge Inspection Block,Approved
BR008931,TASK95856,Traction,KGP-VSKP,2026-12-28 14:15,2026-12-28 15:19,Traction Feed Block,Requested
BR008932,TASK10110,S&T,NJP-GHY,2026-12-28 15:15,2026-12-28 17:06,Interlocking Testing Block,Approved
BR008933,TASK98957,Engineering,HWH-KGP,2026-12-28 22:15,2026-12-29 02:01,Bridge Inspection Block,Rejected
BR008934,TASK31721,Engineering,MGS-HWH,2026-12-28 22:15,2026-12-29 00:35,Traffic Block,Approved
BR008935,TASK14416,Engineering,NGP-BSP,2026-12-28 23:15,2026-12-29 00:35,Track Renewal Block,Approved
BR008936,TASK51486,Engineering,ST-BCT,2026-12-28 23:45,2026-12-29 02:11,Track Renewal Block,Cancelled
BR008937,TASK88983,S&T,CSMT-BSR,2026-12-28 23:45,2026-12-29 01:00,Cable Block,Requested
BR008938,TASK21104,S&T,GZB-CNB,2026-12-29 00:15,2026-12-29 04:55,Interlocking Testing Block,Approved
BR008939,TASK91438,Engineering,HWH-NJP,2026-12-29 00:30,2026-12-29 02:12,Traffic Block,Approved
BR008940,TASK71217,Engineering,CSMT-BSR,2026-12-29 00:45,2026-12-29 04:34,Track Renewal Block,Completed
BR008941,TASK69756,S&T,VSKP-BZA,2026-12-29 00:45,2026-12-29 02:33,Interlocking Testing Block,Completed
BR008942,TASK84835,Engineering,SBC-UBL,2026-12-29 00:45,2026-12-29 02:52,Track Renewal Block,Completed
BR008943,TASK20040,Engineering,BZA-MAS,2026-12-29 00:45,2026-12-29 03:07,Track Renewal Block,Rejected
BR008944,TASK32364,Engineering,NDLS-GZB,2026-12-29 01:00,2026-12-29 04:01,Traffic Block,Approved
BR008945,TASK78179,Traction,ALD-MGS,2026-12-29 01:30,2026-12-29 04:39,OHE Maintenance Block,Cancelled
BR008946,TASK85085,Engineering,GZB-CNB,2026-12-29 01:45,2026-12-29 03:28,Traffic Block,Approved
BR008947,TASK95305,Traction,UBL-PUNE,2026-12-29 10:15,2026-12-29 11:41,Traction Feed Block,Completed
BR008948,TASK41849,Engineering,MGS-HWH,2026-12-29 10:45,2026-12-29 11:38,Track Renewal Block,Cancelled
BR008949,TASK37693,Traction,NDLS-ASR,2026-12-29 10:45,2026-12-29 11:23,Traction Feed Block,Cancelled
BR008950,TASK16974,Traction,CSMT-BSR,2026-12-29 11:00,2026-12-29 12:43,OHE Maintenance Block,Approved
BR008951,TASK93394,Engineering,MGS-HWH,2026-12-29 11:00,2026-12-29 12:31,Track Renewal Block,Completed
BR008952,TASK12394,S&T,NDLS-UMB,2026-12-29 11:45,2026-12-29 13:11,Signal Maintenance Block,Approved
BR008953,TASK85327,Traction,JTJ-SBC,2026-12-29 13:45,2026-12-29 15:29,Power Block,Approved
BR008954,TASK76648,S&T,BSR-BPL,2026-12-29 14:45,2026-12-29 16:43,Signal Maintenance Block,Requested
BR008955,TASK27043,Engineering,SBC-UBL,2026-12-29 15:00,2026-12-29 16:42,Bridge Inspection Block,Completed
BR008956,TASK93189,S&T,ADI-BRC,2026-12-29 22:00,2026-12-30 02:12,Interlocking Testing Block,Requested
BR008957,TASK94819,Engineering,NDLS-UMB,2026-12-29 22:30,2026-12-30 01:14,Track Renewal Block,Cancelled
BR008958,TASK92998,Traction,JU-JP,2026-12-29 22:30,2026-12-30 01:14,Power Block,Approved
BR008959,TASK57989,Engineering,ADI-BRC,2026-12-29 23:15,2026-12-30 03:51,Bridge Inspection Block,Approved
BR008960,TASK80763,Engineering,HWH-KGP,2026-12-29 23:30,2026-12-30 03:43,Bridge Inspection Block,Completed
BR008961,TASK89829,S&T,BSR-BPL,2026-12-29 23:30,2026-12-30 03:59,Interlocking Testing Block,Approved
BR008962,TASK50477,Engineering,BSP-R,2026-12-29 23:30,2026-12-30 00:57,Non-Interlocking Block,Rejected
BR008963,TASK83525,S&T,BSR-BPL,2026-12-29 23:45,2026-12-30 02:03,Signal Maintenance Block,Approved
BR008964,TASK53826,Engineering,MGS-HWH,2026-12-30 00:00,2026-12-30 04:00,Track Renewal Block,Requested
BR008965,TASK53899,S&T,BZA-MAS,2026-12-30 00:00,2026-12-30 02:03,Interlocking Testing Block,Completed
BR008966,TASK61433,Engineering,NGP-BSP,2026-12-30 00:00,2026-12-30 01:22,Bridge Inspection Block,Approved
BR008967,TASK24798,Traction,ADI-BRC,2026-12-30 00:30,2026-12-30 04:10,Power Block,Approved
BR008968,TASK80236,S&T,BPL-JHS,2026-12-30 01:00,2026-12-30 03:44,Interlocking Testing Block,Completed
BR008969,TASK91941,Engineering,CSMT-BSR,2026-12-30 01:00,2026-12-30 04:21,Non-Interlocking Block,Approved
BR008970,TASK78989,S&T,SBC-UBL,2026-12-30 22:00,2026-12-31 02:53,Signal Maintenance Block,Approved
BR008971,TASK77003,S&T,VSKP-BZA,2026-12-30 22:15,2026-12-30 23:53,Cable Block,Approved
BR008972,TASK43494,Engineering,NDLS-UMB,2026-12-30 22:30,2026-12-31 01:39,Non-Interlocking Block,Completed
BR008973,TASK61797,Traction,CNB-ALD,2026-12-30 22:30,2026-12-31 01:42,Power Block,Approved
BR008974,TASK11847,S&T,UBL-PUNE,2026-12-30 22:30,2026-12-30 23:33,Signal Maintenance Block,Approved
BR008975,TASK35651,Engineering,MGS-HWH,2026-12-30 22:30,2026-12-31 03:08,Non-Interlocking Block,Completed
BR008976,TASK38111,Engineering,BZA-MAS,2026-12-30 22:45,2026-12-31 02:38,Bridge Inspection Block,Approved
BR008977,TASK59939,Traction,ALD-MGS,2026-12-30 23:00,2026-12-31 03:03,Traction Feed Block,Approved
BR008978,TASK17910,Engineering,ST-BCT,2026-12-30 23:00,2026-12-31 00:23,Non-Interlocking Block,Requested
BR008979,TASK73016,S&T,ADI-BRC,2026-12-30 23:15,2026-12-31 00:57,Interlocking Testing Block,Completed
BR008980,TASK46858,S&T,GZB-CNB,2026-12-30 23:30,2026-12-31 01:11,Signal Maintenance Block,Approved
BR008981,TASK40895,Engineering,HWH-KGP,2026-12-30 23:45,2026-12-31 02:18,Non-Interlocking Block,Completed
BR008982,TASK67226,Engineering,BZA-MAS,2026-12-30 23:45,2026-12-31 03:31,Traffic Block,Approved
BR008983,TASK75370,S&T,UBL-PUNE,2026-12-30 23:45,2026-12-31 04:18,Signal Maintenance Block,Completed
BR008984,TASK91705,Engineering,CSMT-BSR,2026-12-31 00:00,2026-12-31 04:54,Track Renewal Block,Requested
BR008985,TASK56849,S&T,KGP-VSKP,2026-12-31 00:30,2026-12-31 05:09,Cable Block,Approved
BR008986,TASK83444,S&T,BZA-MAS,2026-12-31 00:45,2026-12-31 02:56,Cable Block,Requested
BR008987,TASK35587,Engineering,BZA-MAS,2026-12-31 01:00,2026-12-31 02:58,Bridge Inspection Block,Approved
BR008988,TASK23722,Engineering,JTJ-SBC,2026-12-31 01:15,2026-12-31 03:17,Non-Interlocking Block,Approved
BR008989,TASK16181,S&T,BZA-MAS,2026-12-31 01:15,2026-12-31 02:33,Interlocking Testing Block,Requested
BR008990,TASK48464,Engineering,DLI-JU,2026-12-31 01:15,2026-12-31 04:20,Traffic Block,Rejected
BR008991,TASK83123,Traction,GZB-CNB,2026-12-31 01:45,2026-12-31 05:54,Traction Feed Block,Approved
BR008992,TASK62074,S&T,HWH-KGP,2026-12-31 01:45,2026-12-31 06:26,Signal Maintenance Block,Approved
BR008993,TASK30879,S&T,NDLS-GZB,2026-12-31 01:45,2026-12-31 04:22,Interlocking Testing Block,Requested
BR008994,TASK96364,Engineering,NDLS-GZB,2026-12-31 10:30,2026-12-31 11:37,Bridge Inspection Block,Approved
BR008995,TASK92251,Engineering,BRC-ST,2026-12-31 15:00,2026-12-31 16:24,Bridge Inspection Block,Cancelled
BR008996,TASK51954,S&T,MGS-HWH,2026-12-31 15:00,2026-12-31 15:45,Interlocking Testing Block,Requested
BR008997,TASK16623,Engineering,BZA-SC,2026-12-31 15:30,2026-12-31 17:19,Bridge Inspection Block,Approved
BR008998,TASK54362,Engineering,BSR-BPL,2026-12-31 22:15,2027-01-01 02:06,Track Renewal Block,Cancelled
BR008999,TASK39739,Engineering,ST-BCT,2026-12-31 22:30,2026-12-31 23:37,Track Renewal Block,Approved
BR009000,TASK10692,S&T,NDLS-JHS,2026-12-31 22:45,2027-01-01 03:36,Signal Maintenance Block,Approved
