corridor_id,date,available_start,available_end,restriction,power_isolation_required
NDLS-GZB,2026-01-01,23:00,02:00,"No block during peak hours 06:00-10:00,17:00-21:00",No
NDLS-GZB,2026-01-02,23:00,02:00,"No block during peak hours 06:00-10:00,17:00-21:00",Yes
NDLS-GZB,2026-01-03,23:00,03:00,Max 1 block per night,Yes
NDLS-GZB,2026-01-04,23:00,03:00,"No block during peak hours 06:00-10:00,17:00-21:00",Yes
NDLS-GZB,2026-01-05,23:00,02:00,Max 1 block per night,Yes
NDLS-GZB,2026-01-06,23:00,02:00,Max 1 block per night,No
NDLS-GZB,2026-01-07,23:00,02:00,Max 1 block per night,Yes
NDLS-GZB,2026-01-08,23:00,02:00,"No block during peak hours 06:00-10:00,17:00-21:00",Yes
NDLS-GZB,2026-01-09,23:00,02:00,Max 1 block per night,Yes
NDLS-GZB,2026-01-10,23:00,03:00,Single line working only,No
NDLS-GZB,2026-01-11,23:00,03:00,Max 1 block per night,Yes
NDLS-GZB,2026-01-12,23:00,02:00,Reduced window due to festival traffic,No
NDLS-GZB,2026-01-13,23:00,02:00,Max 1 block per night,Yes
NDLS-GZB,2026-01-14,23:00,02:00,"No block during peak hours 06:00-10:00,17:00-21:00",Yes
NDLS-GZB,2026-01-15,23:00,02:00,Single line working only,Yes
NDLS-GZB,2026-01-16,23:00,02:00,Max 1 block per night,Yes
NDLS-GZB,2026-01-17,23:00,03:00,Max 1 block per night,No
NDLS-GZB,2026-01-18,23:00,03:00,"No block during peak hours 06:00-10:00,17:00-21:00",No
NDLS-GZB,2026-01-19,23:00,02:00,"No block during peak hours 06:00-10:00,17:00-21:00",No
NDLS-GZB,2026-01-20,23:00,02:00,"No block during peak hours 06:00-10:00,17:00-21:00",Yes
NDLS-GZB,2026-01-21,23:00,02:00,Single line working only,Yes
NDLS-GZB,2026-01-22,23:00,02:00,"No block during peak hours 06:00-10:00,17:00-21:00",Yes
NDLS-GZB,2026-01-23,23:00,02:00,Single line working only,No
NDLS-GZB,2026-01-24,23:00,03:00,Block suspended - VIP movement,Yes
NDLS-GZB,2026-01-25,23:00,03:00,Max 1 block per night,No
NDLS-GZB,2026-01-26,23:00,02:00,"No block during peak hours 06:00-10:00,17:00-21:00",Yes
NDLS-GZB,2026-01-27,23:00,02:00,Single line working only,No
NDLS-GZB,2026-01-28,23:00,02:00,Max 1 block per night,Yes
NDLS-GZB,2026-01-29,23:00,02:00,"No block during peak hours 06:00-10:00,17:00-21:00",Yes
NDLS-GZB,2026-01-30,23:00,02:00,Single line working only,No
NDLS-GZB,2026-01-31,23:00,03:00,"No block during peak hours 06:00-10:00,17:00-21:00",No
NDLS-GZB,2026-02-01,23:00,03:00,"No block during peak hours 06:00-10:00,17:00-21:00",Yes
NDLS-GZB,2026-02-02,23:00,02:00,"No block during peak hours 06:00-10:00,17:00-21:00",No
NDLS-GZB,2026-02-03,23:00,02:00,Reduced window due to festival traffic,No
NDLS-GZB,2026-02-04,23:00,02:00,Max 1 block per night,No
NDLS-GZB,2026-02-05,23:00,02:00,Single line working only,Yes
NDLS-GZB,2026-02-06,23:00,02:00,"No block during peak hours 06:00-10:00,17:00-21:00",Yes
NDLS-GZB,2026-02-07,23:00,03:00,Single line working only,Yes
NDLS-GZB,2026-02-08,23:00,03:00,Max 1 block per night,No
NDLS-GZB,2026-02-09,23:00,02:00,"No block during peak hours 06:00-10:00,17:00-21:00",Yes
NDLS-GZB,2026-02-10,23:00,02:00,Single line working only,Yes
NDLS-GZB,2026-02-11,23:00,02:00,Max 1 block per night,No
NDLS-GZB,2026-02-12,23:00,02:00,Single line working only,No
NDLS-GZB,2026-02-13,23:00,02:00,"No block during peak hours 06:00-10:00,17:00-21:00",Yes
NDLS-GZB,2026-02-14,23:00,03:00,Reduced window due to festival traffic,Yes
NDLS-GZB,2026-02-15,23:00,03:00,Max 1 block per night,Yes
NDLS-GZB,2026-02-16,23:00,02:00,"No block during peak hours 06:00-10:00,17:00-21:00",Yes
NDLS-GZB,2026-02-17,23:00,02:00,Single line working only,Yes
NDLS-GZB,2026-02-18,23:00,02:00,Max 1 block per night,Yes
NDLS-GZB,2026-02-19,23:00,02:00,"No block during peak hours 06:00-10:00,17:00-21:00",No
NDLS-GZB,2026-02-20,23:00,02:00,"No block during peak hours 06:00-10:00,17:00-21:00",No
NDLS-GZB,2026-02-21,23:00,03:00,"No block during peak hours 06:00-10:00,17:00-21:00",No
NDLS-GZB,2026-02-22,23:00,03:00,"No block during peak hours 06:00-10:00,17:00-21:00",No
NDLS-GZB,2026-02-23,23:00,02:00,Single line working only,No
NDLS-GZB,2026-02-24,23:00,02:00,"No block during peak hours 06:00-10:00,17:00-21:00",No
NDLS-GZB,2026-02-25,23:00,02:00,Max 1 block per night,Yes
NDLS-GZB,2026-02-26,23:00,02:00,Block suspended - VIP movement,No
NDLS-GZB,2026-02-27,23:00,02:00,No restriction,Yes
NDLS-GZB,2026-02-28,23:00,03:00,"No block during peak hours 06:00-10:00,17:00-21:00",No
NDLS-GZB,2026-03-01,23:00,03:00,Max 1 block per night,No
NDLS-GZB,2026-03-02,23:00,02:00,Single line working only,Yes
NDLS-GZB,2026-03-03,23:00,02:00,"No block during peak hours 06:00-10:00,17:00-21:00",Yes
NDLS-GZB,2026-03-04,23:00,02:00,"No block during peak hours 06:00-10:00,17:00-21:00",No
NDLS-GZB,2026-03-05,23:00,02:00,Single line working only,Yes
NDLS-GZB,2026-03-06,23:00,02:00,"No block during peak hours 06:00-10:00,17:00-21:00",Yes
NDLS-GZB,2026-03-07,23:00,03:00,"No block during peak hours 06:00-10:00,17:00-21:00",No
NDLS-GZB,2026-03-08,23:00,03:00,"No block during peak hours 06:00-10:00,17:00-21:00",Yes
NDLS-GZB,2026-03-09,23:00,02:00,Single line working only,Yes
NDLS-GZB,2026-03-10,23:00,02:00,Max 1 block per night,No
NDLS-GZB,2026-03-11,23:00,02:00,Max 1 block per night,Yes
NDLS-GZB,2026-03-12,23:00,02:00,"No block during peak hours 06:00-10:00,17:00-21:00",No
NDLS-GZB,2026-03-13,23:00,02:00,Reduced window due to festival traffic,Yes
NDLS-GZB,2026-03-14,23:00,03:00,Single line working only,Yes
NDLS-GZB,2026-03-15,23:00,03:00,"No block during peak hours 06:00-10:00,17:00-21:00",Yes
NDLS-GZB,2026-03-16,23:00,02:00,Max 1 block per night,No
NDLS-GZB,2026-03-17,23:00,02:00,"No block during peak hours 06:00-10:00,17:00-21:00",Yes
NDLS-GZB,2026-03-18,23:00,02:00,Reduced window due to festival traffic,No
NDLS-GZB,2026-03-19,23:00,02:00,Max 1 block per night,Yes
NDLS-GZB,2026-03-20,23:00,02:00,Max 1 block per night,No
NDLS-GZB,2026-03-21,23:00,03:00,Reduced window due to festival traffic,Yes
NDLS-GZB,2026-03-22,23:00,03:00,Single line working only,No
NDLS-GZB,2026-03-23,23:00,02:00,"No block during peak hours 06:00-10:00,17:00-21:00",Yes
NDLS-GZB,2026-03-24,23:00,02:00,"No block during peak hours 06:00-10:00,17:00-21:00",Yes
NDLS-GZB,2026-03-25,23:00,02:00,"No block during peak hours 06:00-10:00,17:00-21:00",Yes
NDLS-GZB,2026-03-26,23:00,02:00,Max 1 block per night,Yes
NDLS-GZB,2026-03-27,23:00,02:00,Reduced window due to festival traffic,No
NDLS-GZB,2026-03-28,23:00,03:00,"No block during peak hours 06:00-10:00,17:00-21:00",Yes
NDLS-GZB,2026-03-29,23:00,03:00,"No block during peak hours 06:00-10:00,17:00-21:00",Yes
NDLS-GZB,2026-03-30,23:00,02:00,Max 1 block per night,No
NDLS-GZB,2026-03-31,23:00,02:00,Single line working only,Yes
NDLS-GZB,2026-04-01,23:00,02:00,"No block during peak hours 06:00-10:00,17:00-21:00",Yes
NDLS-GZB,2026-04-02,23:00,02:00,Single line working only,No
NDLS-GZB,2026-04-03,23:00,02:00,"No block during peak hours 06:00-10:00,17:00-21:00",Yes
NDLS-GZB,2026-04-04,23:00,03:00,"No block during peak hours 06:00-10:00,17:00-21:00",Yes
NDLS-GZB,2026-04-05,23:00,03:00,"No block during peak hours 06:00-10:00,17:00-21:00",No
NDLS-GZB,2026-04-06,23:00,02:00,Single line working only,No
NDLS-GZB,2026-04-07,23:00,02:00,"No block during peak hours 06:00-10:00,17:00-21:00",Yes
NDLS-GZB,2026-04-08,23:00,02:00,Max 1 block per night,No
NDLS-GZB,2026-04-09,23:00,02:00,Max 1 block per night,No
NDLS-GZB,2026-04-10,23:00,02:00,"No block during peak hours 06:00-10:00,17:00-21:00",Yes
NDLS-GZB,2026-04-11,23:00,03:00,Max 1 block per night,Yes
NDLS-GZB,2026-04-12,23:00,03:00,"No block during peak hours 06:00-10:00,17:00-21:00",No
NDLS-GZB,2026-04-13,23:00,02:00,No restriction,No
NDLS-GZB,2026-04-14,23:00,02:00,"No block during peak hours 06:00-10:00,17:00-21:00",No
NDLS-GZB,2026-04-15,23:00,02:00,"No block during peak hours 06:00-10:00,17:00-21:00",Yes
NDLS-GZB,2026-04-16,23:00,02:00,"No block during peak hours 06:00-10:00,17:00-21:00",Yes
NDLS-GZB,2026-04-17,23:00,02:00,Max 1 block per night,Yes
NDLS-GZB,2026-04-18,23:00,03:00,"No block during peak hours 06:00-10:00,17:00-21:00",No
NDLS-GZB,2026-04-19,23:00,03:00,"No block during peak hours 06:00-10:00,17:00-21:00",No
NDLS-GZB,2026-04-20,23:00,02:00,"No block during peak hours 06:00-10:00,17:00-21:00",Yes
NDLS-GZB,2026-04-21,23:00,02:00,"No block during peak hours 06:00-10:00,17:00-21:00",Yes
NDLS-GZB,2026-04-22,23:00,02:00,"No block during peak hours 06:00-10:00,17:00-21:00",No
NDLS-GZB,2026-04-23,23:00,02:00,"No block during peak hours 06:00-10:00,17:00-21:00",Yes
NDLS-GZB,2026-04-24,23:00,02:00,"No block during peak hours 06:00-10:00,17:00-21:00",Yes
NDLS-GZB,2026-04-25,23:00,03:00,Single line working only,Yes
NDLS-GZB,2026-04-26,23:00,03:00,Single line working only,Yes
NDLS-GZB,2026-04-27,23:00,02:00,No restriction,Yes
NDLS-GZB,2026-04-28,23:00,02:00,Reduced window due to festival traffic,No
NDLS-GZB,2026-04-29,23:00,02:00,"No block during peak hours 06:00-10:00,17:00-21:00",No
NDLS-GZB,2026-04-30,23:00,02:00,Single line working only,Yes
NDLS-GZB,2026-05-01,23:00,02:00,Max 1 block per night,No
NDLS-GZB,2026-05-02,23:00,03:00,"No block during peak hours 06:00-10:00,17:00-21:00",No
NDLS-GZB,2026-05-03,23:00,03:00,No restriction,No
NDLS-GZB,2026-05-04,23:00,02:00,"No block during peak hours 06:00-10:00,17:00-21:00",Yes
NDLS-GZB,2026-05-05,23:00,02:00,"No block during peak hours 06:00-10:00,17:00-21:00",No
NDLS-GZB,2026-05-06,23:00,02:00,"No block during peak hours 06:00-10:00,17:00-21:00",No
NDLS-GZB,2026-05-07,23:00,02:00,"No block during peak hours 06:00-10:00,17:00-21:00",Yes
NDLS-GZB,2026-05-08,23:00,02:00,Single line working only,Yes
NDLS-GZB,2026-05-09,23:00,03:00,Reduced window due to festival traffic,Yes
NDLS-GZB,2026-05-10,23:00,03:00,Single line working only,Yes
NDLS-GZB,2026-05-11,23:00,02:00,Max 1 block per night,Yes
NDLS-GZB,2026-05-12,23:00,02:00,"No block during peak hours 06:00-10:00,17:00-21:00",No
NDLS-GZB,2026-05-13,23:00,02:00,Single line working only,Yes
NDLS-GZB,2026-05-14,23:00,02:00,"No block during peak hours 06:00-10:00,17:00-21:00",Yes
NDLS-GZB,2026-05-15,23:00,02:00,Single line working only,No
NDLS-GZB,2026-05-16,23:00,03:00,Block suspended - VIP movement,No
NDLS-GZB,2026-05-17,23:00,03:00,Block suspended - VIP movement,Yes
NDLS-GZB,2026-05-18,23:00,02:00,Block suspended - VIP movement,Yes
NDLS-GZB,2026-05-19,23:00,02:00,Reduced window due to festival traffic,Yes
NDLS-GZB,2026-05-20,23:00,02:00,"No block during peak hours 06:00-10:00,17:00-21:00",Yes
NDLS-GZB,2026-05-21,23:00,02:00,"No block during peak hours 06:00-10:00,17:00-21:00",Yes
NDLS-GZB,2026-05-22,23:00,02:00,Single line working only,Yes
NDLS-GZB,2026-05-23,23:00,03:00,"No block during peak hours 06:00-10:00,17:00-21:00",Yes
NDLS-GZB,2026-05-24,23:00,03:00,"No block during peak hours 06:00-10:00,17:00-21:00",Yes
NDLS-GZB,2026-05-25,23:00,02:00,Max 1 block per night,Yes
NDLS-GZB,2026-05-26,23:00,02:00,Max 1 block per night,Yes
NDLS-GZB,2026-05-27,23:00,02:00,"No block during peak hours 06:00-10:00,17:00-21:00",No
NDLS-GZB,2026-05-28,23:00,02:00,Max 1 block per night,No
NDLS-GZB,2026-05-29,23:00,02:00,Max 1 block per night,No
NDLS-GZB,2026-05-30,23:00,03:00,Single line working only,No
NDLS-GZB,2026-05-31,23:00,03:00,Single line working only,No
NDLS-GZB,2026-06-01,23:00,02:00,"No block during peak hours 06:00-10:00,17:00-21:00",Yes
NDLS-GZB,2026-06-02,23:00,02:00,Reduced window due to festival traffic,No
NDLS-GZB,2026-06-03,23:00,02:00,"No block during peak hours 06:00-10:00,17:00-21:00",No
NDLS-GZB,2026-06-04,23:00,02:00,Block suspended - VIP movement,Yes
NDLS-GZB,2026-06-05,23:00,02:00,"No block during peak hours 06:00-10:00,17:00-21:00",Yes
NDLS-GZB,2026-06-06,23:00,03:00,"No block during peak hours 06:00-10:00,17:00-21:00",No
NDLS-GZB,2026-06-07,23:00,03:00,"No block during peak hours 06:00-10:00,17:00-21:00",Yes
NDLS-GZB,2026-06-08,23:00,02:00,"No block during peak hours 06:00-10:00,17:00-21:00",Yes
NDLS-GZB,2026-06-09,23:00,02:00,Max 1 block per night,Yes
NDLS-GZB,2026-06-10,23:00,02:00,Max 1 block per night,No
NDLS-GZB,2026-06-11,23:00,02:00,"No block during peak hours 06:00-10:00,17:00-21:00",Yes
NDLS-GZB,2026-06-12,23:00,02:00,"No block during peak hours 06:00-10:00,17:00-21:00",Yes
NDLS-GZB,2026-06-13,23:00,03:00,"No block during peak hours 06:00-10:00,17:00-21:00",No
NDLS-GZB,2026-06-14,23:00,03:00,Single line working only,Yes
NDLS-GZB,2026-06-15,23:00,02:00,Max 1 block per night,No
NDLS-GZB,2026-06-16,23:00,02:00,"No block during peak hours 06:00-10:00,17:00-21:00",Yes
NDLS-GZB,2026-06-17,23:00,02:00,Max 1 block per night,Yes
NDLS-GZB,2026-06-18,23:00,02:00,Single line working only,No
NDLS-GZB,2026-06-19,23:00,02:00,Single line working only,Yes
NDLS-GZB,2026-06-20,23:00,03:00,"No block during peak hours 06:00-10:00,17:00-21:00",Yes
NDLS-GZB,2026-06-21,23:00,03:00,Single line working only,Yes
NDLS-GZB,2026-06-22,23:00,02:00,"No block during peak hours 06:00-10:00,17:00-21:00",No
NDLS-GZB,2026-06-23,23:00,02:00,Max 1 block per night,No
NDLS-GZB,2026-06-24,23:00,02:00,No restriction,No
NDLS-GZB,2026-06-25,23:00,02:00,"No block during peak hours 06:00-10:00,17:00-21:00",Yes
NDLS-GZB,2026-06-26,23:00,02:00,Single line working only,No
NDLS-GZB,2026-06-27,23:00,03:00,"No block during peak hours 06:00-10:00,17:00-21:00",No
NDLS-GZB,2026-06-28,23:00,03:00,Single line working only,No
NDLS-GZB,2026-06-29,23:00,02:00,"No block during peak hours 06:00-10:00,17:00-21:00",No
NDLS-GZB,2026-06-30,23:00,02:00,"No block during peak hours 06:00-10:00,17:00-21:00",Yes
NDLS-GZB,2026-07-01,23:00,02:00,"No block during peak hours 06:00-10:00,17:00-21:00",Yes
NDLS-GZB,2026-07-02,23:00,02:00,Single line working only,No
NDLS-GZB,2026-07-03,23:00,02:00,Max 1 block per night,Yes
NDLS-GZB,2026-07-04,23:00,03:00,Max 1 block per night,Yes
NDLS-GZB,2026-07-05,23:00,03:00,"No block during peak hours 06:00-10:00,17:00-21:00",Yes
NDLS-GZB,2026-07-06,23:00,02:00,"No block during peak hours 06:00-10:00,17:00-21:00",Yes
NDLS-GZB,2026-07-07,23:00,02:00,No restriction,Yes
NDLS-GZB,2026-07-08,23:00,02:00,Max 1 block per night,No
NDLS-GZB,2026-07-09,23:00,02:00,Single line working only,Yes
NDLS-GZB,2026-07-10,23:00,02:00,Max 1 block per night,Yes
NDLS-GZB,2026-07-11,23:00,03:00,Max 1 block per night,Yes
NDLS-GZB,2026-07-12,23:00,03:00,Max 1 block per night,Yes
NDLS-GZB,2026-07-13,23:00,02:00,No restriction,Yes
NDLS-GZB,2026-07-14,23:00,02:00,Max 1 block per night,No
NDLS-GZB,2026-07-15,23:00,02:00,Single line working only,Yes
NDLS-GZB,2026-07-16,23:00,02:00,Block suspended - VIP movement,No
NDLS-GZB,2026-07-17,23:00,02:00,"No block during peak hours 06:00-10:00,17:00-21:00",No
NDLS-GZB,2026-07-18,23:00,03:00,No restriction,No
NDLS-GZB,2026-07-19,23:00,03:00,Max 1 block per night,No
NDLS-GZB,2026-07-20,23:00,02:00,Single line working only,No
NDLS-GZB,2026-07-21,23:00,02:00,Single line working only,Yes
NDLS-GZB,2026-07-22,23:00,02:00,"No block during peak hours 06:00-10:00,17:00-21:00",Yes
NDLS-GZB,2026-07-23,23:00,02:00,Single line working only,Yes
NDLS-GZB,2026-07-24,23:00,02:00,"No block during peak hours 06:00-10:00,17:00-21:00",Yes
NDLS-GZB,2026-07-25,23:00,03:00,Block suspended - VIP movement,No
NDLS-GZB,2026-07-26,23:00,03:00,No restriction,No
NDLS-GZB,2026-07-27,23:00,02:00,Max 1 block per night,Yes
NDLS-GZB,2026-07-28,23:00,02:00,"No block during peak hours 06:00-10:00,17:00-21:00",No
NDLS-GZB,2026-07-29,23:00,02:00,"No block during peak hours 06:00-10:00,17:00-21:00",No
NDLS-GZB,2026-07-30,23:00,02:00,Single line working only,Yes
NDLS-GZB,2026-07-31,23:00,02:00,Single line working only,No
NDLS-GZB,2026-08-01,23:00,03:00,No restriction,Yes
NDLS-GZB,2026-08-02,23:00,03:00,"No block during peak hours 06:00-10:00,17:00-21:00",No
NDLS-GZB,2026-08-03,23:00,02:00,No restriction,Yes
NDLS-GZB,2026-08-04,23:00,02:00,No restriction,No
NDLS-GZB,2026-08-05,23:00,02:00,"No block during peak hours 06:00-10:00,17:00-21:00",No
NDLS-GZB,2026-08-06,23:00,02:00,"No block during peak hours 06:00-10:00,17:00-21:00",No
NDLS-GZB,2026-08-07,23:00,02:00,Block suspended - VIP movement,No
NDLS-GZB,2026-08-08,23:00,03:00,Single line working only,Yes
NDLS-GZB,2026-08-09,23:00,03:00,Max 1 block per night,Yes
NDLS-GZB,2026-08-10,23:00,02:00,"No block during peak hours 06:00-10:00,17:00-21:00",Yes
NDLS-GZB,2026-08-11,23:00,02:00,Reduced window due to festival traffic,No
NDLS-GZB,2026-08-12,23:00,02:00,Max 1 block per night,No
NDLS-GZB,2026-08-13,23:00,02:00,Single line working only,Yes
NDLS-GZB,2026-08-14,23:00,02:00,"No block during peak hours 06:00-10:00,17:00-21:00",Yes
NDLS-GZB,2026-08-15,23:00,03:00,Max 1 block per night,No
NDLS-GZB,2026-08-16,23:00,03:00,Max 1 block per night,Yes
NDLS-GZB,2026-08-17,23:00,02:00,Single line working only,Yes
NDLS-GZB,2026-08-18,23:00,02:00,"No block during peak hours 06:00-10:00,17:00-21:00",No
NDLS-GZB,2026-08-19,23:00,02:00,No restriction,Yes
NDLS-GZB,2026-08-20,23:00,02:00,"No block during peak hours 06:00-10:00,17:00-21:00",No
NDLS-GZB,2026-08-21,23:00,02:00,Max 1 block per night,Yes
NDLS-GZB,2026-08-22,23:00,03:00,Single line working only,No
NDLS-GZB,2026-08-23,23:00,03:00,"No block during peak hours 06:00-10:00,17:00-21:00",No
NDLS-GZB,2026-08-24,23:00,02:00,"No block during peak hours 06:00-10:00,17:00-21:00",No
NDLS-GZB,2026-08-25,23:00,02:00,Max 1 block per night,Yes
NDLS-GZB,2026-08-26,23:00,02:00,"No block during peak hours 06:00-10:00,17:00-21:00",No
NDLS-GZB,2026-08-27,23:00,02:00,"No block during peak hours 06:00-10:00,17:00-21:00",No
NDLS-GZB,2026-08-28,23:00,02:00,Max 1 block per night,No
NDLS-GZB,2026-08-29,23:00,03:00,Max 1 block per night,Yes
NDLS-GZB,2026-08-30,23:00,03:00,"No block during peak hours 06:00-10:00,17:00-21:00",Yes
NDLS-GZB,2026-08-31,23:00,02:00,"No block during peak hours 06:00-10:00,17:00-21:00",No
NDLS-GZB,2026-09-01,23:00,02:00,Max 1 block per night,No
NDLS-GZB,2026-09-02,23:00,02:00,Max 1 block per night,Yes
NDLS-GZB,2026-09-03,23:00,02:00,"No block during peak hours 06:00-10:00,17:00-21:00",No
NDLS-GZB,2026-09-04,23:00,02:00,"No block during peak hours 06:00-10:00,17:00-21:00",Yes
NDLS-GZB,2026-09-05,23:00,03:00,"No block during peak hours 06:00-10:00,17:00-21:00",Yes
NDLS-GZB,2026-09-06,23:00,03:00,"No block during peak hours 06:00-10:00,17:00-21:00",Yes
NDLS-GZB,2026-09-07,23:00,02:00,Single line working only,No
NDLS-GZB,2026-09-08,23:00,02:00,Block suspended - VIP movement,No
NDLS-GZB,2026-09-09,23:00,02:00,Single line working only,No
NDLS-GZB,2026-09-10,23:00,02:00,"No block during peak hours 06:00-10:00,17:00-21:00",Yes
NDLS-GZB,2026-09-11,23:00,02:00,Max 1 block per night,Yes
NDLS-GZB,2026-09-12,23:00,03:00,"No block during peak hours 06:00-10:00,17:00-21:00",No
NDLS-GZB,2026-09-13,23:00,03:00,"No block during peak hours 06:00-10:00,17:00-21:00",Yes
NDLS-GZB,2026-09-14,23:00,02:00,Block suspended - VIP movement,No
NDLS-GZB,2026-09-15,23:00,02:00,Max 1 block per night,Yes
NDLS-GZB,2026-09-16,23:00,02:00,"No block during peak hours 06:00-10:00,17:00-21:00",Yes
NDLS-GZB,2026-09-17,23:00,02:00,Reduced window due to festival traffic,No
NDLS-GZB,2026-09-18,23:00,02:00,Max 1 block per night,Yes
NDLS-GZB,2026-09-19,23:00,03:00,Single line working only,No
NDLS-GZB,2026-09-20,23:00,03:00,"No block during peak hours 06:00-10:00,17:00-21:00",Yes
NDLS-GZB,2026-09-21,23:00,02:00,Max 1 block per night,Yes
NDLS-GZB,2026-09-22,23:00,02:00,Single line working only,No
NDLS-GZB,2026-09-23,23:00,02:00,Single line working only,No
NDLS-GZB,2026-09-24,23:00,02:00,Single line working only,Yes
NDLS-GZB,2026-09-25,23:00,02:00,Max 1 block per night,No
NDLS-GZB,2026-09-26,23:00,03:00,Reduced window due to festival traffic,No
NDLS-GZB,2026-09-27,23:00,03:00,Max 1 block per night,Yes
NDLS-GZB,2026-09-28,23:00,02:00,"No block during peak hours 06:00-10:00,17:00-21:00",No
NDLS-GZB,2026-09-29,23:00,02:00,Max 1 block per night,Yes
NDLS-GZB,2026-09-30,23:00,02:00,"No block during peak hours 06:00-10:00,17:00-21:00",No
NDLS-GZB,2026-10-01,23:00,02:00,Max 1 block per night,Yes
NDLS-GZB,2026-10-02,23:00,02:00,No restriction,Yes
NDLS-GZB,2026-10-03,23:00,03:00,Max 1 block per night,No
NDLS-GZB,2026-10-04,23:00,03:00,"No block during peak hours 06:00-10:00,17:00-21:00",Yes
NDLS-GZB,2026-10-05,23:00,02:00,"No block during peak hours 06:00-10:00,17:00-21:00",Yes
NDLS-GZB,2026-10-06,23:00,02:00,"No block during peak hours 06:00-10:00,17:00-21:00",No
NDLS-GZB,2026-10-07,23:00,02:00,"No block during peak hours 06:00-10:00,17:00-21:00",No
NDLS-GZB,2026-10-08,23:00,02:00,Max 1 block per night,Yes
NDLS-GZB,2026-10-09,23:00,02:00,No restriction,Yes
NDLS-GZB,2026-10-10,23:00,03:00,Single line working only,No
NDLS-GZB,2026-10-11,23:00,03:00,Block suspended - VIP movement,Yes
NDLS-GZB,2026-10-12,23:00,02:00,No restriction,No
NDLS-GZB,2026-10-13,23:00,02:00,"No block during peak hours 06:00-10:00,17:00-21:00",Yes
NDLS-GZB,2026-10-14,23:00,02:00,Max 1 block per night,No
NDLS-GZB,2026-10-15,23:00,02:00,"No block during peak hours 06:00-10:00,17:00-21:00",No
NDLS-GZB,2026-10-16,23:00,02:00,"No block during peak hours 06:00-10:00,17:00-21:00",Yes
NDLS-GZB,2026-10-17,23:00,03:00,"No block during peak hours 06:00-10:00,17:00-21:00",Yes
NDLS-GZB,2026-10-18,23:00,03:00,Block suspended - VIP movement,No
NDLS-GZB,2026-10-19,23:00,02:00,"No block during peak hours 06:00-10:00,17:00-21:00",No
NDLS-GZB,2026-10-20,23:00,02:00,Max 1 block per night,Yes
NDLS-GZB,2026-10-21,23:00,02:00,Max 1 block per night,Yes
NDLS-GZB,2026-10-22,23:00,02:00,Max 1 block per night,No
NDLS-GZB,2026-10-23,23:00,02:00,"No block during peak hours 06:00-10:00,17:00-21:00",Yes
NDLS-GZB,2026-10-24,23:00,03:00,"No block during peak hours 06:00-10:00,17:00-21:00",No
NDLS-GZB,2026-10-25,23:00,03:00,Max 1 block per night,No
NDLS-GZB,2026-10-26,23:00,02:00,"No block during peak hours 06:00-10:00,17:00-21:00",No
NDLS-GZB,2026-10-27,23:00,02:00,Max 1 block per night,No
NDLS-GZB,2026-10-28,23:00,02:00,"No block during peak hours 06:00-10:00,17:00-21:00",No
NDLS-GZB,2026-10-29,23:00,02:00,"No block during peak hours 06:00-10:00,17:00-21:00",No
NDLS-GZB,2026-10-30,23:00,02:00,Single line working only,No
NDLS-GZB,2026-10-31,23:00,03:00,"No block during peak hours 06:00-10:00,17:00-21:00",No
NDLS-GZB,2026-11-01,23:00,03:00,"No block during peak hours 06:00-10:00,17:00-21:00",Yes
NDLS-GZB,2026-11-02,23:00,02:00,Single line working only,Yes
NDLS-GZB,2026-11-03,23:00,02:00,Max 1 block per night,No
NDLS-GZB,2026-11-04,23:00,02:00,Single line working only,Yes
NDLS-GZB,2026-11-05,23:00,02:00,"No block during peak hours 06:00-10:00,17:00-21:00",No
NDLS-GZB,2026-11-06,23:00,02:00,"No block during peak hours 06:00-10:00,17:00-21:00",No
NDLS-GZB,2026-11-07,23:00,03:00,Max 1 block per night,No
NDLS-GZB,2026-11-08,23:00,03:00,"No block during peak hours 06:00-10:00,17:00-21:00",No
NDLS-GZB,2026-11-09,23:00,02:00,Reduced window due to festival traffic,Yes
NDLS-GZB,2026-11-10,23:00,02:00,Max 1 block per night,No
NDLS-GZB,2026-11-11,23:00,02:00,"No block during peak hours 06:00-10:00,17:00-21:00",Yes
NDLS-GZB,2026-11-12,23:00,02:00,Reduced window due to festival traffic,No
NDLS-GZB,2026-11-13,23:00,02:00,Reduced window due to festival traffic,No
NDLS-GZB,2026-11-14,23:00,03:00,Single line working only,No
NDLS-GZB,2026-11-15,23:00,03:00,"No block during peak hours 06:00-10:00,17:00-21:00",Yes
NDLS-GZB,2026-11-16,23:00,02:00,Single line working only,Yes
NDLS-GZB,2026-11-17,23:00,02:00,Max 1 block per night,No
NDLS-GZB,2026-11-18,23:00,02:00,Max 1 block per night,No
NDLS-GZB,2026-11-19,23:00,02:00,Reduced window due to festival traffic,Yes
NDLS-GZB,2026-11-20,23:00,02:00,Max 1 block per night,No
NDLS-GZB,2026-11-21,23:00,03:00,"No block during peak hours 06:00-10:00,17:00-21:00",No
NDLS-GZB,2026-11-22,23:00,03:00,Max 1 block per night,Yes
NDLS-GZB,2026-11-23,23:00,02:00,Single line working only,Yes
NDLS-GZB,2026-11-24,23:00,02:00,"No block during peak hours 06:00-10:00,17:00-21:00",Yes
NDLS-GZB,2026-11-25,23:00,02:00,"No block during peak hours 06:00-10:00,17:00-21:00",Yes
NDLS-GZB,2026-11-26,23:00,02:00,Single line working only,Yes
NDLS-GZB,2026-11-27,23:00,02:00,"No block during peak hours 06:00-10:00,17:00-21:00",No
NDLS-GZB,2026-11-28,23:00,03:00,Max 1 block per night,Yes
NDLS-GZB,2026-11-29,23:00,03:00,Single line working only,Yes
NDLS-GZB,2026-11-30,23:00,02:00,Max 1 block per night,No
NDLS-GZB,2026-12-01,23:00,02:00,"No block during peak hours 06:00-10:00,17:00-21:00",Yes
NDLS-GZB,2026-12-02,23:00,02:00,"No block during peak hours 06:00-10:00,17:00-21:00",Yes
NDLS-GZB,2026-12-03,23:00,02:00,"No block during peak hours 06:00-10:00,17:00-21:00",Yes
NDLS-GZB,2026-12-04,23:00,02:00,Max 1 block per night,No
NDLS-GZB,2026-12-05,23:00,03:00,"No block during peak hours 06:00-10:00,17:00-21:00",Yes
NDLS-GZB,2026-12-06,23:00,03:00,"No block during peak hours 06:00-10:00,17:00-21:00",No
NDLS-GZB,2026-12-07,23:00,02:00,Max 1 block per night,No
NDLS-GZB,2026-12-08,23:00,02:00,Max 1 block per night,Yes
NDLS-GZB,2026-12-09,23:00,02:00,"No block during peak hours 06:00-10:00,17:00-21:00",No
NDLS-GZB,2026-12-10,23:00,02:00,Block suspended - VIP movement,No
NDLS-GZB,2026-12-11,23:00,02:00,Max 1 block per night,Yes
NDLS-GZB,2026-12-12,23:00,03:00,No restriction,No
NDLS-GZB,2026-12-13,23:00,03:00,Max 1 block per night,No
NDLS-GZB,2026-12-14,23:00,02:00,Max 1 block per night,Yes
NDLS-GZB,2026-12-15,23:00,02:00,"No block during peak hours 06:00-10:00,17:00-21:00",No
NDLS-GZB,2026-12-16,23:00,02:00,"No block during peak hours 06:00-10:00,17:00-21:00",Yes
NDLS-GZB,2026-12-17,23:00,02:00,Reduced window due to festival traffic,No
NDLS-GZB,2026-12-18,23:00,02:00,Max 1 block per night,No
NDLS-GZB,2026-12-19,23:00,03:00,Reduced window due to festival traffic,Yes
NDLS-GZB,2026-12-20,23:00,03:00,Max 1 block per night,Yes
NDLS-GZB,2026-12-21,23:00,02:00,Single line working only,Yes
NDLS-GZB,2026-12-22,23:00,02:00,Block suspended - VIP movement,No
NDLS-GZB,2026-12-23,23:00,02:00,Reduced window due to festival traffic,No
NDLS-GZB,2026-12-24,23:00,02:00,No restriction,No
NDLS-GZB,2026-12-25,23:00,02:00,"No block during peak hours 06:00-10:00,17:00-21:00",No
NDLS-GZB,2026-12-26,23:00,03:00,"No block during peak hours 06:00-10:00,17:00-21:00",No
NDLS-GZB,2026-12-27,23:00,03:00,Single line working only,No
NDLS-GZB,2026-12-28,23:00,02:00,Single line working only,Yes
NDLS-GZB,2026-12-29,23:00,02:00,Single line working only,Yes
NDLS-GZB,2026-12-30,23:00,02:00,Reduced window due to festival traffic,Yes
NDLS-GZB,2026-12-31,23:00,02:00,Reduced window due to festival traffic,No
NDLS-UMB,2026-01-01,23:00,03:00,"No block during peak hours 06:00-10:00,17:00-21:00",No
NDLS-UMB,2026-01-02,23:00,03:00,"No block during peak hours 06:00-10:00,17:00-21:00",Yes
NDLS-UMB,2026-01-03,23:00,04:00,Max 1 block per night,No
NDLS-UMB,2026-01-04,23:00,04:00,"No block during peak hours 06:00-10:00,17:00-21:00",No
NDLS-UMB,2026-01-05,23:00,03:00,"No block during peak hours 06:00-10:00,17:00-21:00",No
NDLS-UMB,2026-01-06,23:00,03:00,No restriction,No
NDLS-UMB,2026-01-07,23:00,03:00,No restriction,Yes
NDLS-UMB,2026-01-08,23:00,03:00,"No block during peak hours 06:00-10:00,17:00-21:00",No
NDLS-UMB,2026-01-09,23:00,03:00,"No block during peak hours 06:00-10:00,17:00-21:00",No
NDLS-UMB,2026-01-10,23:00,04:00,"No block during peak hours 06:00-10:00,17:00-21:00",Yes
NDLS-UMB,2026-01-11,23:00,04:00,"No block during peak hours 06:00-10:00,17:00-21:00",No
NDLS-UMB,2026-01-12,23:00,03:00,"No block during peak hours 06:00-10:00,17:00-21:00",No
NDLS-UMB,2026-01-13,23:00,03:00,No restriction,No
NDLS-UMB,2026-01-14,23:00,03:00,"No block during peak hours 06:00-10:00,17:00-21:00",Yes
NDLS-UMB,2026-01-15,23:00,03:00,Block suspended - VIP movement,No
NDLS-UMB,2026-01-16,23:00,03:00,Single line working only,No
NDLS-UMB,2026-01-17,23:00,04:00,No restriction,No
NDLS-UMB,2026-01-18,23:00,04:00,"No block during peak hours 06:00-10:00,17:00-21:00",Yes
NDLS-UMB,2026-01-19,23:00,03:00,"No block during peak hours 06:00-10:00,17:00-21:00",No
NDLS-UMB,2026-01-20,23:00,03:00,Single line working only,Yes
NDLS-UMB,2026-01-21,23:00,03:00,"No block during peak hours 06:00-10:00,17:00-21:00",Yes
NDLS-UMB,2026-01-22,23:00,03:00,Block suspended - VIP movement,No
NDLS-UMB,2026-01-23,23:00,03:00,No restriction,No
NDLS-UMB,2026-01-24,23:00,04:00,Max 1 block per night,Yes
NDLS-UMB,2026-01-25,23:00,04:00,No restriction,Yes
NDLS-UMB,2026-01-26,23:00,03:00,Single line working only,Yes
NDLS-UMB,2026-01-27,23:00,03:00,Max 1 block per night,No
NDLS-UMB,2026-01-28,23:00,03:00,"No block during peak hours 06:00-10:00,17:00-21:00",Yes
NDLS-UMB,2026-01-29,23:00,03:00,No restriction,Yes
NDLS-UMB,2026-01-30,23:00,03:00,Max 1 block per night,Yes
NDLS-UMB,2026-01-31,23:00,04:00,"No block during peak hours 06:00-10:00,17:00-21:00",No
NDLS-UMB,2026-02-01,23:00,04:00,"No block during peak hours 06:00-10:00,17:00-21:00",Yes
NDLS-UMB,2026-02-02,23:00,03:00,Max 1 block per night,Yes
NDLS-UMB,2026-02-03,23:00,03:00,"No block during peak hours 06:00-10:00,17:00-21:00",Yes
NDLS-UMB,2026-02-04,23:00,03:00,Max 1 block per night,Yes
NDLS-UMB,2026-02-05,23:00,03:00,Block suspended - VIP movement,No
NDLS-UMB,2026-02-06,23:00,03:00,No restriction,Yes
NDLS-UMB,2026-02-07,23:00,04:00,No restriction,Yes
NDLS-UMB,2026-02-08,23:00,04:00,"No block during peak hours 06:00-10:00,17:00-21:00",No
NDLS-UMB,2026-02-09,23:00,03:00,Reduced window due to festival traffic,No
NDLS-UMB,2026-02-10,23:00,03:00,Max 1 block per night,Yes
NDLS-UMB,2026-02-11,23:00,03:00,Max 1 block per night,No
NDLS-UMB,2026-02-12,23:00,03:00,Block suspended - VIP movement,Yes
NDLS-UMB,2026-02-13,23:00,03:00,Single line working only,Yes
NDLS-UMB,2026-02-14,23:00,04:00,"No block during peak hours 06:00-10:00,17:00-21:00",Yes
NDLS-UMB,2026-02-15,23:00,04:00,Max 1 block per night,No
NDLS-UMB,2026-02-16,23:00,03:00,Max 1 block per night,No
NDLS-UMB,2026-02-17,23:00,03:00,Max 1 block per night,No
NDLS-UMB,2026-02-18,23:00,03:00,"No block during peak hours 06:00-10:00,17:00-21:00",Yes
NDLS-UMB,2026-02-19,23:00,03:00,Single line working only,No
NDLS-UMB,2026-02-20,23:00,03:00,Max 1 block per night,Yes
NDLS-UMB,2026-02-21,23:00,04:00,No restriction,Yes
NDLS-UMB,2026-02-22,23:00,04:00,Max 1 block per night,Yes
NDLS-UMB,2026-02-23,23:00,03:00,Max 1 block per night,Yes
NDLS-UMB,2026-02-24,23:00,03:00,"No block during peak hours 06:00-10:00,17:00-21:00",Yes
NDLS-UMB,2026-02-25,23:00,03:00,No restriction,No
NDLS-UMB,2026-02-26,23:00,03:00,Single line working only,No
NDLS-UMB,2026-02-27,23:00,03:00,Reduced window due to festival traffic,Yes
NDLS-UMB,2026-02-28,23:00,04:00,No restriction,No
NDLS-UMB,2026-03-01,23:00,04:00,Reduced window due to festival traffic,No
NDLS-UMB,2026-03-02,23:00,03:00,Single line working only,No
NDLS-UMB,2026-03-03,23:00,03:00,Max 1 block per night,No
NDLS-UMB,2026-03-04,23:00,03:00,Single line working only,No
NDLS-UMB,2026-03-05,23:00,03:00,Max 1 block per night,Yes
NDLS-UMB,2026-03-06,23:00,03:00,"No block during peak hours 06:00-10:00,17:00-21:00",Yes
NDLS-UMB,2026-03-07,23:00,04:00,Single line working only,No
NDLS-UMB,2026-03-08,23:00,04:00,Reduced window due to festival traffic,No
NDLS-UMB,2026-03-09,23:00,03:00,Max 1 block per night,No
NDLS-UMB,2026-03-10,23:00,03:00,"No block during peak hours 06:00-10:00,17:00-21:00",Yes
NDLS-UMB,2026-03-11,23:00,03:00,No restriction,Yes
NDLS-UMB,2026-03-12,23:00,03:00,Max 1 block per night,Yes
NDLS-UMB,2026-03-13,23:00,03:00,Single line working only,No
NDLS-UMB,2026-03-14,23:00,04:00,Max 1 block per night,Yes
NDLS-UMB,2026-03-15,23:00,04:00,No restriction,Yes
NDLS-UMB,2026-03-16,23:00,03:00,"No block during peak hours 06:00-10:00,17:00-21:00",Yes
NDLS-UMB,2026-03-17,23:00,03:00,Single line working only,Yes
NDLS-UMB,2026-03-18,23:00,03:00,No restriction,No
NDLS-UMB,2026-03-19,23:00,03:00,No restriction,Yes
NDLS-UMB,2026-03-20,23:00,03:00,"No block during peak hours 06:00-10:00,17:00-21:00",No
NDLS-UMB,2026-03-21,23:00,04:00,"No block during peak hours 06:00-10:00,17:00-21:00",No
NDLS-UMB,2026-03-22,23:00,04:00,Max 1 block per night,Yes
NDLS-UMB,2026-03-23,23:00,03:00,Max 1 block per night,No
NDLS-UMB,2026-03-24,23:00,03:00,Single line working only,No
NDLS-UMB,2026-03-25,23:00,03:00,No restriction,Yes
NDLS-UMB,2026-03-26,23:00,03:00,Single line working only,No
NDLS-UMB,2026-03-27,23:00,03:00,No restriction,Yes
NDLS-UMB,2026-03-28,23:00,04:00,"No block during peak hours 06:00-10:00,17:00-21:00",No
NDLS-UMB,2026-03-29,23:00,04:00,Max 1 block per night,Yes
NDLS-UMB,2026-03-30,23:00,03:00,Single line working only,No
NDLS-UMB,2026-03-31,23:00,03:00,Single line working only,Yes
NDLS-UMB,2026-04-01,23:00,03:00,Single line working only,No
NDLS-UMB,2026-04-02,23:00,03:00,Reduced window due to festival traffic,Yes
NDLS-UMB,2026-04-03,23:00,03:00,No restriction,No
NDLS-UMB,2026-04-04,23:00,04:00,No restriction,No
NDLS-UMB,2026-04-05,23:00,04:00,"No block during peak hours 06:00-10:00,17:00-21:00",No
NDLS-UMB,2026-04-06,23:00,03:00,Single line working only,Yes
NDLS-UMB,2026-04-07,23:00,03:00,No restriction,No
NDLS-UMB,2026-04-08,23:00,03:00,Max 1 block per night,No
NDLS-UMB,2026-04-09,23:00,03:00,Max 1 block per night,No
NDLS-UMB,2026-04-10,23:00,03:00,Max 1 block per night,No
NDLS-UMB,2026-04-11,23:00,04:00,Single line working only,No
NDLS-UMB,2026-04-12,23:00,04:00,Single line working only,No
NDLS-UMB,2026-04-13,23:00,03:00,No restriction,No
NDLS-UMB,2026-04-14,23:00,03:00,No restriction,No
NDLS-UMB,2026-04-15,23:00,03:00,Single line working only,No
NDLS-UMB,2026-04-16,23:00,03:00,Max 1 block per night,Yes
NDLS-UMB,2026-04-17,23:00,03:00,Single line working only,No
NDLS-UMB,2026-04-18,23:00,04:00,"No block during peak hours 06:00-10:00,17:00-21:00",Yes
NDLS-UMB,2026-04-19,23:00,04:00,Single line working only,No
NDLS-UMB,2026-04-20,23:00,03:00,Max 1 block per night,Yes
NDLS-UMB,2026-04-21,23:00,03:00,Single line working only,No
NDLS-UMB,2026-04-22,23:00,03:00,Max 1 block per night,Yes
NDLS-UMB,2026-04-23,23:00,03:00,Single line working only,Yes
NDLS-UMB,2026-04-24,23:00,03:00,No restriction,No
NDLS-UMB,2026-04-25,23:00,04:00,"No block during peak hours 06:00-10:00,17:00-21:00",No
NDLS-UMB,2026-04-26,23:00,04:00,Block suspended - VIP movement,Yes
NDLS-UMB,2026-04-27,23:00,03:00,Max 1 block per night,No
NDLS-UMB,2026-04-28,23:00,03:00,Reduced window due to festival traffic,No
NDLS-UMB,2026-04-29,23:00,03:00,No restriction,No
NDLS-UMB,2026-04-30,23:00,03:00,Max 1 block per night,No
NDLS-UMB,2026-05-01,23:00,03:00,Reduced window due to festival traffic,No
NDLS-UMB,2026-05-02,23:00,04:00,Single line working only,Yes
NDLS-UMB,2026-05-03,23:00,04:00,Reduced window due to festival traffic,Yes
NDLS-UMB,2026-05-04,23:00,03:00,Single line working only,No
NDLS-UMB,2026-05-05,23:00,03:00,Max 1 block per night,No
NDLS-UMB,2026-05-06,23:00,03:00,Max 1 block per night,No
NDLS-UMB,2026-05-07,23:00,03:00,"No block during peak hours 06:00-10:00,17:00-21:00",No
NDLS-UMB,2026-05-08,23:00,03:00,Max 1 block per night,Yes
NDLS-UMB,2026-05-09,23:00,04:00,Max 1 block per night,Yes
NDLS-UMB,2026-05-10,23:00,04:00,Max 1 block per night,No
NDLS-UMB,2026-05-11,23:00,03:00,Single line working only,No
NDLS-UMB,2026-05-12,23:00,03:00,Reduced window due to festival traffic,Yes
NDLS-UMB,2026-05-13,23:00,03:00,"No block during peak hours 06:00-10:00,17:00-21:00",Yes
NDLS-UMB,2026-05-14,23:00,03:00,Max 1 block per night,No
NDLS-UMB,2026-05-15,23:00,03:00,No restriction,No
NDLS-UMB,2026-05-16,23:00,04:00,No restriction,No
NDLS-UMB,2026-05-17,23:00,04:00,No restriction,No
NDLS-UMB,2026-05-18,23:00,03:00,Single line working only,No
NDLS-UMB,2026-05-19,23:00,03:00,"No block during peak hours 06:00-10:00,17:00-21:00",No
NDLS-UMB,2026-05-20,23:00,03:00,Max 1 block per night,Yes
NDLS-UMB,2026-05-21,23:00,03:00,"No block during peak hours 06:00-10:00,17:00-21:00",Yes
NDLS-UMB,2026-05-22,23:00,03:00,No restriction,No
NDLS-UMB,2026-05-23,23:00,04:00,No restriction,No
NDLS-UMB,2026-05-24,23:00,04:00,No restriction,No
NDLS-UMB,2026-05-25,23:00,03:00,Single line working only,No
NDLS-UMB,2026-05-26,23:00,03:00,No restriction,No
NDLS-UMB,2026-05-27,23:00,03:00,"No block during peak hours 06:00-10:00,17:00-21:00",Yes
NDLS-UMB,2026-05-28,23:00,03:00,Max 1 block per night,Yes
NDLS-UMB,2026-05-29,23:00,03:00,"No block during peak hours 06:00-10:00,17:00-21:00",Yes
NDLS-UMB,2026-05-30,23:00,04:00,No restriction,No
NDLS-UMB,2026-05-31,23:00,04:00,Single line working only,Yes
NDLS-UMB,2026-06-01,23:00,03:00,Block suspended - VIP movement,Yes
NDLS-UMB,2026-06-02,23:00,03:00,Single line working only,No
NDLS-UMB,2026-06-03,23:00,03:00,"No block during peak hours 06:00-10:00,17:00-21:00",No
NDLS-UMB,2026-06-04,23:00,03:00,Max 1 block per night,Yes
NDLS-UMB,2026-06-05,23:00,03:00,Block suspended - VIP movement,No
NDLS-UMB,2026-06-06,23:00,04:00,No restriction,No
NDLS-UMB,2026-06-07,23:00,04:00,"No block during peak hours 06:00-10:00,17:00-21:00",No
NDLS-UMB,2026-06-08,23:00,03:00,"No block during peak hours 06:00-10:00,17:00-21:00",No
NDLS-UMB,2026-06-09,23:00,03:00,Max 1 block per night,Yes
NDLS-UMB,2026-06-10,23:00,03:00,"No block during peak hours 06:00-10:00,17:00-21:00",Yes
NDLS-UMB,2026-06-11,23:00,03:00,Single line working only,No
NDLS-UMB,2026-06-12,23:00,03:00,Single line working only,Yes
NDLS-UMB,2026-06-13,23:00,04:00,Single line working only,No
NDLS-UMB,2026-06-14,23:00,04:00,"No block during peak hours 06:00-10:00,17:00-21:00",Yes
NDLS-UMB,2026-06-15,23:00,03:00,"No block during peak hours 06:00-10:00,17:00-21:00",Yes
NDLS-UMB,2026-06-16,23:00,03:00,No restriction,No
NDLS-UMB,2026-06-17,23:00,03:00,"No block during peak hours 06:00-10:00,17:00-21:00",Yes
NDLS-UMB,2026-06-18,23:00,03:00,Single line working only,No
NDLS-UMB,2026-06-19,23:00,03:00,Max 1 block per night,No
NDLS-UMB,2026-06-20,23:00,04:00,Max 1 block per night,No
NDLS-UMB,2026-06-21,23:00,04:00,Reduced window due to festival traffic,No
NDLS-UMB,2026-06-22,23:00,03:00,Max 1 block per night,No
NDLS-UMB,2026-06-23,23:00,03:00,"No block during peak hours 06:00-10:00,17:00-21:00",Yes
NDLS-UMB,2026-06-24,23:00,03:00,"No block during peak hours 06:00-10:00,17:00-21:00",Yes
NDLS-UMB,2026-06-25,23:00,03:00,Single line working only,No
NDLS-UMB,2026-06-26,23:00,03:00,No restriction,No
NDLS-UMB,2026-06-27,23:00,04:00,"No block during peak hours 06:00-10:00,17:00-21:00",No
NDLS-UMB,2026-06-28,23:00,04:00,Max 1 block per night,No
NDLS-UMB,2026-06-29,23:00,03:00,No restriction,Yes
NDLS-UMB,2026-06-30,23:00,03:00,"No block during peak hours 06:00-10:00,17:00-21:00",Yes
NDLS-UMB,2026-07-01,23:00,03:00,Single line working only,Yes
NDLS-UMB,2026-07-02,23:00,03:00,Single line working only,No
NDLS-UMB,2026-07-03,23:00,03:00,Single line working only,No
NDLS-UMB,2026-07-04,23:00,04:00,Reduced window due to festival traffic,No
NDLS-UMB,2026-07-05,23:00,04:00,"No block during peak hours 06:00-10:00,17:00-21:00",No
NDLS-UMB,2026-07-06,23:00,03:00,No restriction,No
NDLS-UMB,2026-07-07,23:00,03:00,Max 1 block per night,Yes
NDLS-UMB,2026-07-08,23:00,03:00,No restriction,No
NDLS-UMB,2026-07-09,23:00,03:00,No restriction,Yes
NDLS-UMB,2026-07-10,23:00,03:00,Single line working only,Yes
NDLS-UMB,2026-07-11,23:00,04:00,Max 1 block per night,Yes
NDLS-UMB,2026-07-12,23:00,04:00,"No block during peak hours 06:00-10:00,17:00-21:00",Yes
NDLS-UMB,2026-07-13,23:00,03:00,Single line working only,No
NDLS-UMB,2026-07-14,23:00,03:00,"No block during peak hours 06:00-10:00,17:00-21:00",No
NDLS-UMB,2026-07-15,23:00,03:00,No restriction,Yes
NDLS-UMB,2026-07-16,23:00,03:00,No restriction,No
NDLS-UMB,2026-07-17,23:00,03:00,Max 1 block per night,No
NDLS-UMB,2026-07-18,23:00,04:00,Block suspended - VIP movement,No
NDLS-UMB,2026-07-19,23:00,04:00,"No block during peak hours 06:00-10:00,17:00-21:00",No
NDLS-UMB,2026-07-20,23:00,03:00,Max 1 block per night,No
NDLS-UMB,2026-07-21,23:00,03:00,Max 1 block per night,No
NDLS-UMB,2026-07-22,23:00,03:00,Reduced window due to festival traffic,Yes
NDLS-UMB,2026-07-23,23:00,03:00,No restriction,Yes
NDLS-UMB,2026-07-24,23:00,03:00,Single line working only,Yes
NDLS-UMB,2026-07-25,23:00,04:00,"No block during peak hours 06:00-10:00,17:00-21:00",No
NDLS-UMB,2026-07-26,23:00,04:00,No restriction,No
NDLS-UMB,2026-07-27,23:00,03:00,Max 1 block per night,No
NDLS-UMB,2026-07-28,23:00,03:00,Max 1 block per night,Yes
NDLS-UMB,2026-07-29,23:00,03:00,Single line working only,Yes
NDLS-UMB,2026-07-30,23:00,03:00,No restriction,Yes
NDLS-UMB,2026-07-31,23:00,03:00,Single line working only,No
NDLS-UMB,2026-08-01,23:00,04:00,"No block during peak hours 06:00-10:00,17:00-21:00",No
NDLS-UMB,2026-08-02,23:00,04:00,Max 1 block per night,Yes
NDLS-UMB,2026-08-03,23:00,03:00,Single line working only,Yes
NDLS-UMB,2026-08-04,23:00,03:00,Single line working only,Yes
NDLS-UMB,2026-08-05,23:00,03:00,"No block during peak hours 06:00-10:00,17:00-21:00",No
NDLS-UMB,2026-08-06,23:00,03:00,No restriction,No
NDLS-UMB,2026-08-07,23:00,03:00,"No block during peak hours 06:00-10:00,17:00-21:00",No
NDLS-UMB,2026-08-08,23:00,04:00,Max 1 block per night,No
NDLS-UMB,2026-08-09,23:00,04:00,Max 1 block per night,No
NDLS-UMB,2026-08-10,23:00,03:00,"No block during peak hours 06:00-10:00,17:00-21:00",Yes
NDLS-UMB,2026-08-11,23:00,03:00,"No block during peak hours 06:00-10:00,17:00-21:00",No
NDLS-UMB,2026-08-12,23:00,03:00,Max 1 block per night,No
NDLS-UMB,2026-08-13,23:00,03:00,Max 1 block per night,Yes
NDLS-UMB,2026-08-14,23:00,03:00,Max 1 block per night,Yes
NDLS-UMB,2026-08-15,23:00,04:00,Block suspended - VIP movement,No
NDLS-UMB,2026-08-16,23:00,04:00,"No block during peak hours 06:00-10:00,17:00-21:00",Yes
NDLS-UMB,2026-08-17,23:00,03:00,Reduced window due to festival traffic,No
NDLS-UMB,2026-08-18,23:00,03:00,No restriction,No
NDLS-UMB,2026-08-19,23:00,03:00,"No block during peak hours 06:00-10:00,17:00-21:00",Yes
NDLS-UMB,2026-08-20,23:00,03:00,No restriction,No
NDLS-UMB,2026-08-21,23:00,03:00,Single line working only,Yes
NDLS-UMB,2026-08-22,23:00,04:00,"No block during peak hours 06:00-10:00,17:00-21:00",No
NDLS-UMB,2026-08-23,23:00,04:00,"No block during peak hours 06:00-10:00,17:00-21:00",Yes
NDLS-UMB,2026-08-24,23:00,03:00,Reduced window due to festival traffic,No
NDLS-UMB,2026-08-25,23:00,03:00,Single line working only,No
NDLS-UMB,2026-08-26,23:00,03:00,No restriction,Yes
NDLS-UMB,2026-08-27,23:00,03:00,Max 1 block per night,No
NDLS-UMB,2026-08-28,23:00,03:00,"No block during peak hours 06:00-10:00,17:00-21:00",Yes
NDLS-UMB,2026-08-29,23:00,04:00,"No block during peak hours 06:00-10:00,17:00-21:00",No
NDLS-UMB,2026-08-30,23:00,04:00,Single line working only,Yes
NDLS-UMB,2026-08-31,23:00,03:00,No restriction,No
NDLS-UMB,2026-09-01,23:00,03:00,Single line working only,No
NDLS-UMB,2026-09-02,23:00,03:00,Max 1 block per night,Yes
NDLS-UMB,2026-09-03,23:00,03:00,"No block during peak hours 06:00-10:00,17:00-21:00",No
NDLS-UMB,2026-09-04,23:00,03:00,Single line working only,No
NDLS-UMB,2026-09-05,23:00,04:00,Max 1 block per night,No
NDLS-UMB,2026-09-06,23:00,04:00,No restriction,Yes
NDLS-UMB,2026-09-07,23:00,03:00,Max 1 block per night,Yes
NDLS-UMB,2026-09-08,23:00,03:00,"No block during peak hours 06:00-10:00,17:00-21:00",No
NDLS-UMB,2026-09-09,23:00,03:00,No restriction,Yes
NDLS-UMB,2026-09-10,23:00,03:00,"No block during peak hours 06:00-10:00,17:00-21:00",Yes
NDLS-UMB,2026-09-11,23:00,03:00,Reduced window due to festival traffic,No
NDLS-UMB,2026-09-12,23:00,04:00,"No block during peak hours 06:00-10:00,17:00-21:00",Yes
NDLS-UMB,2026-09-13,23:00,04:00,Max 1 block per night,No
NDLS-UMB,2026-09-14,23:00,03:00,No restriction,Yes
NDLS-UMB,2026-09-15,23:00,03:00,"No block during peak hours 06:00-10:00,17:00-21:00",Yes
NDLS-UMB,2026-09-16,23:00,03:00,No restriction,Yes
NDLS-UMB,2026-09-17,23:00,03:00,Max 1 block per night,Yes
NDLS-UMB,2026-09-18,23:00,03:00,Max 1 block per night,No
NDLS-UMB,2026-09-19,23:00,04:00,Block suspended - VIP movement,No
NDLS-UMB,2026-09-20,23:00,04:00,Single line working only,No
NDLS-UMB,2026-09-21,23:00,03:00,Max 1 block per night,No
NDLS-UMB,2026-09-22,23:00,03:00,"No block during peak hours 06:00-10:00,17:00-21:00",No
NDLS-UMB,2026-09-23,23:00,03:00,Reduced window due to festival traffic,No
NDLS-UMB,2026-09-24,23:00,03:00,No restriction,No
NDLS-UMB,2026-09-25,23:00,03:00,No restriction,Yes
NDLS-UMB,2026-09-26,23:00,04:00,Max 1 block per night,Yes
NDLS-UMB,2026-09-27,23:00,04:00,Single line working only,No
NDLS-UMB,2026-09-28,23:00,03:00,Max 1 block per night,Yes
NDLS-UMB,2026-09-29,23:00,03:00,Block suspended - VIP movement,Yes
NDLS-UMB,2026-09-30,23:00,03:00,"No block during peak hours 06:00-10:00,17:00-21:00",Yes
NDLS-UMB,2026-10-01,23:00,03:00,"No block during peak hours 06:00-10:00,17:00-21:00",Yes
NDLS-UMB,2026-10-02,23:00,03:00,"No block during peak hours 06:00-10:00,17:00-21:00",No
NDLS-UMB,2026-10-03,23:00,04:00,No restriction,No
NDLS-UMB,2026-10-04,23:00,04:00,Single line working only,Yes
NDLS-UMB,2026-10-05,23:00,03:00,Single line working only,No
NDLS-UMB,2026-10-06,23:00,03:00,No restriction,No
NDLS-UMB,2026-10-07,23:00,03:00,Max 1 block per night,No
NDLS-UMB,2026-10-08,23:00,03:00,"No block during peak hours 06:00-10:00,17:00-21:00",No
NDLS-UMB,2026-10-09,23:00,03:00,No restriction,No
NDLS-UMB,2026-10-10,23:00,04:00,Max 1 block per night,Yes
NDLS-UMB,2026-10-11,23:00,04:00,"No block during peak hours 06:00-10:00,17:00-21:00",Yes
NDLS-UMB,2026-10-12,23:00,03:00,"No block during peak hours 06:00-10:00,17:00-21:00",No
NDLS-UMB,2026-10-13,23:00,03:00,Block suspended - VIP movement,Yes
NDLS-UMB,2026-10-14,23:00,03:00,Single line working only,No
NDLS-UMB,2026-10-15,23:00,03:00,Max 1 block per night,No
NDLS-UMB,2026-10-16,23:00,03:00,Reduced window due to festival traffic,Yes
NDLS-UMB,2026-10-17,23:00,04:00,"No block during peak hours 06:00-10:00,17:00-21:00",No
NDLS-UMB,2026-10-18,23:00,04:00,"No block during peak hours 06:00-10:00,17:00-21:00",No
NDLS-UMB,2026-10-19,23:00,03:00,Max 1 block per night,No
NDLS-UMB,2026-10-20,23:00,03:00,Single line working only,Yes
NDLS-UMB,2026-10-21,23:00,03:00,No restriction,No
NDLS-UMB,2026-10-22,23:00,03:00,Single line working only,Yes
NDLS-UMB,2026-10-23,23:00,03:00,Single line working only,Yes
NDLS-UMB,2026-10-24,23:00,04:00,No restriction,No
NDLS-UMB,2026-10-25,23:00,04:00,Single line working only,No
NDLS-UMB,2026-10-26,23:00,03:00,No restriction,Yes
NDLS-UMB,2026-10-27,23:00,03:00,Block suspended - VIP movement,No
NDLS-UMB,2026-10-28,23:00,03:00,"No block during peak hours 06:00-10:00,17:00-21:00",No
NDLS-UMB,2026-10-29,23:00,03:00,"No block during peak hours 06:00-10:00,17:00-21:00",Yes
NDLS-UMB,2026-10-30,23:00,03:00,"No block during peak hours 06:00-10:00,17:00-21:00",No
NDLS-UMB,2026-10-31,23:00,04:00,"No block during peak hours 06:00-10:00,17:00-21:00",No
NDLS-UMB,2026-11-01,23:00,04:00,No restriction,Yes
NDLS-UMB,2026-11-02,23:00,03:00,Block suspended - VIP movement,No
NDLS-UMB,2026-11-03,23:00,03:00,Single line working only,Yes
NDLS-UMB,2026-11-04,23:00,03:00,No restriction,No
NDLS-UMB,2026-11-05,23:00,03:00,No restriction,No
NDLS-UMB,2026-11-06,23:00,03:00,Reduced window due to festival traffic,Yes
NDLS-UMB,2026-11-07,23:00,04:00,Max 1 block per night,Yes
NDLS-UMB,2026-11-08,23:00,04:00,Single line working only,No
NDLS-UMB,2026-11-09,23:00,03:00,"No block during peak hours 06:00-10:00,17:00-21:00",Yes
NDLS-UMB,2026-11-10,23:00,03:00,Max 1 block per night,No
NDLS-UMB,2026-11-11,23:00,03:00,Max 1 block per night,Yes
NDLS-UMB,2026-11-12,23:00,03:00,No restriction,Yes
NDLS-UMB,2026-11-13,23:00,03:00,No restriction,No
NDLS-UMB,2026-11-14,23:00,04:00,Block suspended - VIP movement,Yes
NDLS-UMB,2026-11-15,23:00,04:00,Single line working only,No
NDLS-UMB,2026-11-16,23:00,03:00,No restriction,No
NDLS-UMB,2026-11-17,23:00,03:00,"No block during peak hours 06:00-10:00,17:00-21:00",Yes
NDLS-UMB,2026-11-18,23:00,03:00,"No block during peak hours 06:00-10:00,17:00-21:00",Yes
NDLS-UMB,2026-11-19,23:00,03:00,Single line working only,Yes
NDLS-UMB,2026-11-20,23:00,03:00,No restriction,Yes
NDLS-UMB,2026-11-21,23:00,04:00,Single line working only,Yes
NDLS-UMB,2026-11-22,23:00,04:00,Single line working only,No
NDLS-UMB,2026-11-23,23:00,03:00,Max 1 block per night,No
NDLS-UMB,2026-11-24,23:00,03:00,Single line working only,No
NDLS-UMB,2026-11-25,23:00,03:00,"No block during peak hours 06:00-10:00,17:00-21:00",No
NDLS-UMB,2026-11-26,23:00,03:00,"No block during peak hours 06:00-10:00,17:00-21:00",No
NDLS-UMB,2026-11-27,23:00,03:00,Single line working only,No
NDLS-UMB,2026-11-28,23:00,04:00,"No block during peak hours 06:00-10:00,17:00-21:00",No
NDLS-UMB,2026-11-29,23:00,04:00,No restriction,Yes
NDLS-UMB,2026-11-30,23:00,03:00,"No block during peak hours 06:00-10:00,17:00-21:00",No
NDLS-UMB,2026-12-01,23:00,03:00,Max 1 block per night,Yes
NDLS-UMB,2026-12-02,23:00,03:00,Single line working only,Yes
NDLS-UMB,2026-12-03,23:00,03:00,"No block during peak hours 06:00-10:00,17:00-21:00",No
NDLS-UMB,2026-12-04,23:00,03:00,No restriction,Yes
NDLS-UMB,2026-12-05,23:00,04:00,Max 1 block per night,No
NDLS-UMB,2026-12-06,23:00,04:00,No restriction,Yes
NDLS-UMB,2026-12-07,23:00,03:00,Single line working only,No
NDLS-UMB,2026-12-08,23:00,03:00,No restriction,No
NDLS-UMB,2026-12-09,23:00,03:00,"No block during peak hours 06:00-10:00,17:00-21:00",Yes
NDLS-UMB,2026-12-10,23:00,03:00,No restriction,No
NDLS-UMB,2026-12-11,23:00,03:00,"No block during peak hours 06:00-10:00,17:00-21:00",Yes
NDLS-UMB,2026-12-12,23:00,04:00,"No block during peak hours 06:00-10:00,17:00-21:00",Yes
NDLS-UMB,2026-12-13,23:00,04:00,"No block during peak hours 06:00-10:00,17:00-21:00",No
NDLS-UMB,2026-12-14,23:00,03:00,Max 1 block per night,No
NDLS-UMB,2026-12-15,23:00,03:00,Reduced window due to festival traffic,No
NDLS-UMB,2026-12-16,23:00,03:00,Block suspended - VIP movement,Yes
NDLS-UMB,2026-12-17,23:00,03:00,Single line working only,No
NDLS-UMB,2026-12-18,23:00,03:00,No restriction,No
NDLS-UMB,2026-12-19,23:00,04:00,Max 1 block per night,Yes
NDLS-UMB,2026-12-20,23:00,04:00,No restriction,No
NDLS-UMB,2026-12-21,23:00,03:00,No restriction,Yes
NDLS-UMB,2026-12-22,23:00,03:00,Max 1 block per night,No
NDLS-UMB,2026-12-23,23:00,03:00,Max 1 block per night,Yes
NDLS-UMB,2026-12-24,23:00,03:00,Block suspended - VIP movement,Yes
NDLS-UMB,2026-12-25,23:00,03:00,Block suspended - VIP movement,No
NDLS-UMB,2026-12-26,23:00,04:00,No restriction,Yes
NDLS-UMB,2026-12-27,23:00,04:00,"No block during peak hours 06:00-10:00,17:00-21:00",Yes
NDLS-UMB,2026-12-28,23:00,03:00,Max 1 block per night,No
NDLS-UMB,2026-12-29,23:00,03:00,Single line working only,No
NDLS-UMB,2026-12-30,23:00,03:00,Single line working only,No
NDLS-UMB,2026-12-31,23:00,03:00,Reduced window due to festival traffic,Yes
NDLS-ASR,2026-01-01,23:00,03:00,No restriction,No
NDLS-ASR,2026-01-02,23:00,03:00,Max 1 block per night,Yes
NDLS-ASR,2026-01-03,23:00,04:00,No restriction,Yes
NDLS-ASR,2026-01-04,23:00,04:00,No restriction,Yes
NDLS-ASR,2026-01-05,23:00,03:00,Single line working only,No
NDLS-ASR,2026-01-06,23:00,03:00,"No block during peak hours 06:00-10:00,17:00-21:00",No
NDLS-ASR,2026-01-07,23:00,03:00,"No block during peak hours 06:00-10:00,17:00-21:00",No
NDLS-ASR,2026-01-08,23:00,03:00,Single line working only,No
NDLS-ASR,2026-01-09,23:00,03:00,Block suspended - VIP movement,Yes
NDLS-ASR,2026-01-10,23:00,04:00,"No block during peak hours 06:00-10:00,17:00-21:00",No
NDLS-ASR,2026-01-11,23:00,04:00,Single line working only,No
NDLS-ASR,2026-01-12,23:00,03:00,Single line working only,No
NDLS-ASR,2026-01-13,23:00,03:00,Block suspended - VIP movement,No
NDLS-ASR,2026-01-14,23:00,03:00,"No block during peak hours 06:00-10:00,17:00-21:00",No
NDLS-ASR,2026-01-15,23:00,03:00,Block suspended - VIP movement,Yes
NDLS-ASR,2026-01-16,23:00,03:00,Single line working only,No
NDLS-ASR,2026-01-17,23:00,04:00,Max 1 block per night,No
NDLS-ASR,2026-01-18,23:00,04:00,No restriction,No
NDLS-ASR,2026-01-19,23:00,03:00,Single line working only,No
NDLS-ASR,2026-01-20,23:00,03:00,"No block during peak hours 06:00-10:00,17:00-21:00",No
NDLS-ASR,2026-01-21,23:00,03:00,"No block during peak hours 06:00-10:00,17:00-21:00",No
NDLS-ASR,2026-01-22,23:00,03:00,Max 1 block per night,No
NDLS-ASR,2026-01-23,23:00,03:00,Single line working only,Yes
NDLS-ASR,2026-01-24,23:00,04:00,No restriction,Yes
NDLS-ASR,2026-01-25,23:00,04:00,Max 1 block per night,No
NDLS-ASR,2026-01-26,23:00,03:00,Max 1 block per night,No
NDLS-ASR,2026-01-27,23:00,03:00,Max 1 block per night,Yes
NDLS-ASR,2026-01-28,23:00,03:00,Single line working only,Yes
NDLS-ASR,2026-01-29,23:00,03:00,No restriction,No
NDLS-ASR,2026-01-30,23:00,03:00,No restriction,Yes
NDLS-ASR,2026-01-31,23:00,04:00,Single line working only,Yes
NDLS-ASR,2026-02-01,23:00,04:00,Reduced window due to festival traffic,No
NDLS-ASR,2026-02-02,23:00,03:00,Single line working only,Yes
NDLS-ASR,2026-02-03,23:00,03:00,"No block during peak hours 06:00-10:00,17:00-21:00",No
NDLS-ASR,2026-02-04,23:00,03:00,No restriction,Yes
NDLS-ASR,2026-02-05,23:00,03:00,Max 1 block per night,No
NDLS-ASR,2026-02-06,23:00,03:00,No restriction,No
NDLS-ASR,2026-02-07,23:00,04:00,"No block during peak hours 06:00-10:00,17:00-21:00",No
NDLS-ASR,2026-02-08,23:00,04:00,No restriction,No
NDLS-ASR,2026-02-09,23:00,03:00,Single line working only,No
NDLS-ASR,2026-02-10,23:00,03:00,Max 1 block per night,No
NDLS-ASR,2026-02-11,23:00,03:00,Single line working only,No
NDLS-ASR,2026-02-12,23:00,03:00,"No block during peak hours 06:00-10:00,17:00-21:00",No
NDLS-ASR,2026-02-13,23:00,03:00,No restriction,No
NDLS-ASR,2026-02-14,23:00,04:00,"No block during peak hours 06:00-10:00,17:00-21:00",Yes
NDLS-ASR,2026-02-15,23:00,04:00,Block suspended - VIP movement,No
NDLS-ASR,2026-02-16,23:00,03:00,Single line working only,Yes
NDLS-ASR,2026-02-17,23:00,03:00,"No block during peak hours 06:00-10:00,17:00-21:00",Yes
NDLS-ASR,2026-02-18,23:00,03:00,Max 1 block per night,Yes
NDLS-ASR,2026-02-19,23:00,03:00,"No block during peak hours 06:00-10:00,17:00-21:00",No
NDLS-ASR,2026-02-20,23:00,03:00,Single line working only,No
NDLS-ASR,2026-02-21,23:00,04:00,No restriction,Yes
NDLS-ASR,2026-02-22,23:00,04:00,Block suspended - VIP movement,No
NDLS-ASR,2026-02-23,23:00,03:00,"No block during peak hours 06:00-10:00,17:00-21:00",No
NDLS-ASR,2026-02-24,23:00,03:00,"No block during peak hours 06:00-10:00,17:00-21:00",No
NDLS-ASR,2026-02-25,23:00,03:00,No restriction,No
NDLS-ASR,2026-02-26,23:00,03:00,Single line working only,No
NDLS-ASR,2026-02-27,23:00,03:00,Max 1 block per night,No
NDLS-ASR,2026-02-28,23:00,04:00,"No block during peak hours 06:00-10:00,17:00-21:00",Yes
NDLS-ASR,2026-03-01,23:00,04:00,"No block during peak hours 06:00-10:00,17:00-21:00",No
NDLS-ASR,2026-03-02,23:00,03:00,"No block during peak hours 06:00-10:00,17:00-21:00",Yes
NDLS-ASR,2026-03-03,23:00,03:00,"No block during peak hours 06:00-10:00,17:00-21:00",Yes
NDLS-ASR,2026-03-04,23:00,03:00,No restriction,No
NDLS-ASR,2026-03-05,23:00,03:00,Max 1 block per night,Yes
NDLS-ASR,2026-03-06,23:00,03:00,Single line working only,No
NDLS-ASR,2026-03-07,23:00,04:00,"No block during peak hours 06:00-10:00,17:00-21:00",Yes
NDLS-ASR,2026-03-08,23:00,04:00,No restriction,No
NDLS-ASR,2026-03-09,23:00,03:00,"No block during peak hours 06:00-10:00,17:00-21:00",Yes
NDLS-ASR,2026-03-10,23:00,03:00,"No block during peak hours 06:00-10:00,17:00-21:00",No
NDLS-ASR,2026-03-11,23:00,03:00,"No block during peak hours 06:00-10:00,17:00-21:00",No
NDLS-ASR,2026-03-12,23:00,03:00,"No block during peak hours 06:00-10:00,17:00-21:00",Yes
NDLS-ASR,2026-03-13,23:00,03:00,Max 1 block per night,Yes
NDLS-ASR,2026-03-14,23:00,04:00,Max 1 block per night,No
NDLS-ASR,2026-03-15,23:00,04:00,Block suspended - VIP movement,No
NDLS-ASR,2026-03-16,23:00,03:00,"No block during peak hours 06:00-10:00,17:00-21:00",No
NDLS-ASR,2026-03-17,23:00,03:00,No restriction,No
NDLS-ASR,2026-03-18,23:00,03:00,Single line working only,No
NDLS-ASR,2026-03-19,23:00,03:00,"No block during peak hours 06:00-10:00,17:00-21:00",No
NDLS-ASR,2026-03-20,23:00,03:00,"No block during peak hours 06:00-10:00,17:00-21:00",Yes
NDLS-ASR,2026-03-21,23:00,04:00,No restriction,Yes
NDLS-ASR,2026-03-22,23:00,04:00,"No block during peak hours 06:00-10:00,17:00-21:00",Yes
NDLS-ASR,2026-03-23,23:00,03:00,Reduced window due to festival traffic,Yes
NDLS-ASR,2026-03-24,23:00,03:00,Reduced window due to festival traffic,Yes
NDLS-ASR,2026-03-25,23:00,03:00,Single line working only,No
NDLS-ASR,2026-03-26,23:00,03:00,Single line working only,Yes
NDLS-ASR,2026-03-27,23:00,03:00,Block suspended - VIP movement,Yes
NDLS-ASR,2026-03-28,23:00,04:00,Max 1 block per night,No
NDLS-ASR,2026-03-29,23:00,04:00,No restriction,Yes
NDLS-ASR,2026-03-30,23:00,03:00,No restriction,No
NDLS-ASR,2026-03-31,23:00,03:00,Block suspended - VIP movement,No
NDLS-ASR,2026-04-01,23:00,03:00,No restriction,Yes
NDLS-ASR,2026-04-02,23:00,03:00,"No block during peak hours 06:00-10:00,17:00-21:00",No
NDLS-ASR,2026-04-03,23:00,03:00,No restriction,Yes
NDLS-ASR,2026-04-04,23:00,04:00,"No block during peak hours 06:00-10:00,17:00-21:00",Yes
NDLS-ASR,2026-04-05,23:00,04:00,Single line working only,No
NDLS-ASR,2026-04-06,23:00,03:00,Single line working only,Yes
NDLS-ASR,2026-04-07,23:00,03:00,"No block during peak hours 06:00-10:00,17:00-21:00",Yes
NDLS-ASR,2026-04-08,23:00,03:00,"No block during peak hours 06:00-10:00,17:00-21:00",Yes
NDLS-ASR,2026-04-09,23:00,03:00,"No block during peak hours 06:00-10:00,17:00-21:00",Yes
NDLS-ASR,2026-04-10,23:00,03:00,"No block during peak hours 06:00-10:00,17:00-21:00",Yes
NDLS-ASR,2026-04-11,23:00,04:00,"No block during peak hours 06:00-10:00,17:00-21:00",Yes
NDLS-ASR,2026-04-12,23:00,04:00,Single line working only,No
NDLS-ASR,2026-04-13,23:00,03:00,Single line working only,No
NDLS-ASR,2026-04-14,23:00,03:00,Max 1 block per night,No
NDLS-ASR,2026-04-15,23:00,03:00,Single line working only,No
NDLS-ASR,2026-04-16,23:00,03:00,Single line working only,No
NDLS-ASR,2026-04-17,23:00,03:00,Max 1 block per night,No
NDLS-ASR,2026-04-18,23:00,04:00,Reduced window due to festival traffic,No
NDLS-ASR,2026-04-19,23:00,04:00,Single line working only,Yes
NDLS-ASR,2026-04-20,23:00,03:00,No restriction,Yes
NDLS-ASR,2026-04-21,23:00,03:00,No restriction,No
NDLS-ASR,2026-04-22,23:00,03:00,Single line working only,Yes
NDLS-ASR,2026-04-23,23:00,03:00,Single line working only,No
NDLS-ASR,2026-04-24,23:00,03:00,Single line working only,No
NDLS-ASR,2026-04-25,23:00,04:00,Single line working only,Yes
NDLS-ASR,2026-04-26,23:00,04:00,Block suspended - VIP movement,No
NDLS-ASR,2026-04-27,23:00,03:00,No restriction,Yes
NDLS-ASR,2026-04-28,23:00,03:00,Single line working only,Yes
NDLS-ASR,2026-04-29,23:00,03:00,Single line working only,No
NDLS-ASR,2026-04-30,23:00,03:00,"No block during peak hours 06:00-10:00,17:00-21:00",Yes
NDLS-ASR,2026-05-01,23:00,03:00,Max 1 block per night,No
NDLS-ASR,2026-05-02,23:00,04:00,Single line working only,No
NDLS-ASR,2026-05-03,23:00,04:00,Single line working only,No
NDLS-ASR,2026-05-04,23:00,03:00,No restriction,No
NDLS-ASR,2026-05-05,23:00,03:00,Single line working only,No
NDLS-ASR,2026-05-06,23:00,03:00,Max 1 block per night,No
NDLS-ASR,2026-05-07,23:00,03:00,"No block during peak hours 06:00-10:00,17:00-21:00",No
NDLS-ASR,2026-05-08,23:00,03:00,Max 1 block per night,Yes
NDLS-ASR,2026-05-09,23:00,04:00,"No block during peak hours 06:00-10:00,17:00-21:00",Yes
NDLS-ASR,2026-05-10,23:00,04:00,"No block during peak hours 06:00-10:00,17:00-21:00",Yes
NDLS-ASR,2026-05-11,23:00,03:00,"No block during peak hours 06:00-10:00,17:00-21:00",No
NDLS-ASR,2026-05-12,23:00,03:00,Max 1 block per night,Yes
NDLS-ASR,2026-05-13,23:00,03:00,No restriction,Yes
NDLS-ASR,2026-05-14,23:00,03:00,"No block during peak hours 06:00-10:00,17:00-21:00",No
NDLS-ASR,2026-05-15,23:00,03:00,"No block during peak hours 06:00-10:00,17:00-21:00",No
NDLS-ASR,2026-05-16,23:00,04:00,"No block during peak hours 06:00-10:00,17:00-21:00",Yes
NDLS-ASR,2026-05-17,23:00,04:00,Single line working only,No
NDLS-ASR,2026-05-18,23:00,03:00,No restriction,No
NDLS-ASR,2026-05-19,23:00,03:00,"No block during peak hours 06:00-10:00,17:00-21:00",No
NDLS-ASR,2026-05-20,23:00,03:00,"No block during peak hours 06:00-10:00,17:00-21:00",No
NDLS-ASR,2026-05-21,23:00,03:00,"No block during peak hours 06:00-10:00,17:00-21:00",No
NDLS-ASR,2026-05-22,23:00,03:00,Max 1 block per night,Yes
NDLS-ASR,2026-05-23,23:00,04:00,Single line working only,No
NDLS-ASR,2026-05-24,23:00,04:00,"No block during peak hours 06:00-10:00,17:00-21:00",No
NDLS-ASR,2026-05-25,23:00,03:00,No restriction,No
NDLS-ASR,2026-05-26,23:00,03:00,Single line working only,No
NDLS-ASR,2026-05-27,23:00,03:00,"No block during peak hours 06:00-10:00,17:00-21:00",Yes
NDLS-ASR,2026-05-28,23:00,03:00,Max 1 block per night,No
NDLS-ASR,2026-05-29,23:00,03:00,Max 1 block per night,Yes
NDLS-ASR,2026-05-30,23:00,04:00,No restriction,No
NDLS-ASR,2026-05-31,23:00,04:00,Max 1 block per night,Yes
NDLS-ASR,2026-06-01,23:00,03:00,Reduced window due to festival traffic,Yes
NDLS-ASR,2026-06-02,23:00,03:00,Max 1 block per night,Yes
NDLS-ASR,2026-06-03,23:00,03:00,"No block during peak hours 06:00-10:00,17:00-21:00",No
NDLS-ASR,2026-06-04,23:00,03:00,Single line working only,No
NDLS-ASR,2026-06-05,23:00,03:00,No restriction,No
NDLS-ASR,2026-06-06,23:00,04:00,"No block during peak hours 06:00-10:00,17:00-21:00",Yes
NDLS-ASR,2026-06-07,23:00,04:00,Single line working only,No
NDLS-ASR,2026-06-08,23:00,03:00,Block suspended - VIP movement,Yes
NDLS-ASR,2026-06-09,23:00,03:00,Max 1 block per night,Yes
NDLS-ASR,2026-06-10,23:00,03:00,"No block during peak hours 06:00-10:00,17:00-21:00",No
NDLS-ASR,2026-06-11,23:00,03:00,Single line working only,Yes
NDLS-ASR,2026-06-12,23:00,03:00,Max 1 block per night,No
NDLS-ASR,2026-06-13,23:00,04:00,No restriction,No
NDLS-ASR,2026-06-14,23:00,04:00,No restriction,Yes
NDLS-ASR,2026-06-15,23:00,03:00,Max 1 block per night,Yes
NDLS-ASR,2026-06-16,23:00,03:00,"No block during peak hours 06:00-10:00,17:00-21:00",Yes
NDLS-ASR,2026-06-17,23:00,03:00,No restriction,No
NDLS-ASR,2026-06-18,23:00,03:00,"No block during peak hours 06:00-10:00,17:00-21:00",Yes
NDLS-ASR,2026-06-19,23:00,03:00,Max 1 block per night,No
NDLS-ASR,2026-06-20,23:00,04:00,Max 1 block per night,Yes
NDLS-ASR,2026-06-21,23:00,04:00,"No block during peak hours 06:00-10:00,17:00-21:00",No
NDLS-ASR,2026-06-22,23:00,03:00,"No block during peak hours 06:00-10:00,17:00-21:00",No
NDLS-ASR,2026-06-23,23:00,03:00,"No block during peak hours 06:00-10:00,17:00-21:00",No
NDLS-ASR,2026-06-24,23:00,03:00,Block suspended - VIP movement,Yes
NDLS-ASR,2026-06-25,23:00,03:00,Reduced window due to festival traffic,No
NDLS-ASR,2026-06-26,23:00,03:00,"No block during peak hours 06:00-10:00,17:00-21:00",Yes
NDLS-ASR,2026-06-27,23:00,04:00,"No block during peak hours 06:00-10:00,17:00-21:00",No
NDLS-ASR,2026-06-28,23:00,04:00,Max 1 block per night,No
NDLS-ASR,2026-06-29,23:00,03:00,Single line working only,No
NDLS-ASR,2026-06-30,23:00,03:00,Max 1 block per night,No
NDLS-ASR,2026-07-01,23:00,03:00,Single line working only,Yes
NDLS-ASR,2026-07-02,23:00,03:00,Block suspended - VIP movement,No
NDLS-ASR,2026-07-03,23:00,03:00,Max 1 block per night,No
NDLS-ASR,2026-07-04,23:00,04:00,Block suspended - VIP movement,No
NDLS-ASR,2026-07-05,23:00,04:00,No restriction,No
NDLS-ASR,2026-07-06,23:00,03:00,"No block during peak hours 06:00-10:00,17:00-21:00",No
NDLS-ASR,2026-07-07,23:00,03:00,Reduced window due to festival traffic,No
NDLS-ASR,2026-07-08,23:00,03:00,Max 1 block per night,Yes
NDLS-ASR,2026-07-09,23:00,03:00,Reduced window due to festival traffic,Yes
NDLS-ASR,2026-07-10,23:00,03:00,Max 1 block per night,No
NDLS-ASR,2026-07-11,23:00,04:00,"No block during peak hours 06:00-10:00,17:00-21:00",Yes
NDLS-ASR,2026-07-12,23:00,04:00,Reduced window due to festival traffic,No
NDLS-ASR,2026-07-13,23:00,03:00,Max 1 block per night,No
NDLS-ASR,2026-07-14,23:00,03:00,Single line working only,No
NDLS-ASR,2026-07-15,23:00,03:00,Single line working only,No
NDLS-ASR,2026-07-16,23:00,03:00,No restriction,Yes
NDLS-ASR,2026-07-17,23:00,03:00,No restriction,Yes
NDLS-ASR,2026-07-18,23:00,04:00,Max 1 block per night,No
NDLS-ASR,2026-07-19,23:00,04:00,"No block during peak hours 06:00-10:00,17:00-21:00",Yes
NDLS-ASR,2026-07-20,23:00,03:00,"No block during peak hours 06:00-10:00,17:00-21:00",Yes
NDLS-ASR,2026-07-21,23:00,03:00,Max 1 block per night,No
NDLS-ASR,2026-07-22,23:00,03:00,No restriction,No
NDLS-ASR,2026-07-23,23:00,03:00,"No block during peak hours 06:00-10:00,17:00-21:00",No
NDLS-ASR,2026-07-24,23:00,03:00,No restriction,No
NDLS-ASR,2026-07-25,23:00,04:00,No restriction,Yes
NDLS-ASR,2026-07-26,23:00,04:00,Max 1 block per night,Yes
NDLS-ASR,2026-07-27,23:00,03:00,No restriction,Yes
NDLS-ASR,2026-07-28,23:00,03:00,Max 1 block per night,Yes
NDLS-ASR,2026-07-29,23:00,03:00,No restriction,No
NDLS-ASR,2026-07-30,23:00,03:00,No restriction,Yes
NDLS-ASR,2026-07-31,23:00,03:00,Single line working only,Yes
NDLS-ASR,2026-08-01,23:00,04:00,Single line working only,No
NDLS-ASR,2026-08-02,23:00,04:00,Max 1 block per night,No
NDLS-ASR,2026-08-03,23:00,03:00,No restriction,No
NDLS-ASR,2026-08-04,23:00,03:00,Single line working only,No
NDLS-ASR,2026-08-05,23:00,03:00,Max 1 block per night,No
NDLS-ASR,2026-08-06,23:00,03:00,No restriction,No
NDLS-ASR,2026-08-07,23:00,03:00,Reduced window due to festival traffic,No
NDLS-ASR,2026-08-08,23:00,04:00,"No block during peak hours 06:00-10:00,17:00-21:00",No
NDLS-ASR,2026-08-09,23:00,04:00,Block suspended - VIP movement,Yes
NDLS-ASR,2026-08-10,23:00,03:00,Single line working only,No
NDLS-ASR,2026-08-11,23:00,03:00,Single line working only,Yes
NDLS-ASR,2026-08-12,23:00,03:00,"No block during peak hours 06:00-10:00,17:00-21:00",No
NDLS-ASR,2026-08-13,23:00,03:00,"No block during peak hours 06:00-10:00,17:00-21:00",No
NDLS-ASR,2026-08-14,23:00,03:00,"No block during peak hours 06:00-10:00,17:00-21:00",Yes
NDLS-ASR,2026-08-15,23:00,04:00,Single line working only,No
NDLS-ASR,2026-08-16,23:00,04:00,No restriction,No
NDLS-ASR,2026-08-17,23:00,03:00,No restriction,No
NDLS-ASR,2026-08-18,23:00,03:00,"No block during peak hours 06:00-10:00,17:00-21:00",No
NDLS-ASR,2026-08-19,23:00,03:00,Single line working only,No
NDLS-ASR,2026-08-20,23:00,03:00,No restriction,No
NDLS-ASR,2026-08-21,23:00,03:00,Block suspended - VIP movement,No
NDLS-ASR,2026-08-22,23:00,04:00,"No block during peak hours 06:00-10:00,17:00-21:00",Yes
NDLS-ASR,2026-08-23,23:00,04:00,Max 1 block per night,No
NDLS-ASR,2026-08-24,23:00,03:00,Block suspended - VIP movement,No
NDLS-ASR,2026-08-25,23:00,03:00,Block suspended - VIP movement,Yes
NDLS-ASR,2026-08-26,23:00,03:00,No restriction,No
NDLS-ASR,2026-08-27,23:00,03:00,Reduced window due to festival traffic,Yes
NDLS-ASR,2026-08-28,23:00,03:00,"No block during peak hours 06:00-10:00,17:00-21:00",Yes
NDLS-ASR,2026-08-29,23:00,04:00,Single line working only,No
NDLS-ASR,2026-08-30,23:00,04:00,Max 1 block per night,No
NDLS-ASR,2026-08-31,23:00,03:00,"No block during peak hours 06:00-10:00,17:00-21:00",Yes
NDLS-ASR,2026-09-01,23:00,03:00,No restriction,Yes
NDLS-ASR,2026-09-02,23:00,03:00,Single line working only,No
NDLS-ASR,2026-09-03,23:00,03:00,Max 1 block per night,No
NDLS-ASR,2026-09-04,23:00,03:00,"No block during peak hours 06:00-10:00,17:00-21:00",No
NDLS-ASR,2026-09-05,23:00,04:00,Reduced window due to festival traffic,No
NDLS-ASR,2026-09-06,23:00,04:00,Single line working only,No
NDLS-ASR,2026-09-07,23:00,03:00,Single line working only,No
NDLS-ASR,2026-09-08,23:00,03:00,No restriction,Yes
NDLS-ASR,2026-09-09,23:00,03:00,Max 1 block per night,No
NDLS-ASR,2026-09-10,23:00,03:00,"No block during peak hours 06:00-10:00,17:00-21:00",Yes
NDLS-ASR,2026-09-11,23:00,03:00,Block suspended - VIP movement,Yes
NDLS-ASR,2026-09-12,23:00,04:00,Max 1 block per night,No
NDLS-ASR,2026-09-13,23:00,04:00,Max 1 block per night,Yes
NDLS-ASR,2026-09-14,23:00,03:00,"No block during peak hours 06:00-10:00,17:00-21:00",Yes
NDLS-ASR,2026-09-15,23:00,03:00,"No block during peak hours 06:00-10:00,17:00-21:00",No
NDLS-ASR,2026-09-16,23:00,03:00,No restriction,Yes
NDLS-ASR,2026-09-17,23:00,03:00,"No block during peak hours 06:00-10:00,17:00-21:00",Yes
NDLS-ASR,2026-09-18,23:00,03:00,Block suspended - VIP movement,Yes
NDLS-ASR,2026-09-19,23:00,04:00,No restriction,No
NDLS-ASR,2026-09-20,23:00,04:00,"No block during peak hours 06:00-10:00,17:00-21:00",No
NDLS-ASR,2026-09-21,23:00,03:00,"No block during peak hours 06:00-10:00,17:00-21:00",Yes
NDLS-ASR,2026-09-22,23:00,03:00,Single line working only,No
NDLS-ASR,2026-09-23,23:00,03:00,"No block during peak hours 06:00-10:00,17:00-21:00",No
NDLS-ASR,2026-09-24,23:00,03:00,Max 1 block per night,Yes
NDLS-ASR,2026-09-25,23:00,03:00,No restriction,Yes
NDLS-ASR,2026-09-26,23:00,04:00,No restriction,No
NDLS-ASR,2026-09-27,23:00,04:00,Reduced window due to festival traffic,No
NDLS-ASR,2026-09-28,23:00,03:00,"No block during peak hours 06:00-10:00,17:00-21:00",Yes
NDLS-ASR,2026-09-29,23:00,03:00,No restriction,Yes
NDLS-ASR,2026-09-30,23:00,03:00,Single line working only,No
NDLS-ASR,2026-10-01,23:00,03:00,No restriction,Yes
NDLS-ASR,2026-10-02,23:00,03:00,Block suspended - VIP movement,No
NDLS-ASR,2026-10-03,23:00,04:00,Reduced window due to festival traffic,No
NDLS-ASR,2026-10-04,23:00,04:00,Max 1 block per night,No
NDLS-ASR,2026-10-05,23:00,03:00,"No block during peak hours 06:00-10:00,17:00-21:00",No
NDLS-ASR,2026-10-06,23:00,03:00,Block suspended - VIP movement,Yes
NDLS-ASR,2026-10-07,23:00,03:00,"No block during peak hours 06:00-10:00,17:00-21:00",No
NDLS-ASR,2026-10-08,23:00,03:00,Reduced window due to festival traffic,No
NDLS-ASR,2026-10-09,23:00,03:00,"No block during peak hours 06:00-10:00,17:00-21:00",No
NDLS-ASR,2026-10-10,23:00,04:00,Single line working only,No
NDLS-ASR,2026-10-11,23:00,04:00,Max 1 block per night,No
NDLS-ASR,2026-10-12,23:00,03:00,Max 1 block per night,Yes
NDLS-ASR,2026-10-13,23:00,03:00,Max 1 block per night,No
NDLS-ASR,2026-10-14,23:00,03:00,"No block during peak hours 06:00-10:00,17:00-21:00",No
NDLS-ASR,2026-10-15,23:00,03:00,"No block during peak hours 06:00-10:00,17:00-21:00",Yes
NDLS-ASR,2026-10-16,23:00,03:00,Max 1 block per night,Yes
NDLS-ASR,2026-10-17,23:00,04:00,"No block during peak hours 06:00-10:00,17:00-21:00",No
NDLS-ASR,2026-10-18,23:00,04:00,"No block during peak hours 06:00-10:00,17:00-21:00",Yes
NDLS-ASR,2026-10-19,23:00,03:00,No restriction,No
NDLS-ASR,2026-10-20,23:00,03:00,Max 1 block per night,No
NDLS-ASR,2026-10-21,23:00,03:00,No restriction,No
NDLS-ASR,2026-10-22,23:00,03:00,Max 1 block per night,Yes
NDLS-ASR,2026-10-23,23:00,03:00,No restriction,No
NDLS-ASR,2026-10-24,23:00,04:00,Single line working only,Yes
NDLS-ASR,2026-10-25,23:00,04:00,Block suspended - VIP movement,No
NDLS-ASR,2026-10-26,23:00,03:00,Max 1 block per night,Yes
NDLS-ASR,2026-10-27,23:00,03:00,No restriction,No
NDLS-ASR,2026-10-28,23:00,03:00,"No block during peak hours 06:00-10:00,17:00-21:00",No
NDLS-ASR,2026-10-29,23:00,03:00,"No block during peak hours 06:00-10:00,17:00-21:00",No
NDLS-ASR,2026-10-30,23:00,03:00,"No block during peak hours 06:00-10:00,17:00-21:00",Yes
NDLS-ASR,2026-10-31,23:00,04:00,No restriction,No
NDLS-ASR,2026-11-01,23:00,04:00,Max 1 block per night,Yes
NDLS-ASR,2026-11-02,23:00,03:00,Reduced window due to festival traffic,No
NDLS-ASR,2026-11-03,23:00,03:00,Block suspended - VIP movement,Yes
NDLS-ASR,2026-11-04,23:00,03:00,"No block during peak hours 06:00-10:00,17:00-21:00",Yes
NDLS-ASR,2026-11-05,23:00,03:00,Single line working only,Yes
NDLS-ASR,2026-11-06,23:00,03:00,Single line working only,Yes
NDLS-ASR,2026-11-07,23:00,04:00,No restriction,No
NDLS-ASR,2026-11-08,23:00,04:00,Max 1 block per night,No
NDLS-ASR,2026-11-09,23:00,03:00,"No block during peak hours 06:00-10:00,17:00-21:00",Yes
NDLS-ASR,2026-11-10,23:00,03:00,Max 1 block per night,No
NDLS-ASR,2026-11-11,23:00,03:00,No restriction,No
NDLS-ASR,2026-11-12,23:00,03:00,Single line working only,No
NDLS-ASR,2026-11-13,23:00,03:00,No restriction,No
NDLS-ASR,2026-11-14,23:00,04:00,Max 1 block per night,No
NDLS-ASR,2026-11-15,23:00,04:00,Max 1 block per night,Yes
NDLS-ASR,2026-11-16,23:00,03:00,Block suspended - VIP movement,No
NDLS-ASR,2026-11-17,23:00,03:00,No restriction,No
NDLS-ASR,2026-11-18,23:00,03:00,Single line working only,Yes
NDLS-ASR,2026-11-19,23:00,03:00,Block suspended - VIP movement,Yes
NDLS-ASR,2026-11-20,23:00,03:00,Max 1 block per night,Yes
NDLS-ASR,2026-11-21,23:00,04:00,No restriction,Yes
NDLS-ASR,2026-11-22,23:00,04:00,No restriction,No
NDLS-ASR,2026-11-23,23:00,03:00,Max 1 block per night,No
NDLS-ASR,2026-11-24,23:00,03:00,Single line working only,No
NDLS-ASR,2026-11-25,23:00,03:00,Single line working only,No
NDLS-ASR,2026-11-26,23:00,03:00,Single line working only,No
NDLS-ASR,2026-11-27,23:00,03:00,Reduced window due to festival traffic,No
NDLS-ASR,2026-11-28,23:00,04:00,No restriction,No
NDLS-ASR,2026-11-29,23:00,04:00,"No block during peak hours 06:00-10:00,17:00-21:00",Yes
NDLS-ASR,2026-11-30,23:00,03:00,Block suspended - VIP movement,No
NDLS-ASR,2026-12-01,23:00,03:00,Max 1 block per night,No
NDLS-ASR,2026-12-02,23:00,03:00,Reduced window due to festival traffic,No
NDLS-ASR,2026-12-03,23:00,03:00,"No block during peak hours 06:00-10:00,17:00-21:00",No
NDLS-ASR,2026-12-04,23:00,03:00,"No block during peak hours 06:00-10:00,17:00-21:00",Yes
NDLS-ASR,2026-12-05,23:00,04:00,Max 1 block per night,Yes
NDLS-ASR,2026-12-06,23:00,04:00,"No block during peak hours 06:00-10:00,17:00-21:00",Yes
NDLS-ASR,2026-12-07,23:00,03:00,Max 1 block per night,No
NDLS-ASR,2026-12-08,23:00,03:00,Reduced window due to festival traffic,Yes
NDLS-ASR,2026-12-09,23:00,03:00,Max 1 block per night,No
NDLS-ASR,2026-12-10,23:00,03:00,No restriction,No
NDLS-ASR,2026-12-11,23:00,03:00,"No block during peak hours 06:00-10:00,17:00-21:00",No
NDLS-ASR,2026-12-12,23:00,04:00,"No block during peak hours 06:00-10:00,17:00-21:00",Yes
NDLS-ASR,2026-12-13,23:00,04:00,Max 1 block per night,Yes
NDLS-ASR,2026-12-14,23:00,03:00,No restriction,No
NDLS-ASR,2026-12-15,23:00,03:00,No restriction,No
NDLS-ASR,2026-12-16,23:00,03:00,"No block during peak hours 06:00-10:00,17:00-21:00",No
NDLS-ASR,2026-12-17,23:00,03:00,Max 1 block per night,No
NDLS-ASR,2026-12-18,23:00,03:00,Single line working only,No
NDLS-ASR,2026-12-19,23:00,04:00,Single line working only,No
NDLS-ASR,2026-12-20,23:00,04:00,"No block during peak hours 06:00-10:00,17:00-21:00",No
NDLS-ASR,2026-12-21,23:00,03:00,Reduced window due to festival traffic,Yes
NDLS-ASR,2026-12-22,23:00,03:00,Max 1 block per night,Yes
NDLS-ASR,2026-12-23,23:00,03:00,No restriction,No
NDLS-ASR,2026-12-24,23:00,03:00,"No block during peak hours 06:00-10:00,17:00-21:00",Yes
NDLS-ASR,2026-12-25,23:00,03:00,Max 1 block per night,Yes
NDLS-ASR,2026-12-26,23:00,04:00,"No block during peak hours 06:00-10:00,17:00-21:00",No
NDLS-ASR,2026-12-27,23:00,04:00,"No block during peak hours 06:00-10:00,17:00-21:00",Yes
NDLS-ASR,2026-12-28,23:00,03:00,No restriction,Yes
NDLS-ASR,2026-12-29,23:00,03:00,Max 1 block per night,Yes
NDLS-ASR,2026-12-30,23:00,03:00,"No block during peak hours 06:00-10:00,17:00-21:00",No
NDLS-ASR,2026-12-31,23:00,03:00,Single line working only,Yes
NDLS-JHS,2026-01-01,23:00,03:00,No restriction,No
NDLS-JHS,2026-01-02,23:00,03:00,Single line working only,No
NDLS-JHS,2026-01-03,23:00,04:00,Max 1 block per night,No
NDLS-JHS,2026-01-04,23:00,04:00,Block suspended - VIP movement,Yes
NDLS-JHS,2026-01-05,23:00,03:00,Single line working only,Yes
NDLS-JHS,2026-01-06,23:00,03:00,"No block during peak hours 06:00-10:00,17:00-21:00",No
NDLS-JHS,2026-01-07,23:00,03:00,Reduced window due to festival traffic,No
NDLS-JHS,2026-01-08,23:00,03:00,"No block during peak hours 06:00-10:00,17:00-21:00",No
NDLS-JHS,2026-01-09,23:00,03:00,No restriction,No
NDLS-JHS,2026-01-10,23:00,04:00,Single line working only,Yes
NDLS-JHS,2026-01-11,23:00,04:00,Max 1 block per night,No
NDLS-JHS,2026-01-12,23:00,03:00,Reduced window due to festival traffic,No
NDLS-JHS,2026-01-13,23:00,03:00,"No block during peak hours 06:00-10:00,17:00-21:00",Yes
NDLS-JHS,2026-01-14,23:00,03:00,No restriction,No
NDLS-JHS,2026-01-15,23:00,03:00,No restriction,No
NDLS-JHS,2026-01-16,23:00,03:00,Max 1 block per night,Yes
NDLS-JHS,2026-01-17,23:00,04:00,Max 1 block per night,No
NDLS-JHS,2026-01-18,23:00,04:00,No restriction,Yes
NDLS-JHS,2026-01-19,23:00,03:00,Max 1 block per night,Yes
NDLS-JHS,2026-01-20,23:00,03:00,Block suspended - VIP movement,No
NDLS-JHS,2026-01-21,23:00,03:00,"No block during peak hours 06:00-10:00,17:00-21:00",No
NDLS-JHS,2026-01-22,23:00,03:00,No restriction,Yes
NDLS-JHS,2026-01-23,23:00,03:00,Single line working only,Yes
NDLS-JHS,2026-01-24,23:00,04:00,Max 1 block per night,No
NDLS-JHS,2026-01-25,23:00,04:00,"No block during peak hours 06:00-10:00,17:00-21:00",No
NDLS-JHS,2026-01-26,23:00,03:00,No restriction,No
NDLS-JHS,2026-01-27,23:00,03:00,Max 1 block per night,No
NDLS-JHS,2026-01-28,23:00,03:00,Max 1 block per night,Yes
NDLS-JHS,2026-01-29,23:00,03:00,No restriction,No
NDLS-JHS,2026-01-30,23:00,03:00,"No block during peak hours 06:00-10:00,17:00-21:00",No
NDLS-JHS,2026-01-31,23:00,04:00,Single line working only,No
NDLS-JHS,2026-02-01,23:00,04:00,Single line working only,No
NDLS-JHS,2026-02-02,23:00,03:00,Reduced window due to festival traffic,No
NDLS-JHS,2026-02-03,23:00,03:00,Single line working only,Yes
NDLS-JHS,2026-02-04,23:00,03:00,"No block during peak hours 06:00-10:00,17:00-21:00",No
NDLS-JHS,2026-02-05,23:00,03:00,No restriction,No
NDLS-JHS,2026-02-06,23:00,03:00,Max 1 block per night,No
NDLS-JHS,2026-02-07,23:00,04:00,"No block during peak hours 06:00-10:00,17:00-21:00",Yes
NDLS-JHS,2026-02-08,23:00,04:00,Max 1 block per night,No
NDLS-JHS,2026-02-09,23:00,03:00,"No block during peak hours 06:00-10:00,17:00-21:00",No
NDLS-JHS,2026-02-10,23:00,03:00,"No block during peak hours 06:00-10:00,17:00-21:00",Yes
NDLS-JHS,2026-02-11,23:00,03:00,Max 1 block per night,No
NDLS-JHS,2026-02-12,23:00,03:00,Single line working only,No
NDLS-JHS,2026-02-13,23:00,03:00,No restriction,No
NDLS-JHS,2026-02-14,23:00,04:00,Single line working only,Yes
NDLS-JHS,2026-02-15,23:00,04:00,"No block during peak hours 06:00-10:00,17:00-21:00",No
NDLS-JHS,2026-02-16,23:00,03:00,"No block during peak hours 06:00-10:00,17:00-21:00",No
NDLS-JHS,2026-02-17,23:00,03:00,"No block during peak hours 06:00-10:00,17:00-21:00",No
NDLS-JHS,2026-02-18,23:00,03:00,Max 1 block per night,No
NDLS-JHS,2026-02-19,23:00,03:00,"No block during peak hours 06:00-10:00,17:00-21:00",No
NDLS-JHS,2026-02-20,23:00,03:00,"No block during peak hours 06:00-10:00,17:00-21:00",No
NDLS-JHS,2026-02-21,23:00,04:00,Max 1 block per night,No
NDLS-JHS,2026-02-22,23:00,04:00,"No block during peak hours 06:00-10:00,17:00-21:00",No
NDLS-JHS,2026-02-23,23:00,03:00,Single line working only,Yes
NDLS-JHS,2026-02-24,23:00,03:00,"No block during peak hours 06:00-10:00,17:00-21:00",No
NDLS-JHS,2026-02-25,23:00,03:00,No restriction,No
NDLS-JHS,2026-02-26,23:00,03:00,"No block during peak hours 06:00-10:00,17:00-21:00",No
NDLS-JHS,2026-02-27,23:00,03:00,Reduced window due to festival traffic,No
NDLS-JHS,2026-02-28,23:00,04:00,No restriction,No
NDLS-JHS,2026-03-01,23:00,04:00,Single line working only,No
NDLS-JHS,2026-03-02,23:00,03:00,Max 1 block per night,Yes
NDLS-JHS,2026-03-03,23:00,03:00,"No block during peak hours 06:00-10:00,17:00-21:00",No
NDLS-JHS,2026-03-04,23:00,03:00,Max 1 block per night,No
NDLS-JHS,2026-03-05,23:00,03:00,Reduced window due to festival traffic,Yes
NDLS-JHS,2026-03-06,23:00,03:00,"No block during peak hours 06:00-10:00,17:00-21:00",No
NDLS-JHS,2026-03-07,23:00,04:00,Max 1 block per night,Yes
NDLS-JHS,2026-03-08,23:00,04:00,Max 1 block per night,Yes
NDLS-JHS,2026-03-09,23:00,03:00,Max 1 block per night,No
NDLS-JHS,2026-03-10,23:00,03:00,"No block during peak hours 06:00-10:00,17:00-21:00",No
NDLS-JHS,2026-03-11,23:00,03:00,No restriction,No
NDLS-JHS,2026-03-12,23:00,03:00,"No block during peak hours 06:00-10:00,17:00-21:00",No
NDLS-JHS,2026-03-13,23:00,03:00,Max 1 block per night,No
NDLS-JHS,2026-03-14,23:00,04:00,Single line working only,No
NDLS-JHS,2026-03-15,23:00,04:00,Max 1 block per night,Yes
NDLS-JHS,2026-03-16,23:00,03:00,Single line working only,No
NDLS-JHS,2026-03-17,23:00,03:00,Block suspended - VIP movement,Yes
NDLS-JHS,2026-03-18,23:00,03:00,No restriction,No
NDLS-JHS,2026-03-19,23:00,03:00,Single line working only,Yes
NDLS-JHS,2026-03-20,23:00,03:00,"No block during peak hours 06:00-10:00,17:00-21:00",No
NDLS-JHS,2026-03-21,23:00,04:00,"No block during peak hours 06:00-10:00,17:00-21:00",No
NDLS-JHS,2026-03-22,23:00,04:00,No restriction,No
NDLS-JHS,2026-03-23,23:00,03:00,Single line working only,Yes
NDLS-JHS,2026-03-24,23:00,03:00,Block suspended - VIP movement,Yes
NDLS-JHS,2026-03-25,23:00,03:00,"No block during peak hours 06:00-10:00,17:00-21:00",Yes
NDLS-JHS,2026-03-26,23:00,03:00,Reduced window due to festival traffic,No
NDLS-JHS,2026-03-27,23:00,03:00,Single line working only,No
NDLS-JHS,2026-03-28,23:00,04:00,Max 1 block per night,No
NDLS-JHS,2026-03-29,23:00,04:00,No restriction,No
NDLS-JHS,2026-03-30,23:00,03:00,Single line working only,Yes
NDLS-JHS,2026-03-31,23:00,03:00,No restriction,Yes
NDLS-JHS,2026-04-01,23:00,03:00,Block suspended - VIP movement,No
NDLS-JHS,2026-04-02,23:00,03:00,"No block during peak hours 06:00-10:00,17:00-21:00",No
NDLS-JHS,2026-04-03,23:00,03:00,Single line working only,Yes
NDLS-JHS,2026-04-04,23:00,04:00,Max 1 block per night,No
NDLS-JHS,2026-04-05,23:00,04:00,"No block during peak hours 06:00-10:00,17:00-21:00",Yes
NDLS-JHS,2026-04-06,23:00,03:00,Single line working only,No
NDLS-JHS,2026-04-07,23:00,03:00,Block suspended - VIP movement,Yes
NDLS-JHS,2026-04-08,23:00,03:00,Max 1 block per night,No
NDLS-JHS,2026-04-09,23:00,03:00,Max 1 block per night,No
NDLS-JHS,2026-04-10,23:00,03:00,Reduced window due to festival traffic,No
NDLS-JHS,2026-04-11,23:00,04:00,"No block during peak hours 06:00-10:00,17:00-21:00",No
NDLS-JHS,2026-04-12,23:00,04:00,No restriction,No
NDLS-JHS,2026-04-13,23:00,03:00,"No block during peak hours 06:00-10:00,17:00-21:00",Yes
NDLS-JHS,2026-04-14,23:00,03:00,Single line working only,No
NDLS-JHS,2026-04-15,23:00,03:00,"No block during peak hours 06:00-10:00,17:00-21:00",No
NDLS-JHS,2026-04-16,23:00,03:00,"No block during peak hours 06:00-10:00,17:00-21:00",No
NDLS-JHS,2026-04-17,23:00,03:00,Max 1 block per night,Yes
NDLS-JHS,2026-04-18,23:00,04:00,Single line working only,Yes
NDLS-JHS,2026-04-19,23:00,04:00,Max 1 block per night,No
NDLS-JHS,2026-04-20,23:00,03:00,Single line working only,Yes
NDLS-JHS,2026-04-21,23:00,03:00,No restriction,No
NDLS-JHS,2026-04-22,23:00,03:00,Max 1 block per night,No
NDLS-JHS,2026-04-23,23:00,03:00,"No block during peak hours 06:00-10:00,17:00-21:00",No
NDLS-JHS,2026-04-24,23:00,03:00,Reduced window due to festival traffic,Yes
NDLS-JHS,2026-04-25,23:00,04:00,"No block during peak hours 06:00-10:00,17:00-21:00",Yes
NDLS-JHS,2026-04-26,23:00,04:00,Single line working only,No
NDLS-JHS,2026-04-27,23:00,03:00,"No block during peak hours 06:00-10:00,17:00-21:00",No
NDLS-JHS,2026-04-28,23:00,03:00,No restriction,No
NDLS-JHS,2026-04-29,23:00,03:00,"No block during peak hours 06:00-10:00,17:00-21:00",No
NDLS-JHS,2026-04-30,23:00,03:00,"No block during peak hours 06:00-10:00,17:00-21:00",No
NDLS-JHS,2026-05-01,23:00,03:00,Max 1 block per night,Yes
NDLS-JHS,2026-05-02,23:00,04:00,Max 1 block per night,Yes
NDLS-JHS,2026-05-03,23:00,04:00,Block suspended - VIP movement,No
NDLS-JHS,2026-05-04,23:00,03:00,Reduced window due to festival traffic,No
NDLS-JHS,2026-05-05,23:00,03:00,Single line working only,Yes
NDLS-JHS,2026-05-06,23:00,03:00,Single line working only,Yes
NDLS-JHS,2026-05-07,23:00,03:00,No restriction,Yes
NDLS-JHS,2026-05-08,23:00,03:00,Max 1 block per night,No
NDLS-JHS,2026-05-09,23:00,04:00,No restriction,No
NDLS-JHS,2026-05-10,23:00,04:00,No restriction,No
NDLS-JHS,2026-05-11,23:00,03:00,No restriction,No
NDLS-JHS,2026-05-12,23:00,03:00,"No block during peak hours 06:00-10:00,17:00-21:00",No
NDLS-JHS,2026-05-13,23:00,03:00,"No block during peak hours 06:00-10:00,17:00-21:00",No
NDLS-JHS,2026-05-14,23:00,03:00,Max 1 block per night,Yes
NDLS-JHS,2026-05-15,23:00,03:00,No restriction,Yes
NDLS-JHS,2026-05-16,23:00,04:00,"No block during peak hours 06:00-10:00,17:00-21:00",Yes
NDLS-JHS,2026-05-17,23:00,04:00,Single line working only,Yes
NDLS-JHS,2026-05-18,23:00,03:00,Single line working only,No
NDLS-JHS,2026-05-19,23:00,03:00,No restriction,Yes
NDLS-JHS,2026-05-20,23:00,03:00,Reduced window due to festival traffic,Yes
NDLS-JHS,2026-05-21,23:00,03:00,"No block during peak hours 06:00-10:00,17:00-21:00",No
NDLS-JHS,2026-05-22,23:00,03:00,No restriction,No
NDLS-JHS,2026-05-23,23:00,04:00,"No block during peak hours 06:00-10:00,17:00-21:00",Yes
NDLS-JHS,2026-05-24,23:00,04:00,"No block during peak hours 06:00-10:00,17:00-21:00",No
NDLS-JHS,2026-05-25,23:00,03:00,"No block during peak hours 06:00-10:00,17:00-21:00",No
NDLS-JHS,2026-05-26,23:00,03:00,Single line working only,No
NDLS-JHS,2026-05-27,23:00,03:00,Max 1 block per night,No
NDLS-JHS,2026-05-28,23:00,03:00,Max 1 block per night,Yes
NDLS-JHS,2026-05-29,23:00,03:00,"No block during peak hours 06:00-10:00,17:00-21:00",Yes
NDLS-JHS,2026-05-30,23:00,04:00,"No block during peak hours 06:00-10:00,17:00-21:00",No
NDLS-JHS,2026-05-31,23:00,04:00,Max 1 block per night,No
NDLS-JHS,2026-06-01,23:00,03:00,Block suspended - VIP movement,Yes
NDLS-JHS,2026-06-02,23:00,03:00,Single line working only,No
NDLS-JHS,2026-06-03,23:00,03:00,No restriction,Yes
NDLS-JHS,2026-06-04,23:00,03:00,Single line working only,No
NDLS-JHS,2026-06-05,23:00,03:00,No restriction,Yes
NDLS-JHS,2026-06-06,23:00,04:00,"No block during peak hours 06:00-10:00,17:00-21:00",No
NDLS-JHS,2026-06-07,23:00,04:00,No restriction,No
NDLS-JHS,2026-06-08,23:00,03:00,Single line working only,No
NDLS-JHS,2026-06-09,23:00,03:00,No restriction,Yes
NDLS-JHS,2026-06-10,23:00,03:00,Single line working only,No
NDLS-JHS,2026-06-11,23:00,03:00,Single line working only,No
NDLS-JHS,2026-06-12,23:00,03:00,No restriction,Yes
NDLS-JHS,2026-06-13,23:00,04:00,Reduced window due to festival traffic,Yes
NDLS-JHS,2026-06-14,23:00,04:00,No restriction,No
NDLS-JHS,2026-06-15,23:00,03:00,Single line working only,No
NDLS-JHS,2026-06-16,23:00,03:00,Max 1 block per night,No
NDLS-JHS,2026-06-17,23:00,03:00,"No block during peak hours 06:00-10:00,17:00-21:00",Yes
NDLS-JHS,2026-06-18,23:00,03:00,No restriction,Yes
NDLS-JHS,2026-06-19,23:00,03:00,Block suspended - VIP movement,Yes
NDLS-JHS,2026-06-20,23:00,04:00,Max 1 block per night,No
NDLS-JHS,2026-06-21,23:00,04:00,Single line working only,Yes
NDLS-JHS,2026-06-22,23:00,03:00,"No block during peak hours 06:00-10:00,17:00-21:00",No
NDLS-JHS,2026-06-23,23:00,03:00,Max 1 block per night,No
NDLS-JHS,2026-06-24,23:00,03:00,No restriction,No
NDLS-JHS,2026-06-25,23:00,03:00,No restriction,No
NDLS-JHS,2026-06-26,23:00,03:00,Reduced window due to festival traffic,No
NDLS-JHS,2026-06-27,23:00,04:00,No restriction,No
NDLS-JHS,2026-06-28,23:00,04:00,Single line working only,Yes
NDLS-JHS,2026-06-29,23:00,03:00,Reduced window due to festival traffic,Yes
NDLS-JHS,2026-06-30,23:00,03:00,Max 1 block per night,No
NDLS-JHS,2026-07-01,23:00,03:00,"No block during peak hours 06:00-10:00,17:00-21:00",Yes
NDLS-JHS,2026-07-02,23:00,03:00,No restriction,No
NDLS-JHS,2026-07-03,23:00,03:00,"No block during peak hours 06:00-10:00,17:00-21:00",No
NDLS-JHS,2026-07-04,23:00,04:00,Single line working only,Yes
NDLS-JHS,2026-07-05,23:00,04:00,"No block during peak hours 06:00-10:00,17:00-21:00",No
NDLS-JHS,2026-07-06,23:00,03:00,Block suspended - VIP movement,Yes
NDLS-JHS,2026-07-07,23:00,03:00,Max 1 block per night,Yes
NDLS-JHS,2026-07-08,23:00,03:00,"No block during peak hours 06:00-10:00,17:00-21:00",No
NDLS-JHS,2026-07-09,23:00,03:00,No restriction,Yes
NDLS-JHS,2026-07-10,23:00,03:00,"No block during peak hours 06:00-10:00,17:00-21:00",No
NDLS-JHS,2026-07-11,23:00,04:00,Reduced window due to festival traffic,No
NDLS-JHS,2026-07-12,23:00,04:00,No restriction,No
NDLS-JHS,2026-07-13,23:00,03:00,"No block during peak hours 06:00-10:00,17:00-21:00",No
NDLS-JHS,2026-07-14,23:00,03:00,"No block during peak hours 06:00-10:00,17:00-21:00",Yes
NDLS-JHS,2026-07-15,23:00,03:00,Single line working only,Yes
NDLS-JHS,2026-07-16,23:00,03:00,"No block during peak hours 06:00-10:00,17:00-21:00",No
NDLS-JHS,2026-07-17,23:00,03:00,Block suspended - VIP movement,No
NDLS-JHS,2026-07-18,23:00,04:00,"No block during peak hours 06:00-10:00,17:00-21:00",No
NDLS-JHS,2026-07-19,23:00,04:00,Single line working only,No
NDLS-JHS,2026-07-20,23:00,03:00,Block suspended - VIP movement,Yes
NDLS-JHS,2026-07-21,23:00,03:00,Single line working only,No
NDLS-JHS,2026-07-22,23:00,03:00,Single line working only,Yes
NDLS-JHS,2026-07-23,23:00,03:00,Max 1 block per night,No
NDLS-JHS,2026-07-24,23:00,03:00,No restriction,Yes
NDLS-JHS,2026-07-25,23:00,04:00,No restriction,No
NDLS-JHS,2026-07-26,23:00,04:00,"No block during peak hours 06:00-10:00,17:00-21:00",No
NDLS-JHS,2026-07-27,23:00,03:00,Reduced window due to festival traffic,No
NDLS-JHS,2026-07-28,23:00,03:00,Reduced window due to festival traffic,Yes
NDLS-JHS,2026-07-29,23:00,03:00,"No block during peak hours 06:00-10:00,17:00-21:00",No
NDLS-JHS,2026-07-30,23:00,03:00,Reduced window due to festival traffic,Yes
NDLS-JHS,2026-07-31,23:00,03:00,Single line working only,Yes
NDLS-JHS,2026-08-01,23:00,04:00,"No block during peak hours 06:00-10:00,17:00-21:00",Yes
NDLS-JHS,2026-08-02,23:00,04:00,No restriction,No
NDLS-JHS,2026-08-03,23:00,03:00,Single line working only,No
NDLS-JHS,2026-08-04,23:00,03:00,No restriction,No
NDLS-JHS,2026-08-05,23:00,03:00,Max 1 block per night,Yes
NDLS-JHS,2026-08-06,23:00,03:00,Max 1 block per night,No
NDLS-JHS,2026-08-07,23:00,03:00,Single line working only,Yes
NDLS-JHS,2026-08-08,23:00,04:00,No restriction,Yes
NDLS-JHS,2026-08-09,23:00,04:00,"No block during peak hours 06:00-10:00,17:00-21:00",Yes
NDLS-JHS,2026-08-10,23:00,03:00,"No block during peak hours 06:00-10:00,17:00-21:00",No
NDLS-JHS,2026-08-11,23:00,03:00,Reduced window due to festival traffic,Yes
NDLS-JHS,2026-08-12,23:00,03:00,Block suspended - VIP movement,No
NDLS-JHS,2026-08-13,23:00,03:00,Single line working only,Yes
NDLS-JHS,2026-08-14,23:00,03:00,Reduced window due to festival traffic,Yes
NDLS-JHS,2026-08-15,23:00,04:00,"No block during peak hours 06:00-10:00,17:00-21:00",Yes
NDLS-JHS,2026-08-16,23:00,04:00,"No block during peak hours 06:00-10:00,17:00-21:00",No
NDLS-JHS,2026-08-17,23:00,03:00,"No block during peak hours 06:00-10:00,17:00-21:00",No
NDLS-JHS,2026-08-18,23:00,03:00,"No block during peak hours 06:00-10:00,17:00-21:00",No
NDLS-JHS,2026-08-19,23:00,03:00,Max 1 block per night,No
NDLS-JHS,2026-08-20,23:00,03:00,Block suspended - VIP movement,Yes
NDLS-JHS,2026-08-21,23:00,03:00,"No block during peak hours 06:00-10:00,17:00-21:00",Yes
NDLS-JHS,2026-08-22,23:00,04:00,Reduced window due to festival traffic,Yes
NDLS-JHS,2026-08-23,23:00,04:00,"No block during peak hours 06:00-10:00,17:00-21:00",No
NDLS-JHS,2026-08-24,23:00,03:00,Max 1 block per night,Yes
NDLS-JHS,2026-08-25,23:00,03:00,Single line working only,No
NDLS-JHS,2026-08-26,23:00,03:00,"No block during peak hours 06:00-10:00,17:00-21:00",Yes
NDLS-JHS,2026-08-27,23:00,03:00,No restriction,Yes
NDLS-JHS,2026-08-28,23:00,03:00,"No block during peak hours 06:00-10:00,17:00-21:00",No
NDLS-JHS,2026-08-29,23:00,04:00,Reduced window due to festival traffic,No
NDLS-JHS,2026-08-30,23:00,04:00,Single line working only,No
NDLS-JHS,2026-08-31,23:00,03:00,No restriction,No
NDLS-JHS,2026-09-01,23:00,03:00,Single line working only,No
NDLS-JHS,2026-09-02,23:00,03:00,"No block during peak hours 06:00-10:00,17:00-21:00",No
NDLS-JHS,2026-09-03,23:00,03:00,Single line working only,Yes
NDLS-JHS,2026-09-04,23:00,03:00,Max 1 block per night,Yes
NDLS-JHS,2026-09-05,23:00,04:00,"No block during peak hours 06:00-10:00,17:00-21:00",Yes
NDLS-JHS,2026-09-06,23:00,04:00,Max 1 block per night,No
NDLS-JHS,2026-09-07,23:00,03:00,"No block during peak hours 06:00-10:00,17:00-21:00",No
NDLS-JHS,2026-09-08,23:00,03:00,Block suspended - VIP movement,No
NDLS-JHS,2026-09-09,23:00,03:00,Max 1 block per night,Yes
NDLS-JHS,2026-09-10,23:00,03:00,"No block during peak hours 06:00-10:00,17:00-21:00",Yes
NDLS-JHS,2026-09-11,23:00,03:00,Single line working only,Yes
NDLS-JHS,2026-09-12,23:00,04:00,"No block during peak hours 06:00-10:00,17:00-21:00",No
NDLS-JHS,2026-09-13,23:00,04:00,Reduced window due to festival traffic,No
NDLS-JHS,2026-09-14,23:00,03:00,Max 1 block per night,No
NDLS-JHS,2026-09-15,23:00,03:00,Max 1 block per night,Yes
NDLS-JHS,2026-09-16,23:00,03:00,Reduced window due to festival traffic,Yes
NDLS-JHS,2026-09-17,23:00,03:00,Max 1 block per night,No
NDLS-JHS,2026-09-18,23:00,03:00,No restriction,Yes
NDLS-JHS,2026-09-19,23:00,04:00,"No block during peak hours 06:00-10:00,17:00-21:00",No
NDLS-JHS,2026-09-20,23:00,04:00,"No block during peak hours 06:00-10:00,17:00-21:00",No
NDLS-JHS,2026-09-21,23:00,03:00,"No block during peak hours 06:00-10:00,17:00-21:00",No
NDLS-JHS,2026-09-22,23:00,03:00,Reduced window due to festival traffic,No
NDLS-JHS,2026-09-23,23:00,03:00,"No block during peak hours 06:00-10:00,17:00-21:00",Yes
NDLS-JHS,2026-09-24,23:00,03:00,"No block during peak hours 06:00-10:00,17:00-21:00",No
NDLS-JHS,2026-09-25,23:00,03:00,Single line working only,No
NDLS-JHS,2026-09-26,23:00,04:00,Reduced window due to festival traffic,Yes
NDLS-JHS,2026-09-27,23:00,04:00,Single line working only,Yes
NDLS-JHS,2026-09-28,23:00,03:00,"No block during peak hours 06:00-10:00,17:00-21:00",No
NDLS-JHS,2026-09-29,23:00,03:00,No restriction,No
NDLS-JHS,2026-09-30,23:00,03:00,Single line working only,No
NDLS-JHS,2026-10-01,23:00,03:00,Max 1 block per night,No
NDLS-JHS,2026-10-02,23:00,03:00,Single line working only,No
NDLS-JHS,2026-10-03,23:00,04:00,No restriction,Yes
NDLS-JHS,2026-10-04,23:00,04:00,No restriction,Yes
NDLS-JHS,2026-10-05,23:00,03:00,"No block during peak hours 06:00-10:00,17:00-21:00",No
NDLS-JHS,2026-10-06,23:00,03:00,No restriction,No
NDLS-JHS,2026-10-07,23:00,03:00,Single line working only,No
NDLS-JHS,2026-10-08,23:00,03:00,Single line working only,No
NDLS-JHS,2026-10-09,23:00,03:00,"No block during peak hours 06:00-10:00,17:00-21:00",Yes
NDLS-JHS,2026-10-10,23:00,04:00,"No block during peak hours 06:00-10:00,17:00-21:00",No
NDLS-JHS,2026-10-11,23:00,04:00,No restriction,No
NDLS-JHS,2026-10-12,23:00,03:00,Single line working only,No
NDLS-JHS,2026-10-13,23:00,03:00,"No block during peak hours 06:00-10:00,17:00-21:00",No
NDLS-JHS,2026-10-14,23:00,03:00,"No block during peak hours 06:00-10:00,17:00-21:00",No
NDLS-JHS,2026-10-15,23:00,03:00,Single line working only,No
NDLS-JHS,2026-10-16,23:00,03:00,No restriction,No
NDLS-JHS,2026-10-17,23:00,04:00,Single line working only,Yes
NDLS-JHS,2026-10-18,23:00,04:00,Max 1 block per night,No
NDLS-JHS,2026-10-19,23:00,03:00,"No block during peak hours 06:00-10:00,17:00-21:00",No
NDLS-JHS,2026-10-20,23:00,03:00,Block suspended - VIP movement,No
NDLS-JHS,2026-10-21,23:00,03:00,No restriction,Yes
NDLS-JHS,2026-10-22,23:00,03:00,Single line working only,No
NDLS-JHS,2026-10-23,23:00,03:00,Max 1 block per night,No
NDLS-JHS,2026-10-24,23:00,04:00,"No block during peak hours 06:00-10:00,17:00-21:00",No
NDLS-JHS,2026-10-25,23:00,04:00,"No block during peak hours 06:00-10:00,17:00-21:00",No
NDLS-JHS,2026-10-26,23:00,03:00,Single line working only,Yes
NDLS-JHS,2026-10-27,23:00,03:00,Single line working only,No
NDLS-JHS,2026-10-28,23:00,03:00,Max 1 block per night,No
NDLS-JHS,2026-10-29,23:00,03:00,"No block during peak hours 06:00-10:00,17:00-21:00",No
NDLS-JHS,2026-10-30,23:00,03:00,"No block during peak hours 06:00-10:00,17:00-21:00",Yes
NDLS-JHS,2026-10-31,23:00,04:00,No restriction,No
NDLS-JHS,2026-11-01,23:00,04:00,Max 1 block per night,Yes
NDLS-JHS,2026-11-02,23:00,03:00,"No block during peak hours 06:00-10:00,17:00-21:00",Yes
NDLS-JHS,2026-11-03,23:00,03:00,Single line working only,No
NDLS-JHS,2026-11-04,23:00,03:00,Max 1 block per night,No
NDLS-JHS,2026-11-05,23:00,03:00,No restriction,Yes
NDLS-JHS,2026-11-06,23:00,03:00,No restriction,No
NDLS-JHS,2026-11-07,23:00,04:00,"No block during peak hours 06:00-10:00,17:00-21:00",No
NDLS-JHS,2026-11-08,23:00,04:00,"No block during peak hours 06:00-10:00,17:00-21:00",No
NDLS-JHS,2026-11-09,23:00,03:00,Max 1 block per night,No
NDLS-JHS,2026-11-10,23:00,03:00,"No block during peak hours 06:00-10:00,17:00-21:00",Yes
NDLS-JHS,2026-11-11,23:00,03:00,Single line working only,No
NDLS-JHS,2026-11-12,23:00,03:00,Reduced window due to festival traffic,No
NDLS-JHS,2026-11-13,23:00,03:00,"No block during peak hours 06:00-10:00,17:00-21:00",No
NDLS-JHS,2026-11-14,23:00,04:00,Block suspended - VIP movement,No
NDLS-JHS,2026-11-15,23:00,04:00,Block suspended - VIP movement,No
NDLS-JHS,2026-11-16,23:00,03:00,"No block during peak hours 06:00-10:00,17:00-21:00",No
NDLS-JHS,2026-11-17,23:00,03:00,Single line working only,No
NDLS-JHS,2026-11-18,23:00,03:00,Single line working only,No
NDLS-JHS,2026-11-19,23:00,03:00,"No block during peak hours 06:00-10:00,17:00-21:00",No
NDLS-JHS,2026-11-20,23:00,03:00,No restriction,No
NDLS-JHS,2026-11-21,23:00,04:00,"No block during peak hours 06:00-10:00,17:00-21:00",No
NDLS-JHS,2026-11-22,23:00,04:00,"No block during peak hours 06:00-10:00,17:00-21:00",No
NDLS-JHS,2026-11-23,23:00,03:00,Max 1 block per night,No
NDLS-JHS,2026-11-24,23:00,03:00,"No block during peak hours 06:00-10:00,17:00-21:00",Yes
NDLS-JHS,2026-11-25,23:00,03:00,"No block during peak hours 06:00-10:00,17:00-21:00",Yes
NDLS-JHS,2026-11-26,23:00,03:00,Block suspended - VIP movement,No
NDLS-JHS,2026-11-27,23:00,03:00,"No block during peak hours 06:00-10:00,17:00-21:00",Yes
NDLS-JHS,2026-11-28,23:00,04:00,"No block during peak hours 06:00-10:00,17:00-21:00",No
NDLS-JHS,2026-11-29,23:00,04:00,Max 1 block per night,No
NDLS-JHS,2026-11-30,23:00,03:00,Max 1 block per night,No
NDLS-JHS,2026-12-01,23:00,03:00,"No block during peak hours 06:00-10:00,17:00-21:00",No
NDLS-JHS,2026-12-02,23:00,03:00,No restriction,Yes
NDLS-JHS,2026-12-03,23:00,03:00,Single line working only,Yes
NDLS-JHS,2026-12-04,23:00,03:00,No restriction,Yes
NDLS-JHS,2026-12-05,23:00,04:00,Reduced window due to festival traffic,Yes
NDLS-JHS,2026-12-06,23:00,04:00,Single line working only,No
NDLS-JHS,2026-12-07,23:00,03:00,"No block during peak hours 06:00-10:00,17:00-21:00",No
NDLS-JHS,2026-12-08,23:00,03:00,"No block during peak hours 06:00-10:00,17:00-21:00",No
NDLS-JHS,2026-12-09,23:00,03:00,Max 1 block per night,No
NDLS-JHS,2026-12-10,23:00,03:00,"No block during peak hours 06:00-10:00,17:00-21:00",No
NDLS-JHS,2026-12-11,23:00,03:00,Max 1 block per night,No
NDLS-JHS,2026-12-12,23:00,04:00,"No block during peak hours 06:00-10:00,17:00-21:00",No
NDLS-JHS,2026-12-13,23:00,04:00,Max 1 block per night,Yes
NDLS-JHS,2026-12-14,23:00,03:00,"No block during peak hours 06:00-10:00,17:00-21:00",No
NDLS-JHS,2026-12-15,23:00,03:00,No restriction,No
NDLS-JHS,2026-12-16,23:00,03:00,"No block during peak hours 06:00-10:00,17:00-21:00",No
NDLS-JHS,2026-12-17,23:00,03:00,No restriction,No
NDLS-JHS,2026-12-18,23:00,03:00,Max 1 block per night,No
NDLS-JHS,2026-12-19,23:00,04:00,Max 1 block per night,Yes
NDLS-JHS,2026-12-20,23:00,04:00,No restriction,No
NDLS-JHS,2026-12-21,23:00,03:00,"No block during peak hours 06:00-10:00,17:00-21:00",Yes
NDLS-JHS,2026-12-22,23:00,03:00,No restriction,No
NDLS-JHS,2026-12-23,23:00,03:00,No restriction,No
NDLS-JHS,2026-12-24,23:00,03:00,Single line working only,No
NDLS-JHS,2026-12-25,23:00,03:00,Max 1 block per night,No
NDLS-JHS,2026-12-26,23:00,04:00,Max 1 block per night,No
NDLS-JHS,2026-12-27,23:00,04:00,Single line working only,Yes
NDLS-JHS,2026-12-28,23:00,03:00,Single line working only,Yes
NDLS-JHS,2026-12-29,23:00,03:00,Single line working only,No
NDLS-JHS,2026-12-30,23:00,03:00,Block suspended - VIP movement,No
NDLS-JHS,2026-12-31,23:00,03:00,Max 1 block per night,No
GZB-CNB,2026-01-01,23:00,02:00,"No block during peak hours 06:00-10:00,17:00-21:00",Yes
GZB-CNB,2026-01-02,23:00,02:00,"No block during peak hours 06:00-10:00,17:00-21:00",No
GZB-CNB,2026-01-03,23:00,03:00,"No block during peak hours 06:00-10:00,17:00-21:00",Yes
GZB-CNB,2026-01-04,23:00,03:00,Max 1 block per night,No
GZB-CNB,2026-01-05,23:00,02:00,"No block during peak hours 06:00-10:00,17:00-21:00",Yes
GZB-CNB,2026-01-06,23:00,02:00,Single line working only,Yes
GZB-CNB,2026-01-07,23:00,02:00,Max 1 block per night,Yes
GZB-CNB,2026-01-08,23:00,02:00,"No block during peak hours 06:00-10:00,17:00-21:00",No
GZB-CNB,2026-01-09,23:00,02:00,Single line working only,No
GZB-CNB,2026-01-10,23:00,03:00,No restriction,No
GZB-CNB,2026-01-11,23:00,03:00,"No block during peak hours 06:00-10:00,17:00-21:00",No
GZB-CNB,2026-01-12,23:00,02:00,"No block during peak hours 06:00-10:00,17:00-21:00",Yes
GZB-CNB,2026-01-13,23:00,02:00,Reduced window due to festival traffic,Yes
GZB-CNB,2026-01-14,23:00,02:00,"No block during peak hours 06:00-10:00,17:00-21:00",Yes
GZB-CNB,2026-01-15,23:00,02:00,Max 1 block per night,Yes
GZB-CNB,2026-01-16,23:00,02:00,Max 1 block per night,Yes
GZB-CNB,2026-01-17,23:00,03:00,"No block during peak hours 06:00-10:00,17:00-21:00",No
GZB-CNB,2026-01-18,23:00,03:00,"No block during peak hours 06:00-10:00,17:00-21:00",Yes
GZB-CNB,2026-01-19,23:00,02:00,"No block during peak hours 06:00-10:00,17:00-21:00",Yes
GZB-CNB,2026-01-20,23:00,02:00,Max 1 block per night,No
GZB-CNB,2026-01-21,23:00,02:00,Max 1 block per night,No
GZB-CNB,2026-01-22,23:00,02:00,Max 1 block per night,Yes
GZB-CNB,2026-01-23,23:00,02:00,Max 1 block per night,No
GZB-CNB,2026-01-24,23:00,03:00,Reduced window due to festival traffic,Yes
GZB-CNB,2026-01-25,23:00,03:00,Single line working only,Yes
GZB-CNB,2026-01-26,23:00,02:00,"No block during peak hours 06:00-10:00,17:00-21:00",Yes
GZB-CNB,2026-01-27,23:00,02:00,"No block during peak hours 06:00-10:00,17:00-21:00",Yes
GZB-CNB,2026-01-28,23:00,02:00,Max 1 block per night,Yes
GZB-CNB,2026-01-29,23:00,02:00,Reduced window due to festival traffic,Yes
GZB-CNB,2026-01-30,23:00,02:00,Max 1 block per night,Yes
GZB-CNB,2026-01-31,23:00,03:00,"No block during peak hours 06:00-10:00,17:00-21:00",No
GZB-CNB,2026-02-01,23:00,03:00,No restriction,Yes
GZB-CNB,2026-02-02,23:00,02:00,"No block during peak hours 06:00-10:00,17:00-21:00",Yes
GZB-CNB,2026-02-03,23:00,02:00,"No block during peak hours 06:00-10:00,17:00-21:00",No
GZB-CNB,2026-02-04,23:00,02:00,Single line working only,Yes
GZB-CNB,2026-02-05,23:00,02:00,Single line working only,Yes
GZB-CNB,2026-02-06,23:00,02:00,Single line working only,Yes
GZB-CNB,2026-02-07,23:00,03:00,"No block during peak hours 06:00-10:00,17:00-21:00",Yes
GZB-CNB,2026-02-08,23:00,03:00,"No block during peak hours 06:00-10:00,17:00-21:00",No
GZB-CNB,2026-02-09,23:00,02:00,Max 1 block per night,No
GZB-CNB,2026-02-10,23:00,02:00,"No block during peak hours 06:00-10:00,17:00-21:00",Yes
GZB-CNB,2026-02-11,23:00,02:00,"No block during peak hours 06:00-10:00,17:00-21:00",Yes
GZB-CNB,2026-02-12,23:00,02:00,Max 1 block per night,No
GZB-CNB,2026-02-13,23:00,02:00,Block suspended - VIP movement,Yes
GZB-CNB,2026-02-14,23:00,03:00,Block suspended - VIP movement,Yes
GZB-CNB,2026-02-15,23:00,03:00,Max 1 block per night,No
GZB-CNB,2026-02-16,23:00,02:00,Max 1 block per night,No
GZB-CNB,2026-02-17,23:00,02:00,Single line working only,Yes
GZB-CNB,2026-02-18,23:00,02:00,Single line working only,Yes
GZB-CNB,2026-02-19,23:00,02:00,Single line working only,Yes
GZB-CNB,2026-02-20,23:00,02:00,Max 1 block per night,No
GZB-CNB,2026-02-21,23:00,03:00,"No block during peak hours 06:00-10:00,17:00-21:00",Yes
GZB-CNB,2026-02-22,23:00,03:00,"No block during peak hours 06:00-10:00,17:00-21:00",No
GZB-CNB,2026-02-23,23:00,02:00,"No block during peak hours 06:00-10:00,17:00-21:00",No
GZB-CNB,2026-02-24,23:00,02:00,Single line working only,No
GZB-CNB,2026-02-25,23:00,02:00,Single line working only,No
GZB-CNB,2026-02-26,23:00,02:00,Block suspended - VIP movement,No
GZB-CNB,2026-02-27,23:00,02:00,"No block during peak hours 06:00-10:00,17:00-21:00",No
GZB-CNB,2026-02-28,23:00,03:00,Single line working only,Yes
GZB-CNB,2026-03-01,23:00,03:00,Max 1 block per night,Yes
GZB-CNB,2026-03-02,23:00,02:00,Block suspended - VIP movement,No
GZB-CNB,2026-03-03,23:00,02:00,Max 1 block per night,No
GZB-CNB,2026-03-04,23:00,02:00,"No block during peak hours 06:00-10:00,17:00-21:00",No
GZB-CNB,2026-03-05,23:00,02:00,Max 1 block per night,Yes
GZB-CNB,2026-03-06,23:00,02:00,Max 1 block per night,No
GZB-CNB,2026-03-07,23:00,03:00,"No block during peak hours 06:00-10:00,17:00-21:00",Yes
GZB-CNB,2026-03-08,23:00,03:00,"No block during peak hours 06:00-10:00,17:00-21:00",Yes
GZB-CNB,2026-03-09,23:00,02:00,Block suspended - VIP movement,No
GZB-CNB,2026-03-10,23:00,02:00,Block suspended - VIP movement,No
GZB-CNB,2026-03-11,23:00,02:00,"No block during peak hours 06:00-10:00,17:00-21:00",No
GZB-CNB,2026-03-12,23:00,02:00,Max 1 block per night,Yes
GZB-CNB,2026-03-13,23:00,02:00,"No block during peak hours 06:00-10:00,17:00-21:00",Yes
GZB-CNB,2026-03-14,23:00,03:00,Block suspended - VIP movement,No
GZB-CNB,2026-03-15,23:00,03:00,"No block during peak hours 06:00-10:00,17:00-21:00",Yes
GZB-CNB,2026-03-16,23:00,02:00,"No block during peak hours 06:00-10:00,17:00-21:00",Yes
GZB-CNB,2026-03-17,23:00,02:00,"No block during peak hours 06:00-10:00,17:00-21:00",No
GZB-CNB,2026-03-18,23:00,02:00,"No block during peak hours 06:00-10:00,17:00-21:00",Yes
GZB-CNB,2026-03-19,23:00,02:00,Max 1 block per night,Yes
GZB-CNB,2026-03-20,23:00,02:00,"No block during peak hours 06:00-10:00,17:00-21:00",No
GZB-CNB,2026-03-21,23:00,03:00,Single line working only,No
GZB-CNB,2026-03-22,23:00,03:00,"No block during peak hours 06:00-10:00,17:00-21:00",No
GZB-CNB,2026-03-23,23:00,02:00,Single line working only,Yes
GZB-CNB,2026-03-24,23:00,02:00,"No block during peak hours 06:00-10:00,17:00-21:00",Yes
GZB-CNB,2026-03-25,23:00,02:00,Single line working only,No
GZB-CNB,2026-03-26,23:00,02:00,Max 1 block per night,No
GZB-CNB,2026-03-27,23:00,02:00,"No block during peak hours 06:00-10:00,17:00-21:00",Yes
GZB-CNB,2026-03-28,23:00,03:00,Max 1 block per night,No
GZB-CNB,2026-03-29,23:00,03:00,Single line working only,Yes
GZB-CNB,2026-03-30,23:00,02:00,"No block during peak hours 06:00-10:00,17:00-21:00",Yes
GZB-CNB,2026-03-31,23:00,02:00,Single line working only,No
GZB-CNB,2026-04-01,23:00,02:00,Single line working only,No
GZB-CNB,2026-04-02,23:00,02:00,"No block during peak hours 06:00-10:00,17:00-21:00",No
GZB-CNB,2026-04-03,23:00,02:00,"No block during peak hours 06:00-10:00,17:00-21:00",No
GZB-CNB,2026-04-04,23:00,03:00,Single line working only,No
GZB-CNB,2026-04-05,23:00,03:00,No restriction,No
GZB-CNB,2026-04-06,23:00,02:00,"No block during peak hours 06:00-10:00,17:00-21:00",Yes
GZB-CNB,2026-04-07,23:00,02:00,Single line working only,No
GZB-CNB,2026-04-08,23:00,02:00,"No block during peak hours 06:00-10:00,17:00-21:00",Yes
GZB-CNB,2026-04-09,23:00,02:00,Single line working only,No
GZB-CNB,2026-04-10,23:00,02:00,Single line working only,Yes
GZB-CNB,2026-04-11,23:00,03:00,"No block during peak hours 06:00-10:00,17:00-21:00",Yes
GZB-CNB,2026-04-12,23:00,03:00,"No block during peak hours 06:00-10:00,17:00-21:00",No
GZB-CNB,2026-04-13,23:00,02:00,Single line working only,No
GZB-CNB,2026-04-14,23:00,02:00,"No block during peak hours 06:00-10:00,17:00-21:00",No
GZB-CNB,2026-04-15,23:00,02:00,Max 1 block per night,No
GZB-CNB,2026-04-16,23:00,02:00,Single line working only,No
GZB-CNB,2026-04-17,23:00,02:00,Max 1 block per night,No
GZB-CNB,2026-04-18,23:00,03:00,Max 1 block per night,No
GZB-CNB,2026-04-19,23:00,03:00,Max 1 block per night,Yes
GZB-CNB,2026-04-20,23:00,02:00,Max 1 block per night,Yes
GZB-CNB,2026-04-21,23:00,02:00,Single line working only,Yes
GZB-CNB,2026-04-22,23:00,02:00,"No block during peak hours 06:00-10:00,17:00-21:00",Yes
GZB-CNB,2026-04-23,23:00,02:00,Single line working only,No
GZB-CNB,2026-04-24,23:00,02:00,"No block during peak hours 06:00-10:00,17:00-21:00",No
GZB-CNB,2026-04-25,23:00,03:00,"No block during peak hours 06:00-10:00,17:00-21:00",Yes
GZB-CNB,2026-04-26,23:00,03:00,"No block during peak hours 06:00-10:00,17:00-21:00",No
GZB-CNB,2026-04-27,23:00,02:00,Max 1 block per night,No
GZB-CNB,2026-04-28,23:00,02:00,"No block during peak hours 06:00-10:00,17:00-21:00",No
GZB-CNB,2026-04-29,23:00,02:00,"No block during peak hours 06:00-10:00,17:00-21:00",Yes
GZB-CNB,2026-04-30,23:00,02:00,"No block during peak hours 06:00-10:00,17:00-21:00",No
GZB-CNB,2026-05-01,23:00,02:00,Reduced window due to festival traffic,Yes
GZB-CNB,2026-05-02,23:00,03:00,Max 1 block per night,Yes
GZB-CNB,2026-05-03,23:00,03:00,No restriction,Yes
GZB-CNB,2026-05-04,23:00,02:00,Reduced window due to festival traffic,No
GZB-CNB,2026-05-05,23:00,02:00,Single line working only,No
GZB-CNB,2026-05-06,23:00,02:00,"No block during peak hours 06:00-10:00,17:00-21:00",No
GZB-CNB,2026-05-07,23:00,02:00,Single line working only,Yes
GZB-CNB,2026-05-08,23:00,02:00,Max 1 block per night,Yes
GZB-CNB,2026-05-09,23:00,03:00,"No block during peak hours 06:00-10:00,17:00-21:00",Yes
GZB-CNB,2026-05-10,23:00,03:00,"No block during peak hours 06:00-10:00,17:00-21:00",No
GZB-CNB,2026-05-11,23:00,02:00,Max 1 block per night,Yes
GZB-CNB,2026-05-12,23:00,02:00,Reduced window due to festival traffic,No
GZB-CNB,2026-05-13,23:00,02:00,No restriction,No
GZB-CNB,2026-05-14,23:00,02:00,"No block during peak hours 06:00-10:00,17:00-21:00",Yes
GZB-CNB,2026-05-15,23:00,02:00,Max 1 block per night,Yes
GZB-CNB,2026-05-16,23:00,03:00,"No block during peak hours 06:00-10:00,17:00-21:00",Yes
GZB-CNB,2026-05-17,23:00,03:00,Max 1 block per night,Yes
GZB-CNB,2026-05-18,23:00,02:00,Max 1 block per night,No
GZB-CNB,2026-05-19,23:00,02:00,Single line working only,Yes
GZB-CNB,2026-05-20,23:00,02:00,No restriction,No
GZB-CNB,2026-05-21,23:00,02:00,"No block during peak hours 06:00-10:00,17:00-21:00",Yes
GZB-CNB,2026-05-22,23:00,02:00,Max 1 block per night,No
GZB-CNB,2026-05-23,23:00,03:00,Single line working only,Yes
GZB-CNB,2026-05-24,23:00,03:00,Max 1 block per night,Yes
GZB-CNB,2026-05-25,23:00,02:00,Single line working only,Yes
GZB-CNB,2026-05-26,23:00,02:00,"No block during peak hours 06:00-10:00,17:00-21:00",Yes
GZB-CNB,2026-05-27,23:00,02:00,Single line working only,No
GZB-CNB,2026-05-28,23:00,02:00,Max 1 block per night,No
GZB-CNB,2026-05-29,23:00,02:00,"No block during peak hours 06:00-10:00,17:00-21:00",Yes
GZB-CNB,2026-05-30,23:00,03:00,"No block during peak hours 06:00-10:00,17:00-21:00",No
GZB-CNB,2026-05-31,23:00,03:00,Max 1 block per night,Yes
GZB-CNB,2026-06-01,23:00,02:00,"No block during peak hours 06:00-10:00,17:00-21:00",No
GZB-CNB,2026-06-02,23:00,02:00,"No block during peak hours 06:00-10:00,17:00-21:00",No
GZB-CNB,2026-06-03,23:00,02:00,No restriction,Yes
GZB-CNB,2026-06-04,23:00,02:00,"No block during peak hours 06:00-10:00,17:00-21:00",Yes
GZB-CNB,2026-06-05,23:00,02:00,"No block during peak hours 06:00-10:00,17:00-21:00",Yes
GZB-CNB,2026-06-06,23:00,03:00,"No block during peak hours 06:00-10:00,17:00-21:00",Yes
GZB-CNB,2026-06-07,23:00,03:00,"No block during peak hours 06:00-10:00,17:00-21:00",No
GZB-CNB,2026-06-08,23:00,02:00,Reduced window due to festival traffic,No
GZB-CNB,2026-06-09,23:00,02:00,"No block during peak hours 06:00-10:00,17:00-21:00",No
GZB-CNB,2026-06-10,23:00,02:00,"No block during peak hours 06:00-10:00,17:00-21:00",Yes
GZB-CNB,2026-06-11,23:00,02:00,"No block during peak hours 06:00-10:00,17:00-21:00",No
GZB-CNB,2026-06-12,23:00,02:00,Single line working only,No
GZB-CNB,2026-06-13,23:00,03:00,Single line working only,No
GZB-CNB,2026-06-14,23:00,03:00,No restriction,No
GZB-CNB,2026-06-15,23:00,02:00,"No block during peak hours 06:00-10:00,17:00-21:00",Yes
GZB-CNB,2026-06-16,23:00,02:00,"No block during peak hours 06:00-10:00,17:00-21:00",No
GZB-CNB,2026-06-17,23:00,02:00,Max 1 block per night,No
GZB-CNB,2026-06-18,23:00,02:00,Max 1 block per night,No
GZB-CNB,2026-06-19,23:00,02:00,Block suspended - VIP movement,Yes
GZB-CNB,2026-06-20,23:00,03:00,Single line working only,Yes
GZB-CNB,2026-06-21,23:00,03:00,"No block during peak hours 06:00-10:00,17:00-21:00",Yes
GZB-CNB,2026-06-22,23:00,02:00,Max 1 block per night,No
GZB-CNB,2026-06-23,23:00,02:00,Reduced window due to festival traffic,Yes
GZB-CNB,2026-06-24,23:00,02:00,Max 1 block per night,Yes
GZB-CNB,2026-06-25,23:00,02:00,"No block during peak hours 06:00-10:00,17:00-21:00",No
GZB-CNB,2026-06-26,23:00,02:00,"No block during peak hours 06:00-10:00,17:00-21:00",No
GZB-CNB,2026-06-27,23:00,03:00,No restriction,No
GZB-CNB,2026-06-28,23:00,03:00,"No block during peak hours 06:00-10:00,17:00-21:00",Yes
GZB-CNB,2026-06-29,23:00,02:00,Max 1 block per night,Yes
GZB-CNB,2026-06-30,23:00,02:00,Max 1 block per night,No
GZB-CNB,2026-07-01,23:00,02:00,Reduced window due to festival traffic,No
GZB-CNB,2026-07-02,23:00,02:00,"No block during peak hours 06:00-10:00,17:00-21:00",No
GZB-CNB,2026-07-03,23:00,02:00,"No block during peak hours 06:00-10:00,17:00-21:00",Yes
GZB-CNB,2026-07-04,23:00,03:00,Max 1 block per night,Yes
GZB-CNB,2026-07-05,23:00,03:00,Max 1 block per night,Yes
GZB-CNB,2026-07-06,23:00,02:00,No restriction,Yes
GZB-CNB,2026-07-07,23:00,02:00,Single line working only,No
GZB-CNB,2026-07-08,23:00,02:00,Max 1 block per night,No
GZB-CNB,2026-07-09,23:00,02:00,Reduced window due to festival traffic,Yes
GZB-CNB,2026-07-10,23:00,02:00,Max 1 block per night,No
GZB-CNB,2026-07-11,23:00,03:00,Max 1 block per night,Yes
GZB-CNB,2026-07-12,23:00,03:00,No restriction,No
GZB-CNB,2026-07-13,23:00,02:00,No restriction,No
GZB-CNB,2026-07-14,23:00,02:00,Single line working only,Yes
GZB-CNB,2026-07-15,23:00,02:00,Single line working only,Yes
GZB-CNB,2026-07-16,23:00,02:00,"No block during peak hours 06:00-10:00,17:00-21:00",Yes
GZB-CNB,2026-07-17,23:00,02:00,"No block during peak hours 06:00-10:00,17:00-21:00",No
GZB-CNB,2026-07-18,23:00,03:00,"No block during peak hours 06:00-10:00,17:00-21:00",Yes
GZB-CNB,2026-07-19,23:00,03:00,Reduced window due to festival traffic,Yes
GZB-CNB,2026-07-20,23:00,02:00,Single line working only,Yes
GZB-CNB,2026-07-21,23:00,02:00,Single line working only,No
GZB-CNB,2026-07-22,23:00,02:00,Single line working only,Yes
GZB-CNB,2026-07-23,23:00,02:00,No restriction,No
GZB-CNB,2026-07-24,23:00,02:00,Block suspended - VIP movement,Yes
GZB-CNB,2026-07-25,23:00,03:00,"No block during peak hours 06:00-10:00,17:00-21:00",Yes
GZB-CNB,2026-07-26,23:00,03:00,Max 1 block per night,No
GZB-CNB,2026-07-27,23:00,02:00,"No block during peak hours 06:00-10:00,17:00-21:00",Yes
GZB-CNB,2026-07-28,23:00,02:00,Max 1 block per night,Yes
GZB-CNB,2026-07-29,23:00,02:00,Max 1 block per night,Yes
GZB-CNB,2026-07-30,23:00,02:00,"No block during peak hours 06:00-10:00,17:00-21:00",Yes
GZB-CNB,2026-07-31,23:00,02:00,"No block during peak hours 06:00-10:00,17:00-21:00",No
GZB-CNB,2026-08-01,23:00,03:00,"No block during peak hours 06:00-10:00,17:00-21:00",No
GZB-CNB,2026-08-02,23:00,03:00,Reduced window due to festival traffic,Yes
GZB-CNB,2026-08-03,23:00,02:00,Max 1 block per night,Yes
GZB-CNB,2026-08-04,23:00,02:00,Max 1 block per night,No
GZB-CNB,2026-08-05,23:00,02:00,Single line working only,Yes
GZB-CNB,2026-08-06,23:00,02:00,Reduced window due to festival traffic,Yes
GZB-CNB,2026-08-07,23:00,02:00,No restriction,Yes
GZB-CNB,2026-08-08,23:00,03:00,Max 1 block per night,No
GZB-CNB,2026-08-09,23:00,03:00,Max 1 block per night,Yes
GZB-CNB,2026-08-10,23:00,02:00,"No block during peak hours 06:00-10:00,17:00-21:00",Yes
GZB-CNB,2026-08-11,23:00,02:00,Single line working only,No
GZB-CNB,2026-08-12,23:00,02:00,Max 1 block per night,No
GZB-CNB,2026-08-13,23:00,02:00,Single line working only,No
GZB-CNB,2026-08-14,23:00,02:00,Block suspended - VIP movement,Yes
GZB-CNB,2026-08-15,23:00,03:00,Single line working only,Yes
GZB-CNB,2026-08-16,23:00,03:00,Single line working only,Yes
GZB-CNB,2026-08-17,23:00,02:00,Single line working only,No
GZB-CNB,2026-08-18,23:00,02:00,Max 1 block per night,Yes
GZB-CNB,2026-08-19,23:00,02:00,No restriction,Yes
GZB-CNB,2026-08-20,23:00,02:00,No restriction,Yes
GZB-CNB,2026-08-21,23:00,02:00,"No block during peak hours 06:00-10:00,17:00-21:00",Yes
GZB-CNB,2026-08-22,23:00,03:00,Single line working only,Yes
GZB-CNB,2026-08-23,23:00,03:00,"No block during peak hours 06:00-10:00,17:00-21:00",Yes
GZB-CNB,2026-08-24,23:00,02:00,Max 1 block per night,Yes
GZB-CNB,2026-08-25,23:00,02:00,"No block during peak hours 06:00-10:00,17:00-21:00",Yes
GZB-CNB,2026-08-26,23:00,02:00,Single line working only,Yes
GZB-CNB,2026-08-27,23:00,02:00,Max 1 block per night,Yes
GZB-CNB,2026-08-28,23:00,02:00,"No block during peak hours 06:00-10:00,17:00-21:00",No
GZB-CNB,2026-08-29,23:00,03:00,No restriction,Yes
GZB-CNB,2026-08-30,23:00,03:00,Single line working only,Yes
GZB-CNB,2026-08-31,23:00,02:00,Max 1 block per night,Yes
GZB-CNB,2026-09-01,23:00,02:00,"No block during peak hours 06:00-10:00,17:00-21:00",Yes
GZB-CNB,2026-09-02,23:00,02:00,Single line working only,Yes
GZB-CNB,2026-09-03,23:00,02:00,"No block during peak hours 06:00-10:00,17:00-21:00",Yes
GZB-CNB,2026-09-04,23:00,02:00,"No block during peak hours 06:00-10:00,17:00-21:00",Yes
GZB-CNB,2026-09-05,23:00,03:00,Single line working only,Yes
GZB-CNB,2026-09-06,23:00,03:00,"No block during peak hours 06:00-10:00,17:00-21:00",Yes
GZB-CNB,2026-09-07,23:00,02:00,No restriction,No
GZB-CNB,2026-09-08,23:00,02:00,"No block during peak hours 06:00-10:00,17:00-21:00",Yes
GZB-CNB,2026-09-09,23:00,02:00,"No block during peak hours 06:00-10:00,17:00-21:00",Yes
GZB-CNB,2026-09-10,23:00,02:00,No restriction,Yes
GZB-CNB,2026-09-11,23:00,02:00,"No block during peak hours 06:00-10:00,17:00-21:00",No
GZB-CNB,2026-09-12,23:00,03:00,"No block during peak hours 06:00-10:00,17:00-21:00",Yes
GZB-CNB,2026-09-13,23:00,03:00,Max 1 block per night,Yes
GZB-CNB,2026-09-14,23:00,02:00,"No block during peak hours 06:00-10:00,17:00-21:00",Yes
GZB-CNB,2026-09-15,23:00,02:00,"No block during peak hours 06:00-10:00,17:00-21:00",Yes
GZB-CNB,2026-09-16,23:00,02:00,Single line working only,No
GZB-CNB,2026-09-17,23:00,02:00,"No block during peak hours 06:00-10:00,17:00-21:00",Yes
GZB-CNB,2026-09-18,23:00,02:00,Single line working only,Yes
GZB-CNB,2026-09-19,23:00,03:00,Max 1 block per night,No
GZB-CNB,2026-09-20,23:00,03:00,Block suspended - VIP movement,Yes
GZB-CNB,2026-09-21,23:00,02:00,Max 1 block per night,No
GZB-CNB,2026-09-22,23:00,02:00,Single line working only,No
GZB-CNB,2026-09-23,23:00,02:00,"No block during peak hours 06:00-10:00,17:00-21:00",Yes
GZB-CNB,2026-09-24,23:00,02:00,Single line working only,No
GZB-CNB,2026-09-25,23:00,02:00,Max 1 block per night,Yes
GZB-CNB,2026-09-26,23:00,03:00,Max 1 block per night,No
GZB-CNB,2026-09-27,23:00,03:00,Max 1 block per night,Yes
GZB-CNB,2026-09-28,23:00,02:00,Max 1 block per night,Yes
GZB-CNB,2026-09-29,23:00,02:00,Max 1 block per night,Yes
GZB-CNB,2026-09-30,23:00,02:00,"No block during peak hours 06:00-10:00,17:00-21:00",No
GZB-CNB,2026-10-01,23:00,02:00,Max 1 block per night,Yes
GZB-CNB,2026-10-02,23:00,02:00,Max 1 block per night,No
GZB-CNB,2026-10-03,23:00,03:00,No restriction,No
GZB-CNB,2026-10-04,23:00,03:00,"No block during peak hours 06:00-10:00,17:00-21:00",Yes
GZB-CNB,2026-10-05,23:00,02:00,Max 1 block per night,Yes
GZB-CNB,2026-10-06,23:00,02:00,Single line working only,Yes
GZB-CNB,2026-10-07,23:00,02:00,Max 1 block per night,Yes
GZB-CNB,2026-10-08,23:00,02:00,Single line working only,No
GZB-CNB,2026-10-09,23:00,02:00,"No block during peak hours 06:00-10:00,17:00-21:00",No
GZB-CNB,2026-10-10,23:00,03:00,Max 1 block per night,No
GZB-CNB,2026-10-11,23:00,03:00,Max 1 block per night,No
GZB-CNB,2026-10-12,23:00,02:00,No restriction,Yes
GZB-CNB,2026-10-13,23:00,02:00,"No block during peak hours 06:00-10:00,17:00-21:00",No
GZB-CNB,2026-10-14,23:00,02:00,Max 1 block per night,Yes
GZB-CNB,2026-10-15,23:00,02:00,No restriction,Yes
GZB-CNB,2026-10-16,23:00,02:00,"No block during peak hours 06:00-10:00,17:00-21:00",No
GZB-CNB,2026-10-17,23:00,03:00,"No block during peak hours 06:00-10:00,17:00-21:00",No
GZB-CNB,2026-10-18,23:00,03:00,"No block during peak hours 06:00-10:00,17:00-21:00",Yes
GZB-CNB,2026-10-19,23:00,02:00,Single line working only,Yes
GZB-CNB,2026-10-20,23:00,02:00,Max 1 block per night,No
GZB-CNB,2026-10-21,23:00,02:00,Max 1 block per night,Yes
GZB-CNB,2026-10-22,23:00,02:00,"No block during peak hours 06:00-10:00,17:00-21:00",Yes
GZB-CNB,2026-10-23,23:00,02:00,No restriction,Yes
GZB-CNB,2026-10-24,23:00,03:00,Single line working only,No
GZB-CNB,2026-10-25,23:00,03:00,Single line working only,Yes
GZB-CNB,2026-10-26,23:00,02:00,"No block during peak hours 06:00-10:00,17:00-21:00",Yes
GZB-CNB,2026-10-27,23:00,02:00,Single line working only,No
GZB-CNB,2026-10-28,23:00,02:00,Block suspended - VIP movement,Yes
GZB-CNB,2026-10-29,23:00,02:00,"No block during peak hours 06:00-10:00,17:00-21:00",No
GZB-CNB,2026-10-30,23:00,02:00,Max 1 block per night,No
GZB-CNB,2026-10-31,23:00,03:00,"No block during peak hours 06:00-10:00,17:00-21:00",Yes
GZB-CNB,2026-11-01,23:00,03:00,Block suspended - VIP movement,Yes
GZB-CNB,2026-11-02,23:00,02:00,Single line working only,No
GZB-CNB,2026-11-03,23:00,02:00,"No block during peak hours 06:00-10:00,17:00-21:00",No
GZB-CNB,2026-11-04,23:00,02:00,Reduced window due to festival traffic,Yes
GZB-CNB,2026-11-05,23:00,02:00,Single line working only,Yes
GZB-CNB,2026-11-06,23:00,02:00,Reduced window due to festival traffic,Yes
GZB-CNB,2026-11-07,23:00,03:00,Single line working only,Yes
GZB-CNB,2026-11-08,23:00,03:00,Max 1 block per night,Yes
GZB-CNB,2026-11-09,23:00,02:00,"No block during peak hours 06:00-10:00,17:00-21:00",No
GZB-CNB,2026-11-10,23:00,02:00,"No block during peak hours 06:00-10:00,17:00-21:00",Yes
GZB-CNB,2026-11-11,23:00,02:00,"No block during peak hours 06:00-10:00,17:00-21:00",No
GZB-CNB,2026-11-12,23:00,02:00,"No block during peak hours 06:00-10:00,17:00-21:00",Yes
GZB-CNB,2026-11-13,23:00,02:00,"No block during peak hours 06:00-10:00,17:00-21:00",Yes
GZB-CNB,2026-11-14,23:00,03:00,"No block during peak hours 06:00-10:00,17:00-21:00",Yes
GZB-CNB,2026-11-15,23:00,03:00,"No block during peak hours 06:00-10:00,17:00-21:00",Yes
GZB-CNB,2026-11-16,23:00,02:00,Max 1 block per night,No
GZB-CNB,2026-11-17,23:00,02:00,Block suspended - VIP movement,No
GZB-CNB,2026-11-18,23:00,02:00,Reduced window due to festival traffic,Yes
GZB-CNB,2026-11-19,23:00,02:00,"No block during peak hours 06:00-10:00,17:00-21:00",No
GZB-CNB,2026-11-20,23:00,02:00,Max 1 block per night,Yes
GZB-CNB,2026-11-21,23:00,03:00,"No block during peak hours 06:00-10:00,17:00-21:00",No
GZB-CNB,2026-11-22,23:00,03:00,Single line working only,No
GZB-CNB,2026-11-23,23:00,02:00,Max 1 block per night,No
GZB-CNB,2026-11-24,23:00,02:00,"No block during peak hours 06:00-10:00,17:00-21:00",No
GZB-CNB,2026-11-25,23:00,02:00,"No block during peak hours 06:00-10:00,17:00-21:00",Yes
GZB-CNB,2026-11-26,23:00,02:00,Max 1 block per night,No
GZB-CNB,2026-11-27,23:00,02:00,Block suspended - VIP movement,No
GZB-CNB,2026-11-28,23:00,03:00,"No block during peak hours 06:00-10:00,17:00-21:00",Yes
GZB-CNB,2026-11-29,23:00,03:00,Max 1 block per night,Yes
GZB-CNB,2026-11-30,23:00,02:00,Reduced window due to festival traffic,Yes
GZB-CNB,2026-12-01,23:00,02:00,"No block during peak hours 06:00-10:00,17:00-21:00",No
GZB-CNB,2026-12-02,23:00,02:00,Max 1 block per night,Yes
GZB-CNB,2026-12-03,23:00,02:00,"No block during peak hours 06:00-10:00,17:00-21:00",No
GZB-CNB,2026-12-04,23:00,02:00,Max 1 block per night,Yes
GZB-CNB,2026-12-05,23:00,03:00,Single line working only,No
GZB-CNB,2026-12-06,23:00,03:00,Max 1 block per night,Yes
GZB-CNB,2026-12-07,23:00,02:00,"No block during peak hours 06:00-10:00,17:00-21:00",No
GZB-CNB,2026-12-08,23:00,02:00,"No block during peak hours 06:00-10:00,17:00-21:00",No
GZB-CNB,2026-12-09,23:00,02:00,Max 1 block per night,No
GZB-CNB,2026-12-10,23:00,02:00,Single line working only,No
GZB-CNB,2026-12-11,23:00,02:00,Block suspended - VIP movement,No
GZB-CNB,2026-12-12,23:00,03:00,Single line working only,No
GZB-CNB,2026-12-13,23:00,03:00,Max 1 block per night,Yes
GZB-CNB,2026-12-14,23:00,02:00,Max 1 block per night,Yes
GZB-CNB,2026-12-15,23:00,02:00,"No block during peak hours 06:00-10:00,17:00-21:00",Yes
GZB-CNB,2026-12-16,23:00,02:00,"No block during peak hours 06:00-10:00,17:00-21:00",Yes
GZB-CNB,2026-12-17,23:00,02:00,Single line working only,No
GZB-CNB,2026-12-18,23:00,02:00,"No block during peak hours 06:00-10:00,17:00-21:00",Yes
GZB-CNB,2026-12-19,23:00,03:00,Single line working only,No
GZB-CNB,2026-12-20,23:00,03:00,"No block during peak hours 06:00-10:00,17:00-21:00",Yes
GZB-CNB,2026-12-21,23:00,02:00,"No block during peak hours 06:00-10:00,17:00-21:00",Yes
GZB-CNB,2026-12-22,23:00,02:00,Single line working only,Yes
GZB-CNB,2026-12-23,23:00,02:00,Max 1 block per night,No
GZB-CNB,2026-12-24,23:00,02:00,No restriction,Yes
GZB-CNB,2026-12-25,23:00,02:00,Single line working only,No
GZB-CNB,2026-12-26,23:00,03:00,"No block during peak hours 06:00-10:00,17:00-21:00",No
GZB-CNB,2026-12-27,23:00,03:00,Max 1 block per night,No
GZB-CNB,2026-12-28,23:00,02:00,No restriction,No
GZB-CNB,2026-12-29,23:00,02:00,Max 1 block per night,Yes
GZB-CNB,2026-12-30,23:00,02:00,Single line working only,No
GZB-CNB,2026-12-31,23:00,02:00,Single line working only,No
CNB-ALD,2026-01-01,23:00,02:00,Single line working only,No
CNB-ALD,2026-01-02,23:00,02:00,"No block during peak hours 06:00-10:00,17:00-21:00",No
CNB-ALD,2026-01-03,23:00,03:00,Single line working only,Yes
CNB-ALD,2026-01-04,23:00,03:00,Max 1 block per night,Yes
CNB-ALD,2026-01-05,23:00,02:00,"No block during peak hours 06:00-10:00,17:00-21:00",No
CNB-ALD,2026-01-06,23:00,02:00,"No block during peak hours 06:00-10:00,17:00-21:00",Yes
CNB-ALD,2026-01-07,23:00,02:00,Single line working only,No
CNB-ALD,2026-01-08,23:00,02:00,"No block during peak hours 06:00-10:00,17:00-21:00",No
CNB-ALD,2026-01-09,23:00,02:00,Max 1 block per night,Yes
CNB-ALD,2026-01-10,23:00,03:00,"No block during peak hours 06:00-10:00,17:00-21:00",No
CNB-ALD,2026-01-11,23:00,03:00,No restriction,Yes
CNB-ALD,2026-01-12,23:00,02:00,Max 1 block per night,No
CNB-ALD,2026-01-13,23:00,02:00,Single line working only,Yes
CNB-ALD,2026-01-14,23:00,02:00,No restriction,No
CNB-ALD,2026-01-15,23:00,02:00,Single line working only,No
CNB-ALD,2026-01-16,23:00,02:00,Single line working only,Yes
CNB-ALD,2026-01-17,23:00,03:00,"No block during peak hours 06:00-10:00,17:00-21:00",No
CNB-ALD,2026-01-18,23:00,03:00,Single line working only,Yes
CNB-ALD,2026-01-19,23:00,02:00,Single line working only,Yes
CNB-ALD,2026-01-20,23:00,02:00,No restriction,No
CNB-ALD,2026-01-21,23:00,02:00,Reduced window due to festival traffic,No
CNB-ALD,2026-01-22,23:00,02:00,Single line working only,No
CNB-ALD,2026-01-23,23:00,02:00,Single line working only,No
CNB-ALD,2026-01-24,23:00,03:00,"No block during peak hours 06:00-10:00,17:00-21:00",Yes
CNB-ALD,2026-01-25,23:00,03:00,"No block during peak hours 06:00-10:00,17:00-21:00",No
CNB-ALD,2026-01-26,23:00,02:00,"No block during peak hours 06:00-10:00,17:00-21:00",Yes
CNB-ALD,2026-01-27,23:00,02:00,"No block during peak hours 06:00-10:00,17:00-21:00",No
CNB-ALD,2026-01-28,23:00,02:00,"No block during peak hours 06:00-10:00,17:00-21:00",No
CNB-ALD,2026-01-29,23:00,02:00,Max 1 block per night,Yes
CNB-ALD,2026-01-30,23:00,02:00,Single line working only,No
CNB-ALD,2026-01-31,23:00,03:00,"No block during peak hours 06:00-10:00,17:00-21:00",No
CNB-ALD,2026-02-01,23:00,03:00,"No block during peak hours 06:00-10:00,17:00-21:00",No
CNB-ALD,2026-02-02,23:00,02:00,Single line working only,No
CNB-ALD,2026-02-03,23:00,02:00,Single line working only,Yes
CNB-ALD,2026-02-04,23:00,02:00,Max 1 block per night,Yes
CNB-ALD,2026-02-05,23:00,02:00,Single line working only,No
CNB-ALD,2026-02-06,23:00,02:00,"No block during peak hours 06:00-10:00,17:00-21:00",Yes
CNB-ALD,2026-02-07,23:00,03:00,Max 1 block per night,Yes
CNB-ALD,2026-02-08,23:00,03:00,Max 1 block per night,No
CNB-ALD,2026-02-09,23:00,02:00,Max 1 block per night,No
CNB-ALD,2026-02-10,23:00,02:00,Block suspended - VIP movement,No
CNB-ALD,2026-02-11,23:00,02:00,"No block during peak hours 06:00-10:00,17:00-21:00",No
CNB-ALD,2026-02-12,23:00,02:00,"No block during peak hours 06:00-10:00,17:00-21:00",No
CNB-ALD,2026-02-13,23:00,02:00,No restriction,No
CNB-ALD,2026-02-14,23:00,03:00,Block suspended - VIP movement,No
CNB-ALD,2026-02-15,23:00,03:00,Max 1 block per night,Yes
CNB-ALD,2026-02-16,23:00,02:00,Reduced window due to festival traffic,No
CNB-ALD,2026-02-17,23:00,02:00,"No block during peak hours 06:00-10:00,17:00-21:00",No
CNB-ALD,2026-02-18,23:00,02:00,Single line working only,Yes
CNB-ALD,2026-02-19,23:00,02:00,"No block during peak hours 06:00-10:00,17:00-21:00",No
CNB-ALD,2026-02-20,23:00,02:00,Max 1 block per night,Yes
CNB-ALD,2026-02-21,23:00,03:00,Single line working only,Yes
CNB-ALD,2026-02-22,23:00,03:00,Single line working only,No
CNB-ALD,2026-02-23,23:00,02:00,"No block during peak hours 06:00-10:00,17:00-21:00",Yes
CNB-ALD,2026-02-24,23:00,02:00,"No block during peak hours 06:00-10:00,17:00-21:00",No
CNB-ALD,2026-02-25,23:00,02:00,Max 1 block per night,Yes
CNB-ALD,2026-02-26,23:00,02:00,Single line working only,No
CNB-ALD,2026-02-27,23:00,02:00,"No block during peak hours 06:00-10:00,17:00-21:00",Yes
CNB-ALD,2026-02-28,23:00,03:00,"No block during peak hours 06:00-10:00,17:00-21:00",No
CNB-ALD,2026-03-01,23:00,03:00,Single line working only,No
CNB-ALD,2026-03-02,23:00,02:00,Max 1 block per night,No
CNB-ALD,2026-03-03,23:00,02:00,Single line working only,No
CNB-ALD,2026-03-04,23:00,02:00,Single line working only,Yes
CNB-ALD,2026-03-05,23:00,02:00,"No block during peak hours 06:00-10:00,17:00-21:00",Yes
CNB-ALD,2026-03-06,23:00,02:00,"No block during peak hours 06:00-10:00,17:00-21:00",Yes
CNB-ALD,2026-03-07,23:00,03:00,"No block during peak hours 06:00-10:00,17:00-21:00",No
CNB-ALD,2026-03-08,23:00,03:00,Single line working only,Yes
CNB-ALD,2026-03-09,23:00,02:00,Single line working only,No
CNB-ALD,2026-03-10,23:00,02:00,Single line working only,Yes
CNB-ALD,2026-03-11,23:00,02:00,Max 1 block per night,Yes
CNB-ALD,2026-03-12,23:00,02:00,"No block during peak hours 06:00-10:00,17:00-21:00",No
CNB-ALD,2026-03-13,23:00,02:00,Max 1 block per night,Yes
CNB-ALD,2026-03-14,23:00,03:00,Reduced window due to festival traffic,Yes
CNB-ALD,2026-03-15,23:00,03:00,Block suspended - VIP movement,Yes
CNB-ALD,2026-03-16,23:00,02:00,"No block during peak hours 06:00-10:00,17:00-21:00",No
CNB-ALD,2026-03-17,23:00,02:00,Single line working only,No
CNB-ALD,2026-03-18,23:00,02:00,"No block during peak hours 06:00-10:00,17:00-21:00",Yes
CNB-ALD,2026-03-19,23:00,02:00,Single line working only,Yes
CNB-ALD,2026-03-20,23:00,02:00,Max 1 block per night,No
CNB-ALD,2026-03-21,23:00,03:00,Max 1 block per night,No
CNB-ALD,2026-03-22,23:00,03:00,Max 1 block per night,No
CNB-ALD,2026-03-23,23:00,02:00,Block suspended - VIP movement,Yes
CNB-ALD,2026-03-24,23:00,02:00,"No block during peak hours 06:00-10:00,17:00-21:00",Yes
CNB-ALD,2026-03-25,23:00,02:00,"No block during peak hours 06:00-10:00,17:00-21:00",Yes
CNB-ALD,2026-03-26,23:00,02:00,Single line working only,Yes
CNB-ALD,2026-03-27,23:00,02:00,"No block during peak hours 06:00-10:00,17:00-21:00",Yes
CNB-ALD,2026-03-28,23:00,03:00,"No block during peak hours 06:00-10:00,17:00-21:00",Yes
CNB-ALD,2026-03-29,23:00,03:00,Max 1 block per night,Yes
CNB-ALD,2026-03-30,23:00,02:00,Single line working only,No
CNB-ALD,2026-03-31,23:00,02:00,Max 1 block per night,No
CNB-ALD,2026-04-01,23:00,02:00,Single line working only,Yes
CNB-ALD,2026-04-02,23:00,02:00,Max 1 block per night,Yes
CNB-ALD,2026-04-03,23:00,02:00,Single line working only,No
CNB-ALD,2026-04-04,23:00,03:00,"No block during peak hours 06:00-10:00,17:00-21:00",Yes
CNB-ALD,2026-04-05,23:00,03:00,Max 1 block per night,No
CNB-ALD,2026-04-06,23:00,02:00,"No block during peak hours 06:00-10:00,17:00-21:00",No
CNB-ALD,2026-04-07,23:00,02:00,"No block during peak hours 06:00-10:00,17:00-21:00",Yes
CNB-ALD,2026-04-08,23:00,02:00,Max 1 block per night,Yes
CNB-ALD,2026-04-09,23:00,02:00,Single line working only,Yes
CNB-ALD,2026-04-10,23:00,02:00,"No block during peak hours 06:00-10:00,17:00-21:00",Yes
CNB-ALD,2026-04-11,23:00,03:00,"No block during peak hours 06:00-10:00,17:00-21:00",Yes
CNB-ALD,2026-04-12,23:00,03:00,Single line working only,Yes
CNB-ALD,2026-04-13,23:00,02:00,"No block during peak hours 06:00-10:00,17:00-21:00",No
CNB-ALD,2026-04-14,23:00,02:00,"No block during peak hours 06:00-10:00,17:00-21:00",Yes
CNB-ALD,2026-04-15,23:00,02:00,"No block during peak hours 06:00-10:00,17:00-21:00",No
CNB-ALD,2026-04-16,23:00,02:00,Single line working only,Yes
CNB-ALD,2026-04-17,23:00,02:00,Max 1 block per night,No
CNB-ALD,2026-04-18,23:00,03:00,"No block during peak hours 06:00-10:00,17:00-21:00",Yes
CNB-ALD,2026-04-19,23:00,03:00,"No block during peak hours 06:00-10:00,17:00-21:00",No
CNB-ALD,2026-04-20,23:00,02:00,"No block during peak hours 06:00-10:00,17:00-21:00",No
CNB-ALD,2026-04-21,23:00,02:00,No restriction,No
CNB-ALD,2026-04-22,23:00,02:00,"No block during peak hours 06:00-10:00,17:00-21:00",Yes
CNB-ALD,2026-04-23,23:00,02:00,Max 1 block per night,Yes
CNB-ALD,2026-04-24,23:00,02:00,Single line working only,No
CNB-ALD,2026-04-25,23:00,03:00,Max 1 block per night,No
CNB-ALD,2026-04-26,23:00,03:00,Single line working only,No
CNB-ALD,2026-04-27,23:00,02:00,"No block during peak hours 06:00-10:00,17:00-21:00",Yes
CNB-ALD,2026-04-28,23:00,02:00,Max 1 block per night,Yes
CNB-ALD,2026-04-29,23:00,02:00,"No block during peak hours 06:00-10:00,17:00-21:00",No
CNB-ALD,2026-04-30,23:00,02:00,Max 1 block per night,No
CNB-ALD,2026-05-01,23:00,02:00,Block suspended - VIP movement,Yes
CNB-ALD,2026-05-02,23:00,03:00,"No block during peak hours 06:00-10:00,17:00-21:00",Yes
CNB-ALD,2026-05-03,23:00,03:00,Reduced window due to festival traffic,No
CNB-ALD,2026-05-04,23:00,02:00,Max 1 block per night,No
CNB-ALD,2026-05-05,23:00,02:00,"No block during peak hours 06:00-10:00,17:00-21:00",Yes
CNB-ALD,2026-05-06,23:00,02:00,Block suspended - VIP movement,No
CNB-ALD,2026-05-07,23:00,02:00,"No block during peak hours 06:00-10:00,17:00-21:00",No
CNB-ALD,2026-05-08,23:00,02:00,Single line working only,No
CNB-ALD,2026-05-09,23:00,03:00,Max 1 block per night,Yes
CNB-ALD,2026-05-10,23:00,03:00,Reduced window due to festival traffic,No
CNB-ALD,2026-05-11,23:00,02:00,Single line working only,No
CNB-ALD,2026-05-12,23:00,02:00,Single line working only,No
CNB-ALD,2026-05-13,23:00,02:00,"No block during peak hours 06:00-10:00,17:00-21:00",No
CNB-ALD,2026-05-14,23:00,02:00,Max 1 block per night,Yes
CNB-ALD,2026-05-15,23:00,02:00,"No block during peak hours 06:00-10:00,17:00-21:00",Yes
CNB-ALD,2026-05-16,23:00,03:00,Max 1 block per night,Yes
CNB-ALD,2026-05-17,23:00,03:00,"No block during peak hours 06:00-10:00,17:00-21:00",No
CNB-ALD,2026-05-18,23:00,02:00,Single line working only,Yes
CNB-ALD,2026-05-19,23:00,02:00,No restriction,Yes
CNB-ALD,2026-05-20,23:00,02:00,Max 1 block per night,No
CNB-ALD,2026-05-21,23:00,02:00,"No block during peak hours 06:00-10:00,17:00-21:00",No
CNB-ALD,2026-05-22,23:00,02:00,"No block during peak hours 06:00-10:00,17:00-21:00",Yes
CNB-ALD,2026-05-23,23:00,03:00,"No block during peak hours 06:00-10:00,17:00-21:00",No
CNB-ALD,2026-05-24,23:00,03:00,"No block during peak hours 06:00-10:00,17:00-21:00",Yes
CNB-ALD,2026-05-25,23:00,02:00,"No block during peak hours 06:00-10:00,17:00-21:00",No
CNB-ALD,2026-05-26,23:00,02:00,"No block during peak hours 06:00-10:00,17:00-21:00",No
CNB-ALD,2026-05-27,23:00,02:00,No restriction,Yes
CNB-ALD,2026-05-28,23:00,02:00,Max 1 block per night,Yes
CNB-ALD,2026-05-29,23:00,02:00,"No block during peak hours 06:00-10:00,17:00-21:00",Yes
CNB-ALD,2026-05-30,23:00,03:00,Single line working only,No
CNB-ALD,2026-05-31,23:00,03:00,Block suspended - VIP movement,Yes
CNB-ALD,2026-06-01,23:00,02:00,Max 1 block per night,Yes
CNB-ALD,2026-06-02,23:00,02:00,Single line working only,No
CNB-ALD,2026-06-03,23:00,02:00,Block suspended - VIP movement,Yes
CNB-ALD,2026-06-04,23:00,02:00,"No block during peak hours 06:00-10:00,17:00-21:00",Yes
CNB-ALD,2026-06-05,23:00,02:00,Max 1 block per night,No
CNB-ALD,2026-06-06,23:00,03:00,Max 1 block per night,No
CNB-ALD,2026-06-07,23:00,03:00,Single line working only,No
CNB-ALD,2026-06-08,23:00,02:00,"No block during peak hours 06:00-10:00,17:00-21:00",No
CNB-ALD,2026-06-09,23:00,02:00,Max 1 block per night,Yes
CNB-ALD,2026-06-10,23:00,02:00,Max 1 block per night,No
CNB-ALD,2026-06-11,23:00,02:00,Max 1 block per night,Yes
CNB-ALD,2026-06-12,23:00,02:00,"No block during peak hours 06:00-10:00,17:00-21:00",Yes
CNB-ALD,2026-06-13,23:00,03:00,"No block during peak hours 06:00-10:00,17:00-21:00",No
CNB-ALD,2026-06-14,23:00,03:00,Reduced window due to festival traffic,Yes
CNB-ALD,2026-06-15,23:00,02:00,Max 1 block per night,No
CNB-ALD,2026-06-16,23:00,02:00,Max 1 block per night,No
CNB-ALD,2026-06-17,23:00,02:00,"No block during peak hours 06:00-10:00,17:00-21:00",Yes
CNB-ALD,2026-06-18,23:00,02:00,Max 1 block per night,No
CNB-ALD,2026-06-19,23:00,02:00,Single line working only,Yes
CNB-ALD,2026-06-20,23:00,03:00,Single line working only,Yes
CNB-ALD,2026-06-21,23:00,03:00,Max 1 block per night,No
CNB-ALD,2026-06-22,23:00,02:00,Reduced window due to festival traffic,Yes
CNB-ALD,2026-06-23,23:00,02:00,"No block during peak hours 06:00-10:00,17:00-21:00",No
CNB-ALD,2026-06-24,23:00,02:00,"No block during peak hours 06:00-10:00,17:00-21:00",Yes
CNB-ALD,2026-06-25,23:00,02:00,"No block during peak hours 06:00-10:00,17:00-21:00",Yes
CNB-ALD,2026-06-26,23:00,02:00,"No block during peak hours 06:00-10:00,17:00-21:00",No
CNB-ALD,2026-06-27,23:00,03:00,Max 1 block per night,Yes
CNB-ALD,2026-06-28,23:00,03:00,Max 1 block per night,Yes
CNB-ALD,2026-06-29,23:00,02:00,"No block during peak hours 06:00-10:00,17:00-21:00",No
CNB-ALD,2026-06-30,23:00,02:00,"No block during peak hours 06:00-10:00,17:00-21:00",No
CNB-ALD,2026-07-01,23:00,02:00,Block suspended - VIP movement,Yes
CNB-ALD,2026-07-02,23:00,02:00,"No block during peak hours 06:00-10:00,17:00-21:00",Yes
CNB-ALD,2026-07-03,23:00,02:00,"No block during peak hours 06:00-10:00,17:00-21:00",No
CNB-ALD,2026-07-04,23:00,03:00,Single line working only,Yes
CNB-ALD,2026-07-05,23:00,03:00,Single line working only,Yes
CNB-ALD,2026-07-06,23:00,02:00,Max 1 block per night,Yes
CNB-ALD,2026-07-07,23:00,02:00,No restriction,Yes
CNB-ALD,2026-07-08,23:00,02:00,Single line working only,Yes
CNB-ALD,2026-07-09,23:00,02:00,Single line working only,No
CNB-ALD,2026-07-10,23:00,02:00,"No block during peak hours 06:00-10:00,17:00-21:00",Yes
CNB-ALD,2026-07-11,23:00,03:00,"No block during peak hours 06:00-10:00,17:00-21:00",No
CNB-ALD,2026-07-12,23:00,03:00,Max 1 block per night,Yes
CNB-ALD,2026-07-13,23:00,02:00,"No block during peak hours 06:00-10:00,17:00-21:00",Yes
CNB-ALD,2026-07-14,23:00,02:00,Reduced window due to festival traffic,No
CNB-ALD,2026-07-15,23:00,02:00,"No block during peak hours 06:00-10:00,17:00-21:00",Yes
CNB-ALD,2026-07-16,23:00,02:00,Single line working only,No
CNB-ALD,2026-07-17,23:00,02:00,"No block during peak hours 06:00-10:00,17:00-21:00",No
CNB-ALD,2026-07-18,23:00,03:00,"No block during peak hours 06:00-10:00,17:00-21:00",Yes
CNB-ALD,2026-07-19,23:00,03:00,"No block during peak hours 06:00-10:00,17:00-21:00",Yes
CNB-ALD,2026-07-20,23:00,02:00,"No block during peak hours 06:00-10:00,17:00-21:00",Yes
CNB-ALD,2026-07-21,23:00,02:00,Single line working only,No
CNB-ALD,2026-07-22,23:00,02:00,Single line working only,No
CNB-ALD,2026-07-23,23:00,02:00,"No block during peak hours 06:00-10:00,17:00-21:00",No
CNB-ALD,2026-07-24,23:00,02:00,"No block during peak hours 06:00-10:00,17:00-21:00",Yes
CNB-ALD,2026-07-25,23:00,03:00,Max 1 block per night,Yes
CNB-ALD,2026-07-26,23:00,03:00,Max 1 block per night,Yes
CNB-ALD,2026-07-27,23:00,02:00,Max 1 block per night,Yes
CNB-ALD,2026-07-28,23:00,02:00,Max 1 block per night,No
CNB-ALD,2026-07-29,23:00,02:00,No restriction,Yes
CNB-ALD,2026-07-30,23:00,02:00,"No block during peak hours 06:00-10:00,17:00-21:00",No
CNB-ALD,2026-07-31,23:00,02:00,Single line working only,Yes
CNB-ALD,2026-08-01,23:00,03:00,Single line working only,No
CNB-ALD,2026-08-02,23:00,03:00,No restriction,No
CNB-ALD,2026-08-03,23:00,02:00,Max 1 block per night,No
CNB-ALD,2026-08-04,23:00,02:00,Block suspended - VIP movement,Yes
CNB-ALD,2026-08-05,23:00,02:00,Reduced window due to festival traffic,Yes
CNB-ALD,2026-08-06,23:00,02:00,"No block during peak hours 06:00-10:00,17:00-21:00",Yes
CNB-ALD,2026-08-07,23:00,02:00,Reduced window due to festival traffic,No
CNB-ALD,2026-08-08,23:00,03:00,"No block during peak hours 06:00-10:00,17:00-21:00",No
CNB-ALD,2026-08-09,23:00,03:00,"No block during peak hours 06:00-10:00,17:00-21:00",No
CNB-ALD,2026-08-10,23:00,02:00,Max 1 block per night,No
CNB-ALD,2026-08-11,23:00,02:00,Block suspended - VIP movement,No
CNB-ALD,2026-08-12,23:00,02:00,Block suspended - VIP movement,Yes
CNB-ALD,2026-08-13,23:00,02:00,Reduced window due to festival traffic,Yes
CNB-ALD,2026-08-14,23:00,02:00,No restriction,No
CNB-ALD,2026-08-15,23:00,03:00,Max 1 block per night,Yes
CNB-ALD,2026-08-16,23:00,03:00,Single line working only,Yes
CNB-ALD,2026-08-17,23:00,02:00,No restriction,Yes
CNB-ALD,2026-08-18,23:00,02:00,"No block during peak hours 06:00-10:00,17:00-21:00",No
CNB-ALD,2026-08-19,23:00,02:00,Reduced window due to festival traffic,Yes
CNB-ALD,2026-08-20,23:00,02:00,"No block during peak hours 06:00-10:00,17:00-21:00",No
CNB-ALD,2026-08-21,23:00,02:00,"No block during peak hours 06:00-10:00,17:00-21:00",Yes
CNB-ALD,2026-08-22,23:00,03:00,"No block during peak hours 06:00-10:00,17:00-21:00",No
CNB-ALD,2026-08-23,23:00,03:00,Single line working only,Yes
CNB-ALD,2026-08-24,23:00,02:00,"No block during peak hours 06:00-10:00,17:00-21:00",Yes
CNB-ALD,2026-08-25,23:00,02:00,"No block during peak hours 06:00-10:00,17:00-21:00",No
CNB-ALD,2026-08-26,23:00,02:00,"No block during peak hours 06:00-10:00,17:00-21:00",Yes
CNB-ALD,2026-08-27,23:00,02:00,"No block during peak hours 06:00-10:00,17:00-21:00",No
CNB-ALD,2026-08-28,23:00,02:00,"No block during peak hours 06:00-10:00,17:00-21:00",No
CNB-ALD,2026-08-29,23:00,03:00,Max 1 block per night,No
CNB-ALD,2026-08-30,23:00,03:00,Block suspended - VIP movement,No
CNB-ALD,2026-08-31,23:00,02:00,Reduced window due to festival traffic,No
CNB-ALD,2026-09-01,23:00,02:00,"No block during peak hours 06:00-10:00,17:00-21:00",Yes
CNB-ALD,2026-09-02,23:00,02:00,"No block during peak hours 06:00-10:00,17:00-21:00",No
CNB-ALD,2026-09-03,23:00,02:00,Max 1 block per night,No
CNB-ALD,2026-09-04,23:00,02:00,Reduced window due to festival traffic,No
CNB-ALD,2026-09-05,23:00,03:00,Single line working only,Yes
CNB-ALD,2026-09-06,23:00,03:00,Max 1 block per night,Yes
CNB-ALD,2026-09-07,23:00,02:00,Single line working only,Yes
CNB-ALD,2026-09-08,23:00,02:00,Single line working only,No
CNB-ALD,2026-09-09,23:00,02:00,Reduced window due to festival traffic,No
CNB-ALD,2026-09-10,23:00,02:00,No restriction,Yes
CNB-ALD,2026-09-11,23:00,02:00,Single line working only,Yes
CNB-ALD,2026-09-12,23:00,03:00,"No block during peak hours 06:00-10:00,17:00-21:00",No
CNB-ALD,2026-09-13,23:00,03:00,"No block during peak hours 06:00-10:00,17:00-21:00",Yes
CNB-ALD,2026-09-14,23:00,02:00,"No block during peak hours 06:00-10:00,17:00-21:00",Yes
CNB-ALD,2026-09-15,23:00,02:00,Single line working only,Yes
CNB-ALD,2026-09-16,23:00,02:00,Max 1 block per night,Yes
CNB-ALD,2026-09-17,23:00,02:00,Single line working only,No
CNB-ALD,2026-09-18,23:00,02:00,Single line working only,Yes
CNB-ALD,2026-09-19,23:00,03:00,Single line working only,Yes
CNB-ALD,2026-09-20,23:00,03:00,Block suspended - VIP movement,Yes
CNB-ALD,2026-09-21,23:00,02:00,Single line working only,No
CNB-ALD,2026-09-22,23:00,02:00,Max 1 block per night,No
CNB-ALD,2026-09-23,23:00,02:00,"No block during peak hours 06:00-10:00,17:00-21:00",No
CNB-ALD,2026-09-24,23:00,02:00,"No block during peak hours 06:00-10:00,17:00-21:00",No
CNB-ALD,2026-09-25,23:00,02:00,"No block during peak hours 06:00-10:00,17:00-21:00",Yes
CNB-ALD,2026-09-26,23:00,03:00,No restriction,Yes
CNB-ALD,2026-09-27,23:00,03:00,"No block during peak hours 06:00-10:00,17:00-21:00",Yes
CNB-ALD,2026-09-28,23:00,02:00,No restriction,No
CNB-ALD,2026-09-29,23:00,02:00,"No block during peak hours 06:00-10:00,17:00-21:00",No
CNB-ALD,2026-09-30,23:00,02:00,Max 1 block per night,Yes
CNB-ALD,2026-10-01,23:00,02:00,Max 1 block per night,Yes
CNB-ALD,2026-10-02,23:00,02:00,Reduced window due to festival traffic,No
CNB-ALD,2026-10-03,23:00,03:00,Max 1 block per night,No
CNB-ALD,2026-10-04,23:00,03:00,Max 1 block per night,Yes
CNB-ALD,2026-10-05,23:00,02:00,Single line working only,Yes
CNB-ALD,2026-10-06,23:00,02:00,Max 1 block per night,Yes
CNB-ALD,2026-10-07,23:00,02:00,Single line working only,No
CNB-ALD,2026-10-08,23:00,02:00,Single line working only,No
CNB-ALD,2026-10-09,23:00,02:00,Max 1 block per night,No
CNB-ALD,2026-10-10,23:00,03:00,"No block during peak hours 06:00-10:00,17:00-21:00",No
CNB-ALD,2026-10-11,23:00,03:00,No restriction,No
CNB-ALD,2026-10-12,23:00,02:00,"No block during peak hours 06:00-10:00,17:00-21:00",No
CNB-ALD,2026-10-13,23:00,02:00,"No block during peak hours 06:00-10:00,17:00-21:00",Yes
CNB-ALD,2026-10-14,23:00,02:00,"No block during peak hours 06:00-10:00,17:00-21:00",No
CNB-ALD,2026-10-15,23:00,02:00,"No block during peak hours 06:00-10:00,17:00-21:00",Yes
CNB-ALD,2026-10-16,23:00,02:00,Block suspended - VIP movement,Yes
CNB-ALD,2026-10-17,23:00,03:00,Block suspended - VIP movement,No
CNB-ALD,2026-10-18,23:00,03:00,Max 1 block per night,No
CNB-ALD,2026-10-19,23:00,02:00,"No block during peak hours 06:00-10:00,17:00-21:00",Yes
CNB-ALD,2026-10-20,23:00,02:00,"No block during peak hours 06:00-10:00,17:00-21:00",Yes
CNB-ALD,2026-10-21,23:00,02:00,Max 1 block per night,Yes
CNB-ALD,2026-10-22,23:00,02:00,Max 1 block per night,No
CNB-ALD,2026-10-23,23:00,02:00,"No block during peak hours 06:00-10:00,17:00-21:00",Yes
CNB-ALD,2026-10-24,23:00,03:00,Reduced window due to festival traffic,No
CNB-ALD,2026-10-25,23:00,03:00,"No block during peak hours 06:00-10:00,17:00-21:00",No
CNB-ALD,2026-10-26,23:00,02:00,Max 1 block per night,Yes
CNB-ALD,2026-10-27,23:00,02:00,"No block during peak hours 06:00-10:00,17:00-21:00",No
CNB-ALD,2026-10-28,23:00,02:00,Reduced window due to festival traffic,Yes
CNB-ALD,2026-10-29,23:00,02:00,"No block during peak hours 06:00-10:00,17:00-21:00",No
CNB-ALD,2026-10-30,23:00,02:00,"No block during peak hours 06:00-10:00,17:00-21:00",No
CNB-ALD,2026-10-31,23:00,03:00,Single line working only,No
CNB-ALD,2026-11-01,23:00,03:00,"No block during peak hours 06:00-10:00,17:00-21:00",Yes
CNB-ALD,2026-11-02,23:00,02:00,"No block during peak hours 06:00-10:00,17:00-21:00",No
CNB-ALD,2026-11-03,23:00,02:00,Single line working only,No
CNB-ALD,2026-11-04,23:00,02:00,Max 1 block per night,No
CNB-ALD,2026-11-05,23:00,02:00,Max 1 block per night,No
CNB-ALD,2026-11-06,23:00,02:00,"No block during peak hours 06:00-10:00,17:00-21:00",Yes
CNB-ALD,2026-11-07,23:00,03:00,Single line working only,No
CNB-ALD,2026-11-08,23:00,03:00,Single line working only,Yes
CNB-ALD,2026-11-09,23:00,02:00,Max 1 block per night,No
CNB-ALD,2026-11-10,23:00,02:00,"No block during peak hours 06:00-10:00,17:00-21:00",No
CNB-ALD,2026-11-11,23:00,02:00,"No block during peak hours 06:00-10:00,17:00-21:00",Yes
CNB-ALD,2026-11-12,23:00,02:00,"No block during peak hours 06:00-10:00,17:00-21:00",No
CNB-ALD,2026-11-13,23:00,02:00,Max 1 block per night,No
CNB-ALD,2026-11-14,23:00,03:00,Reduced window due to festival traffic,No
CNB-ALD,2026-11-15,23:00,03:00,Max 1 block per night,Yes
CNB-ALD,2026-11-16,23:00,02:00,Max 1 block per night,No
CNB-ALD,2026-11-17,23:00,02:00,Block suspended - VIP movement,No
CNB-ALD,2026-11-18,23:00,02:00,No restriction,No
CNB-ALD,2026-11-19,23:00,02:00,Max 1 block per night,Yes
CNB-ALD,2026-11-20,23:00,02:00,"No block during peak hours 06:00-10:00,17:00-21:00",Yes
CNB-ALD,2026-11-21,23:00,03:00,"No block during peak hours 06:00-10:00,17:00-21:00",No
CNB-ALD,2026-11-22,23:00,03:00,"No block during peak hours 06:00-10:00,17:00-21:00",Yes
CNB-ALD,2026-11-23,23:00,02:00,"No block during peak hours 06:00-10:00,17:00-21:00",No
CNB-ALD,2026-11-24,23:00,02:00,"No block during peak hours 06:00-10:00,17:00-21:00",Yes
CNB-ALD,2026-11-25,23:00,02:00,"No block during peak hours 06:00-10:00,17:00-21:00",Yes
CNB-ALD,2026-11-26,23:00,02:00,Max 1 block per night,No
CNB-ALD,2026-11-27,23:00,02:00,Max 1 block per night,No
CNB-ALD,2026-11-28,23:00,03:00,Max 1 block per night,Yes
CNB-ALD,2026-11-29,23:00,03:00,Single line working only,No
CNB-ALD,2026-11-30,23:00,02:00,Max 1 block per night,No
CNB-ALD,2026-12-01,23:00,02:00,"No block during peak hours 06:00-10:00,17:00-21:00",No
CNB-ALD,2026-12-02,23:00,02:00,Max 1 block per night,No
CNB-ALD,2026-12-03,23:00,02:00,Block suspended - VIP movement,No
CNB-ALD,2026-12-04,23:00,02:00,Reduced window due to festival traffic,Yes
CNB-ALD,2026-12-05,23:00,03:00,Max 1 block per night,No
CNB-ALD,2026-12-06,23:00,03:00,Single line working only,Yes
CNB-ALD,2026-12-07,23:00,02:00,Single line working only,No
CNB-ALD,2026-12-08,23:00,02:00,No restriction,Yes
CNB-ALD,2026-12-09,23:00,02:00,Reduced window due to festival traffic,Yes
CNB-ALD,2026-12-10,23:00,02:00,Block suspended - VIP movement,No
CNB-ALD,2026-12-11,23:00,02:00,Single line working only,No
CNB-ALD,2026-12-12,23:00,03:00,Single line working only,Yes
CNB-ALD,2026-12-13,23:00,03:00,Single line working only,No
CNB-ALD,2026-12-14,23:00,02:00,"No block during peak hours 06:00-10:00,17:00-21:00",No
CNB-ALD,2026-12-15,23:00,02:00,Reduced window due to festival traffic,No
CNB-ALD,2026-12-16,23:00,02:00,"No block during peak hours 06:00-10:00,17:00-21:00",No
CNB-ALD,2026-12-17,23:00,02:00,"No block during peak hours 06:00-10:00,17:00-21:00",Yes
CNB-ALD,2026-12-18,23:00,02:00,"No block during peak hours 06:00-10:00,17:00-21:00",No
CNB-ALD,2026-12-19,23:00,03:00,Reduced window due to festival traffic,Yes
CNB-ALD,2026-12-20,23:00,03:00,Max 1 block per night,Yes
CNB-ALD,2026-12-21,23:00,02:00,Single line working only,Yes
CNB-ALD,2026-12-22,23:00,02:00,"No block during peak hours 06:00-10:00,17:00-21:00",Yes
CNB-ALD,2026-12-23,23:00,02:00,"No block during peak hours 06:00-10:00,17:00-21:00",Yes
CNB-ALD,2026-12-24,23:00,02:00,Max 1 block per night,Yes
CNB-ALD,2026-12-25,23:00,02:00,"No block during peak hours 06:00-10:00,17:00-21:00",Yes
CNB-ALD,2026-12-26,23:00,03:00,"No block during peak hours 06:00-10:00,17:00-21:00",No
CNB-ALD,2026-12-27,23:00,03:00,"No block during peak hours 06:00-10:00,17:00-21:00",No
CNB-ALD,2026-12-28,23:00,02:00,Max 1 block per night,No
CNB-ALD,2026-12-29,23:00,02:00,Max 1 block per night,No
CNB-ALD,2026-12-30,23:00,02:00,"No block during peak hours 06:00-10:00,17:00-21:00",No
CNB-ALD,2026-12-31,23:00,02:00,"No block during peak hours 06:00-10:00,17:00-21:00",Yes
ALD-MGS,2026-01-01,23:00,02:00,Single line working only,Yes
ALD-MGS,2026-01-02,23:00,02:00,Max 1 block per night,No
ALD-MGS,2026-01-03,23:00,03:00,"No block during peak hours 06:00-10:00,17:00-21:00",No
ALD-MGS,2026-01-04,23:00,03:00,"No block during peak hours 06:00-10:00,17:00-21:00",No
ALD-MGS,2026-01-05,23:00,02:00,Max 1 block per night,Yes
ALD-MGS,2026-01-06,23:00,02:00,Reduced window due to festival traffic,Yes
ALD-MGS,2026-01-07,23:00,02:00,Single line working only,Yes
ALD-MGS,2026-01-08,23:00,02:00,"No block during peak hours 06:00-10:00,17:00-21:00",No
ALD-MGS,2026-01-09,23:00,02:00,Max 1 block per night,Yes
ALD-MGS,2026-01-10,23:00,03:00,"No block during peak hours 06:00-10:00,17:00-21:00",Yes
ALD-MGS,2026-01-11,23:00,03:00,"No block during peak hours 06:00-10:00,17:00-21:00",No
ALD-MGS,2026-01-12,23:00,02:00,Single line working only,No
ALD-MGS,2026-01-13,23:00,02:00,"No block during peak hours 06:00-10:00,17:00-21:00",No
ALD-MGS,2026-01-14,23:00,02:00,Max 1 block per night,No
ALD-MGS,2026-01-15,23:00,02:00,Single line working only,No
ALD-MGS,2026-01-16,23:00,02:00,Block suspended - VIP movement,No
ALD-MGS,2026-01-17,23:00,03:00,"No block during peak hours 06:00-10:00,17:00-21:00",Yes
ALD-MGS,2026-01-18,23:00,03:00,Single line working only,Yes
ALD-MGS,2026-01-19,23:00,02:00,"No block during peak hours 06:00-10:00,17:00-21:00",No
ALD-MGS,2026-01-20,23:00,02:00,Single line working only,No
ALD-MGS,2026-01-21,23:00,02:00,"No block during peak hours 06:00-10:00,17:00-21:00",Yes
ALD-MGS,2026-01-22,23:00,02:00,Reduced window due to festival traffic,Yes
ALD-MGS,2026-01-23,23:00,02:00,"No block during peak hours 06:00-10:00,17:00-21:00",No
ALD-MGS,2026-01-24,23:00,03:00,"No block during peak hours 06:00-10:00,17:00-21:00",Yes
ALD-MGS,2026-01-25,23:00,03:00,Single line working only,No
ALD-MGS,2026-01-26,23:00,02:00,"No block during peak hours 06:00-10:00,17:00-21:00",Yes
ALD-MGS,2026-01-27,23:00,02:00,Single line working only,Yes
ALD-MGS,2026-01-28,23:00,02:00,"No block during peak hours 06:00-10:00,17:00-21:00",Yes
ALD-MGS,2026-01-29,23:00,02:00,Max 1 block per night,Yes
ALD-MGS,2026-01-30,23:00,02:00,"No block during peak hours 06:00-10:00,17:00-21:00",No
ALD-MGS,2026-01-31,23:00,03:00,Max 1 block per night,Yes
ALD-MGS,2026-02-01,23:00,03:00,"No block during peak hours 06:00-10:00,17:00-21:00",Yes
ALD-MGS,2026-02-02,23:00,02:00,"No block during peak hours 06:00-10:00,17:00-21:00",Yes
ALD-MGS,2026-02-03,23:00,02:00,Max 1 block per night,Yes
ALD-MGS,2026-02-04,23:00,02:00,Single line working only,Yes
ALD-MGS,2026-02-05,23:00,02:00,"No block during peak hours 06:00-10:00,17:00-21:00",Yes
ALD-MGS,2026-02-06,23:00,02:00,Max 1 block per night,No
ALD-MGS,2026-02-07,23:00,03:00,"No block during peak hours 06:00-10:00,17:00-21:00",No
ALD-MGS,2026-02-08,23:00,03:00,"No block during peak hours 06:00-10:00,17:00-21:00",Yes
ALD-MGS,2026-02-09,23:00,02:00,"No block during peak hours 06:00-10:00,17:00-21:00",Yes
ALD-MGS,2026-02-10,23:00,02:00,No restriction,No
ALD-MGS,2026-02-11,23:00,02:00,No restriction,No
ALD-MGS,2026-02-12,23:00,02:00,Block suspended - VIP movement,Yes
ALD-MGS,2026-02-13,23:00,02:00,Max 1 block per night,No
ALD-MGS,2026-02-14,23:00,03:00,Max 1 block per night,Yes
ALD-MGS,2026-02-15,23:00,03:00,Reduced window due to festival traffic,No
ALD-MGS,2026-02-16,23:00,02:00,Reduced window due to festival traffic,No
ALD-MGS,2026-02-17,23:00,02:00,Single line working only,Yes
ALD-MGS,2026-02-18,23:00,02:00,Single line working only,Yes
ALD-MGS,2026-02-19,23:00,02:00,Max 1 block per night,No
ALD-MGS,2026-02-20,23:00,02:00,"No block during peak hours 06:00-10:00,17:00-21:00",Yes
ALD-MGS,2026-02-21,23:00,03:00,Max 1 block per night,No
ALD-MGS,2026-02-22,23:00,03:00,Single line working only,Yes
ALD-MGS,2026-02-23,23:00,02:00,Single line working only,Yes
ALD-MGS,2026-02-24,23:00,02:00,Single line working only,Yes
ALD-MGS,2026-02-25,23:00,02:00,"No block during peak hours 06:00-10:00,17:00-21:00",Yes
ALD-MGS,2026-02-26,23:00,02:00,"No block during peak hours 06:00-10:00,17:00-21:00",Yes
ALD-MGS,2026-02-27,23:00,02:00,Single line working only,Yes
ALD-MGS,2026-02-28,23:00,03:00,Max 1 block per night,No
ALD-MGS,2026-03-01,23:00,03:00,Max 1 block per night,Yes
ALD-MGS,2026-03-02,23:00,02:00,Max 1 block per night,Yes
ALD-MGS,2026-03-03,23:00,02:00,Max 1 block per night,No
ALD-MGS,2026-03-04,23:00,02:00,"No block during peak hours 06:00-10:00,17:00-21:00",No
ALD-MGS,2026-03-05,23:00,02:00,"No block during peak hours 06:00-10:00,17:00-21:00",No
ALD-MGS,2026-03-06,23:00,02:00,"No block during peak hours 06:00-10:00,17:00-21:00",No
ALD-MGS,2026-03-07,23:00,03:00,"No block during peak hours 06:00-10:00,17:00-21:00",No
ALD-MGS,2026-03-08,23:00,03:00,"No block during peak hours 06:00-10:00,17:00-21:00",Yes
ALD-MGS,2026-03-09,23:00,02:00,"No block during peak hours 06:00-10:00,17:00-21:00",No
ALD-MGS,2026-03-10,23:00,02:00,Single line working only,No
ALD-MGS,2026-03-11,23:00,02:00,"No block during peak hours 06:00-10:00,17:00-21:00",Yes
ALD-MGS,2026-03-12,23:00,02:00,Single line working only,Yes
ALD-MGS,2026-03-13,23:00,02:00,"No block during peak hours 06:00-10:00,17:00-21:00",Yes
ALD-MGS,2026-03-14,23:00,03:00,Single line working only,Yes
ALD-MGS,2026-03-15,23:00,03:00,Single line working only,Yes
ALD-MGS,2026-03-16,23:00,02:00,Single line working only,Yes
ALD-MGS,2026-03-17,23:00,02:00,"No block during peak hours 06:00-10:00,17:00-21:00",Yes
ALD-MGS,2026-03-18,23:00,02:00,Single line working only,No
ALD-MGS,2026-03-19,23:00,02:00,"No block during peak hours 06:00-10:00,17:00-21:00",No
ALD-MGS,2026-03-20,23:00,02:00,Max 1 block per night,No
ALD-MGS,2026-03-21,23:00,03:00,"No block during peak hours 06:00-10:00,17:00-21:00",No
ALD-MGS,2026-03-22,23:00,03:00,Reduced window due to festival traffic,No
ALD-MGS,2026-03-23,23:00,02:00,"No block during peak hours 06:00-10:00,17:00-21:00",Yes
ALD-MGS,2026-03-24,23:00,02:00,"No block during peak hours 06:00-10:00,17:00-21:00",Yes
ALD-MGS,2026-03-25,23:00,02:00,"No block during peak hours 06:00-10:00,17:00-21:00",No
ALD-MGS,2026-03-26,23:00,02:00,Block suspended - VIP movement,No
ALD-MGS,2026-03-27,23:00,02:00,Max 1 block per night,Yes
ALD-MGS,2026-03-28,23:00,03:00,Max 1 block per night,Yes
ALD-MGS,2026-03-29,23:00,03:00,Single line working only,No
ALD-MGS,2026-03-30,23:00,02:00,Max 1 block per night,Yes
ALD-MGS,2026-03-31,23:00,02:00,Max 1 block per night,Yes
ALD-MGS,2026-04-01,23:00,02:00,Max 1 block per night,No
ALD-MGS,2026-04-02,23:00,02:00,Single line working only,No
ALD-MGS,2026-04-03,23:00,02:00,Single line working only,Yes
ALD-MGS,2026-04-04,23:00,03:00,Max 1 block per night,No
ALD-MGS,2026-04-05,23:00,03:00,"No block during peak hours 06:00-10:00,17:00-21:00",Yes
ALD-MGS,2026-04-06,23:00,02:00,Max 1 block per night,No
ALD-MGS,2026-04-07,23:00,02:00,"No block during peak hours 06:00-10:00,17:00-21:00",No
ALD-MGS,2026-04-08,23:00,02:00,Max 1 block per night,No
ALD-MGS,2026-04-09,23:00,02:00,Single line working only,No
ALD-MGS,2026-04-10,23:00,02:00,Single line working only,No
ALD-MGS,2026-04-11,23:00,03:00,Max 1 block per night,Yes
ALD-MGS,2026-04-12,23:00,03:00,"No block during peak hours 06:00-10:00,17:00-21:00",Yes
ALD-MGS,2026-04-13,23:00,02:00,Single line working only,Yes
ALD-MGS,2026-04-14,23:00,02:00,"No block during peak hours 06:00-10:00,17:00-21:00",No
ALD-MGS,2026-04-15,23:00,02:00,"No block during peak hours 06:00-10:00,17:00-21:00",Yes
ALD-MGS,2026-04-16,23:00,02:00,Max 1 block per night,No
ALD-MGS,2026-04-17,23:00,02:00,Max 1 block per night,Yes
ALD-MGS,2026-04-18,23:00,03:00,Single line working only,No
ALD-MGS,2026-04-19,23:00,03:00,Single line working only,Yes
ALD-MGS,2026-04-20,23:00,02:00,"No block during peak hours 06:00-10:00,17:00-21:00",Yes
ALD-MGS,2026-04-21,23:00,02:00,Max 1 block per night,No
ALD-MGS,2026-04-22,23:00,02:00,"No block during peak hours 06:00-10:00,17:00-21:00",No
ALD-MGS,2026-04-23,23:00,02:00,"No block during peak hours 06:00-10:00,17:00-21:00",Yes
ALD-MGS,2026-04-24,23:00,02:00,Max 1 block per night,Yes
ALD-MGS,2026-04-25,23:00,03:00,Max 1 block per night,No
ALD-MGS,2026-04-26,23:00,03:00,"No block during peak hours 06:00-10:00,17:00-21:00",Yes
ALD-MGS,2026-04-27,23:00,02:00,Max 1 block per night,Yes
ALD-MGS,2026-04-28,23:00,02:00,"No block during peak hours 06:00-10:00,17:00-21:00",Yes
ALD-MGS,2026-04-29,23:00,02:00,Reduced window due to festival traffic,No
ALD-MGS,2026-04-30,23:00,02:00,Reduced window due to festival traffic,No
ALD-MGS,2026-05-01,23:00,02:00,"No block during peak hours 06:00-10:00,17:00-21:00",No
ALD-MGS,2026-05-02,23:00,03:00,Single line working only,Yes
ALD-MGS,2026-05-03,23:00,03:00,"No block during peak hours 06:00-10:00,17:00-21:00",No
ALD-MGS,2026-05-04,23:00,02:00,"No block during peak hours 06:00-10:00,17:00-21:00",No
ALD-MGS,2026-05-05,23:00,02:00,"No block during peak hours 06:00-10:00,17:00-21:00",Yes
ALD-MGS,2026-05-06,23:00,02:00,Single line working only,No
ALD-MGS,2026-05-07,23:00,02:00,Single line working only,No
ALD-MGS,2026-05-08,23:00,02:00,"No block during peak hours 06:00-10:00,17:00-21:00",No
ALD-MGS,2026-05-09,23:00,03:00,"No block during peak hours 06:00-10:00,17:00-21:00",No
ALD-MGS,2026-05-10,23:00,03:00,"No block during peak hours 06:00-10:00,17:00-21:00",Yes
ALD-MGS,2026-05-11,23:00,02:00,Single line working only,No
ALD-MGS,2026-05-12,23:00,02:00,Block suspended - VIP movement,Yes
ALD-MGS,2026-05-13,23:00,02:00,"No block during peak hours 06:00-10:00,17:00-21:00",Yes
ALD-MGS,2026-05-14,23:00,02:00,No restriction,No
ALD-MGS,2026-05-15,23:00,02:00,Max 1 block per night,Yes
ALD-MGS,2026-05-16,23:00,03:00,Block suspended - VIP movement,No
ALD-MGS,2026-05-17,23:00,03:00,No restriction,Yes
ALD-MGS,2026-05-18,23:00,02:00,"No block during peak hours 06:00-10:00,17:00-21:00",Yes
ALD-MGS,2026-05-19,23:00,02:00,"No block during peak hours 06:00-10:00,17:00-21:00",Yes
ALD-MGS,2026-05-20,23:00,02:00,Max 1 block per night,No
ALD-MGS,2026-05-21,23:00,02:00,Single line working only,Yes
ALD-MGS,2026-05-22,23:00,02:00,Single line working only,No
ALD-MGS,2026-05-23,23:00,03:00,"No block during peak hours 06:00-10:00,17:00-21:00",Yes
ALD-MGS,2026-05-24,23:00,03:00,Single line working only,Yes
ALD-MGS,2026-05-25,23:00,02:00,Single line working only,No
ALD-MGS,2026-05-26,23:00,02:00,Max 1 block per night,Yes
ALD-MGS,2026-05-27,23:00,02:00,Single line working only,Yes
ALD-MGS,2026-05-28,23:00,02:00,"No block during peak hours 06:00-10:00,17:00-21:00",Yes
ALD-MGS,2026-05-29,23:00,02:00,Max 1 block per night,Yes
ALD-MGS,2026-05-30,23:00,03:00,Max 1 block per night,Yes
ALD-MGS,2026-05-31,23:00,03:00,Block suspended - VIP movement,Yes
ALD-MGS,2026-06-01,23:00,02:00,"No block during peak hours 06:00-10:00,17:00-21:00",Yes
ALD-MGS,2026-06-02,23:00,02:00,Single line working only,No
ALD-MGS,2026-06-03,23:00,02:00,"No block during peak hours 06:00-10:00,17:00-21:00",No
ALD-MGS,2026-06-04,23:00,02:00,Max 1 block per night,No
ALD-MGS,2026-06-05,23:00,02:00,Max 1 block per night,Yes
ALD-MGS,2026-06-06,23:00,03:00,Single line working only,Yes
ALD-MGS,2026-06-07,23:00,03:00,Block suspended - VIP movement,No
ALD-MGS,2026-06-08,23:00,02:00,Max 1 block per night,No
ALD-MGS,2026-06-09,23:00,02:00,"No block during peak hours 06:00-10:00,17:00-21:00",Yes
ALD-MGS,2026-06-10,23:00,02:00,"No block during peak hours 06:00-10:00,17:00-21:00",Yes
ALD-MGS,2026-06-11,23:00,02:00,Max 1 block per night,No
ALD-MGS,2026-06-12,23:00,02:00,Single line working only,No
ALD-MGS,2026-06-13,23:00,03:00,"No block during peak hours 06:00-10:00,17:00-21:00",No
ALD-MGS,2026-06-14,23:00,03:00,"No block during peak hours 06:00-10:00,17:00-21:00",Yes
ALD-MGS,2026-06-15,23:00,02:00,Single line working only,Yes
ALD-MGS,2026-06-16,23:00,02:00,"No block during peak hours 06:00-10:00,17:00-21:00",No
ALD-MGS,2026-06-17,23:00,02:00,"No block during peak hours 06:00-10:00,17:00-21:00",Yes
ALD-MGS,2026-06-18,23:00,02:00,Max 1 block per night,Yes
ALD-MGS,2026-06-19,23:00,02:00,Max 1 block per night,Yes
ALD-MGS,2026-06-20,23:00,03:00,Single line working only,No
ALD-MGS,2026-06-21,23:00,03:00,Single line working only,Yes
ALD-MGS,2026-06-22,23:00,02:00,"No block during peak hours 06:00-10:00,17:00-21:00",Yes
ALD-MGS,2026-06-23,23:00,02:00,"No block during peak hours 06:00-10:00,17:00-21:00",No
ALD-MGS,2026-06-24,23:00,02:00,No restriction,Yes
ALD-MGS,2026-06-25,23:00,02:00,"No block during peak hours 06:00-10:00,17:00-21:00",Yes
ALD-MGS,2026-06-26,23:00,02:00,Block suspended - VIP movement,No
ALD-MGS,2026-06-27,23:00,03:00,Single line working only,No
ALD-MGS,2026-06-28,23:00,03:00,"No block during peak hours 06:00-10:00,17:00-21:00",Yes
ALD-MGS,2026-06-29,23:00,02:00,Single line working only,No
ALD-MGS,2026-06-30,23:00,02:00,Single line working only,No
ALD-MGS,2026-07-01,23:00,02:00,"No block during peak hours 06:00-10:00,17:00-21:00",No
ALD-MGS,2026-07-02,23:00,02:00,"No block during peak hours 06:00-10:00,17:00-21:00",No
ALD-MGS,2026-07-03,23:00,02:00,Max 1 block per night,No
ALD-MGS,2026-07-04,23:00,03:00,Max 1 block per night,Yes
ALD-MGS,2026-07-05,23:00,03:00,"No block during peak hours 06:00-10:00,17:00-21:00",No
ALD-MGS,2026-07-06,23:00,02:00,"No block during peak hours 06:00-10:00,17:00-21:00",No
ALD-MGS,2026-07-07,23:00,02:00,Max 1 block per night,No
ALD-MGS,2026-07-08,23:00,02:00,No restriction,Yes
ALD-MGS,2026-07-09,23:00,02:00,Single line working only,Yes
ALD-MGS,2026-07-10,23:00,02:00,"No block during peak hours 06:00-10:00,17:00-21:00",No
ALD-MGS,2026-07-11,23:00,03:00,Single line working only,Yes
ALD-MGS,2026-07-12,23:00,03:00,"No block during peak hours 06:00-10:00,17:00-21:00",No
ALD-MGS,2026-07-13,23:00,02:00,Max 1 block per night,No
ALD-MGS,2026-07-14,23:00,02:00,"No block during peak hours 06:00-10:00,17:00-21:00",No
ALD-MGS,2026-07-15,23:00,02:00,Max 1 block per night,Yes
ALD-MGS,2026-07-16,23:00,02:00,Max 1 block per night,No
ALD-MGS,2026-07-17,23:00,02:00,"No block during peak hours 06:00-10:00,17:00-21:00",Yes
ALD-MGS,2026-07-18,23:00,03:00,Max 1 block per night,Yes
ALD-MGS,2026-07-19,23:00,03:00,Single line working only,No
ALD-MGS,2026-07-20,23:00,02:00,"No block during peak hours 06:00-10:00,17:00-21:00",Yes
ALD-MGS,2026-07-21,23:00,02:00,Single line working only,Yes
ALD-MGS,2026-07-22,23:00,02:00,"No block during peak hours 06:00-10:00,17:00-21:00",Yes
ALD-MGS,2026-07-23,23:00,02:00,"No block during peak hours 06:00-10:00,17:00-21:00",No
ALD-MGS,2026-07-24,23:00,02:00,"No block during peak hours 06:00-10:00,17:00-21:00",No
ALD-MGS,2026-07-25,23:00,03:00,Single line working only,Yes
ALD-MGS,2026-07-26,23:00,03:00,"No block during peak hours 06:00-10:00,17:00-21:00",No
ALD-MGS,2026-07-27,23:00,02:00,"No block during peak hours 06:00-10:00,17:00-21:00",Yes
ALD-MGS,2026-07-28,23:00,02:00,"No block during peak hours 06:00-10:00,17:00-21:00",No
ALD-MGS,2026-07-29,23:00,02:00,"No block during peak hours 06:00-10:00,17:00-21:00",Yes
ALD-MGS,2026-07-30,23:00,02:00,Single line working only,Yes
ALD-MGS,2026-07-31,23:00,02:00,"No block during peak hours 06:00-10:00,17:00-21:00",Yes
ALD-MGS,2026-08-01,23:00,03:00,Max 1 block per night,Yes
ALD-MGS,2026-08-02,23:00,03:00,Max 1 block per night,Yes
ALD-MGS,2026-08-03,23:00,02:00,Max 1 block per night,Yes
ALD-MGS,2026-08-04,23:00,02:00,Max 1 block per night,No
ALD-MGS,2026-08-05,23:00,02:00,"No block during peak hours 06:00-10:00,17:00-21:00",No
ALD-MGS,2026-08-06,23:00,02:00,Block suspended - VIP movement,No
ALD-MGS,2026-08-07,23:00,02:00,Max 1 block per night,Yes
ALD-MGS,2026-08-08,23:00,03:00,Reduced window due to festival traffic,No
ALD-MGS,2026-08-09,23:00,03:00,Single line working only,No
ALD-MGS,2026-08-10,23:00,02:00,Max 1 block per night,Yes
ALD-MGS,2026-08-11,23:00,02:00,"No block during peak hours 06:00-10:00,17:00-21:00",No
ALD-MGS,2026-08-12,23:00,02:00,Max 1 block per night,No
ALD-MGS,2026-08-13,23:00,02:00,No restriction,Yes
ALD-MGS,2026-08-14,23:00,02:00,"No block during peak hours 06:00-10:00,17:00-21:00",Yes
ALD-MGS,2026-08-15,23:00,03:00,"No block during peak hours 06:00-10:00,17:00-21:00",Yes
ALD-MGS,2026-08-16,23:00,03:00,"No block during peak hours 06:00-10:00,17:00-21:00",Yes
ALD-MGS,2026-08-17,23:00,02:00,Max 1 block per night,No
ALD-MGS,2026-08-18,23:00,02:00,Single line working only,No
ALD-MGS,2026-08-19,23:00,02:00,No restriction,No
ALD-MGS,2026-08-20,23:00,02:00,Reduced window due to festival traffic,Yes
ALD-MGS,2026-08-21,23:00,02:00,Max 1 block per night,Yes
ALD-MGS,2026-08-22,23:00,03:00,Single line working only,Yes
ALD-MGS,2026-08-23,23:00,03:00,Max 1 block per night,No
ALD-MGS,2026-08-24,23:00,02:00,Single line working only,No
ALD-MGS,2026-08-25,23:00,02:00,Max 1 block per night,No
ALD-MGS,2026-08-26,23:00,02:00,Max 1 block per night,Yes
ALD-MGS,2026-08-27,23:00,02:00,"No block during peak hours 06:00-10:00,17:00-21:00",No
ALD-MGS,2026-08-28,23:00,02:00,"No block during peak hours 06:00-10:00,17:00-21:00",No
ALD-MGS,2026-08-29,23:00,03:00,No restriction,No
ALD-MGS,2026-08-30,23:00,03:00,No restriction,Yes
ALD-MGS,2026-08-31,23:00,02:00,"No block during peak hours 06:00-10:00,17:00-21:00",No
ALD-MGS,2026-09-01,23:00,02:00,"No block during peak hours 06:00-10:00,17:00-21:00",No
ALD-MGS,2026-09-02,23:00,02:00,"No block during peak hours 06:00-10:00,17:00-21:00",Yes
ALD-MGS,2026-09-03,23:00,02:00,Reduced window due to festival traffic,No
ALD-MGS,2026-09-04,23:00,02:00,"No block during peak hours 06:00-10:00,17:00-21:00",No
ALD-MGS,2026-09-05,23:00,03:00,"No block during peak hours 06:00-10:00,17:00-21:00",Yes
ALD-MGS,2026-09-06,23:00,03:00,"No block during peak hours 06:00-10:00,17:00-21:00",No
ALD-MGS,2026-09-07,23:00,02:00,"No block during peak hours 06:00-10:00,17:00-21:00",No
ALD-MGS,2026-09-08,23:00,02:00,"No block during peak hours 06:00-10:00,17:00-21:00",No
ALD-MGS,2026-09-09,23:00,02:00,"No block during peak hours 06:00-10:00,17:00-21:00",No
ALD-MGS,2026-09-10,23:00,02:00,Single line working only,No
ALD-MGS,2026-09-11,23:00,02:00,Reduced window due to festival traffic,No
ALD-MGS,2026-09-12,23:00,03:00,"No block during peak hours 06:00-10:00,17:00-21:00",No
ALD-MGS,2026-09-13,23:00,03:00,Max 1 block per night,Yes
ALD-MGS,2026-09-14,23:00,02:00,Max 1 block per night,Yes
ALD-MGS,2026-09-15,23:00,02:00,"No block during peak hours 06:00-10:00,17:00-21:00",Yes
ALD-MGS,2026-09-16,23:00,02:00,Max 1 block per night,No
ALD-MGS,2026-09-17,23:00,02:00,"No block during peak hours 06:00-10:00,17:00-21:00",Yes
ALD-MGS,2026-09-18,23:00,02:00,Single line working only,Yes
ALD-MGS,2026-09-19,23:00,03:00,"No block during peak hours 06:00-10:00,17:00-21:00",No
ALD-MGS,2026-09-20,23:00,03:00,"No block during peak hours 06:00-10:00,17:00-21:00",No
ALD-MGS,2026-09-21,23:00,02:00,"No block during peak hours 06:00-10:00,17:00-21:00",Yes
ALD-MGS,2026-09-22,23:00,02:00,"No block during peak hours 06:00-10:00,17:00-21:00",No
ALD-MGS,2026-09-23,23:00,02:00,"No block during peak hours 06:00-10:00,17:00-21:00",No
ALD-MGS,2026-09-24,23:00,02:00,No restriction,No
ALD-MGS,2026-09-25,23:00,02:00,Single line working only,No
ALD-MGS,2026-09-26,23:00,03:00,"No block during peak hours 06:00-10:00,17:00-21:00",No
ALD-MGS,2026-09-27,23:00,03:00,Block suspended - VIP movement,No
ALD-MGS,2026-09-28,23:00,02:00,Max 1 block per night,No
ALD-MGS,2026-09-29,23:00,02:00,Max 1 block per night,No
ALD-MGS,2026-09-30,23:00,02:00,"No block during peak hours 06:00-10:00,17:00-21:00",Yes
ALD-MGS,2026-10-01,23:00,02:00,"No block during peak hours 06:00-10:00,17:00-21:00",Yes
ALD-MGS,2026-10-02,23:00,02:00,Single line working only,No
ALD-MGS,2026-10-03,23:00,03:00,Max 1 block per night,Yes
ALD-MGS,2026-10-04,23:00,03:00,Max 1 block per night,Yes
ALD-MGS,2026-10-05,23:00,02:00,Single line working only,Yes
ALD-MGS,2026-10-06,23:00,02:00,"No block during peak hours 06:00-10:00,17:00-21:00",No
ALD-MGS,2026-10-07,23:00,02:00,"No block during peak hours 06:00-10:00,17:00-21:00",No
ALD-MGS,2026-10-08,23:00,02:00,"No block during peak hours 06:00-10:00,17:00-21:00",Yes
ALD-MGS,2026-10-09,23:00,02:00,"No block during peak hours 06:00-10:00,17:00-21:00",Yes
ALD-MGS,2026-10-10,23:00,03:00,Single line working only,No
ALD-MGS,2026-10-11,23:00,03:00,Max 1 block per night,Yes
ALD-MGS,2026-10-12,23:00,02:00,Max 1 block per night,No
ALD-MGS,2026-10-13,23:00,02:00,"No block during peak hours 06:00-10:00,17:00-21:00",No
ALD-MGS,2026-10-14,23:00,02:00,Single line working only,No
ALD-MGS,2026-10-15,23:00,02:00,No restriction,Yes
ALD-MGS,2026-10-16,23:00,02:00,"No block during peak hours 06:00-10:00,17:00-21:00",No
ALD-MGS,2026-10-17,23:00,03:00,Max 1 block per night,Yes
ALD-MGS,2026-10-18,23:00,03:00,Single line working only,Yes
ALD-MGS,2026-10-19,23:00,02:00,"No block during peak hours 06:00-10:00,17:00-21:00",No
ALD-MGS,2026-10-20,23:00,02:00,"No block during peak hours 06:00-10:00,17:00-21:00",No
ALD-MGS,2026-10-21,23:00,02:00,Single line working only,No
ALD-MGS,2026-10-22,23:00,02:00,"No block during peak hours 06:00-10:00,17:00-21:00",No
ALD-MGS,2026-10-23,23:00,02:00,"No block during peak hours 06:00-10:00,17:00-21:00",Yes
ALD-MGS,2026-10-24,23:00,03:00,"No block during peak hours 06:00-10:00,17:00-21:00",No
ALD-MGS,2026-10-25,23:00,03:00,"No block during peak hours 06:00-10:00,17:00-21:00",No
ALD-MGS,2026-10-26,23:00,02:00,Single line working only,Yes
ALD-MGS,2026-10-27,23:00,02:00,"No block during peak hours 06:00-10:00,17:00-21:00",Yes
ALD-MGS,2026-10-28,23:00,02:00,"No block during peak hours 06:00-10:00,17:00-21:00",Yes
ALD-MGS,2026-10-29,23:00,02:00,"No block during peak hours 06:00-10:00,17:00-21:00",No
ALD-MGS,2026-10-30,23:00,02:00,"No block during peak hours 06:00-10:00,17:00-21:00",Yes
ALD-MGS,2026-10-31,23:00,03:00,Single line working only,No
ALD-MGS,2026-11-01,23:00,03:00,Max 1 block per night,Yes
ALD-MGS,2026-11-02,23:00,02:00,"No block during peak hours 06:00-10:00,17:00-21:00",Yes
ALD-MGS,2026-11-03,23:00,02:00,"No block during peak hours 06:00-10:00,17:00-21:00",No
ALD-MGS,2026-11-04,23:00,02:00,Max 1 block per night,No
ALD-MGS,2026-11-05,23:00,02:00,Single line working only,Yes
ALD-MGS,2026-11-06,23:00,02:00,Block suspended - VIP movement,Yes
ALD-MGS,2026-11-07,23:00,03:00,Reduced window due to festival traffic,No
ALD-MGS,2026-11-08,23:00,03:00,Max 1 block per night,No
ALD-MGS,2026-11-09,23:00,02:00,"No block during peak hours 06:00-10:00,17:00-21:00",No
ALD-MGS,2026-11-10,23:00,02:00,Single line working only,Yes
ALD-MGS,2026-11-11,23:00,02:00,No restriction,No
ALD-MGS,2026-11-12,23:00,02:00,"No block during peak hours 06:00-10:00,17:00-21:00",No
ALD-MGS,2026-11-13,23:00,02:00,"No block during peak hours 06:00-10:00,17:00-21:00",No
ALD-MGS,2026-11-14,23:00,03:00,Max 1 block per night,Yes
ALD-MGS,2026-11-15,23:00,03:00,Block suspended - VIP movement,Yes
ALD-MGS,2026-11-16,23:00,02:00,Reduced window due to festival traffic,No
ALD-MGS,2026-11-17,23:00,02:00,Single line working only,Yes
ALD-MGS,2026-11-18,23:00,02:00,Max 1 block per night,No
ALD-MGS,2026-11-19,23:00,02:00,No restriction,Yes
ALD-MGS,2026-11-20,23:00,02:00,Single line working only,No
ALD-MGS,2026-11-21,23:00,03:00,Max 1 block per night,Yes
ALD-MGS,2026-11-22,23:00,03:00,Max 1 block per night,Yes
ALD-MGS,2026-11-23,23:00,02:00,Max 1 block per night,No
ALD-MGS,2026-11-24,23:00,02:00,Max 1 block per night,Yes
ALD-MGS,2026-11-25,23:00,02:00,"No block during peak hours 06:00-10:00,17:00-21:00",Yes
ALD-MGS,2026-11-26,23:00,02:00,"No block during peak hours 06:00-10:00,17:00-21:00",No
ALD-MGS,2026-11-27,23:00,02:00,Max 1 block per night,No
ALD-MGS,2026-11-28,23:00,03:00,"No block during peak hours 06:00-10:00,17:00-21:00",Yes
ALD-MGS,2026-11-29,23:00,03:00,"No block during peak hours 06:00-10:00,17:00-21:00",Yes
ALD-MGS,2026-11-30,23:00,02:00,No restriction,No
ALD-MGS,2026-12-01,23:00,02:00,"No block during peak hours 06:00-10:00,17:00-21:00",Yes
ALD-MGS,2026-12-02,23:00,02:00,"No block during peak hours 06:00-10:00,17:00-21:00",Yes
ALD-MGS,2026-12-03,23:00,02:00,Max 1 block per night,Yes
ALD-MGS,2026-12-04,23:00,02:00,Single line working only,Yes
ALD-MGS,2026-12-05,23:00,03:00,"No block during peak hours 06:00-10:00,17:00-21:00",No
ALD-MGS,2026-12-06,23:00,03:00,"No block during peak hours 06:00-10:00,17:00-21:00",No
ALD-MGS,2026-12-07,23:00,02:00,"No block during peak hours 06:00-10:00,17:00-21:00",No
ALD-MGS,2026-12-08,23:00,02:00,"No block during peak hours 06:00-10:00,17:00-21:00",No
ALD-MGS,2026-12-09,23:00,02:00,Max 1 block per night,No
ALD-MGS,2026-12-10,23:00,02:00,Block suspended - VIP movement,No
ALD-MGS,2026-12-11,23:00,02:00,Max 1 block per night,Yes
ALD-MGS,2026-12-12,23:00,03:00,"No block during peak hours 06:00-10:00,17:00-21:00",Yes
ALD-MGS,2026-12-13,23:00,03:00,"No block during peak hours 06:00-10:00,17:00-21:00",Yes
ALD-MGS,2026-12-14,23:00,02:00,Block suspended - VIP movement,Yes
ALD-MGS,2026-12-15,23:00,02:00,"No block during peak hours 06:00-10:00,17:00-21:00",Yes
ALD-MGS,2026-12-16,23:00,02:00,"No block during peak hours 06:00-10:00,17:00-21:00",No
ALD-MGS,2026-12-17,23:00,02:00,Single line working only,No
ALD-MGS,2026-12-18,23:00,02:00,Single line working only,No
ALD-MGS,2026-12-19,23:00,03:00,Max 1 block per night,Yes
ALD-MGS,2026-12-20,23:00,03:00,Single line working only,No
ALD-MGS,2026-12-21,23:00,02:00,Block suspended - VIP movement,Yes
ALD-MGS,2026-12-22,23:00,02:00,Reduced window due to festival traffic,No
ALD-MGS,2026-12-23,23:00,02:00,"No block during peak hours 06:00-10:00,17:00-21:00",Yes
ALD-MGS,2026-12-24,23:00,02:00,Single line working only,No
ALD-MGS,2026-12-25,23:00,02:00,"No block during peak hours 06:00-10:00,17:00-21:00",No
ALD-MGS,2026-12-26,23:00,03:00,"No block during peak hours 06:00-10:00,17:00-21:00",Yes
ALD-MGS,2026-12-27,23:00,03:00,Single line working only,No
ALD-MGS,2026-12-28,23:00,02:00,"No block during peak hours 06:00-10:00,17:00-21:00",Yes
ALD-MGS,2026-12-29,23:00,02:00,Max 1 block per night,Yes
ALD-MGS,2026-12-30,23:00,02:00,Block suspended - VIP movement,Yes
ALD-MGS,2026-12-31,23:00,02:00,Block suspended - VIP movement,No
MGS-HWH,2026-01-01,23:00,02:00,No restriction,No
MGS-HWH,2026-01-02,23:00,02:00,Single line working only,Yes
MGS-HWH,2026-01-03,23:00,03:00,"No block during peak hours 06:00-10:00,17:00-21:00",No
MGS-HWH,2026-01-04,23:00,03:00,"No block during peak hours 06:00-10:00,17:00-21:00",Yes
MGS-HWH,2026-01-05,23:00,02:00,Single line working only,No
MGS-HWH,2026-01-06,23:00,02:00,"No block during peak hours 06:00-10:00,17:00-21:00",No
MGS-HWH,2026-01-07,23:00,02:00,"No block during peak hours 06:00-10:00,17:00-21:00",Yes
MGS-HWH,2026-01-08,23:00,02:00,"No block during peak hours 06:00-10:00,17:00-21:00",Yes
MGS-HWH,2026-01-09,23:00,02:00,"No block during peak hours 06:00-10:00,17:00-21:00",No
MGS-HWH,2026-01-10,23:00,03:00,Reduced window due to festival traffic,No
MGS-HWH,2026-01-11,23:00,03:00,Block suspended - VIP movement,Yes
MGS-HWH,2026-01-12,23:00,02:00,"No block during peak hours 06:00-10:00,17:00-21:00",Yes
MGS-HWH,2026-01-13,23:00,02:00,Block suspended - VIP movement,Yes
MGS-HWH,2026-01-14,23:00,02:00,Single line working only,Yes
MGS-HWH,2026-01-15,23:00,02:00,"No block during peak hours 06:00-10:00,17:00-21:00",No
MGS-HWH,2026-01-16,23:00,02:00,"No block during peak hours 06:00-10:00,17:00-21:00",Yes
MGS-HWH,2026-01-17,23:00,03:00,Max 1 block per night,Yes
MGS-HWH,2026-01-18,23:00,03:00,"No block during peak hours 06:00-10:00,17:00-21:00",No
MGS-HWH,2026-01-19,23:00,02:00,"No block during peak hours 06:00-10:00,17:00-21:00",Yes
MGS-HWH,2026-01-20,23:00,02:00,Single line working only,No
MGS-HWH,2026-01-21,23:00,02:00,"No block during peak hours 06:00-10:00,17:00-21:00",Yes
MGS-HWH,2026-01-22,23:00,02:00,"No block during peak hours 06:00-10:00,17:00-21:00",No
MGS-HWH,2026-01-23,23:00,02:00,Single line working only,No
MGS-HWH,2026-01-24,23:00,03:00,Block suspended - VIP movement,No
MGS-HWH,2026-01-25,23:00,03:00,"No block during peak hours 06:00-10:00,17:00-21:00",Yes
MGS-HWH,2026-01-26,23:00,02:00,Single line working only,No
MGS-HWH,2026-01-27,23:00,02:00,Single line working only,Yes
MGS-HWH,2026-01-28,23:00,02:00,"No block during peak hours 06:00-10:00,17:00-21:00",No
MGS-HWH,2026-01-29,23:00,02:00,"No block during peak hours 06:00-10:00,17:00-21:00",Yes
MGS-HWH,2026-01-30,23:00,02:00,Max 1 block per night,No
MGS-HWH,2026-01-31,23:00,03:00,Max 1 block per night,Yes
MGS-HWH,2026-02-01,23:00,03:00,"No block during peak hours 06:00-10:00,17:00-21:00",No
MGS-HWH,2026-02-02,23:00,02:00,Reduced window due to festival traffic,No
MGS-HWH,2026-02-03,23:00,02:00,Max 1 block per night,Yes
MGS-HWH,2026-02-04,23:00,02:00,Max 1 block per night,Yes
MGS-HWH,2026-02-05,23:00,02:00,"No block during peak hours 06:00-10:00,17:00-21:00",Yes
MGS-HWH,2026-02-06,23:00,02:00,Single line working only,Yes
MGS-HWH,2026-02-07,23:00,03:00,"No block during peak hours 06:00-10:00,17:00-21:00",No
MGS-HWH,2026-02-08,23:00,03:00,Max 1 block per night,No
MGS-HWH,2026-02-09,23:00,02:00,Single line working only,Yes
MGS-HWH,2026-02-10,23:00,02:00,Single line working only,No
MGS-HWH,2026-02-11,23:00,02:00,Max 1 block per night,No
MGS-HWH,2026-02-12,23:00,02:00,"No block during peak hours 06:00-10:00,17:00-21:00",Yes
MGS-HWH,2026-02-13,23:00,02:00,Max 1 block per night,No
MGS-HWH,2026-02-14,23:00,03:00,"No block during peak hours 06:00-10:00,17:00-21:00",Yes
MGS-HWH,2026-02-15,23:00,03:00,Max 1 block per night,Yes
MGS-HWH,2026-02-16,23:00,02:00,"No block during peak hours 06:00-10:00,17:00-21:00",Yes
MGS-HWH,2026-02-17,23:00,02:00,"No block during peak hours 06:00-10:00,17:00-21:00",No
MGS-HWH,2026-02-18,23:00,02:00,Single line working only,No
MGS-HWH,2026-02-19,23:00,02:00,Single line working only,Yes
MGS-HWH,2026-02-20,23:00,02:00,Single line working only,No
MGS-HWH,2026-02-21,23:00,03:00,"No block during peak hours 06:00-10:00,17:00-21:00",Yes
MGS-HWH,2026-02-22,23:00,03:00,Reduced window due to festival traffic,Yes
MGS-HWH,2026-02-23,23:00,02:00,Max 1 block per night,Yes
MGS-HWH,2026-02-24,23:00,02:00,"No block during peak hours 06:00-10:00,17:00-21:00",No
MGS-HWH,2026-02-25,23:00,02:00,Block suspended - VIP movement,No
MGS-HWH,2026-02-26,23:00,02:00,"No block during peak hours 06:00-10:00,17:00-21:00",No
MGS-HWH,2026-02-27,23:00,02:00,"No block during peak hours 06:00-10:00,17:00-21:00",No
MGS-HWH,2026-02-28,23:00,03:00,"No block during peak hours 06:00-10:00,17:00-21:00",Yes
MGS-HWH,2026-03-01,23:00,03:00,Block suspended - VIP movement,No
MGS-HWH,2026-03-02,23:00,02:00,No restriction,Yes
MGS-HWH,2026-03-03,23:00,02:00,Single line working only,No
MGS-HWH,2026-03-04,23:00,02:00,"No block during peak hours 06:00-10:00,17:00-21:00",Yes
MGS-HWH,2026-03-05,23:00,02:00,"No block during peak hours 06:00-10:00,17:00-21:00",Yes
MGS-HWH,2026-03-06,23:00,02:00,Max 1 block per night,No
MGS-HWH,2026-03-07,23:00,03:00,"No block during peak hours 06:00-10:00,17:00-21:00",Yes
MGS-HWH,2026-03-08,23:00,03:00,"No block during peak hours 06:00-10:00,17:00-21:00",Yes
MGS-HWH,2026-03-09,23:00,02:00,Single line working only,Yes
MGS-HWH,2026-03-10,23:00,02:00,No restriction,Yes
MGS-HWH,2026-03-11,23:00,02:00,Max 1 block per night,No
MGS-HWH,2026-03-12,23:00,02:00,"No block during peak hours 06:00-10:00,17:00-21:00",No
MGS-HWH,2026-03-13,23:00,02:00,Max 1 block per night,No
MGS-HWH,2026-03-14,23:00,03:00,Reduced window due to festival traffic,Yes
MGS-HWH,2026-03-15,23:00,03:00,"No block during peak hours 06:00-10:00,17:00-21:00",Yes
MGS-HWH,2026-03-16,23:00,02:00,Single line working only,Yes
MGS-HWH,2026-03-17,23:00,02:00,Max 1 block per night,Yes
MGS-HWH,2026-03-18,23:00,02:00,"No block during peak hours 06:00-10:00,17:00-21:00",No
MGS-HWH,2026-03-19,23:00,02:00,"No block during peak hours 06:00-10:00,17:00-21:00",No
MGS-HWH,2026-03-20,23:00,02:00,Max 1 block per night,Yes
MGS-HWH,2026-03-21,23:00,03:00,Max 1 block per night,Yes
MGS-HWH,2026-03-22,23:00,03:00,"No block during peak hours 06:00-10:00,17:00-21:00",No
MGS-HWH,2026-03-23,23:00,02:00,Max 1 block per night,No
MGS-HWH,2026-03-24,23:00,02:00,"No block during peak hours 06:00-10:00,17:00-21:00",No
MGS-HWH,2026-03-25,23:00,02:00,"No block during peak hours 06:00-10:00,17:00-21:00",Yes
MGS-HWH,2026-03-26,23:00,02:00,Max 1 block per night,Yes
MGS-HWH,2026-03-27,23:00,02:00,Max 1 block per night,Yes
MGS-HWH,2026-03-28,23:00,03:00,Max 1 block per night,No
MGS-HWH,2026-03-29,23:00,03:00,"No block during peak hours 06:00-10:00,17:00-21:00",Yes
MGS-HWH,2026-03-30,23:00,02:00,No restriction,Yes
MGS-HWH,2026-03-31,23:00,02:00,"No block during peak hours 06:00-10:00,17:00-21:00",Yes
MGS-HWH,2026-04-01,23:00,02:00,"No block during peak hours 06:00-10:00,17:00-21:00",No
MGS-HWH,2026-04-02,23:00,02:00,Block suspended - VIP movement,Yes
MGS-HWH,2026-04-03,23:00,02:00,Single line working only,No
MGS-HWH,2026-04-04,23:00,03:00,Block suspended - VIP movement,No
MGS-HWH,2026-04-05,23:00,03:00,"No block during peak hours 06:00-10:00,17:00-21:00",Yes
MGS-HWH,2026-04-06,23:00,02:00,"No block during peak hours 06:00-10:00,17:00-21:00",Yes
MGS-HWH,2026-04-07,23:00,02:00,Max 1 block per night,No
MGS-HWH,2026-04-08,23:00,02:00,Max 1 block per night,No
MGS-HWH,2026-04-09,23:00,02:00,Single line working only,No
MGS-HWH,2026-04-10,23:00,02:00,Single line working only,No
MGS-HWH,2026-04-11,23:00,03:00,Max 1 block per night,Yes
MGS-HWH,2026-04-12,23:00,03:00,"No block during peak hours 06:00-10:00,17:00-21:00",No
MGS-HWH,2026-04-13,23:00,02:00,No restriction,No
MGS-HWH,2026-04-14,23:00,02:00,Max 1 block per night,Yes
MGS-HWH,2026-04-15,23:00,02:00,Single line working only,No
MGS-HWH,2026-04-16,23:00,02:00,"No block during peak hours 06:00-10:00,17:00-21:00",No
MGS-HWH,2026-04-17,23:00,02:00,Max 1 block per night,No
MGS-HWH,2026-04-18,23:00,03:00,"No block during peak hours 06:00-10:00,17:00-21:00",No
MGS-HWH,2026-04-19,23:00,03:00,Single line working only,No
MGS-HWH,2026-04-20,23:00,02:00,"No block during peak hours 06:00-10:00,17:00-21:00",Yes
MGS-HWH,2026-04-21,23:00,02:00,Max 1 block per night,No
MGS-HWH,2026-04-22,23:00,02:00,Block suspended - VIP movement,Yes
MGS-HWH,2026-04-23,23:00,02:00,"No block during peak hours 06:00-10:00,17:00-21:00",No
MGS-HWH,2026-04-24,23:00,02:00,Single line working only,Yes
MGS-HWH,2026-04-25,23:00,03:00,"No block during peak hours 06:00-10:00,17:00-21:00",No
MGS-HWH,2026-04-26,23:00,03:00,Max 1 block per night,Yes
MGS-HWH,2026-04-27,23:00,02:00,"No block during peak hours 06:00-10:00,17:00-21:00",No
MGS-HWH,2026-04-28,23:00,02:00,Max 1 block per night,No
MGS-HWH,2026-04-29,23:00,02:00,Single line working only,No
MGS-HWH,2026-04-30,23:00,02:00,Block suspended - VIP movement,Yes
MGS-HWH,2026-05-01,23:00,02:00,"No block during peak hours 06:00-10:00,17:00-21:00",No
MGS-HWH,2026-05-02,23:00,03:00,Max 1 block per night,Yes
MGS-HWH,2026-05-03,23:00,03:00,Single line working only,No
MGS-HWH,2026-05-04,23:00,02:00,Max 1 block per night,No
MGS-HWH,2026-05-05,23:00,02:00,Max 1 block per night,No
MGS-HWH,2026-05-06,23:00,02:00,Single line working only,Yes
MGS-HWH,2026-05-07,23:00,02:00,"No block during peak hours 06:00-10:00,17:00-21:00",Yes
MGS-HWH,2026-05-08,23:00,02:00,Single line working only,Yes
MGS-HWH,2026-05-09,23:00,03:00,Max 1 block per night,Yes
MGS-HWH,2026-05-10,23:00,03:00,Max 1 block per night,No
MGS-HWH,2026-05-11,23:00,02:00,"No block during peak hours 06:00-10:00,17:00-21:00",Yes
MGS-HWH,2026-05-12,23:00,02:00,Max 1 block per night,Yes
MGS-HWH,2026-05-13,23:00,02:00,Max 1 block per night,Yes
MGS-HWH,2026-05-14,23:00,02:00,"No block during peak hours 06:00-10:00,17:00-21:00",Yes
MGS-HWH,2026-05-15,23:00,02:00,Reduced window due to festival traffic,No
MGS-HWH,2026-05-16,23:00,03:00,"No block during peak hours 06:00-10:00,17:00-21:00",No
MGS-HWH,2026-05-17,23:00,03:00,Max 1 block per night,No
MGS-HWH,2026-05-18,23:00,02:00,Max 1 block per night,No
MGS-HWH,2026-05-19,23:00,02:00,"No block during peak hours 06:00-10:00,17:00-21:00",Yes
MGS-HWH,2026-05-20,23:00,02:00,"No block during peak hours 06:00-10:00,17:00-21:00",No
MGS-HWH,2026-05-21,23:00,02:00,No restriction,No
MGS-HWH,2026-05-22,23:00,02:00,Max 1 block per night,Yes
MGS-HWH,2026-05-23,23:00,03:00,"No block during peak hours 06:00-10:00,17:00-21:00",No
MGS-HWH,2026-05-24,23:00,03:00,Single line working only,Yes
MGS-HWH,2026-05-25,23:00,02:00,"No block during peak hours 06:00-10:00,17:00-21:00",Yes
MGS-HWH,2026-05-26,23:00,02:00,Max 1 block per night,No
MGS-HWH,2026-05-27,23:00,02:00,Block suspended - VIP movement,Yes
MGS-HWH,2026-05-28,23:00,02:00,"No block during peak hours 06:00-10:00,17:00-21:00",No
MGS-HWH,2026-05-29,23:00,02:00,"No block during peak hours 06:00-10:00,17:00-21:00",No
MGS-HWH,2026-05-30,23:00,03:00,Single line working only,Yes
MGS-HWH,2026-05-31,23:00,03:00,"No block during peak hours 06:00-10:00,17:00-21:00",No
MGS-HWH,2026-06-01,23:00,02:00,No restriction,No
MGS-HWH,2026-06-02,23:00,02:00,Single line working only,No
MGS-HWH,2026-06-03,23:00,02:00,"No block during peak hours 06:00-10:00,17:00-21:00",Yes
MGS-HWH,2026-06-04,23:00,02:00,Single line working only,Yes
MGS-HWH,2026-06-05,23:00,02:00,"No block during peak hours 06:00-10:00,17:00-21:00",Yes
MGS-HWH,2026-06-06,23:00,03:00,"No block during peak hours 06:00-10:00,17:00-21:00",No
MGS-HWH,2026-06-07,23:00,03:00,Max 1 block per night,No
MGS-HWH,2026-06-08,23:00,02:00,Single line working only,No
MGS-HWH,2026-06-09,23:00,02:00,No restriction,No
MGS-HWH,2026-06-10,23:00,02:00,Single line working only,No
MGS-HWH,2026-06-11,23:00,02:00,"No block during peak hours 06:00-10:00,17:00-21:00",No
MGS-HWH,2026-06-12,23:00,02:00,"No block during peak hours 06:00-10:00,17:00-21:00",No
MGS-HWH,2026-06-13,23:00,03:00,Single line working only,Yes
MGS-HWH,2026-06-14,23:00,03:00,"No block during peak hours 06:00-10:00,17:00-21:00",Yes
MGS-HWH,2026-06-15,23:00,02:00,Single line working only,No
MGS-HWH,2026-06-16,23:00,02:00,Single line working only,No
MGS-HWH,2026-06-17,23:00,02:00,"No block during peak hours 06:00-10:00,17:00-21:00",Yes
MGS-HWH,2026-06-18,23:00,02:00,Max 1 block per night,No
MGS-HWH,2026-06-19,23:00,02:00,"No block during peak hours 06:00-10:00,17:00-21:00",Yes
MGS-HWH,2026-06-20,23:00,03:00,Single line working only,No
MGS-HWH,2026-06-21,23:00,03:00,"No block during peak hours 06:00-10:00,17:00-21:00",No
MGS-HWH,2026-06-22,23:00,02:00,"No block during peak hours 06:00-10:00,17:00-21:00",No
MGS-HWH,2026-06-23,23:00,02:00,Max 1 block per night,No
MGS-HWH,2026-06-24,23:00,02:00,Max 1 block per night,Yes
MGS-HWH,2026-06-25,23:00,02:00,Block suspended - VIP movement,Yes
MGS-HWH,2026-06-26,23:00,02:00,"No block during peak hours 06:00-10:00,17:00-21:00",Yes
MGS-HWH,2026-06-27,23:00,03:00,"No block during peak hours 06:00-10:00,17:00-21:00",Yes
MGS-HWH,2026-06-28,23:00,03:00,Max 1 block per night,Yes
MGS-HWH,2026-06-29,23:00,02:00,"No block during peak hours 06:00-10:00,17:00-21:00",No
MGS-HWH,2026-06-30,23:00,02:00,"No block during peak hours 06:00-10:00,17:00-21:00",Yes
MGS-HWH,2026-07-01,23:00,02:00,"No block during peak hours 06:00-10:00,17:00-21:00",No
MGS-HWH,2026-07-02,23:00,02:00,"No block during peak hours 06:00-10:00,17:00-21:00",No
MGS-HWH,2026-07-03,23:00,02:00,Single line working only,No
MGS-HWH,2026-07-04,23:00,03:00,"No block during peak hours 06:00-10:00,17:00-21:00",Yes
MGS-HWH,2026-07-05,23:00,03:00,"No block during peak hours 06:00-10:00,17:00-21:00",No
MGS-HWH,2026-07-06,23:00,02:00,No restriction,No
MGS-HWH,2026-07-07,23:00,02:00,Single line working only,Yes
MGS-HWH,2026-07-08,23:00,02:00,Max 1 block per night,Yes
MGS-HWH,2026-07-09,23:00,02:00,Max 1 block per night,Yes
MGS-HWH,2026-07-10,23:00,02:00,Max 1 block per night,Yes
MGS-HWH,2026-07-11,23:00,03:00,"No block during peak hours 06:00-10:00,17:00-21:00",No
MGS-HWH,2026-07-12,23:00,03:00,Single line working only,Yes
MGS-HWH,2026-07-13,23:00,02:00,Single line working only,No
MGS-HWH,2026-07-14,23:00,02:00,Max 1 block per night,No
MGS-HWH,2026-07-15,23:00,02:00,Block suspended - VIP movement,No
MGS-HWH,2026-07-16,23:00,02:00,Max 1 block per night,Yes
MGS-HWH,2026-07-17,23:00,02:00,No restriction,No
MGS-HWH,2026-07-18,23:00,03:00,Single line working only,Yes
MGS-HWH,2026-07-19,23:00,03:00,Max 1 block per night,Yes
MGS-HWH,2026-07-20,23:00,02:00,"No block during peak hours 06:00-10:00,17:00-21:00",No
MGS-HWH,2026-07-21,23:00,02:00,"No block during peak hours 06:00-10:00,17:00-21:00",Yes
MGS-HWH,2026-07-22,23:00,02:00,Single line working only,No
MGS-HWH,2026-07-23,23:00,02:00,"No block during peak hours 06:00-10:00,17:00-21:00",Yes
MGS-HWH,2026-07-24,23:00,02:00,"No block during peak hours 06:00-10:00,17:00-21:00",No
MGS-HWH,2026-07-25,23:00,03:00,Reduced window due to festival traffic,No
MGS-HWH,2026-07-26,23:00,03:00,Max 1 block per night,Yes
MGS-HWH,2026-07-27,23:00,02:00,Max 1 block per night,Yes
MGS-HWH,2026-07-28,23:00,02:00,Max 1 block per night,Yes
MGS-HWH,2026-07-29,23:00,02:00,Single line working only,Yes
MGS-HWH,2026-07-30,23:00,02:00,"No block during peak hours 06:00-10:00,17:00-21:00",Yes
MGS-HWH,2026-07-31,23:00,02:00,"No block during peak hours 06:00-10:00,17:00-21:00",Yes
MGS-HWH,2026-08-01,23:00,03:00,"No block during peak hours 06:00-10:00,17:00-21:00",No
MGS-HWH,2026-08-02,23:00,03:00,"No block during peak hours 06:00-10:00,17:00-21:00",No
MGS-HWH,2026-08-03,23:00,02:00,Max 1 block per night,No
MGS-HWH,2026-08-04,23:00,02:00,"No block during peak hours 06:00-10:00,17:00-21:00",Yes
MGS-HWH,2026-08-05,23:00,02:00,"No block during peak hours 06:00-10:00,17:00-21:00",Yes
MGS-HWH,2026-08-06,23:00,02:00,Max 1 block per night,Yes
MGS-HWH,2026-08-07,23:00,02:00,"No block during peak hours 06:00-10:00,17:00-21:00",No
MGS-HWH,2026-08-08,23:00,03:00,Single line working only,No
MGS-HWH,2026-08-09,23:00,03:00,Reduced window due to festival traffic,No
MGS-HWH,2026-08-10,23:00,02:00,No restriction,Yes
MGS-HWH,2026-08-11,23:00,02:00,Max 1 block per night,Yes
MGS-HWH,2026-08-12,23:00,02:00,Max 1 block per night,No
MGS-HWH,2026-08-13,23:00,02:00,Max 1 block per night,No
MGS-HWH,2026-08-14,23:00,02:00,Max 1 block per night,No
MGS-HWH,2026-08-15,23:00,03:00,Max 1 block per night,No
MGS-HWH,2026-08-16,23:00,03:00,"No block during peak hours 06:00-10:00,17:00-21:00",Yes
MGS-HWH,2026-08-17,23:00,02:00,"No block during peak hours 06:00-10:00,17:00-21:00",Yes
MGS-HWH,2026-08-18,23:00,02:00,Max 1 block per night,Yes
MGS-HWH,2026-08-19,23:00,02:00,"No block during peak hours 06:00-10:00,17:00-21:00",No
MGS-HWH,2026-08-20,23:00,02:00,Max 1 block per night,Yes
MGS-HWH,2026-08-21,23:00,02:00,"No block during peak hours 06:00-10:00,17:00-21:00",No
MGS-HWH,2026-08-22,23:00,03:00,"No block during peak hours 06:00-10:00,17:00-21:00",Yes
MGS-HWH,2026-08-23,23:00,03:00,Single line working only,No
MGS-HWH,2026-08-24,23:00,02:00,Max 1 block per night,Yes
MGS-HWH,2026-08-25,23:00,02:00,Max 1 block per night,Yes
MGS-HWH,2026-08-26,23:00,02:00,Single line working only,No
MGS-HWH,2026-08-27,23:00,02:00,"No block during peak hours 06:00-10:00,17:00-21:00",No
MGS-HWH,2026-08-28,23:00,02:00,"No block during peak hours 06:00-10:00,17:00-21:00",No
MGS-HWH,2026-08-29,23:00,03:00,Max 1 block per night,No
MGS-HWH,2026-08-30,23:00,03:00,Max 1 block per night,No
MGS-HWH,2026-08-31,23:00,02:00,"No block during peak hours 06:00-10:00,17:00-21:00",No
MGS-HWH,2026-09-01,23:00,02:00,"No block during peak hours 06:00-10:00,17:00-21:00",No
MGS-HWH,2026-09-02,23:00,02:00,Single line working only,Yes
MGS-HWH,2026-09-03,23:00,02:00,"No block during peak hours 06:00-10:00,17:00-21:00",Yes
MGS-HWH,2026-09-04,23:00,02:00,"No block during peak hours 06:00-10:00,17:00-21:00",Yes
MGS-HWH,2026-09-05,23:00,03:00,"No block during peak hours 06:00-10:00,17:00-21:00",Yes
MGS-HWH,2026-09-06,23:00,03:00,Max 1 block per night,No
MGS-HWH,2026-09-07,23:00,02:00,Single line working only,Yes
MGS-HWH,2026-09-08,23:00,02:00,"No block during peak hours 06:00-10:00,17:00-21:00",No
MGS-HWH,2026-09-09,23:00,02:00,"No block during peak hours 06:00-10:00,17:00-21:00",Yes
MGS-HWH,2026-09-10,23:00,02:00,Block suspended - VIP movement,No
MGS-HWH,2026-09-11,23:00,02:00,Max 1 block per night,No
MGS-HWH,2026-09-12,23:00,03:00,Max 1 block per night,Yes
MGS-HWH,2026-09-13,23:00,03:00,Max 1 block per night,Yes
MGS-HWH,2026-09-14,23:00,02:00,Single line working only,No
MGS-HWH,2026-09-15,23:00,02:00,"No block during peak hours 06:00-10:00,17:00-21:00",Yes
MGS-HWH,2026-09-16,23:00,02:00,No restriction,No
MGS-HWH,2026-09-17,23:00,02:00,"No block during peak hours 06:00-10:00,17:00-21:00",No
MGS-HWH,2026-09-18,23:00,02:00,"No block during peak hours 06:00-10:00,17:00-21:00",Yes
MGS-HWH,2026-09-19,23:00,03:00,Reduced window due to festival traffic,Yes
MGS-HWH,2026-09-20,23:00,03:00,"No block during peak hours 06:00-10:00,17:00-21:00",Yes
MGS-HWH,2026-09-21,23:00,02:00,"No block during peak hours 06:00-10:00,17:00-21:00",Yes
MGS-HWH,2026-09-22,23:00,02:00,Single line working only,Yes
MGS-HWH,2026-09-23,23:00,02:00,Single line working only,No
MGS-HWH,2026-09-24,23:00,02:00,"No block during peak hours 06:00-10:00,17:00-21:00",No
MGS-HWH,2026-09-25,23:00,02:00,No restriction,Yes
MGS-HWH,2026-09-26,23:00,03:00,Single line working only,Yes
MGS-HWH,2026-09-27,23:00,03:00,Max 1 block per night,No
MGS-HWH,2026-09-28,23:00,02:00,Max 1 block per night,No
MGS-HWH,2026-09-29,23:00,02:00,Max 1 block per night,No
MGS-HWH,2026-09-30,23:00,02:00,Max 1 block per night,No
MGS-HWH,2026-10-01,23:00,02:00,Single line working only,No
MGS-HWH,2026-10-02,23:00,02:00,Single line working only,No
MGS-HWH,2026-10-03,23:00,03:00,"No block during peak hours 06:00-10:00,17:00-21:00",No
MGS-HWH,2026-10-04,23:00,03:00,Max 1 block per night,Yes
MGS-HWH,2026-10-05,23:00,02:00,"No block during peak hours 06:00-10:00,17:00-21:00",Yes
MGS-HWH,2026-10-06,23:00,02:00,"No block during peak hours 06:00-10:00,17:00-21:00",Yes
MGS-HWH,2026-10-07,23:00,02:00,"No block during peak hours 06:00-10:00,17:00-21:00",No
MGS-HWH,2026-10-08,23:00,02:00,"No block during peak hours 06:00-10:00,17:00-21:00",Yes
MGS-HWH,2026-10-09,23:00,02:00,"No block during peak hours 06:00-10:00,17:00-21:00",No
MGS-HWH,2026-10-10,23:00,03:00,Single line working only,No
MGS-HWH,2026-10-11,23:00,03:00,No restriction,Yes
MGS-HWH,2026-10-12,23:00,02:00,Max 1 block per night,Yes
MGS-HWH,2026-10-13,23:00,02:00,Single line working only,No
MGS-HWH,2026-10-14,23:00,02:00,No restriction,No
MGS-HWH,2026-10-15,23:00,02:00,Max 1 block per night,No
MGS-HWH,2026-10-16,23:00,02:00,"No block during peak hours 06:00-10:00,17:00-21:00",Yes
MGS-HWH,2026-10-17,23:00,03:00,"No block during peak hours 06:00-10:00,17:00-21:00",No
MGS-HWH,2026-10-18,23:00,03:00,"No block during peak hours 06:00-10:00,17:00-21:00",No
MGS-HWH,2026-10-19,23:00,02:00,No restriction,No
MGS-HWH,2026-10-20,23:00,02:00,"No block during peak hours 06:00-10:00,17:00-21:00",No
MGS-HWH,2026-10-21,23:00,02:00,Single line working only,No
MGS-HWH,2026-10-22,23:00,02:00,Single line working only,Yes
MGS-HWH,2026-10-23,23:00,02:00,"No block during peak hours 06:00-10:00,17:00-21:00",Yes
MGS-HWH,2026-10-24,23:00,03:00,Max 1 block per night,No
MGS-HWH,2026-10-25,23:00,03:00,"No block during peak hours 06:00-10:00,17:00-21:00",No
MGS-HWH,2026-10-26,23:00,02:00,Single line working only,Yes
MGS-HWH,2026-10-27,23:00,02:00,No restriction,No
MGS-HWH,2026-10-28,23:00,02:00,Max 1 block per night,Yes
MGS-HWH,2026-10-29,23:00,02:00,"No block during peak hours 06:00-10:00,17:00-21:00",Yes
MGS-HWH,2026-10-30,23:00,02:00,Block suspended - VIP movement,No
MGS-HWH,2026-10-31,23:00,03:00,"No block during peak hours 06:00-10:00,17:00-21:00",No
MGS-HWH,2026-11-01,23:00,03:00,"No block during peak hours 06:00-10:00,17:00-21:00",No
MGS-HWH,2026-11-02,23:00,02:00,Max 1 block per night,Yes
MGS-HWH,2026-11-03,23:00,02:00,"No block during peak hours 06:00-10:00,17:00-21:00",Yes
MGS-HWH,2026-11-04,23:00,02:00,"No block during peak hours 06:00-10:00,17:00-21:00",No
MGS-HWH,2026-11-05,23:00,02:00,Single line working only,Yes
MGS-HWH,2026-11-06,23:00,02:00,Single line working only,No
MGS-HWH,2026-11-07,23:00,03:00,Single line working only,No
MGS-HWH,2026-11-08,23:00,03:00,"No block during peak hours 06:00-10:00,17:00-21:00",No
MGS-HWH,2026-11-09,23:00,02:00,"No block during peak hours 06:00-10:00,17:00-21:00",Yes
MGS-HWH,2026-11-10,23:00,02:00,Single line working only,No
MGS-HWH,2026-11-11,23:00,02:00,"No block during peak hours 06:00-10:00,17:00-21:00",No
MGS-HWH,2026-11-12,23:00,02:00,"No block during peak hours 06:00-10:00,17:00-21:00",Yes
MGS-HWH,2026-11-13,23:00,02:00,"No block during peak hours 06:00-10:00,17:00-21:00",Yes
MGS-HWH,2026-11-14,23:00,03:00,"No block during peak hours 06:00-10:00,17:00-21:00",Yes
MGS-HWH,2026-11-15,23:00,03:00,"No block during peak hours 06:00-10:00,17:00-21:00",Yes
MGS-HWH,2026-11-16,23:00,02:00,"No block during peak hours 06:00-10:00,17:00-21:00",Yes
MGS-HWH,2026-11-17,23:00,02:00,Max 1 block per night,No
MGS-HWH,2026-11-18,23:00,02:00,"No block during peak hours 06:00-10:00,17:00-21:00",No
MGS-HWH,2026-11-19,23:00,02:00,Max 1 block per night,Yes
MGS-HWH,2026-11-20,23:00,02:00,Single line working only,Yes
MGS-HWH,2026-11-21,23:00,03:00,Max 1 block per night,No
MGS-HWH,2026-11-22,23:00,03:00,Reduced window due to festival traffic,No
MGS-HWH,2026-11-23,23:00,02:00,"No block during peak hours 06:00-10:00,17:00-21:00",Yes
MGS-HWH,2026-11-24,23:00,02:00,"No block during peak hours 06:00-10:00,17:00-21:00",Yes
MGS-HWH,2026-11-25,23:00,02:00,Block suspended - VIP movement,Yes
MGS-HWH,2026-11-26,23:00,02:00,"No block during peak hours 06:00-10:00,17:00-21:00",Yes
MGS-HWH,2026-11-27,23:00,02:00,"No block during peak hours 06:00-10:00,17:00-21:00",Yes
MGS-HWH,2026-11-28,23:00,03:00,"No block during peak hours 06:00-10:00,17:00-21:00",Yes
MGS-HWH,2026-11-29,23:00,03:00,Single line working only,No
MGS-HWH,2026-11-30,23:00,02:00,"No block during peak hours 06:00-10:00,17:00-21:00",No
MGS-HWH,2026-12-01,23:00,02:00,No restriction,Yes
MGS-HWH,2026-12-02,23:00,02:00,Block suspended - VIP movement,Yes
MGS-HWH,2026-12-03,23:00,02:00,No restriction,Yes
MGS-HWH,2026-12-04,23:00,02:00,Single line working only,Yes
MGS-HWH,2026-12-05,23:00,03:00,Reduced window due to festival traffic,Yes
MGS-HWH,2026-12-06,23:00,03:00,Max 1 block per night,Yes
MGS-HWH,2026-12-07,23:00,02:00,Single line working only,No
MGS-HWH,2026-12-08,23:00,02:00,Max 1 block per night,No
MGS-HWH,2026-12-09,23:00,02:00,Max 1 block per night,No
MGS-HWH,2026-12-10,23:00,02:00,Block suspended - VIP movement,Yes
MGS-HWH,2026-12-11,23:00,02:00,Max 1 block per night,No
MGS-HWH,2026-12-12,23:00,03:00,Max 1 block per night,Yes
MGS-HWH,2026-12-13,23:00,03:00,"No block during peak hours 06:00-10:00,17:00-21:00",No
MGS-HWH,2026-12-14,23:00,02:00,Max 1 block per night,No
MGS-HWH,2026-12-15,23:00,02:00,Single line working only,No
MGS-HWH,2026-12-16,23:00,02:00,Single line working only,No
MGS-HWH,2026-12-17,23:00,02:00,Block suspended - VIP movement,No
MGS-HWH,2026-12-18,23:00,02:00,"No block during peak hours 06:00-10:00,17:00-21:00",No
MGS-HWH,2026-12-19,23:00,03:00,Single line working only,No
MGS-HWH,2026-12-20,23:00,03:00,No restriction,Yes
MGS-HWH,2026-12-21,23:00,02:00,Max 1 block per night,No
MGS-HWH,2026-12-22,23:00,02:00,"No block during peak hours 06:00-10:00,17:00-21:00",Yes
MGS-HWH,2026-12-23,23:00,02:00,Max 1 block per night,Yes
MGS-HWH,2026-12-24,23:00,02:00,Single line working only,Yes
MGS-HWH,2026-12-25,23:00,02:00,"No block during peak hours 06:00-10:00,17:00-21:00",No
MGS-HWH,2026-12-26,23:00,03:00,"No block during peak hours 06:00-10:00,17:00-21:00",No
MGS-HWH,2026-12-27,23:00,03:00,Reduced window due to festival traffic,Yes
MGS-HWH,2026-12-28,23:00,02:00,Max 1 block per night,No
MGS-HWH,2026-12-29,23:00,02:00,"No block during peak hours 06:00-10:00,17:00-21:00",Yes
MGS-HWH,2026-12-30,23:00,02:00,Single line working only,Yes
MGS-HWH,2026-12-31,23:00,02:00,"No block during peak hours 06:00-10:00,17:00-21:00",No
HWH-KGP,2026-01-01,23:00,02:00,"No block during peak hours 06:00-10:00,17:00-21:00",Yes
HWH-KGP,2026-01-02,23:00,02:00,Max 1 block per night,No
HWH-KGP,2026-01-03,23:00,03:00,Max 1 block per night,No
HWH-KGP,2026-01-04,23:00,03:00,Max 1 block per night,Yes
HWH-KGP,2026-01-05,23:00,02:00,"No block during peak hours 06:00-10:00,17:00-21:00",No
HWH-KGP,2026-01-06,23:00,02:00,Reduced window due to festival traffic,Yes
HWH-KGP,2026-01-07,23:00,02:00,Single line working only,Yes
HWH-KGP,2026-01-08,23:00,02:00,Max 1 block per night,Yes
HWH-KGP,2026-01-09,23:00,02:00,Block suspended - VIP movement,No
HWH-KGP,2026-01-10,23:00,03:00,"No block during peak hours 06:00-10:00,17:00-21:00",No
HWH-KGP,2026-01-11,23:00,03:00,"No block during peak hours 06:00-10:00,17:00-21:00",Yes
HWH-KGP,2026-01-12,23:00,02:00,Max 1 block per night,No
HWH-KGP,2026-01-13,23:00,02:00,"No block during peak hours 06:00-10:00,17:00-21:00",No
HWH-KGP,2026-01-14,23:00,02:00,Single line working only,No
HWH-KGP,2026-01-15,23:00,02:00,Reduced window due to festival traffic,Yes
HWH-KGP,2026-01-16,23:00,02:00,Single line working only,Yes
HWH-KGP,2026-01-17,23:00,03:00,Max 1 block per night,No
HWH-KGP,2026-01-18,23:00,03:00,"No block during peak hours 06:00-10:00,17:00-21:00",No
HWH-KGP,2026-01-19,23:00,02:00,"No block during peak hours 06:00-10:00,17:00-21:00",Yes
HWH-KGP,2026-01-20,23:00,02:00,Max 1 block per night,No
HWH-KGP,2026-01-21,23:00,02:00,Reduced window due to festival traffic,No
HWH-KGP,2026-01-22,23:00,02:00,"No block during peak hours 06:00-10:00,17:00-21:00",Yes
HWH-KGP,2026-01-23,23:00,02:00,"No block during peak hours 06:00-10:00,17:00-21:00",Yes
HWH-KGP,2026-01-24,23:00,03:00,No restriction,No
HWH-KGP,2026-01-25,23:00,03:00,"No block during peak hours 06:00-10:00,17:00-21:00",Yes
HWH-KGP,2026-01-26,23:00,02:00,Max 1 block per night,Yes
HWH-KGP,2026-01-27,23:00,02:00,Max 1 block per night,Yes
HWH-KGP,2026-01-28,23:00,02:00,"No block during peak hours 06:00-10:00,17:00-21:00",Yes
HWH-KGP,2026-01-29,23:00,02:00,"No block during peak hours 06:00-10:00,17:00-21:00",Yes
HWH-KGP,2026-01-30,23:00,02:00,Max 1 block per night,Yes
HWH-KGP,2026-01-31,23:00,03:00,Single line working only,No
HWH-KGP,2026-02-01,23:00,03:00,Single line working only,Yes
HWH-KGP,2026-02-02,23:00,02:00,"No block during peak hours 06:00-10:00,17:00-21:00",No
HWH-KGP,2026-02-03,23:00,02:00,"No block during peak hours 06:00-10:00,17:00-21:00",No
HWH-KGP,2026-02-04,23:00,02:00,Single line working only,Yes
HWH-KGP,2026-02-05,23:00,02:00,"No block during peak hours 06:00-10:00,17:00-21:00",Yes
HWH-KGP,2026-02-06,23:00,02:00,"No block during peak hours 06:00-10:00,17:00-21:00",No
HWH-KGP,2026-02-07,23:00,03:00,"No block during peak hours 06:00-10:00,17:00-21:00",No
HWH-KGP,2026-02-08,23:00,03:00,No restriction,No
HWH-KGP,2026-02-09,23:00,02:00,"No block during peak hours 06:00-10:00,17:00-21:00",Yes
HWH-KGP,2026-02-10,23:00,02:00,Block suspended - VIP movement,No
HWH-KGP,2026-02-11,23:00,02:00,Single line working only,No
HWH-KGP,2026-02-12,23:00,02:00,"No block during peak hours 06:00-10:00,17:00-21:00",No
HWH-KGP,2026-02-13,23:00,02:00,Block suspended - VIP movement,No
HWH-KGP,2026-02-14,23:00,03:00,"No block during peak hours 06:00-10:00,17:00-21:00",No
HWH-KGP,2026-02-15,23:00,03:00,"No block during peak hours 06:00-10:00,17:00-21:00",Yes
HWH-KGP,2026-02-16,23:00,02:00,Single line working only,No
HWH-KGP,2026-02-17,23:00,02:00,"No block during peak hours 06:00-10:00,17:00-21:00",Yes
HWH-KGP,2026-02-18,23:00,02:00,"No block during peak hours 06:00-10:00,17:00-21:00",No
HWH-KGP,2026-02-19,23:00,02:00,Block suspended - VIP movement,Yes
HWH-KGP,2026-02-20,23:00,02:00,Max 1 block per night,No
HWH-KGP,2026-02-21,23:00,03:00,Reduced window due to festival traffic,No
HWH-KGP,2026-02-22,23:00,03:00,"No block during peak hours 06:00-10:00,17:00-21:00",No
HWH-KGP,2026-02-23,23:00,02:00,No restriction,Yes
HWH-KGP,2026-02-24,23:00,02:00,"No block during peak hours 06:00-10:00,17:00-21:00",No
HWH-KGP,2026-02-25,23:00,02:00,No restriction,No
HWH-KGP,2026-02-26,23:00,02:00,Max 1 block per night,No
HWH-KGP,2026-02-27,23:00,02:00,Max 1 block per night,Yes
HWH-KGP,2026-02-28,23:00,03:00,Max 1 block per night,Yes
HWH-KGP,2026-03-01,23:00,03:00,Reduced window due to festival traffic,Yes
HWH-KGP,2026-03-02,23:00,02:00,Max 1 block per night,No
HWH-KGP,2026-03-03,23:00,02:00,Single line working only,No
HWH-KGP,2026-03-04,23:00,02:00,Reduced window due to festival traffic,Yes
HWH-KGP,2026-03-05,23:00,02:00,Max 1 block per night,No
HWH-KGP,2026-03-06,23:00,02:00,Single line working only,Yes
HWH-KGP,2026-03-07,23:00,03:00,Reduced window due to festival traffic,No
HWH-KGP,2026-03-08,23:00,03:00,Max 1 block per night,No
HWH-KGP,2026-03-09,23:00,02:00,Single line working only,Yes
HWH-KGP,2026-03-10,23:00,02:00,"No block during peak hours 06:00-10:00,17:00-21:00",Yes
HWH-KGP,2026-03-11,23:00,02:00,"No block during peak hours 06:00-10:00,17:00-21:00",No
HWH-KGP,2026-03-12,23:00,02:00,Single line working only,No
HWH-KGP,2026-03-13,23:00,02:00,Max 1 block per night,Yes
HWH-KGP,2026-03-14,23:00,03:00,"No block during peak hours 06:00-10:00,17:00-21:00",Yes
HWH-KGP,2026-03-15,23:00,03:00,"No block during peak hours 06:00-10:00,17:00-21:00",No
HWH-KGP,2026-03-16,23:00,02:00,"No block during peak hours 06:00-10:00,17:00-21:00",No
HWH-KGP,2026-03-17,23:00,02:00,Max 1 block per night,Yes
HWH-KGP,2026-03-18,23:00,02:00,Single line working only,Yes
HWH-KGP,2026-03-19,23:00,02:00,No restriction,No
HWH-KGP,2026-03-20,23:00,02:00,"No block during peak hours 06:00-10:00,17:00-21:00",Yes
HWH-KGP,2026-03-21,23:00,03:00,"No block during peak hours 06:00-10:00,17:00-21:00",No
HWH-KGP,2026-03-22,23:00,03:00,Single line working only,Yes
HWH-KGP,2026-03-23,23:00,02:00,Block suspended - VIP movement,Yes
HWH-KGP,2026-03-24,23:00,02:00,Max 1 block per night,No
HWH-KGP,2026-03-25,23:00,02:00,Reduced window due to festival traffic,Yes
HWH-KGP,2026-03-26,23:00,02:00,Single line working only,No
HWH-KGP,2026-03-27,23:00,02:00,"No block during peak hours 06:00-10:00,17:00-21:00",No
HWH-KGP,2026-03-28,23:00,03:00,Single line working only,Yes
HWH-KGP,2026-03-29,23:00,03:00,Single line working only,Yes
HWH-KGP,2026-03-30,23:00,02:00,"No block during peak hours 06:00-10:00,17:00-21:00",No
HWH-KGP,2026-03-31,23:00,02:00,"No block during peak hours 06:00-10:00,17:00-21:00",No
HWH-KGP,2026-04-01,23:00,02:00,Single line working only,No
HWH-KGP,2026-04-02,23:00,02:00,Max 1 block per night,Yes
HWH-KGP,2026-04-03,23:00,02:00,"No block during peak hours 06:00-10:00,17:00-21:00",No
HWH-KGP,2026-04-04,23:00,03:00,No restriction,No
HWH-KGP,2026-04-05,23:00,03:00,Reduced window due to festival traffic,No
HWH-KGP,2026-04-06,23:00,02:00,Max 1 block per night,No
HWH-KGP,2026-04-07,23:00,02:00,"No block during peak hours 06:00-10:00,17:00-21:00",Yes
HWH-KGP,2026-04-08,23:00,02:00,Max 1 block per night,No
HWH-KGP,2026-04-09,23:00,02:00,Max 1 block per night,Yes
HWH-KGP,2026-04-10,23:00,02:00,Max 1 block per night,No
HWH-KGP,2026-04-11,23:00,03:00,"No block during peak hours 06:00-10:00,17:00-21:00",Yes
HWH-KGP,2026-04-12,23:00,03:00,Block suspended - VIP movement,Yes
HWH-KGP,2026-04-13,23:00,02:00,Single line working only,No
HWH-KGP,2026-04-14,23:00,02:00,"No block during peak hours 06:00-10:00,17:00-21:00",Yes
HWH-KGP,2026-04-15,23:00,02:00,Max 1 block per night,Yes
HWH-KGP,2026-04-16,23:00,02:00,"No block during peak hours 06:00-10:00,17:00-21:00",No
HWH-KGP,2026-04-17,23:00,02:00,Max 1 block per night,No
HWH-KGP,2026-04-18,23:00,03:00,Max 1 block per night,Yes
HWH-KGP,2026-04-19,23:00,03:00,"No block during peak hours 06:00-10:00,17:00-21:00",No
HWH-KGP,2026-04-20,23:00,02:00,"No block during peak hours 06:00-10:00,17:00-21:00",Yes
HWH-KGP,2026-04-21,23:00,02:00,Single line working only,Yes
HWH-KGP,2026-04-22,23:00,02:00,Single line working only,Yes
HWH-KGP,2026-04-23,23:00,02:00,Max 1 block per night,Yes
HWH-KGP,2026-04-24,23:00,02:00,"No block during peak hours 06:00-10:00,17:00-21:00",Yes
HWH-KGP,2026-04-25,23:00,03:00,"No block during peak hours 06:00-10:00,17:00-21:00",Yes
HWH-KGP,2026-04-26,23:00,03:00,Single line working only,No
HWH-KGP,2026-04-27,23:00,02:00,"No block during peak hours 06:00-10:00,17:00-21:00",Yes
HWH-KGP,2026-04-28,23:00,02:00,"No block during peak hours 06:00-10:00,17:00-21:00",No
HWH-KGP,2026-04-29,23:00,02:00,Single line working only,Yes
HWH-KGP,2026-04-30,23:00,02:00,No restriction,Yes
HWH-KGP,2026-05-01,23:00,02:00,Single line working only,No
HWH-KGP,2026-05-02,23:00,03:00,Max 1 block per night,Yes
HWH-KGP,2026-05-03,23:00,03:00,"No block during peak hours 06:00-10:00,17:00-21:00",No
HWH-KGP,2026-05-04,23:00,02:00,Max 1 block per night,Yes
HWH-KGP,2026-05-05,23:00,02:00,Single line working only,Yes
HWH-KGP,2026-05-06,23:00,02:00,"No block during peak hours 06:00-10:00,17:00-21:00",No
HWH-KGP,2026-05-07,23:00,02:00,Single line working only,Yes
HWH-KGP,2026-05-08,23:00,02:00,"No block during peak hours 06:00-10:00,17:00-21:00",Yes
HWH-KGP,2026-05-09,23:00,03:00,Single line working only,Yes
HWH-KGP,2026-05-10,23:00,03:00,Reduced window due to festival traffic,Yes
HWH-KGP,2026-05-11,23:00,02:00,"No block during peak hours 06:00-10:00,17:00-21:00",Yes
HWH-KGP,2026-05-12,23:00,02:00,Single line working only,No
HWH-KGP,2026-05-13,23:00,02:00,Max 1 block per night,Yes
HWH-KGP,2026-05-14,23:00,02:00,"No block during peak hours 06:00-10:00,17:00-21:00",No
HWH-KGP,2026-05-15,23:00,02:00,"No block during peak hours 06:00-10:00,17:00-21:00",Yes
HWH-KGP,2026-05-16,23:00,03:00,"No block during peak hours 06:00-10:00,17:00-21:00",No
HWH-KGP,2026-05-17,23:00,03:00,Max 1 block per night,No
HWH-KGP,2026-05-18,23:00,02:00,"No block during peak hours 06:00-10:00,17:00-21:00",No
HWH-KGP,2026-05-19,23:00,02:00,"No block during peak hours 06:00-10:00,17:00-21:00",Yes
HWH-KGP,2026-05-20,23:00,02:00,"No block during peak hours 06:00-10:00,17:00-21:00",Yes
HWH-KGP,2026-05-21,23:00,02:00,"No block during peak hours 06:00-10:00,17:00-21:00",No
HWH-KGP,2026-05-22,23:00,02:00,"No block during peak hours 06:00-10:00,17:00-21:00",Yes
HWH-KGP,2026-05-23,23:00,03:00,Block suspended - VIP movement,Yes
HWH-KGP,2026-05-24,23:00,03:00,Single line working only,No
HWH-KGP,2026-05-25,23:00,02:00,Single line working only,Yes
HWH-KGP,2026-05-26,23:00,02:00,"No block during peak hours 06:00-10:00,17:00-21:00",No
HWH-KGP,2026-05-27,23:00,02:00,"No block during peak hours 06:00-10:00,17:00-21:00",No
HWH-KGP,2026-05-28,23:00,02:00,Single line working only,No
HWH-KGP,2026-05-29,23:00,02:00,"No block during peak hours 06:00-10:00,17:00-21:00",No
HWH-KGP,2026-05-30,23:00,03:00,Max 1 block per night,No
HWH-KGP,2026-05-31,23:00,03:00,Max 1 block per night,No
HWH-KGP,2026-06-01,23:00,02:00,Single line working only,No
HWH-KGP,2026-06-02,23:00,02:00,"No block during peak hours 06:00-10:00,17:00-21:00",No
HWH-KGP,2026-06-03,23:00,02:00,Single line working only,Yes
HWH-KGP,2026-06-04,23:00,02:00,"No block during peak hours 06:00-10:00,17:00-21:00",No
HWH-KGP,2026-06-05,23:00,02:00,"No block during peak hours 06:00-10:00,17:00-21:00",Yes
HWH-KGP,2026-06-06,23:00,03:00,Single line working only,Yes
HWH-KGP,2026-06-07,23:00,03:00,"No block during peak hours 06:00-10:00,17:00-21:00",Yes
HWH-KGP,2026-06-08,23:00,02:00,Single line working only,No
HWH-KGP,2026-06-09,23:00,02:00,Max 1 block per night,Yes
HWH-KGP,2026-06-10,23:00,02:00,Max 1 block per night,No
HWH-KGP,2026-06-11,23:00,02:00,"No block during peak hours 06:00-10:00,17:00-21:00",Yes
HWH-KGP,2026-06-12,23:00,02:00,Single line working only,Yes
HWH-KGP,2026-06-13,23:00,03:00,Single line working only,Yes
HWH-KGP,2026-06-14,23:00,03:00,"No block during peak hours 06:00-10:00,17:00-21:00",No
HWH-KGP,2026-06-15,23:00,02:00,Max 1 block per night,No
HWH-KGP,2026-06-16,23:00,02:00,Reduced window due to festival traffic,No
HWH-KGP,2026-06-17,23:00,02:00,"No block during peak hours 06:00-10:00,17:00-21:00",Yes
HWH-KGP,2026-06-18,23:00,02:00,"No block during peak hours 06:00-10:00,17:00-21:00",No
HWH-KGP,2026-06-19,23:00,02:00,"No block during peak hours 06:00-10:00,17:00-21:00",Yes
HWH-KGP,2026-06-20,23:00,03:00,Reduced window due to festival traffic,Yes
HWH-KGP,2026-06-21,23:00,03:00,Max 1 block per night,No
HWH-KGP,2026-06-22,23:00,02:00,"No block during peak hours 06:00-10:00,17:00-21:00",Yes
HWH-KGP,2026-06-23,23:00,02:00,Single line working only,Yes
HWH-KGP,2026-06-24,23:00,02:00,"No block during peak hours 06:00-10:00,17:00-21:00",Yes
HWH-KGP,2026-06-25,23:00,02:00,"No block during peak hours 06:00-10:00,17:00-21:00",Yes
HWH-KGP,2026-06-26,23:00,02:00,"No block during peak hours 06:00-10:00,17:00-21:00",Yes
HWH-KGP,2026-06-27,23:00,03:00,Block suspended - VIP movement,Yes
HWH-KGP,2026-06-28,23:00,03:00,Single line working only,Yes
HWH-KGP,2026-06-29,23:00,02:00,"No block during peak hours 06:00-10:00,17:00-21:00",No
HWH-KGP,2026-06-30,23:00,02:00,"No block during peak hours 06:00-10:00,17:00-21:00",No
HWH-KGP,2026-07-01,23:00,02:00,Max 1 block per night,Yes
HWH-KGP,2026-07-02,23:00,02:00,Max 1 block per night,Yes
HWH-KGP,2026-07-03,23:00,02:00,"No block during peak hours 06:00-10:00,17:00-21:00",No
HWH-KGP,2026-07-04,23:00,03:00,Max 1 block per night,Yes
HWH-KGP,2026-07-05,23:00,03:00,Reduced window due to festival traffic,No
HWH-KGP,2026-07-06,23:00,02:00,Single line working only,No
HWH-KGP,2026-07-07,23:00,02:00,Reduced window due to festival traffic,No
HWH-KGP,2026-07-08,23:00,02:00,Max 1 block per night,Yes
HWH-KGP,2026-07-09,23:00,02:00,"No block during peak hours 06:00-10:00,17:00-21:00",Yes
HWH-KGP,2026-07-10,23:00,02:00,Max 1 block per night,Yes
HWH-KGP,2026-07-11,23:00,03:00,Max 1 block per night,No
HWH-KGP,2026-07-12,23:00,03:00,Single line working only,No
HWH-KGP,2026-07-13,23:00,02:00,Max 1 block per night,No
HWH-KGP,2026-07-14,23:00,02:00,"No block during peak hours 06:00-10:00,17:00-21:00",No
HWH-KGP,2026-07-15,23:00,02:00,Single line working only,No
HWH-KGP,2026-07-16,23:00,02:00,"No block during peak hours 06:00-10:00,17:00-21:00",No
HWH-KGP,2026-07-17,23:00,02:00,Max 1 block per night,Yes
HWH-KGP,2026-07-18,23:00,03:00,Single line working only,No
HWH-KGP,2026-07-19,23:00,03:00,Reduced window due to festival traffic,Yes
HWH-KGP,2026-07-20,23:00,02:00,Max 1 block per night,No
HWH-KGP,2026-07-21,23:00,02:00,"No block during peak hours 06:00-10:00,17:00-21:00",Yes
HWH-KGP,2026-07-22,23:00,02:00,"No block during peak hours 06:00-10:00,17:00-21:00",Yes
HWH-KGP,2026-07-23,23:00,02:00,Reduced window due to festival traffic,Yes
HWH-KGP,2026-07-24,23:00,02:00,Max 1 block per night,Yes
HWH-KGP,2026-07-25,23:00,03:00,"No block during peak hours 06:00-10:00,17:00-21:00",Yes
HWH-KGP,2026-07-26,23:00,03:00,Reduced window due to festival traffic,Yes
HWH-KGP,2026-07-27,23:00,02:00,"No block during peak hours 06:00-10:00,17:00-21:00",No
HWH-KGP,2026-07-28,23:00,02:00,No restriction,No
HWH-KGP,2026-07-29,23:00,02:00,"No block during peak hours 06:00-10:00,17:00-21:00",Yes
HWH-KGP,2026-07-30,23:00,02:00,"No block during peak hours 06:00-10:00,17:00-21:00",Yes
HWH-KGP,2026-07-31,23:00,02:00,"No block during peak hours 06:00-10:00,17:00-21:00",Yes
HWH-KGP,2026-08-01,23:00,03:00,Single line working only,No
HWH-KGP,2026-08-02,23:00,03:00,Max 1 block per night,Yes
HWH-KGP,2026-08-03,23:00,02:00,Max 1 block per night,Yes
HWH-KGP,2026-08-04,23:00,02:00,Single line working only,Yes
HWH-KGP,2026-08-05,23:00,02:00,Single line working only,Yes
HWH-KGP,2026-08-06,23:00,02:00,Max 1 block per night,Yes
HWH-KGP,2026-08-07,23:00,02:00,Single line working only,No
HWH-KGP,2026-08-08,23:00,03:00,"No block during peak hours 06:00-10:00,17:00-21:00",No
HWH-KGP,2026-08-09,23:00,03:00,Max 1 block per night,Yes
HWH-KGP,2026-08-10,23:00,02:00,Single line working only,No
HWH-KGP,2026-08-11,23:00,02:00,Block suspended - VIP movement,No
HWH-KGP,2026-08-12,23:00,02:00,Single line working only,Yes
HWH-KGP,2026-08-13,23:00,02:00,"No block during peak hours 06:00-10:00,17:00-21:00",No
HWH-KGP,2026-08-14,23:00,02:00,No restriction,Yes
HWH-KGP,2026-08-15,23:00,03:00,"No block during peak hours 06:00-10:00,17:00-21:00",Yes
HWH-KGP,2026-08-16,23:00,03:00,Max 1 block per night,No
HWH-KGP,2026-08-17,23:00,02:00,Single line working only,Yes
HWH-KGP,2026-08-18,23:00,02:00,Block suspended - VIP movement,Yes
HWH-KGP,2026-08-19,23:00,02:00,Single line working only,No
HWH-KGP,2026-08-20,23:00,02:00,Max 1 block per night,Yes
HWH-KGP,2026-08-21,23:00,02:00,Max 1 block per night,No
HWH-KGP,2026-08-22,23:00,03:00,No restriction,Yes
HWH-KGP,2026-08-23,23:00,03:00,"No block during peak hours 06:00-10:00,17:00-21:00",No
HWH-KGP,2026-08-24,23:00,02:00,"No block during peak hours 06:00-10:00,17:00-21:00",Yes
HWH-KGP,2026-08-25,23:00,02:00,Single line working only,No
HWH-KGP,2026-08-26,23:00,02:00,Max 1 block per night,Yes
HWH-KGP,2026-08-27,23:00,02:00,Max 1 block per night,Yes
HWH-KGP,2026-08-28,23:00,02:00,Max 1 block per night,Yes
HWH-KGP,2026-08-29,23:00,03:00,Max 1 block per night,Yes
HWH-KGP,2026-08-30,23:00,03:00,Reduced window due to festival traffic,No
HWH-KGP,2026-08-31,23:00,02:00,"No block during peak hours 06:00-10:00,17:00-21:00",Yes
HWH-KGP,2026-09-01,23:00,02:00,No restriction,Yes
HWH-KGP,2026-09-02,23:00,02:00,Single line working only,Yes
HWH-KGP,2026-09-03,23:00,02:00,"No block during peak hours 06:00-10:00,17:00-21:00",No
HWH-KGP,2026-09-04,23:00,02:00,Single line working only,Yes
HWH-KGP,2026-09-05,23:00,03:00,"No block during peak hours 06:00-10:00,17:00-21:00",Yes
HWH-KGP,2026-09-06,23:00,03:00,Max 1 block per night,Yes
HWH-KGP,2026-09-07,23:00,02:00,"No block during peak hours 06:00-10:00,17:00-21:00",No
HWH-KGP,2026-09-08,23:00,02:00,Single line working only,No
HWH-KGP,2026-09-09,23:00,02:00,Max 1 block per night,No
HWH-KGP,2026-09-10,23:00,02:00,"No block during peak hours 06:00-10:00,17:00-21:00",Yes
HWH-KGP,2026-09-11,23:00,02:00,Single line working only,No
HWH-KGP,2026-09-12,23:00,03:00,"No block during peak hours 06:00-10:00,17:00-21:00",Yes
HWH-KGP,2026-09-13,23:00,03:00,"No block during peak hours 06:00-10:00,17:00-21:00",No
HWH-KGP,2026-09-14,23:00,02:00,Block suspended - VIP movement,Yes
HWH-KGP,2026-09-15,23:00,02:00,"No block during peak hours 06:00-10:00,17:00-21:00",Yes
HWH-KGP,2026-09-16,23:00,02:00,Reduced window due to festival traffic,No
HWH-KGP,2026-09-17,23:00,02:00,"No block during peak hours 06:00-10:00,17:00-21:00",Yes
HWH-KGP,2026-09-18,23:00,02:00,Reduced window due to festival traffic,Yes
HWH-KGP,2026-09-19,23:00,03:00,Max 1 block per night,No
HWH-KGP,2026-09-20,23:00,03:00,Block suspended - VIP movement,No
HWH-KGP,2026-09-21,23:00,02:00,"No block during peak hours 06:00-10:00,17:00-21:00",No
HWH-KGP,2026-09-22,23:00,02:00,No restriction,Yes
HWH-KGP,2026-09-23,23:00,02:00,"No block during peak hours 06:00-10:00,17:00-21:00",Yes
HWH-KGP,2026-09-24,23:00,02:00,Reduced window due to festival traffic,No
HWH-KGP,2026-09-25,23:00,02:00,"No block during peak hours 06:00-10:00,17:00-21:00",No
HWH-KGP,2026-09-26,23:00,03:00,"No block during peak hours 06:00-10:00,17:00-21:00",No
HWH-KGP,2026-09-27,23:00,03:00,"No block during peak hours 06:00-10:00,17:00-21:00",No
HWH-KGP,2026-09-28,23:00,02:00,Max 1 block per night,Yes
HWH-KGP,2026-09-29,23:00,02:00,"No block during peak hours 06:00-10:00,17:00-21:00",No
HWH-KGP,2026-09-30,23:00,02:00,Max 1 block per night,No
HWH-KGP,2026-10-01,23:00,02:00,Single line working only,Yes
HWH-KGP,2026-10-02,23:00,02:00,Reduced window due to festival traffic,No
HWH-KGP,2026-10-03,23:00,03:00,Max 1 block per night,No
HWH-KGP,2026-10-04,23:00,03:00,Block suspended - VIP movement,Yes
HWH-KGP,2026-10-05,23:00,02:00,"No block during peak hours 06:00-10:00,17:00-21:00",No
HWH-KGP,2026-10-06,23:00,02:00,Max 1 block per night,Yes
HWH-KGP,2026-10-07,23:00,02:00,Max 1 block per night,Yes
HWH-KGP,2026-10-08,23:00,02:00,"No block during peak hours 06:00-10:00,17:00-21:00",No
HWH-KGP,2026-10-09,23:00,02:00,"No block during peak hours 06:00-10:00,17:00-21:00",No
HWH-KGP,2026-10-10,23:00,03:00,No restriction,Yes
HWH-KGP,2026-10-11,23:00,03:00,"No block during peak hours 06:00-10:00,17:00-21:00",Yes
HWH-KGP,2026-10-12,23:00,02:00,Max 1 block per night,No
HWH-KGP,2026-10-13,23:00,02:00,Max 1 block per night,No
HWH-KGP,2026-10-14,23:00,02:00,Single line working only,Yes
HWH-KGP,2026-10-15,23:00,02:00,No restriction,No
HWH-KGP,2026-10-16,23:00,02:00,Max 1 block per night,Yes
HWH-KGP,2026-10-17,23:00,03:00,"No block during peak hours 06:00-10:00,17:00-21:00",No
HWH-KGP,2026-10-18,23:00,03:00,"No block during peak hours 06:00-10:00,17:00-21:00",No
HWH-KGP,2026-10-19,23:00,02:00,"No block during peak hours 06:00-10:00,17:00-21:00",No
HWH-KGP,2026-10-20,23:00,02:00,Max 1 block per night,No
HWH-KGP,2026-10-21,23:00,02:00,"No block during peak hours 06:00-10:00,17:00-21:00",No
HWH-KGP,2026-10-22,23:00,02:00,"No block during peak hours 06:00-10:00,17:00-21:00",No
HWH-KGP,2026-10-23,23:00,02:00,Max 1 block per night,Yes
HWH-KGP,2026-10-24,23:00,03:00,"No block during peak hours 06:00-10:00,17:00-21:00",Yes
HWH-KGP,2026-10-25,23:00,03:00,Single line working only,Yes
HWH-KGP,2026-10-26,23:00,02:00,Max 1 block per night,Yes
HWH-KGP,2026-10-27,23:00,02:00,Single line working only,Yes
HWH-KGP,2026-10-28,23:00,02:00,"No block during peak hours 06:00-10:00,17:00-21:00",No
HWH-KGP,2026-10-29,23:00,02:00,Single line working only,Yes
HWH-KGP,2026-10-30,23:00,02:00,"No block during peak hours 06:00-10:00,17:00-21:00",No
HWH-KGP,2026-10-31,23:00,03:00,Max 1 block per night,Yes
HWH-KGP,2026-11-01,23:00,03:00,"No block during peak hours 06:00-10:00,17:00-21:00",No
HWH-KGP,2026-11-02,23:00,02:00,Max 1 block per night,No
HWH-KGP,2026-11-03,23:00,02:00,Max 1 block per night,Yes
HWH-KGP,2026-11-04,23:00,02:00,Block suspended - VIP movement,No
HWH-KGP,2026-11-05,23:00,02:00,No restriction,Yes
HWH-KGP,2026-11-06,23:00,02:00,Reduced window due to festival traffic,No
HWH-KGP,2026-11-07,23:00,03:00,Max 1 block per night,No
HWH-KGP,2026-11-08,23:00,03:00,"No block during peak hours 06:00-10:00,17:00-21:00",No
HWH-KGP,2026-11-09,23:00,02:00,Max 1 block per night,Yes
HWH-KGP,2026-11-10,23:00,02:00,Max 1 block per night,No
HWH-KGP,2026-11-11,23:00,02:00,Max 1 block per night,Yes
HWH-KGP,2026-11-12,23:00,02:00,"No block during peak hours 06:00-10:00,17:00-21:00",No
HWH-KGP,2026-11-13,23:00,02:00,"No block during peak hours 06:00-10:00,17:00-21:00",Yes
HWH-KGP,2026-11-14,23:00,03:00,Max 1 block per night,Yes
HWH-KGP,2026-11-15,23:00,03:00,"No block during peak hours 06:00-10:00,17:00-21:00",Yes
HWH-KGP,2026-11-16,23:00,02:00,Block suspended - VIP movement,Yes
HWH-KGP,2026-11-17,23:00,02:00,"No block during peak hours 06:00-10:00,17:00-21:00",Yes
HWH-KGP,2026-11-18,23:00,02:00,"No block during peak hours 06:00-10:00,17:00-21:00",No
HWH-KGP,2026-11-19,23:00,02:00,"No block during peak hours 06:00-10:00,17:00-21:00",Yes
HWH-KGP,2026-11-20,23:00,02:00,Max 1 block per night,No
HWH-KGP,2026-11-21,23:00,03:00,Single line working only,No
HWH-KGP,2026-11-22,23:00,03:00,Single line working only,Yes
HWH-KGP,2026-11-23,23:00,02:00,"No block during peak hours 06:00-10:00,17:00-21:00",Yes
HWH-KGP,2026-11-24,23:00,02:00,Max 1 block per night,Yes
HWH-KGP,2026-11-25,23:00,02:00,Reduced window due to festival traffic,No
HWH-KGP,2026-11-26,23:00,02:00,Max 1 block per night,Yes
HWH-KGP,2026-11-27,23:00,02:00,Single line working only,No
HWH-KGP,2026-11-28,23:00,03:00,Single line working only,No
HWH-KGP,2026-11-29,23:00,03:00,Max 1 block per night,Yes
HWH-KGP,2026-11-30,23:00,02:00,"No block during peak hours 06:00-10:00,17:00-21:00",Yes
HWH-KGP,2026-12-01,23:00,02:00,Single line working only,No
HWH-KGP,2026-12-02,23:00,02:00,"No block during peak hours 06:00-10:00,17:00-21:00",Yes
HWH-KGP,2026-12-03,23:00,02:00,Max 1 block per night,Yes
HWH-KGP,2026-12-04,23:00,02:00,"No block during peak hours 06:00-10:00,17:00-21:00",No
HWH-KGP,2026-12-05,23:00,03:00,Single line working only,Yes
HWH-KGP,2026-12-06,23:00,03:00,Reduced window due to festival traffic,Yes
HWH-KGP,2026-12-07,23:00,02:00,"No block during peak hours 06:00-10:00,17:00-21:00",No
HWH-KGP,2026-12-08,23:00,02:00,"No block during peak hours 06:00-10:00,17:00-21:00",No
HWH-KGP,2026-12-09,23:00,02:00,Reduced window due to festival traffic,No
HWH-KGP,2026-12-10,23:00,02:00,"No block during peak hours 06:00-10:00,17:00-21:00",Yes
HWH-KGP,2026-12-11,23:00,02:00,"No block during peak hours 06:00-10:00,17:00-21:00",No
HWH-KGP,2026-12-12,23:00,03:00,Max 1 block per night,Yes
HWH-KGP,2026-12-13,23:00,03:00,Single line working only,No
HWH-KGP,2026-12-14,23:00,02:00,Max 1 block per night,No
HWH-KGP,2026-12-15,23:00,02:00,Max 1 block per night,No
HWH-KGP,2026-12-16,23:00,02:00,"No block during peak hours 06:00-10:00,17:00-21:00",No
HWH-KGP,2026-12-17,23:00,02:00,Max 1 block per night,No
HWH-KGP,2026-12-18,23:00,02:00,"No block during peak hours 06:00-10:00,17:00-21:00",No
HWH-KGP,2026-12-19,23:00,03:00,"No block during peak hours 06:00-10:00,17:00-21:00",No
HWH-KGP,2026-12-20,23:00,03:00,"No block during peak hours 06:00-10:00,17:00-21:00",Yes
HWH-KGP,2026-12-21,23:00,02:00,Single line working only,Yes
HWH-KGP,2026-12-22,23:00,02:00,Single line working only,Yes
HWH-KGP,2026-12-23,23:00,02:00,Single line working only,Yes
HWH-KGP,2026-12-24,23:00,02:00,"No block during peak hours 06:00-10:00,17:00-21:00",Yes
HWH-KGP,2026-12-25,23:00,02:00,Reduced window due to festival traffic,Yes
HWH-KGP,2026-12-26,23:00,03:00,No restriction,No
HWH-KGP,2026-12-27,23:00,03:00,"No block during peak hours 06:00-10:00,17:00-21:00",Yes
HWH-KGP,2026-12-28,23:00,02:00,Max 1 block per night,Yes
HWH-KGP,2026-12-29,23:00,02:00,Max 1 block per night,No
HWH-KGP,2026-12-30,23:00,02:00,Reduced window due to festival traffic,Yes
HWH-KGP,2026-12-31,23:00,02:00,"No block during peak hours 06:00-10:00,17:00-21:00",No
KGP-VSKP,2026-01-01,23:00,03:00,Max 1 block per night,Yes
KGP-VSKP,2026-01-02,23:00,03:00,Block suspended - VIP movement,No
KGP-VSKP,2026-01-03,23:00,04:00,"No block during peak hours 06:00-10:00,17:00-21:00",No
KGP-VSKP,2026-01-04,23:00,04:00,Single line working only,No
KGP-VSKP,2026-01-05,23:00,03:00,"No block during peak hours 06:00-10:00,17:00-21:00",No
KGP-VSKP,2026-01-06,23:00,03:00,"No block during peak hours 06:00-10:00,17:00-21:00",No
KGP-VSKP,2026-01-07,23:00,03:00,Reduced window due to festival traffic,No
KGP-VSKP,2026-01-08,23:00,03:00,Single line working only,Yes
KGP-VSKP,2026-01-09,23:00,03:00,Max 1 block per night,No
KGP-VSKP,2026-01-10,23:00,04:00,No restriction,Yes
KGP-VSKP,2026-01-11,23:00,04:00,No restriction,Yes
KGP-VSKP,2026-01-12,23:00,03:00,"No block during peak hours 06:00-10:00,17:00-21:00",No
KGP-VSKP,2026-01-13,23:00,03:00,"No block during peak hours 06:00-10:00,17:00-21:00",No
KGP-VSKP,2026-01-14,23:00,03:00,"No block during peak hours 06:00-10:00,17:00-21:00",Yes
KGP-VSKP,2026-01-15,23:00,03:00,Block suspended - VIP movement,No
KGP-VSKP,2026-01-16,23:00,03:00,Block suspended - VIP movement,No
KGP-VSKP,2026-01-17,23:00,04:00,Reduced window due to festival traffic,No
KGP-VSKP,2026-01-18,23:00,04:00,"No block during peak hours 06:00-10:00,17:00-21:00",No
KGP-VSKP,2026-01-19,23:00,03:00,"No block during peak hours 06:00-10:00,17:00-21:00",Yes
KGP-VSKP,2026-01-20,23:00,03:00,"No block during peak hours 06:00-10:00,17:00-21:00",Yes
KGP-VSKP,2026-01-21,23:00,03:00,"No block during peak hours 06:00-10:00,17:00-21:00",No
KGP-VSKP,2026-01-22,23:00,03:00,"No block during peak hours 06:00-10:00,17:00-21:00",No
KGP-VSKP,2026-01-23,23:00,03:00,No restriction,No
KGP-VSKP,2026-01-24,23:00,04:00,Single line working only,No
KGP-VSKP,2026-01-25,23:00,04:00,Single line working only,No
KGP-VSKP,2026-01-26,23:00,03:00,"No block during peak hours 06:00-10:00,17:00-21:00",No
KGP-VSKP,2026-01-27,23:00,03:00,Max 1 block per night,No
KGP-VSKP,2026-01-28,23:00,03:00,"No block during peak hours 06:00-10:00,17:00-21:00",No
KGP-VSKP,2026-01-29,23:00,03:00,Single line working only,No
KGP-VSKP,2026-01-30,23:00,03:00,No restriction,No
KGP-VSKP,2026-01-31,23:00,04:00,"No block during peak hours 06:00-10:00,17:00-21:00",Yes
KGP-VSKP,2026-02-01,23:00,04:00,"No block during peak hours 06:00-10:00,17:00-21:00",No
KGP-VSKP,2026-02-02,23:00,03:00,Single line working only,No
KGP-VSKP,2026-02-03,23:00,03:00,No restriction,No
KGP-VSKP,2026-02-04,23:00,03:00,No restriction,No
KGP-VSKP,2026-02-05,23:00,03:00,"No block during peak hours 06:00-10:00,17:00-21:00",No
KGP-VSKP,2026-02-06,23:00,03:00,No restriction,No
KGP-VSKP,2026-02-07,23:00,04:00,Single line working only,No
KGP-VSKP,2026-02-08,23:00,04:00,"No block during peak hours 06:00-10:00,17:00-21:00",No
KGP-VSKP,2026-02-09,23:00,03:00,"No block during peak hours 06:00-10:00,17:00-21:00",Yes
KGP-VSKP,2026-02-10,23:00,03:00,Single line working only,Yes
KGP-VSKP,2026-02-11,23:00,03:00,Single line working only,Yes
KGP-VSKP,2026-02-12,23:00,03:00,Max 1 block per night,No
KGP-VSKP,2026-02-13,23:00,03:00,Single line working only,No
KGP-VSKP,2026-02-14,23:00,04:00,Max 1 block per night,Yes
KGP-VSKP,2026-02-15,23:00,04:00,"No block during peak hours 06:00-10:00,17:00-21:00",Yes
KGP-VSKP,2026-02-16,23:00,03:00,Block suspended - VIP movement,No
KGP-VSKP,2026-02-17,23:00,03:00,No restriction,Yes
KGP-VSKP,2026-02-18,23:00,03:00,"No block during peak hours 06:00-10:00,17:00-21:00",Yes
KGP-VSKP,2026-02-19,23:00,03:00,No restriction,No
KGP-VSKP,2026-02-20,23:00,03:00,"No block during peak hours 06:00-10:00,17:00-21:00",No
KGP-VSKP,2026-02-21,23:00,04:00,Max 1 block per night,No
KGP-VSKP,2026-02-22,23:00,04:00,Reduced window due to festival traffic,Yes
KGP-VSKP,2026-02-23,23:00,03:00,No restriction,Yes
KGP-VSKP,2026-02-24,23:00,03:00,No restriction,Yes
KGP-VSKP,2026-02-25,23:00,03:00,"No block during peak hours 06:00-10:00,17:00-21:00",No
KGP-VSKP,2026-02-26,23:00,03:00,No restriction,No
KGP-VSKP,2026-02-27,23:00,03:00,No restriction,Yes
KGP-VSKP,2026-02-28,23:00,04:00,No restriction,No
KGP-VSKP,2026-03-01,23:00,04:00,No restriction,No
KGP-VSKP,2026-03-02,23:00,03:00,No restriction,Yes
KGP-VSKP,2026-03-03,23:00,03:00,Single line working only,No
KGP-VSKP,2026-03-04,23:00,03:00,Single line working only,No
KGP-VSKP,2026-03-05,23:00,03:00,Single line working only,Yes
KGP-VSKP,2026-03-06,23:00,03:00,"No block during peak hours 06:00-10:00,17:00-21:00",No
KGP-VSKP,2026-03-07,23:00,04:00,"No block during peak hours 06:00-10:00,17:00-21:00",No
KGP-VSKP,2026-03-08,23:00,04:00,Single line working only,No
KGP-VSKP,2026-03-09,23:00,03:00,Max 1 block per night,Yes
KGP-VSKP,2026-03-10,23:00,03:00,"No block during peak hours 06:00-10:00,17:00-21:00",Yes
KGP-VSKP,2026-03-11,23:00,03:00,"No block during peak hours 06:00-10:00,17:00-21:00",No
KGP-VSKP,2026-03-12,23:00,03:00,Max 1 block per night,No
KGP-VSKP,2026-03-13,23:00,03:00,Single line working only,Yes
KGP-VSKP,2026-03-14,23:00,04:00,No restriction,Yes
KGP-VSKP,2026-03-15,23:00,04:00,Single line working only,No
KGP-VSKP,2026-03-16,23:00,03:00,No restriction,Yes
KGP-VSKP,2026-03-17,23:00,03:00,"No block during peak hours 06:00-10:00,17:00-21:00",No
KGP-VSKP,2026-03-18,23:00,03:00,"No block during peak hours 06:00-10:00,17:00-21:00",No
KGP-VSKP,2026-03-19,23:00,03:00,Max 1 block per night,Yes
KGP-VSKP,2026-03-20,23:00,03:00,Max 1 block per night,No
KGP-VSKP,2026-03-21,23:00,04:00,Single line working only,Yes
KGP-VSKP,2026-03-22,23:00,04:00,Single line working only,Yes
KGP-VSKP,2026-03-23,23:00,03:00,Max 1 block per night,Yes
KGP-VSKP,2026-03-24,23:00,03:00,Single line working only,No
KGP-VSKP,2026-03-25,23:00,03:00,Single line working only,Yes
KGP-VSKP,2026-03-26,23:00,03:00,No restriction,No
KGP-VSKP,2026-03-27,23:00,03:00,"No block during peak hours 06:00-10:00,17:00-21:00",Yes
KGP-VSKP,2026-03-28,23:00,04:00,Reduced window due to festival traffic,No
KGP-VSKP,2026-03-29,23:00,04:00,Reduced window due to festival traffic,No
KGP-VSKP,2026-03-30,23:00,03:00,"No block during peak hours 06:00-10:00,17:00-21:00",Yes
KGP-VSKP,2026-03-31,23:00,03:00,No restriction,No
KGP-VSKP,2026-04-01,23:00,03:00,No restriction,No
KGP-VSKP,2026-04-02,23:00,03:00,Reduced window due to festival traffic,Yes
KGP-VSKP,2026-04-03,23:00,03:00,"No block during peak hours 06:00-10:00,17:00-21:00",No
KGP-VSKP,2026-04-04,23:00,04:00,Max 1 block per night,No
KGP-VSKP,2026-04-05,23:00,04:00,Block suspended - VIP movement,No
KGP-VSKP,2026-04-06,23:00,03:00,Single line working only,Yes
KGP-VSKP,2026-04-07,23:00,03:00,No restriction,No
KGP-VSKP,2026-04-08,23:00,03:00,"No block during peak hours 06:00-10:00,17:00-21:00",No
KGP-VSKP,2026-04-09,23:00,03:00,"No block during peak hours 06:00-10:00,17:00-21:00",Yes
KGP-VSKP,2026-04-10,23:00,03:00,"No block during peak hours 06:00-10:00,17:00-21:00",Yes
KGP-VSKP,2026-04-11,23:00,04:00,Single line working only,No
KGP-VSKP,2026-04-12,23:00,04:00,No restriction,No
KGP-VSKP,2026-04-13,23:00,03:00,Single line working only,No
KGP-VSKP,2026-04-14,23:00,03:00,No restriction,Yes
KGP-VSKP,2026-04-15,23:00,03:00,"No block during peak hours 06:00-10:00,17:00-21:00",No
KGP-VSKP,2026-04-16,23:00,03:00,Max 1 block per night,Yes
KGP-VSKP,2026-04-17,23:00,03:00,No restriction,Yes
KGP-VSKP,2026-04-18,23:00,04:00,No restriction,No
KGP-VSKP,2026-04-19,23:00,04:00,"No block during peak hours 06:00-10:00,17:00-21:00",No
KGP-VSKP,2026-04-20,23:00,03:00,"No block during peak hours 06:00-10:00,17:00-21:00",No
KGP-VSKP,2026-04-21,23:00,03:00,"No block during peak hours 06:00-10:00,17:00-21:00",Yes
KGP-VSKP,2026-04-22,23:00,03:00,"No block during peak hours 06:00-10:00,17:00-21:00",Yes
KGP-VSKP,2026-04-23,23:00,03:00,No restriction,No
KGP-VSKP,2026-04-24,23:00,03:00,Max 1 block per night,No
KGP-VSKP,2026-04-25,23:00,04:00,Max 1 block per night,Yes
KGP-VSKP,2026-04-26,23:00,04:00,Reduced window due to festival traffic,No
KGP-VSKP,2026-04-27,23:00,03:00,No restriction,Yes
KGP-VSKP,2026-04-28,23:00,03:00,"No block during peak hours 06:00-10:00,17:00-21:00",No
KGP-VSKP,2026-04-29,23:00,03:00,No restriction,Yes
KGP-VSKP,2026-04-30,23:00,03:00,Reduced window due to festival traffic,No
KGP-VSKP,2026-05-01,23:00,03:00,"No block during peak hours 06:00-10:00,17:00-21:00",Yes
KGP-VSKP,2026-05-02,23:00,04:00,Block suspended - VIP movement,No
KGP-VSKP,2026-05-03,23:00,04:00,"No block during peak hours 06:00-10:00,17:00-21:00",Yes
KGP-VSKP,2026-05-04,23:00,03:00,No restriction,Yes
KGP-VSKP,2026-05-05,23:00,03:00,"No block during peak hours 06:00-10:00,17:00-21:00",Yes
KGP-VSKP,2026-05-06,23:00,03:00,No restriction,No
KGP-VSKP,2026-05-07,23:00,03:00,No restriction,No
KGP-VSKP,2026-05-08,23:00,03:00,"No block during peak hours 06:00-10:00,17:00-21:00",No
KGP-VSKP,2026-05-09,23:00,04:00,Single line working only,Yes
KGP-VSKP,2026-05-10,23:00,04:00,"No block during peak hours 06:00-10:00,17:00-21:00",No
KGP-VSKP,2026-05-11,23:00,03:00,"No block during peak hours 06:00-10:00,17:00-21:00",No
KGP-VSKP,2026-05-12,23:00,03:00,Single line working only,Yes
KGP-VSKP,2026-05-13,23:00,03:00,Single line working only,Yes
KGP-VSKP,2026-05-14,23:00,03:00,Single line working only,No
KGP-VSKP,2026-05-15,23:00,03:00,"No block during peak hours 06:00-10:00,17:00-21:00",Yes
KGP-VSKP,2026-05-16,23:00,04:00,Max 1 block per night,Yes
KGP-VSKP,2026-05-17,23:00,04:00,"No block during peak hours 06:00-10:00,17:00-21:00",No
KGP-VSKP,2026-05-18,23:00,03:00,Max 1 block per night,No
KGP-VSKP,2026-05-19,23:00,03:00,No restriction,Yes
KGP-VSKP,2026-05-20,23:00,03:00,No restriction,Yes
KGP-VSKP,2026-05-21,23:00,03:00,"No block during peak hours 06:00-10:00,17:00-21:00",Yes
KGP-VSKP,2026-05-22,23:00,03:00,No restriction,No
KGP-VSKP,2026-05-23,23:00,04:00,Max 1 block per night,Yes
KGP-VSKP,2026-05-24,23:00,04:00,Reduced window due to festival traffic,No
KGP-VSKP,2026-05-25,23:00,03:00,Max 1 block per night,No
KGP-VSKP,2026-05-26,23:00,03:00,No restriction,Yes
KGP-VSKP,2026-05-27,23:00,03:00,Max 1 block per night,No
KGP-VSKP,2026-05-28,23:00,03:00,Max 1 block per night,No
KGP-VSKP,2026-05-29,23:00,03:00,"No block during peak hours 06:00-10:00,17:00-21:00",No
KGP-VSKP,2026-05-30,23:00,04:00,"No block during peak hours 06:00-10:00,17:00-21:00",Yes
KGP-VSKP,2026-05-31,23:00,04:00,"No block during peak hours 06:00-10:00,17:00-21:00",Yes
KGP-VSKP,2026-06-01,23:00,03:00,"No block during peak hours 06:00-10:00,17:00-21:00",No
KGP-VSKP,2026-06-02,23:00,03:00,No restriction,No
KGP-VSKP,2026-06-03,23:00,03:00,Single line working only,Yes
KGP-VSKP,2026-06-04,23:00,03:00,Single line working only,No
KGP-VSKP,2026-06-05,23:00,03:00,Single line working only,Yes
KGP-VSKP,2026-06-06,23:00,04:00,Reduced window due to festival traffic,No
KGP-VSKP,2026-06-07,23:00,04:00,Max 1 block per night,Yes
KGP-VSKP,2026-06-08,23:00,03:00,Single line working only,No
KGP-VSKP,2026-06-09,23:00,03:00,No restriction,No
KGP-VSKP,2026-06-10,23:00,03:00,Max 1 block per night,No
KGP-VSKP,2026-06-11,23:00,03:00,"No block during peak hours 06:00-10:00,17:00-21:00",No
KGP-VSKP,2026-06-12,23:00,03:00,Single line working only,Yes
KGP-VSKP,2026-06-13,23:00,04:00,No restriction,No
KGP-VSKP,2026-06-14,23:00,04:00,Reduced window due to festival traffic,No
KGP-VSKP,2026-06-15,23:00,03:00,"No block during peak hours 06:00-10:00,17:00-21:00",Yes
KGP-VSKP,2026-06-16,23:00,03:00,Max 1 block per night,No
KGP-VSKP,2026-06-17,23:00,03:00,Single line working only,No
KGP-VSKP,2026-06-18,23:00,03:00,"No block during peak hours 06:00-10:00,17:00-21:00",No
KGP-VSKP,2026-06-19,23:00,03:00,No restriction,No
KGP-VSKP,2026-06-20,23:00,04:00,Max 1 block per night,No
KGP-VSKP,2026-06-21,23:00,04:00,No restriction,No
KGP-VSKP,2026-06-22,23:00,03:00,Block suspended - VIP movement,No
KGP-VSKP,2026-06-23,23:00,03:00,Single line working only,No
KGP-VSKP,2026-06-24,23:00,03:00,No restriction,No
KGP-VSKP,2026-06-25,23:00,03:00,"No block during peak hours 06:00-10:00,17:00-21:00",No
KGP-VSKP,2026-06-26,23:00,03:00,Max 1 block per night,No
KGP-VSKP,2026-06-27,23:00,04:00,Max 1 block per night,No
KGP-VSKP,2026-06-28,23:00,04:00,Single line working only,Yes
KGP-VSKP,2026-06-29,23:00,03:00,"No block during peak hours 06:00-10:00,17:00-21:00",No
KGP-VSKP,2026-06-30,23:00,03:00,Single line working only,Yes
KGP-VSKP,2026-07-01,23:00,03:00,Max 1 block per night,No
KGP-VSKP,2026-07-02,23:00,03:00,"No block during peak hours 06:00-10:00,17:00-21:00",No
KGP-VSKP,2026-07-03,23:00,03:00,Max 1 block per night,No
KGP-VSKP,2026-07-04,23:00,04:00,Max 1 block per night,Yes
KGP-VSKP,2026-07-05,23:00,04:00,Single line working only,Yes
KGP-VSKP,2026-07-06,23:00,03:00,Max 1 block per night,Yes
KGP-VSKP,2026-07-07,23:00,03:00,"No block during peak hours 06:00-10:00,17:00-21:00",Yes
KGP-VSKP,2026-07-08,23:00,03:00,Block suspended - VIP movement,No
KGP-VSKP,2026-07-09,23:00,03:00,"No block during peak hours 06:00-10:00,17:00-21:00",No
KGP-VSKP,2026-07-10,23:00,03:00,Block suspended - VIP movement,No
KGP-VSKP,2026-07-11,23:00,04:00,Max 1 block per night,No
KGP-VSKP,2026-07-12,23:00,04:00,Max 1 block per night,No
KGP-VSKP,2026-07-13,23:00,03:00,"No block during peak hours 06:00-10:00,17:00-21:00",Yes
KGP-VSKP,2026-07-14,23:00,03:00,Max 1 block per night,No
KGP-VSKP,2026-07-15,23:00,03:00,"No block during peak hours 06:00-10:00,17:00-21:00",No
KGP-VSKP,2026-07-16,23:00,03:00,Max 1 block per night,No
KGP-VSKP,2026-07-17,23:00,03:00,"No block during peak hours 06:00-10:00,17:00-21:00",No
KGP-VSKP,2026-07-18,23:00,04:00,No restriction,No
KGP-VSKP,2026-07-19,23:00,04:00,Single line working only,Yes
KGP-VSKP,2026-07-20,23:00,03:00,"No block during peak hours 06:00-10:00,17:00-21:00",No
KGP-VSKP,2026-07-21,23:00,03:00,Single line working only,No
KGP-VSKP,2026-07-22,23:00,03:00,Max 1 block per night,No
KGP-VSKP,2026-07-23,23:00,03:00,Single line working only,No
KGP-VSKP,2026-07-24,23:00,03:00,No restriction,Yes
KGP-VSKP,2026-07-25,23:00,04:00,"No block during peak hours 06:00-10:00,17:00-21:00",Yes
KGP-VSKP,2026-07-26,23:00,04:00,Single line working only,No
KGP-VSKP,2026-07-27,23:00,03:00,"No block during peak hours 06:00-10:00,17:00-21:00",Yes
KGP-VSKP,2026-07-28,23:00,03:00,"No block during peak hours 06:00-10:00,17:00-21:00",Yes
KGP-VSKP,2026-07-29,23:00,03:00,Reduced window due to festival traffic,No
KGP-VSKP,2026-07-30,23:00,03:00,Reduced window due to festival traffic,Yes
KGP-VSKP,2026-07-31,23:00,03:00,No restriction,No
KGP-VSKP,2026-08-01,23:00,04:00,"No block during peak hours 06:00-10:00,17:00-21:00",Yes
KGP-VSKP,2026-08-02,23:00,04:00,Max 1 block per night,Yes
KGP-VSKP,2026-08-03,23:00,03:00,Max 1 block per night,Yes
KGP-VSKP,2026-08-04,23:00,03:00,Single line working only,Yes
KGP-VSKP,2026-08-05,23:00,03:00,Max 1 block per night,Yes
KGP-VSKP,2026-08-06,23:00,03:00,Max 1 block per night,No
KGP-VSKP,2026-08-07,23:00,03:00,Max 1 block per night,No
KGP-VSKP,2026-08-08,23:00,04:00,"No block during peak hours 06:00-10:00,17:00-21:00",No
KGP-VSKP,2026-08-09,23:00,04:00,Single line working only,Yes
KGP-VSKP,2026-08-10,23:00,03:00,Single line working only,No
KGP-VSKP,2026-08-11,23:00,03:00,Single line working only,No
KGP-VSKP,2026-08-12,23:00,03:00,No restriction,No
KGP-VSKP,2026-08-13,23:00,03:00,Max 1 block per night,No
KGP-VSKP,2026-08-14,23:00,03:00,"No block during peak hours 06:00-10:00,17:00-21:00",No
KGP-VSKP,2026-08-15,23:00,04:00,Max 1 block per night,No
KGP-VSKP,2026-08-16,23:00,04:00,No restriction,No
KGP-VSKP,2026-08-17,23:00,03:00,Single line working only,No
KGP-VSKP,2026-08-18,23:00,03:00,Max 1 block per night,Yes
KGP-VSKP,2026-08-19,23:00,03:00,"No block during peak hours 06:00-10:00,17:00-21:00",No
KGP-VSKP,2026-08-20,23:00,03:00,"No block during peak hours 06:00-10:00,17:00-21:00",No
KGP-VSKP,2026-08-21,23:00,03:00,No restriction,Yes
KGP-VSKP,2026-08-22,23:00,04:00,"No block during peak hours 06:00-10:00,17:00-21:00",Yes
KGP-VSKP,2026-08-23,23:00,04:00,No restriction,No
KGP-VSKP,2026-08-24,23:00,03:00,Max 1 block per night,No
KGP-VSKP,2026-08-25,23:00,03:00,Reduced window due to festival traffic,No
KGP-VSKP,2026-08-26,23:00,03:00,Single line working only,Yes
KGP-VSKP,2026-08-27,23:00,03:00,No restriction,No
KGP-VSKP,2026-08-28,23:00,03:00,Max 1 block per night,No
KGP-VSKP,2026-08-29,23:00,04:00,Max 1 block per night,No
KGP-VSKP,2026-08-30,23:00,04:00,Max 1 block per night,Yes
KGP-VSKP,2026-08-31,23:00,03:00,Single line working only,No
KGP-VSKP,2026-09-01,23:00,03:00,"No block during peak hours 06:00-10:00,17:00-21:00",No
KGP-VSKP,2026-09-02,23:00,03:00,"No block during peak hours 06:00-10:00,17:00-21:00",No
KGP-VSKP,2026-09-03,23:00,03:00,Single line working only,No
KGP-VSKP,2026-09-04,23:00,03:00,No restriction,No
KGP-VSKP,2026-09-05,23:00,04:00,"No block during peak hours 06:00-10:00,17:00-21:00",No
KGP-VSKP,2026-09-06,23:00,04:00,"No block during peak hours 06:00-10:00,17:00-21:00",No
KGP-VSKP,2026-09-07,23:00,03:00,Single line working only,No
KGP-VSKP,2026-09-08,23:00,03:00,Max 1 block per night,No
KGP-VSKP,2026-09-09,23:00,03:00,Max 1 block per night,No
KGP-VSKP,2026-09-10,23:00,03:00,"No block during peak hours 06:00-10:00,17:00-21:00",Yes
KGP-VSKP,2026-09-11,23:00,03:00,Single line working only,No
KGP-VSKP,2026-09-12,23:00,04:00,Max 1 block per night,Yes
KGP-VSKP,2026-09-13,23:00,04:00,Max 1 block per night,No
KGP-VSKP,2026-09-14,23:00,03:00,No restriction,Yes
KGP-VSKP,2026-09-15,23:00,03:00,Single line working only,No
KGP-VSKP,2026-09-16,23:00,03:00,"No block during peak hours 06:00-10:00,17:00-21:00",No
KGP-VSKP,2026-09-17,23:00,03:00,"No block during peak hours 06:00-10:00,17:00-21:00",Yes
KGP-VSKP,2026-09-18,23:00,03:00,"No block during peak hours 06:00-10:00,17:00-21:00",Yes
KGP-VSKP,2026-09-19,23:00,04:00,"No block during peak hours 06:00-10:00,17:00-21:00",No
KGP-VSKP,2026-09-20,23:00,04:00,No restriction,Yes
KGP-VSKP,2026-09-21,23:00,03:00,"No block during peak hours 06:00-10:00,17:00-21:00",No
KGP-VSKP,2026-09-22,23:00,03:00,Single line working only,Yes
KGP-VSKP,2026-09-23,23:00,03:00,No restriction,No
KGP-VSKP,2026-09-24,23:00,03:00,Single line working only,No
KGP-VSKP,2026-09-25,23:00,03:00,Max 1 block per night,No
KGP-VSKP,2026-09-26,23:00,04:00,Single line working only,No
KGP-VSKP,2026-09-27,23:00,04:00,"No block during peak hours 06:00-10:00,17:00-21:00",No
KGP-VSKP,2026-09-28,23:00,03:00,Single line working only,Yes
KGP-VSKP,2026-09-29,23:00,03:00,Single line working only,Yes
KGP-VSKP,2026-09-30,23:00,03:00,No restriction,No
KGP-VSKP,2026-10-01,23:00,03:00,"No block during peak hours 06:00-10:00,17:00-21:00",Yes
KGP-VSKP,2026-10-02,23:00,03:00,Block suspended - VIP movement,No
KGP-VSKP,2026-10-03,23:00,04:00,Single line working only,No
KGP-VSKP,2026-10-04,23:00,04:00,"No block during peak hours 06:00-10:00,17:00-21:00",Yes
KGP-VSKP,2026-10-05,23:00,03:00,"No block during peak hours 06:00-10:00,17:00-21:00",Yes
KGP-VSKP,2026-10-06,23:00,03:00,Max 1 block per night,Yes
KGP-VSKP,2026-10-07,23:00,03:00,Max 1 block per night,Yes
KGP-VSKP,2026-10-08,23:00,03:00,Single line working only,No
KGP-VSKP,2026-10-09,23:00,03:00,No restriction,No
KGP-VSKP,2026-10-10,23:00,04:00,Max 1 block per night,No
KGP-VSKP,2026-10-11,23:00,04:00,"No block during peak hours 06:00-10:00,17:00-21:00",Yes
KGP-VSKP,2026-10-12,23:00,03:00,No restriction,No
KGP-VSKP,2026-10-13,23:00,03:00,Reduced window due to festival traffic,No
KGP-VSKP,2026-10-14,23:00,03:00,No restriction,No
KGP-VSKP,2026-10-15,23:00,03:00,No restriction,No
KGP-VSKP,2026-10-16,23:00,03:00,Single line working only,No
KGP-VSKP,2026-10-17,23:00,04:00,"No block during peak hours 06:00-10:00,17:00-21:00",No
KGP-VSKP,2026-10-18,23:00,04:00,"No block during peak hours 06:00-10:00,17:00-21:00",Yes
KGP-VSKP,2026-10-19,23:00,03:00,"No block during peak hours 06:00-10:00,17:00-21:00",No
KGP-VSKP,2026-10-20,23:00,03:00,Max 1 block per night,No
KGP-VSKP,2026-10-21,23:00,03:00,Block suspended - VIP movement,No
KGP-VSKP,2026-10-22,23:00,03:00,Max 1 block per night,Yes
KGP-VSKP,2026-10-23,23:00,03:00,No restriction,No
KGP-VSKP,2026-10-24,23:00,04:00,Block suspended - VIP movement,Yes
KGP-VSKP,2026-10-25,23:00,04:00,"No block during peak hours 06:00-10:00,17:00-21:00",Yes
KGP-VSKP,2026-10-26,23:00,03:00,Single line working only,Yes
KGP-VSKP,2026-10-27,23:00,03:00,Single line working only,No
KGP-VSKP,2026-10-28,23:00,03:00,No restriction,No
KGP-VSKP,2026-10-29,23:00,03:00,"No block during peak hours 06:00-10:00,17:00-21:00",Yes
KGP-VSKP,2026-10-30,23:00,03:00,Block suspended - VIP movement,Yes
KGP-VSKP,2026-10-31,23:00,04:00,Single line working only,No
KGP-VSKP,2026-11-01,23:00,04:00,"No block during peak hours 06:00-10:00,17:00-21:00",No
KGP-VSKP,2026-11-02,23:00,03:00,Single line working only,Yes
KGP-VSKP,2026-11-03,23:00,03:00,"No block during peak hours 06:00-10:00,17:00-21:00",No
KGP-VSKP,2026-11-04,23:00,03:00,Block suspended - VIP movement,Yes
KGP-VSKP,2026-11-05,23:00,03:00,Single line working only,Yes
KGP-VSKP,2026-11-06,23:00,03:00,Reduced window due to festival traffic,Yes
KGP-VSKP,2026-11-07,23:00,04:00,"No block during peak hours 06:00-10:00,17:00-21:00",Yes
KGP-VSKP,2026-11-08,23:00,04:00,No restriction,No
KGP-VSKP,2026-11-09,23:00,03:00,No restriction,No
KGP-VSKP,2026-11-10,23:00,03:00,"No block during peak hours 06:00-10:00,17:00-21:00",Yes
KGP-VSKP,2026-11-11,23:00,03:00,"No block during peak hours 06:00-10:00,17:00-21:00",No
KGP-VSKP,2026-11-12,23:00,03:00,Max 1 block per night,No
KGP-VSKP,2026-11-13,23:00,03:00,Reduced window due to festival traffic,No
KGP-VSKP,2026-11-14,23:00,04:00,"No block during peak hours 06:00-10:00,17:00-21:00",No
KGP-VSKP,2026-11-15,23:00,04:00,Reduced window due to festival traffic,No
KGP-VSKP,2026-11-16,23:00,03:00,Max 1 block per night,Yes
KGP-VSKP,2026-11-17,23:00,03:00,Single line working only,No
KGP-VSKP,2026-11-18,23:00,03:00,"No block during peak hours 06:00-10:00,17:00-21:00",Yes
KGP-VSKP,2026-11-19,23:00,03:00,No restriction,Yes
KGP-VSKP,2026-11-20,23:00,03:00,Max 1 block per night,No
KGP-VSKP,2026-11-21,23:00,04:00,Single line working only,No
KGP-VSKP,2026-11-22,23:00,04:00,Max 1 block per night,Yes
KGP-VSKP,2026-11-23,23:00,03:00,No restriction,No
KGP-VSKP,2026-11-24,23:00,03:00,Block suspended - VIP movement,No
KGP-VSKP,2026-11-25,23:00,03:00,No restriction,Yes
KGP-VSKP,2026-11-26,23:00,03:00,Max 1 block per night,Yes
KGP-VSKP,2026-11-27,23:00,03:00,"No block during peak hours 06:00-10:00,17:00-21:00",No
KGP-VSKP,2026-11-28,23:00,04:00,Block suspended - VIP movement,No
KGP-VSKP,2026-11-29,23:00,04:00,Max 1 block per night,No
KGP-VSKP,2026-11-30,23:00,03:00,Single line working only,No
KGP-VSKP,2026-12-01,23:00,03:00,No restriction,No
KGP-VSKP,2026-12-02,23:00,03:00,"No block during peak hours 06:00-10:00,17:00-21:00",No
KGP-VSKP,2026-12-03,23:00,03:00,Reduced window due to festival traffic,Yes
KGP-VSKP,2026-12-04,23:00,03:00,No restriction,No
KGP-VSKP,2026-12-05,23:00,04:00,"No block during peak hours 06:00-10:00,17:00-21:00",Yes
KGP-VSKP,2026-12-06,23:00,04:00,"No block during peak hours 06:00-10:00,17:00-21:00",Yes
KGP-VSKP,2026-12-07,23:00,03:00,Max 1 block per night,Yes
KGP-VSKP,2026-12-08,23:00,03:00,"No block during peak hours 06:00-10:00,17:00-21:00",Yes
KGP-VSKP,2026-12-09,23:00,03:00,No restriction,No
KGP-VSKP,2026-12-10,23:00,03:00,Max 1 block per night,Yes
KGP-VSKP,2026-12-11,23:00,03:00,Single line working only,Yes
KGP-VSKP,2026-12-12,23:00,04:00,Single line working only,Yes
KGP-VSKP,2026-12-13,23:00,04:00,No restriction,Yes
KGP-VSKP,2026-12-14,23:00,03:00,Single line working only,No
KGP-VSKP,2026-12-15,23:00,03:00,Single line working only,Yes
KGP-VSKP,2026-12-16,23:00,03:00,"No block during peak hours 06:00-10:00,17:00-21:00",No
KGP-VSKP,2026-12-17,23:00,03:00,Single line working only,Yes
KGP-VSKP,2026-12-18,23:00,03:00,Reduced window due to festival traffic,No
KGP-VSKP,2026-12-19,23:00,04:00,"No block during peak hours 06:00-10:00,17:00-21:00",Yes
KGP-VSKP,2026-12-20,23:00,04:00,Single line working only,No
KGP-VSKP,2026-12-21,23:00,03:00,No restriction,Yes
KGP-VSKP,2026-12-22,23:00,03:00,"No block during peak hours 06:00-10:00,17:00-21:00",Yes
KGP-VSKP,2026-12-23,23:00,03:00,Single line working only,Yes
KGP-VSKP,2026-12-24,23:00,03:00,Max 1 block per night,Yes
KGP-VSKP,2026-12-25,23:00,03:00,"No block during peak hours 06:00-10:00,17:00-21:00",No
KGP-VSKP,2026-12-26,23:00,04:00,"No block during peak hours 06:00-10:00,17:00-21:00",No
KGP-VSKP,2026-12-27,23:00,04:00,Reduced window due to festival traffic,No
KGP-VSKP,2026-12-28,23:00,03:00,Max 1 block per night,Yes
KGP-VSKP,2026-12-29,23:00,03:00,Reduced window due to festival traffic,No
KGP-VSKP,2026-12-30,23:00,03:00,Reduced window due to festival traffic,No
KGP-VSKP,2026-12-31,23:00,03:00,"No block during peak hours 06:00-10:00,17:00-21:00",No
VSKP-BZA,2026-01-01,23:00,03:00,No restriction,No
VSKP-BZA,2026-01-02,23:00,03:00,Max 1 block per night,No
VSKP-BZA,2026-01-03,23:00,04:00,Max 1 block per night,No
VSKP-BZA,2026-01-04,23:00,04:00,Max 1 block per night,No
VSKP-BZA,2026-01-05,23:00,03:00,Block suspended - VIP movement,Yes
VSKP-BZA,2026-01-06,23:00,03:00,Single line working only,No
VSKP-BZA,2026-01-07,23:00,03:00,"No block during peak hours 06:00-10:00,17:00-21:00",Yes
VSKP-BZA,2026-01-08,23:00,03:00,"No block during peak hours 06:00-10:00,17:00-21:00",No
VSKP-BZA,2026-01-09,23:00,03:00,Single line working only,No
VSKP-BZA,2026-01-10,23:00,04:00,Max 1 block per night,Yes
VSKP-BZA,2026-01-11,23:00,04:00,Max 1 block per night,Yes
VSKP-BZA,2026-01-12,23:00,03:00,"No block during peak hours 06:00-10:00,17:00-21:00",Yes
VSKP-BZA,2026-01-13,23:00,03:00,Max 1 block per night,No
VSKP-BZA,2026-01-14,23:00,03:00,Reduced window due to festival traffic,No
VSKP-BZA,2026-01-15,23:00,03:00,Single line working only,No
VSKP-BZA,2026-01-16,23:00,03:00,Single line working only,Yes
VSKP-BZA,2026-01-17,23:00,04:00,Single line working only,No
VSKP-BZA,2026-01-18,23:00,04:00,Reduced window due to festival traffic,No
VSKP-BZA,2026-01-19,23:00,03:00,Max 1 block per night,No
VSKP-BZA,2026-01-20,23:00,03:00,Max 1 block per night,No
VSKP-BZA,2026-01-21,23:00,03:00,"No block during peak hours 06:00-10:00,17:00-21:00",No
VSKP-BZA,2026-01-22,23:00,03:00,Single line working only,No
VSKP-BZA,2026-01-23,23:00,03:00,No restriction,Yes
VSKP-BZA,2026-01-24,23:00,04:00,"No block during peak hours 06:00-10:00,17:00-21:00",Yes
VSKP-BZA,2026-01-25,23:00,04:00,Max 1 block per night,No
VSKP-BZA,2026-01-26,23:00,03:00,No restriction,Yes
VSKP-BZA,2026-01-27,23:00,03:00,Max 1 block per night,No
VSKP-BZA,2026-01-28,23:00,03:00,Max 1 block per night,No
VSKP-BZA,2026-01-29,23:00,03:00,"No block during peak hours 06:00-10:00,17:00-21:00",No
VSKP-BZA,2026-01-30,23:00,03:00,Single line working only,Yes
VSKP-BZA,2026-01-31,23:00,04:00,No restriction,Yes
VSKP-BZA,2026-02-01,23:00,04:00,"No block during peak hours 06:00-10:00,17:00-21:00",No
VSKP-BZA,2026-02-02,23:00,03:00,"No block during peak hours 06:00-10:00,17:00-21:00",No
VSKP-BZA,2026-02-03,23:00,03:00,"No block during peak hours 06:00-10:00,17:00-21:00",Yes
VSKP-BZA,2026-02-04,23:00,03:00,Single line working only,Yes
VSKP-BZA,2026-02-05,23:00,03:00,Max 1 block per night,No
VSKP-BZA,2026-02-06,23:00,03:00,"No block during peak hours 06:00-10:00,17:00-21:00",No
VSKP-BZA,2026-02-07,23:00,04:00,Max 1 block per night,No
VSKP-BZA,2026-02-08,23:00,04:00,Max 1 block per night,No
VSKP-BZA,2026-02-09,23:00,03:00,"No block during peak hours 06:00-10:00,17:00-21:00",Yes
VSKP-BZA,2026-02-10,23:00,03:00,"No block during peak hours 06:00-10:00,17:00-21:00",Yes
VSKP-BZA,2026-02-11,23:00,03:00,Max 1 block per night,No
VSKP-BZA,2026-02-12,23:00,03:00,Block suspended - VIP movement,No
VSKP-BZA,2026-02-13,23:00,03:00,Single line working only,No
VSKP-BZA,2026-02-14,23:00,04:00,"No block during peak hours 06:00-10:00,17:00-21:00",Yes
VSKP-BZA,2026-02-15,23:00,04:00,Single line working only,Yes
VSKP-BZA,2026-02-16,23:00,03:00,Max 1 block per night,Yes
VSKP-BZA,2026-02-17,23:00,03:00,"No block during peak hours 06:00-10:00,17:00-21:00",Yes
VSKP-BZA,2026-02-18,23:00,03:00,No restriction,No
VSKP-BZA,2026-02-19,23:00,03:00,Max 1 block per night,No
VSKP-BZA,2026-02-20,23:00,03:00,Single line working only,Yes
VSKP-BZA,2026-02-21,23:00,04:00,No restriction,Yes
VSKP-BZA,2026-02-22,23:00,04:00,"No block during peak hours 06:00-10:00,17:00-21:00",No
VSKP-BZA,2026-02-23,23:00,03:00,Max 1 block per night,No
VSKP-BZA,2026-02-24,23:00,03:00,Reduced window due to festival traffic,Yes
VSKP-BZA,2026-02-25,23:00,03:00,Block suspended - VIP movement,Yes
VSKP-BZA,2026-02-26,23:00,03:00,Block suspended - VIP movement,Yes
VSKP-BZA,2026-02-27,23:00,03:00,Single line working only,Yes
VSKP-BZA,2026-02-28,23:00,04:00,Max 1 block per night,No
VSKP-BZA,2026-03-01,23:00,04:00,No restriction,Yes
VSKP-BZA,2026-03-02,23:00,03:00,No restriction,Yes
VSKP-BZA,2026-03-03,23:00,03:00,Single line working only,Yes
VSKP-BZA,2026-03-04,23:00,03:00,"No block during peak hours 06:00-10:00,17:00-21:00",No
VSKP-BZA,2026-03-05,23:00,03:00,No restriction,No
VSKP-BZA,2026-03-06,23:00,03:00,Reduced window due to festival traffic,Yes
VSKP-BZA,2026-03-07,23:00,04:00,"No block during peak hours 06:00-10:00,17:00-21:00",No
VSKP-BZA,2026-03-08,23:00,04:00,No restriction,No
VSKP-BZA,2026-03-09,23:00,03:00,Single line working only,No
VSKP-BZA,2026-03-10,23:00,03:00,Single line working only,No
VSKP-BZA,2026-03-11,23:00,03:00,"No block during peak hours 06:00-10:00,17:00-21:00",No
VSKP-BZA,2026-03-12,23:00,03:00,Max 1 block per night,No
VSKP-BZA,2026-03-13,23:00,03:00,"No block during peak hours 06:00-10:00,17:00-21:00",No
VSKP-BZA,2026-03-14,23:00,04:00,Max 1 block per night,No
VSKP-BZA,2026-03-15,23:00,04:00,"No block during peak hours 06:00-10:00,17:00-21:00",No
VSKP-BZA,2026-03-16,23:00,03:00,No restriction,No
VSKP-BZA,2026-03-17,23:00,03:00,No restriction,Yes
VSKP-BZA,2026-03-18,23:00,03:00,"No block during peak hours 06:00-10:00,17:00-21:00",No
VSKP-BZA,2026-03-19,23:00,03:00,Block suspended - VIP movement,Yes
VSKP-BZA,2026-03-20,23:00,03:00,Single line working only,Yes
VSKP-BZA,2026-03-21,23:00,04:00,No restriction,No
VSKP-BZA,2026-03-22,23:00,04:00,Max 1 block per night,No
VSKP-BZA,2026-03-23,23:00,03:00,Max 1 block per night,No
VSKP-BZA,2026-03-24,23:00,03:00,Reduced window due to festival traffic,Yes
VSKP-BZA,2026-03-25,23:00,03:00,Max 1 block per night,Yes
VSKP-BZA,2026-03-26,23:00,03:00,No restriction,No
VSKP-BZA,2026-03-27,23:00,03:00,Max 1 block per night,No
VSKP-BZA,2026-03-28,23:00,04:00,No restriction,No
VSKP-BZA,2026-03-29,23:00,04:00,Block suspended - VIP movement,No
VSKP-BZA,2026-03-30,23:00,03:00,No restriction,No
VSKP-BZA,2026-03-31,23:00,03:00,Max 1 block per night,No
VSKP-BZA,2026-04-01,23:00,03:00,Single line working only,Yes
VSKP-BZA,2026-04-02,23:00,03:00,"No block during peak hours 06:00-10:00,17:00-21:00",Yes
VSKP-BZA,2026-04-03,23:00,03:00,Single line working only,No
VSKP-BZA,2026-04-04,23:00,04:00,Single line working only,No
VSKP-BZA,2026-04-05,23:00,04:00,"No block during peak hours 06:00-10:00,17:00-21:00",No
VSKP-BZA,2026-04-06,23:00,03:00,Block suspended - VIP movement,Yes
VSKP-BZA,2026-04-07,23:00,03:00,"No block during peak hours 06:00-10:00,17:00-21:00",No
VSKP-BZA,2026-04-08,23:00,03:00,Max 1 block per night,Yes
VSKP-BZA,2026-04-09,23:00,03:00,"No block during peak hours 06:00-10:00,17:00-21:00",Yes
VSKP-BZA,2026-04-10,23:00,03:00,Reduced window due to festival traffic,Yes
VSKP-BZA,2026-04-11,23:00,04:00,"No block during peak hours 06:00-10:00,17:00-21:00",Yes
VSKP-BZA,2026-04-12,23:00,04:00,No restriction,Yes
VSKP-BZA,2026-04-13,23:00,03:00,No restriction,Yes
VSKP-BZA,2026-04-14,23:00,03:00,Single line working only,Yes
VSKP-BZA,2026-04-15,23:00,03:00,"No block during peak hours 06:00-10:00,17:00-21:00",Yes
VSKP-BZA,2026-04-16,23:00,03:00,Max 1 block per night,Yes
VSKP-BZA,2026-04-17,23:00,03:00,No restriction,No
VSKP-BZA,2026-04-18,23:00,04:00,Single line working only,No
VSKP-BZA,2026-04-19,23:00,04:00,"No block during peak hours 06:00-10:00,17:00-21:00",Yes
VSKP-BZA,2026-04-20,23:00,03:00,Single line working only,Yes
VSKP-BZA,2026-04-21,23:00,03:00,No restriction,Yes
VSKP-BZA,2026-04-22,23:00,03:00,"No block during peak hours 06:00-10:00,17:00-21:00",No
VSKP-BZA,2026-04-23,23:00,03:00,"No block during peak hours 06:00-10:00,17:00-21:00",No
VSKP-BZA,2026-04-24,23:00,03:00,Max 1 block per night,No
VSKP-BZA,2026-04-25,23:00,04:00,Max 1 block per night,No
VSKP-BZA,2026-04-26,23:00,04:00,Single line working only,No
VSKP-BZA,2026-04-27,23:00,03:00,"No block during peak hours 06:00-10:00,17:00-21:00",No
VSKP-BZA,2026-04-28,23:00,03:00,Block suspended - VIP movement,No
VSKP-BZA,2026-04-29,23:00,03:00,"No block during peak hours 06:00-10:00,17:00-21:00",No
VSKP-BZA,2026-04-30,23:00,03:00,No restriction,Yes
VSKP-BZA,2026-05-01,23:00,03:00,No restriction,No
VSKP-BZA,2026-05-02,23:00,04:00,"No block during peak hours 06:00-10:00,17:00-21:00",Yes
VSKP-BZA,2026-05-03,23:00,04:00,No restriction,No
VSKP-BZA,2026-05-04,23:00,03:00,"No block during peak hours 06:00-10:00,17:00-21:00",Yes
VSKP-BZA,2026-05-05,23:00,03:00,"No block during peak hours 06:00-10:00,17:00-21:00",Yes
VSKP-BZA,2026-05-06,23:00,03:00,Max 1 block per night,Yes
VSKP-BZA,2026-05-07,23:00,03:00,"No block during peak hours 06:00-10:00,17:00-21:00",No
VSKP-BZA,2026-05-08,23:00,03:00,Block suspended - VIP movement,Yes
VSKP-BZA,2026-05-09,23:00,04:00,"No block during peak hours 06:00-10:00,17:00-21:00",No
VSKP-BZA,2026-05-10,23:00,04:00,Single line working only,Yes
VSKP-BZA,2026-05-11,23:00,03:00,No restriction,No
VSKP-BZA,2026-05-12,23:00,03:00,No restriction,No
VSKP-BZA,2026-05-13,23:00,03:00,Reduced window due to festival traffic,Yes
VSKP-BZA,2026-05-14,23:00,03:00,"No block during peak hours 06:00-10:00,17:00-21:00",Yes
VSKP-BZA,2026-05-15,23:00,03:00,"No block during peak hours 06:00-10:00,17:00-21:00",No
VSKP-BZA,2026-05-16,23:00,04:00,Reduced window due to festival traffic,No
VSKP-BZA,2026-05-17,23:00,04:00,No restriction,No
VSKP-BZA,2026-05-18,23:00,03:00,No restriction,Yes
VSKP-BZA,2026-05-19,23:00,03:00,Max 1 block per night,No
VSKP-BZA,2026-05-20,23:00,03:00,Max 1 block per night,Yes
VSKP-BZA,2026-05-21,23:00,03:00,Max 1 block per night,Yes
VSKP-BZA,2026-05-22,23:00,03:00,No restriction,No
VSKP-BZA,2026-05-23,23:00,04:00,No restriction,No
VSKP-BZA,2026-05-24,23:00,04:00,Max 1 block per night,No
VSKP-BZA,2026-05-25,23:00,03:00,"No block during peak hours 06:00-10:00,17:00-21:00",Yes
VSKP-BZA,2026-05-26,23:00,03:00,Single line working only,No
VSKP-BZA,2026-05-27,23:00,03:00,No restriction,Yes
VSKP-BZA,2026-05-28,23:00,03:00,Single line working only,No
VSKP-BZA,2026-05-29,23:00,03:00,No restriction,Yes
VSKP-BZA,2026-05-30,23:00,04:00,Max 1 block per night,No
VSKP-BZA,2026-05-31,23:00,04:00,Max 1 block per night,No
VSKP-BZA,2026-06-01,23:00,03:00,Max 1 block per night,No
VSKP-BZA,2026-06-02,23:00,03:00,No restriction,No
VSKP-BZA,2026-06-03,23:00,03:00,Block suspended - VIP movement,Yes
VSKP-BZA,2026-06-04,23:00,03:00,"No block during peak hours 06:00-10:00,17:00-21:00",No
VSKP-BZA,2026-06-05,23:00,03:00,Single line working only,No
VSKP-BZA,2026-06-06,23:00,04:00,Single line working only,Yes
VSKP-BZA,2026-06-07,23:00,04:00,"No block during peak hours 06:00-10:00,17:00-21:00",Yes
VSKP-BZA,2026-06-08,23:00,03:00,"No block during peak hours 06:00-10:00,17:00-21:00",No
VSKP-BZA,2026-06-09,23:00,03:00,Block suspended - VIP movement,No
VSKP-BZA,2026-06-10,23:00,03:00,Max 1 block per night,Yes
VSKP-BZA,2026-06-11,23:00,03:00,Single line working only,No
VSKP-BZA,2026-06-12,23:00,03:00,"No block during peak hours 06:00-10:00,17:00-21:00",No
VSKP-BZA,2026-06-13,23:00,04:00,Max 1 block per night,Yes
VSKP-BZA,2026-06-14,23:00,04:00,"No block during peak hours 06:00-10:00,17:00-21:00",No
VSKP-BZA,2026-06-15,23:00,03:00,No restriction,No
VSKP-BZA,2026-06-16,23:00,03:00,"No block during peak hours 06:00-10:00,17:00-21:00",No
VSKP-BZA,2026-06-17,23:00,03:00,Single line working only,Yes
VSKP-BZA,2026-06-18,23:00,03:00,No restriction,No
VSKP-BZA,2026-06-19,23:00,03:00,Block suspended - VIP movement,No
VSKP-BZA,2026-06-20,23:00,04:00,No restriction,Yes
VSKP-BZA,2026-06-21,23:00,04:00,Max 1 block per night,Yes
VSKP-BZA,2026-06-22,23:00,03:00,No restriction,No
VSKP-BZA,2026-06-23,23:00,03:00,Max 1 block per night,Yes
VSKP-BZA,2026-06-24,23:00,03:00,Block suspended - VIP movement,No
VSKP-BZA,2026-06-25,23:00,03:00,"No block during peak hours 06:00-10:00,17:00-21:00",No
VSKP-BZA,2026-06-26,23:00,03:00,Single line working only,No
VSKP-BZA,2026-06-27,23:00,04:00,Single line working only,No
VSKP-BZA,2026-06-28,23:00,04:00,"No block during peak hours 06:00-10:00,17:00-21:00",No
VSKP-BZA,2026-06-29,23:00,03:00,Max 1 block per night,No
VSKP-BZA,2026-06-30,23:00,03:00,Max 1 block per night,No
VSKP-BZA,2026-07-01,23:00,03:00,Reduced window due to festival traffic,Yes
VSKP-BZA,2026-07-02,23:00,03:00,No restriction,No
VSKP-BZA,2026-07-03,23:00,03:00,No restriction,No
VSKP-BZA,2026-07-04,23:00,04:00,No restriction,Yes
VSKP-BZA,2026-07-05,23:00,04:00,Single line working only,Yes
VSKP-BZA,2026-07-06,23:00,03:00,"No block during peak hours 06:00-10:00,17:00-21:00",Yes
VSKP-BZA,2026-07-07,23:00,03:00,Reduced window due to festival traffic,No
VSKP-BZA,2026-07-08,23:00,03:00,"No block during peak hours 06:00-10:00,17:00-21:00",No
VSKP-BZA,2026-07-09,23:00,03:00,No restriction,No
VSKP-BZA,2026-07-10,23:00,03:00,Max 1 block per night,No
VSKP-BZA,2026-07-11,23:00,04:00,Max 1 block per night,No
VSKP-BZA,2026-07-12,23:00,04:00,"No block during peak hours 06:00-10:00,17:00-21:00",Yes
VSKP-BZA,2026-07-13,23:00,03:00,"No block during peak hours 06:00-10:00,17:00-21:00",No
VSKP-BZA,2026-07-14,23:00,03:00,Single line working only,Yes
VSKP-BZA,2026-07-15,23:00,03:00,No restriction,Yes
VSKP-BZA,2026-07-16,23:00,03:00,Single line working only,Yes
VSKP-BZA,2026-07-17,23:00,03:00,Max 1 block per night,No
VSKP-BZA,2026-07-18,23:00,04:00,Single line working only,No
VSKP-BZA,2026-07-19,23:00,04:00,"No block during peak hours 06:00-10:00,17:00-21:00",No
VSKP-BZA,2026-07-20,23:00,03:00,Block suspended - VIP movement,No
VSKP-BZA,2026-07-21,23:00,03:00,Single line working only,No
VSKP-BZA,2026-07-22,23:00,03:00,Max 1 block per night,Yes
VSKP-BZA,2026-07-23,23:00,03:00,Single line working only,Yes
VSKP-BZA,2026-07-24,23:00,03:00,"No block during peak hours 06:00-10:00,17:00-21:00",Yes
VSKP-BZA,2026-07-25,23:00,04:00,Single line working only,No
VSKP-BZA,2026-07-26,23:00,04:00,Max 1 block per night,No
VSKP-BZA,2026-07-27,23:00,03:00,Single line working only,No
VSKP-BZA,2026-07-28,23:00,03:00,No restriction,Yes
VSKP-BZA,2026-07-29,23:00,03:00,No restriction,Yes
VSKP-BZA,2026-07-30,23:00,03:00,Reduced window due to festival traffic,Yes
VSKP-BZA,2026-07-31,23:00,03:00,"No block during peak hours 06:00-10:00,17:00-21:00",No
VSKP-BZA,2026-08-01,23:00,04:00,Single line working only,No
VSKP-BZA,2026-08-02,23:00,04:00,"No block during peak hours 06:00-10:00,17:00-21:00",No
VSKP-BZA,2026-08-03,23:00,03:00,Max 1 block per night,Yes
VSKP-BZA,2026-08-04,23:00,03:00,"No block during peak hours 06:00-10:00,17:00-21:00",No
VSKP-BZA,2026-08-05,23:00,03:00,No restriction,No
VSKP-BZA,2026-08-06,23:00,03:00,Single line working only,No
VSKP-BZA,2026-08-07,23:00,03:00,No restriction,No
VSKP-BZA,2026-08-08,23:00,04:00,Max 1 block per night,No
VSKP-BZA,2026-08-09,23:00,04:00,No restriction,No
VSKP-BZA,2026-08-10,23:00,03:00,No restriction,Yes
VSKP-BZA,2026-08-11,23:00,03:00,"No block during peak hours 06:00-10:00,17:00-21:00",No
VSKP-BZA,2026-08-12,23:00,03:00,Max 1 block per night,No
VSKP-BZA,2026-08-13,23:00,03:00,Single line working only,Yes
VSKP-BZA,2026-08-14,23:00,03:00,Max 1 block per night,No
VSKP-BZA,2026-08-15,23:00,04:00,Max 1 block per night,Yes
VSKP-BZA,2026-08-16,23:00,04:00,"No block during peak hours 06:00-10:00,17:00-21:00",No
VSKP-BZA,2026-08-17,23:00,03:00,Max 1 block per night,Yes
VSKP-BZA,2026-08-18,23:00,03:00,"No block during peak hours 06:00-10:00,17:00-21:00",Yes
VSKP-BZA,2026-08-19,23:00,03:00,Max 1 block per night,No
VSKP-BZA,2026-08-20,23:00,03:00,No restriction,Yes
VSKP-BZA,2026-08-21,23:00,03:00,No restriction,No
VSKP-BZA,2026-08-22,23:00,04:00,Block suspended - VIP movement,Yes
VSKP-BZA,2026-08-23,23:00,04:00,No restriction,Yes
VSKP-BZA,2026-08-24,23:00,03:00,Single line working only,Yes
VSKP-BZA,2026-08-25,23:00,03:00,No restriction,Yes
VSKP-BZA,2026-08-26,23:00,03:00,"No block during peak hours 06:00-10:00,17:00-21:00",No
VSKP-BZA,2026-08-27,23:00,03:00,No restriction,No
VSKP-BZA,2026-08-28,23:00,03:00,"No block during peak hours 06:00-10:00,17:00-21:00",No
VSKP-BZA,2026-08-29,23:00,04:00,Max 1 block per night,Yes
VSKP-BZA,2026-08-30,23:00,04:00,"No block during peak hours 06:00-10:00,17:00-21:00",Yes
VSKP-BZA,2026-08-31,23:00,03:00,Max 1 block per night,No
VSKP-BZA,2026-09-01,23:00,03:00,Max 1 block per night,Yes
VSKP-BZA,2026-09-02,23:00,03:00,Max 1 block per night,Yes
VSKP-BZA,2026-09-03,23:00,03:00,Max 1 block per night,No
VSKP-BZA,2026-09-04,23:00,03:00,Max 1 block per night,No
VSKP-BZA,2026-09-05,23:00,04:00,Single line working only,No
VSKP-BZA,2026-09-06,23:00,04:00,Max 1 block per night,No
VSKP-BZA,2026-09-07,23:00,03:00,"No block during peak hours 06:00-10:00,17:00-21:00",Yes
VSKP-BZA,2026-09-08,23:00,03:00,"No block during peak hours 06:00-10:00,17:00-21:00",No
VSKP-BZA,2026-09-09,23:00,03:00,"No block during peak hours 06:00-10:00,17:00-21:00",No
VSKP-BZA,2026-09-10,23:00,03:00,"No block during peak hours 06:00-10:00,17:00-21:00",No
VSKP-BZA,2026-09-11,23:00,03:00,"No block during peak hours 06:00-10:00,17:00-21:00",No
VSKP-BZA,2026-09-12,23:00,04:00,Max 1 block per night,No
VSKP-BZA,2026-09-13,23:00,04:00,"No block during peak hours 06:00-10:00,17:00-21:00",Yes
VSKP-BZA,2026-09-14,23:00,03:00,Max 1 block per night,No
VSKP-BZA,2026-09-15,23:00,03:00,No restriction,Yes
VSKP-BZA,2026-09-16,23:00,03:00,No restriction,No
VSKP-BZA,2026-09-17,23:00,03:00,Max 1 block per night,No
VSKP-BZA,2026-09-18,23:00,03:00,Single line working only,No
VSKP-BZA,2026-09-19,23:00,04:00,No restriction,No
VSKP-BZA,2026-09-20,23:00,04:00,Reduced window due to festival traffic,No
VSKP-BZA,2026-09-21,23:00,03:00,Single line working only,No
VSKP-BZA,2026-09-22,23:00,03:00,"No block during peak hours 06:00-10:00,17:00-21:00",No
VSKP-BZA,2026-09-23,23:00,03:00,No restriction,No
VSKP-BZA,2026-09-24,23:00,03:00,No restriction,No
VSKP-BZA,2026-09-25,23:00,03:00,"No block during peak hours 06:00-10:00,17:00-21:00",No
VSKP-BZA,2026-09-26,23:00,04:00,Block suspended - VIP movement,No
VSKP-BZA,2026-09-27,23:00,04:00,"No block during peak hours 06:00-10:00,17:00-21:00",No
VSKP-BZA,2026-09-28,23:00,03:00,Single line working only,No
VSKP-BZA,2026-09-29,23:00,03:00,No restriction,Yes
VSKP-BZA,2026-09-30,23:00,03:00,Max 1 block per night,No
VSKP-BZA,2026-10-01,23:00,03:00,"No block during peak hours 06:00-10:00,17:00-21:00",Yes
VSKP-BZA,2026-10-02,23:00,03:00,Single line working only,No
VSKP-BZA,2026-10-03,23:00,04:00,"No block during peak hours 06:00-10:00,17:00-21:00",No
VSKP-BZA,2026-10-04,23:00,04:00,Single line working only,Yes
VSKP-BZA,2026-10-05,23:00,03:00,Block suspended - VIP movement,No
VSKP-BZA,2026-10-06,23:00,03:00,Max 1 block per night,No
VSKP-BZA,2026-10-07,23:00,03:00,Block suspended - VIP movement,No
VSKP-BZA,2026-10-08,23:00,03:00,Block suspended - VIP movement,No
VSKP-BZA,2026-10-09,23:00,03:00,No restriction,No
VSKP-BZA,2026-10-10,23:00,04:00,Single line working only,Yes
VSKP-BZA,2026-10-11,23:00,04:00,"No block during peak hours 06:00-10:00,17:00-21:00",No
VSKP-BZA,2026-10-12,23:00,03:00,Single line working only,Yes
VSKP-BZA,2026-10-13,23:00,03:00,Single line working only,Yes
VSKP-BZA,2026-10-14,23:00,03:00,Single line working only,Yes
VSKP-BZA,2026-10-15,23:00,03:00,Reduced window due to festival traffic,Yes
VSKP-BZA,2026-10-16,23:00,03:00,No restriction,Yes
VSKP-BZA,2026-10-17,23:00,04:00,No restriction,No
VSKP-BZA,2026-10-18,23:00,04:00,No restriction,No
VSKP-BZA,2026-10-19,23:00,03:00,No restriction,Yes
VSKP-BZA,2026-10-20,23:00,03:00,"No block during peak hours 06:00-10:00,17:00-21:00",No
VSKP-BZA,2026-10-21,23:00,03:00,"No block during peak hours 06:00-10:00,17:00-21:00",No
VSKP-BZA,2026-10-22,23:00,03:00,Max 1 block per night,No
VSKP-BZA,2026-10-23,23:00,03:00,Block suspended - VIP movement,No
VSKP-BZA,2026-10-24,23:00,04:00,"No block during peak hours 06:00-10:00,17:00-21:00",No
VSKP-BZA,2026-10-25,23:00,04:00,Max 1 block per night,Yes
VSKP-BZA,2026-10-26,23:00,03:00,Max 1 block per night,Yes
VSKP-BZA,2026-10-27,23:00,03:00,Max 1 block per night,No
VSKP-BZA,2026-10-28,23:00,03:00,"No block during peak hours 06:00-10:00,17:00-21:00",Yes
VSKP-BZA,2026-10-29,23:00,03:00,Block suspended - VIP movement,No
VSKP-BZA,2026-10-30,23:00,03:00,"No block during peak hours 06:00-10:00,17:00-21:00",Yes
VSKP-BZA,2026-10-31,23:00,04:00,No restriction,Yes
VSKP-BZA,2026-11-01,23:00,04:00,Reduced window due to festival traffic,No
VSKP-BZA,2026-11-02,23:00,03:00,"No block during peak hours 06:00-10:00,17:00-21:00",No
VSKP-BZA,2026-11-03,23:00,03:00,Single line working only,No
VSKP-BZA,2026-11-04,23:00,03:00,"No block during peak hours 06:00-10:00,17:00-21:00",Yes
VSKP-BZA,2026-11-05,23:00,03:00,No restriction,No
VSKP-BZA,2026-11-06,23:00,03:00,Single line working only,Yes
VSKP-BZA,2026-11-07,23:00,04:00,"No block during peak hours 06:00-10:00,17:00-21:00",No
VSKP-BZA,2026-11-08,23:00,04:00,Reduced window due to festival traffic,Yes
VSKP-BZA,2026-11-09,23:00,03:00,Single line working only,No
VSKP-BZA,2026-11-10,23:00,03:00,No restriction,Yes
VSKP-BZA,2026-11-11,23:00,03:00,No restriction,No
VSKP-BZA,2026-11-12,23:00,03:00,Single line working only,No
VSKP-BZA,2026-11-13,23:00,03:00,"No block during peak hours 06:00-10:00,17:00-21:00",No
VSKP-BZA,2026-11-14,23:00,04:00,Block suspended - VIP movement,Yes
VSKP-BZA,2026-11-15,23:00,04:00,Max 1 block per night,No
VSKP-BZA,2026-11-16,23:00,03:00,Max 1 block per night,No
VSKP-BZA,2026-11-17,23:00,03:00,"No block during peak hours 06:00-10:00,17:00-21:00",Yes
VSKP-BZA,2026-11-18,23:00,03:00,Single line working only,No
VSKP-BZA,2026-11-19,23:00,03:00,No restriction,Yes
VSKP-BZA,2026-11-20,23:00,03:00,Max 1 block per night,Yes
VSKP-BZA,2026-11-21,23:00,04:00,"No block during peak hours 06:00-10:00,17:00-21:00",No
VSKP-BZA,2026-11-22,23:00,04:00,Single line working only,Yes
VSKP-BZA,2026-11-23,23:00,03:00,No restriction,No
VSKP-BZA,2026-11-24,23:00,03:00,Max 1 block per night,Yes
VSKP-BZA,2026-11-25,23:00,03:00,"No block during peak hours 06:00-10:00,17:00-21:00",No
VSKP-BZA,2026-11-26,23:00,03:00,Single line working only,No
VSKP-BZA,2026-11-27,23:00,03:00,Max 1 block per night,No
VSKP-BZA,2026-11-28,23:00,04:00,Max 1 block per night,No
VSKP-BZA,2026-11-29,23:00,04:00,"No block during peak hours 06:00-10:00,17:00-21:00",No
VSKP-BZA,2026-11-30,23:00,03:00,"No block during peak hours 06:00-10:00,17:00-21:00",No
VSKP-BZA,2026-12-01,23:00,03:00,"No block during peak hours 06:00-10:00,17:00-21:00",No
VSKP-BZA,2026-12-02,23:00,03:00,"No block during peak hours 06:00-10:00,17:00-21:00",Yes
VSKP-BZA,2026-12-03,23:00,03:00,Single line working only,No
VSKP-BZA,2026-12-04,23:00,03:00,"No block during peak hours 06:00-10:00,17:00-21:00",No
VSKP-BZA,2026-12-05,23:00,04:00,Max 1 block per night,Yes
VSKP-BZA,2026-12-06,23:00,04:00,No restriction,Yes
VSKP-BZA,2026-12-07,23:00,03:00,Single line working only,Yes
VSKP-BZA,2026-12-08,23:00,03:00,No restriction,No
VSKP-BZA,2026-12-09,23:00,03:00,"No block during peak hours 06:00-10:00,17:00-21:00",No
VSKP-BZA,2026-12-10,23:00,03:00,Max 1 block per night,No
VSKP-BZA,2026-12-11,23:00,03:00,No restriction,No
VSKP-BZA,2026-12-12,23:00,04:00,Single line working only,Yes
VSKP-BZA,2026-12-13,23:00,04:00,"No block during peak hours 06:00-10:00,17:00-21:00",Yes
VSKP-BZA,2026-12-14,23:00,03:00,"No block during peak hours 06:00-10:00,17:00-21:00",No
VSKP-BZA,2026-12-15,23:00,03:00,"No block during peak hours 06:00-10:00,17:00-21:00",No
VSKP-BZA,2026-12-16,23:00,03:00,Single line working only,No
VSKP-BZA,2026-12-17,23:00,03:00,Max 1 block per night,No
VSKP-BZA,2026-12-18,23:00,03:00,"No block during peak hours 06:00-10:00,17:00-21:00",No
VSKP-BZA,2026-12-19,23:00,04:00,Reduced window due to festival traffic,No
VSKP-BZA,2026-12-20,23:00,04:00,Single line working only,No
VSKP-BZA,2026-12-21,23:00,03:00,Max 1 block per night,No
VSKP-BZA,2026-12-22,23:00,03:00,No restriction,No
VSKP-BZA,2026-12-23,23:00,03:00,"No block during peak hours 06:00-10:00,17:00-21:00",No
VSKP-BZA,2026-12-24,23:00,03:00,Single line working only,Yes
VSKP-BZA,2026-12-25,23:00,03:00,"No block during peak hours 06:00-10:00,17:00-21:00",No
VSKP-BZA,2026-12-26,23:00,04:00,No restriction,Yes
VSKP-BZA,2026-12-27,23:00,04:00,Max 1 block per night,No
VSKP-BZA,2026-12-28,23:00,03:00,"No block during peak hours 06:00-10:00,17:00-21:00",No
VSKP-BZA,2026-12-29,23:00,03:00,Max 1 block per night,No
VSKP-BZA,2026-12-30,23:00,03:00,Single line working only,Yes
VSKP-BZA,2026-12-31,23:00,03:00,No restriction,No
BZA-MAS,2026-01-01,23:00,02:00,No restriction,Yes
BZA-MAS,2026-01-02,23:00,02:00,Single line working only,No
BZA-MAS,2026-01-03,23:00,03:00,Single line working only,No
BZA-MAS,2026-01-04,23:00,03:00,"No block during peak hours 06:00-10:00,17:00-21:00",Yes
BZA-MAS,2026-01-05,23:00,02:00,Single line working only,Yes
BZA-MAS,2026-01-06,23:00,02:00,Max 1 block per night,Yes
BZA-MAS,2026-01-07,23:00,02:00,"No block during peak hours 06:00-10:00,17:00-21:00",No
BZA-MAS,2026-01-08,23:00,02:00,Single line working only,Yes
BZA-MAS,2026-01-09,23:00,02:00,"No block during peak hours 06:00-10:00,17:00-21:00",No
BZA-MAS,2026-01-10,23:00,03:00,Single line working only,No
BZA-MAS,2026-01-11,23:00,03:00,Reduced window due to festival traffic,No
BZA-MAS,2026-01-12,23:00,02:00,Single line working only,Yes
BZA-MAS,2026-01-13,23:00,02:00,"No block during peak hours 06:00-10:00,17:00-21:00",No
BZA-MAS,2026-01-14,23:00,02:00,Max 1 block per night,No
BZA-MAS,2026-01-15,23:00,02:00,Single line working only,No
BZA-MAS,2026-01-16,23:00,02:00,Block suspended - VIP movement,No
BZA-MAS,2026-01-17,23:00,03:00,Reduced window due to festival traffic,Yes
BZA-MAS,2026-01-18,23:00,03:00,"No block during peak hours 06:00-10:00,17:00-21:00",Yes
BZA-MAS,2026-01-19,23:00,02:00,Max 1 block per night,Yes
BZA-MAS,2026-01-20,23:00,02:00,Single line working only,Yes
BZA-MAS,2026-01-21,23:00,02:00,Single line working only,No
BZA-MAS,2026-01-22,23:00,02:00,"No block during peak hours 06:00-10:00,17:00-21:00",No
BZA-MAS,2026-01-23,23:00,02:00,"No block during peak hours 06:00-10:00,17:00-21:00",No
BZA-MAS,2026-01-24,23:00,03:00,Max 1 block per night,No
BZA-MAS,2026-01-25,23:00,03:00,Max 1 block per night,No
BZA-MAS,2026-01-26,23:00,02:00,"No block during peak hours 06:00-10:00,17:00-21:00",No
BZA-MAS,2026-01-27,23:00,02:00,No restriction,No
BZA-MAS,2026-01-28,23:00,02:00,"No block during peak hours 06:00-10:00,17:00-21:00",No
BZA-MAS,2026-01-29,23:00,02:00,Reduced window due to festival traffic,No
BZA-MAS,2026-01-30,23:00,02:00,"No block during peak hours 06:00-10:00,17:00-21:00",No
BZA-MAS,2026-01-31,23:00,03:00,Reduced window due to festival traffic,No
BZA-MAS,2026-02-01,23:00,03:00,Max 1 block per night,Yes
BZA-MAS,2026-02-02,23:00,02:00,"No block during peak hours 06:00-10:00,17:00-21:00",No
BZA-MAS,2026-02-03,23:00,02:00,"No block during peak hours 06:00-10:00,17:00-21:00",No
BZA-MAS,2026-02-04,23:00,02:00,"No block during peak hours 06:00-10:00,17:00-21:00",Yes
BZA-MAS,2026-02-05,23:00,02:00,Max 1 block per night,Yes
BZA-MAS,2026-02-06,23:00,02:00,"No block during peak hours 06:00-10:00,17:00-21:00",Yes
BZA-MAS,2026-02-07,23:00,03:00,Single line working only,Yes
BZA-MAS,2026-02-08,23:00,03:00,Max 1 block per night,Yes
BZA-MAS,2026-02-09,23:00,02:00,Max 1 block per night,Yes
BZA-MAS,2026-02-10,23:00,02:00,Reduced window due to festival traffic,No
BZA-MAS,2026-02-11,23:00,02:00,"No block during peak hours 06:00-10:00,17:00-21:00",No
BZA-MAS,2026-02-12,23:00,02:00,Single line working only,Yes
BZA-MAS,2026-02-13,23:00,02:00,"No block during peak hours 06:00-10:00,17:00-21:00",Yes
BZA-MAS,2026-02-14,23:00,03:00,"No block during peak hours 06:00-10:00,17:00-21:00",No
BZA-MAS,2026-02-15,23:00,03:00,"No block during peak hours 06:00-10:00,17:00-21:00",No
BZA-MAS,2026-02-16,23:00,02:00,No restriction,No
BZA-MAS,2026-02-17,23:00,02:00,"No block during peak hours 06:00-10:00,17:00-21:00",No
BZA-MAS,2026-02-18,23:00,02:00,Block suspended - VIP movement,No
BZA-MAS,2026-02-19,23:00,02:00,Single line working only,Yes
BZA-MAS,2026-02-20,23:00,02:00,Max 1 block per night,No
BZA-MAS,2026-02-21,23:00,03:00,"No block during peak hours 06:00-10:00,17:00-21:00",No
BZA-MAS,2026-02-22,23:00,03:00,Single line working only,No
BZA-MAS,2026-02-23,23:00,02:00,"No block during peak hours 06:00-10:00,17:00-21:00",Yes
BZA-MAS,2026-02-24,23:00,02:00,Max 1 block per night,Yes
BZA-MAS,2026-02-25,23:00,02:00,Max 1 block per night,No
BZA-MAS,2026-02-26,23:00,02:00,Single line working only,No
BZA-MAS,2026-02-27,23:00,02:00,Single line working only,Yes
BZA-MAS,2026-02-28,23:00,03:00,No restriction,No
BZA-MAS,2026-03-01,23:00,03:00,Max 1 block per night,No
BZA-MAS,2026-03-02,23:00,02:00,Single line working only,Yes
BZA-MAS,2026-03-03,23:00,02:00,Max 1 block per night,Yes
BZA-MAS,2026-03-04,23:00,02:00,"No block during peak hours 06:00-10:00,17:00-21:00",Yes
BZA-MAS,2026-03-05,23:00,02:00,"No block during peak hours 06:00-10:00,17:00-21:00",Yes
BZA-MAS,2026-03-06,23:00,02:00,"No block during peak hours 06:00-10:00,17:00-21:00",Yes
BZA-MAS,2026-03-07,23:00,03:00,Max 1 block per night,No
BZA-MAS,2026-03-08,23:00,03:00,No restriction,Yes
BZA-MAS,2026-03-09,23:00,02:00,"No block during peak hours 06:00-10:00,17:00-21:00",No
BZA-MAS,2026-03-10,23:00,02:00,"No block during peak hours 06:00-10:00,17:00-21:00",Yes
BZA-MAS,2026-03-11,23:00,02:00,No restriction,No
BZA-MAS,2026-03-12,23:00,02:00,No restriction,Yes
BZA-MAS,2026-03-13,23:00,02:00,"No block during peak hours 06:00-10:00,17:00-21:00",Yes
BZA-MAS,2026-03-14,23:00,03:00,"No block during peak hours 06:00-10:00,17:00-21:00",No
BZA-MAS,2026-03-15,23:00,03:00,Reduced window due to festival traffic,Yes
BZA-MAS,2026-03-16,23:00,02:00,Block suspended - VIP movement,Yes
BZA-MAS,2026-03-17,23:00,02:00,Max 1 block per night,Yes
BZA-MAS,2026-03-18,23:00,02:00,Max 1 block per night,Yes
BZA-MAS,2026-03-19,23:00,02:00,Max 1 block per night,No
BZA-MAS,2026-03-20,23:00,02:00,"No block during peak hours 06:00-10:00,17:00-21:00",Yes
BZA-MAS,2026-03-21,23:00,03:00,"No block during peak hours 06:00-10:00,17:00-21:00",Yes
BZA-MAS,2026-03-22,23:00,03:00,Single line working only,No
BZA-MAS,2026-03-23,23:00,02:00,Max 1 block per night,No
BZA-MAS,2026-03-24,23:00,02:00,Block suspended - VIP movement,No
BZA-MAS,2026-03-25,23:00,02:00,"No block during peak hours 06:00-10:00,17:00-21:00",No
BZA-MAS,2026-03-26,23:00,02:00,Max 1 block per night,No
BZA-MAS,2026-03-27,23:00,02:00,"No block during peak hours 06:00-10:00,17:00-21:00",Yes
BZA-MAS,2026-03-28,23:00,03:00,"No block during peak hours 06:00-10:00,17:00-21:00",Yes
BZA-MAS,2026-03-29,23:00,03:00,No restriction,Yes
BZA-MAS,2026-03-30,23:00,02:00,Single line working only,Yes
BZA-MAS,2026-03-31,23:00,02:00,"No block during peak hours 06:00-10:00,17:00-21:00",Yes
BZA-MAS,2026-04-01,23:00,02:00,Block suspended - VIP movement,No
BZA-MAS,2026-04-02,23:00,02:00,"No block during peak hours 06:00-10:00,17:00-21:00",Yes
BZA-MAS,2026-04-03,23:00,02:00,No restriction,No
BZA-MAS,2026-04-04,23:00,03:00,Single line working only,No
BZA-MAS,2026-04-05,23:00,03:00,Max 1 block per night,Yes
BZA-MAS,2026-04-06,23:00,02:00,"No block during peak hours 06:00-10:00,17:00-21:00",Yes
BZA-MAS,2026-04-07,23:00,02:00,Single line working only,Yes
BZA-MAS,2026-04-08,23:00,02:00,"No block during peak hours 06:00-10:00,17:00-21:00",Yes
BZA-MAS,2026-04-09,23:00,02:00,Single line working only,Yes
BZA-MAS,2026-04-10,23:00,02:00,Single line working only,Yes
BZA-MAS,2026-04-11,23:00,03:00,Max 1 block per night,No
BZA-MAS,2026-04-12,23:00,03:00,Single line working only,No
BZA-MAS,2026-04-13,23:00,02:00,Single line working only,No
BZA-MAS,2026-04-14,23:00,02:00,Single line working only,Yes
BZA-MAS,2026-04-15,23:00,02:00,Single line working only,Yes
BZA-MAS,2026-04-16,23:00,02:00,Max 1 block per night,Yes
BZA-MAS,2026-04-17,23:00,02:00,Max 1 block per night,No
BZA-MAS,2026-04-18,23:00,03:00,Single line working only,No
BZA-MAS,2026-04-19,23:00,03:00,"No block during peak hours 06:00-10:00,17:00-21:00",No
BZA-MAS,2026-04-20,23:00,02:00,Max 1 block per night,No
BZA-MAS,2026-04-21,23:00,02:00,Single line working only,No
BZA-MAS,2026-04-22,23:00,02:00,Max 1 block per night,No
BZA-MAS,2026-04-23,23:00,02:00,Max 1 block per night,Yes
BZA-MAS,2026-04-24,23:00,02:00,Block suspended - VIP movement,No
BZA-MAS,2026-04-25,23:00,03:00,Single line working only,Yes
BZA-MAS,2026-04-26,23:00,03:00,Single line working only,Yes
BZA-MAS,2026-04-27,23:00,02:00,"No block during peak hours 06:00-10:00,17:00-21:00",Yes
BZA-MAS,2026-04-28,23:00,02:00,"No block during peak hours 06:00-10:00,17:00-21:00",Yes
BZA-MAS,2026-04-29,23:00,02:00,"No block during peak hours 06:00-10:00,17:00-21:00",No
BZA-MAS,2026-04-30,23:00,02:00,"No block during peak hours 06:00-10:00,17:00-21:00",No
BZA-MAS,2026-05-01,23:00,02:00,Single line working only,No
BZA-MAS,2026-05-02,23:00,03:00,Single line working only,No
BZA-MAS,2026-05-03,23:00,03:00,"No block during peak hours 06:00-10:00,17:00-21:00",No
BZA-MAS,2026-05-04,23:00,02:00,"No block during peak hours 06:00-10:00,17:00-21:00",Yes
BZA-MAS,2026-05-05,23:00,02:00,Max 1 block per night,No
BZA-MAS,2026-05-06,23:00,02:00,"No block during peak hours 06:00-10:00,17:00-21:00",Yes
BZA-MAS,2026-05-07,23:00,02:00,Single line working only,No
BZA-MAS,2026-05-08,23:00,02:00,Single line working only,No
BZA-MAS,2026-05-09,23:00,03:00,Single line working only,Yes
BZA-MAS,2026-05-10,23:00,03:00,Max 1 block per night,No
BZA-MAS,2026-05-11,23:00,02:00,"No block during peak hours 06:00-10:00,17:00-21:00",No
BZA-MAS,2026-05-12,23:00,02:00,"No block during peak hours 06:00-10:00,17:00-21:00",No
BZA-MAS,2026-05-13,23:00,02:00,Max 1 block per night,No
BZA-MAS,2026-05-14,23:00,02:00,Reduced window due to festival traffic,No
BZA-MAS,2026-05-15,23:00,02:00,"No block during peak hours 06:00-10:00,17:00-21:00",No
BZA-MAS,2026-05-16,23:00,03:00,"No block during peak hours 06:00-10:00,17:00-21:00",Yes
BZA-MAS,2026-05-17,23:00,03:00,Max 1 block per night,Yes
BZA-MAS,2026-05-18,23:00,02:00,Single line working only,No
BZA-MAS,2026-05-19,23:00,02:00,"No block during peak hours 06:00-10:00,17:00-21:00",Yes
BZA-MAS,2026-05-20,23:00,02:00,No restriction,Yes
BZA-MAS,2026-05-21,23:00,02:00,Block suspended - VIP movement,No
BZA-MAS,2026-05-22,23:00,02:00,"No block during peak hours 06:00-10:00,17:00-21:00",No
BZA-MAS,2026-05-23,23:00,03:00,Single line working only,No
BZA-MAS,2026-05-24,23:00,03:00,"No block during peak hours 06:00-10:00,17:00-21:00",No
BZA-MAS,2026-05-25,23:00,02:00,"No block during peak hours 06:00-10:00,17:00-21:00",Yes
BZA-MAS,2026-05-26,23:00,02:00,Block suspended - VIP movement,No
BZA-MAS,2026-05-27,23:00,02:00,Single line working only,Yes
BZA-MAS,2026-05-28,23:00,02:00,Max 1 block per night,Yes
BZA-MAS,2026-05-29,23:00,02:00,Max 1 block per night,Yes
BZA-MAS,2026-05-30,23:00,03:00,Block suspended - VIP movement,Yes
BZA-MAS,2026-05-31,23:00,03:00,No restriction,No
BZA-MAS,2026-06-01,23:00,02:00,Single line working only,Yes
BZA-MAS,2026-06-02,23:00,02:00,"No block during peak hours 06:00-10:00,17:00-21:00",No
BZA-MAS,2026-06-03,23:00,02:00,No restriction,No
BZA-MAS,2026-06-04,23:00,02:00,"No block during peak hours 06:00-10:00,17:00-21:00",No
BZA-MAS,2026-06-05,23:00,02:00,Reduced window due to festival traffic,Yes
BZA-MAS,2026-06-06,23:00,03:00,No restriction,Yes
BZA-MAS,2026-06-07,23:00,03:00,Max 1 block per night,Yes
BZA-MAS,2026-06-08,23:00,02:00,Max 1 block per night,No
BZA-MAS,2026-06-09,23:00,02:00,Single line working only,No
BZA-MAS,2026-06-10,23:00,02:00,"No block during peak hours 06:00-10:00,17:00-21:00",No
BZA-MAS,2026-06-11,23:00,02:00,Single line working only,Yes
BZA-MAS,2026-06-12,23:00,02:00,"No block during peak hours 06:00-10:00,17:00-21:00",Yes
BZA-MAS,2026-06-13,23:00,03:00,Max 1 block per night,Yes
BZA-MAS,2026-06-14,23:00,03:00,Max 1 block per night,Yes
BZA-MAS,2026-06-15,23:00,02:00,"No block during peak hours 06:00-10:00,17:00-21:00",No
BZA-MAS,2026-06-16,23:00,02:00,Single line working only,Yes
BZA-MAS,2026-06-17,23:00,02:00,Max 1 block per night,Yes
BZA-MAS,2026-06-18,23:00,02:00,"No block during peak hours 06:00-10:00,17:00-21:00",No
BZA-MAS,2026-06-19,23:00,02:00,Max 1 block per night,No
BZA-MAS,2026-06-20,23:00,03:00,"No block during peak hours 06:00-10:00,17:00-21:00",Yes
BZA-MAS,2026-06-21,23:00,03:00,"No block during peak hours 06:00-10:00,17:00-21:00",No
BZA-MAS,2026-06-22,23:00,02:00,Block suspended - VIP movement,No
BZA-MAS,2026-06-23,23:00,02:00,"No block during peak hours 06:00-10:00,17:00-21:00",No
BZA-MAS,2026-06-24,23:00,02:00,No restriction,Yes
BZA-MAS,2026-06-25,23:00,02:00,No restriction,No
BZA-MAS,2026-06-26,23:00,02:00,Single line working only,No
BZA-MAS,2026-06-27,23:00,03:00,Reduced window due to festival traffic,Yes
BZA-MAS,2026-06-28,23:00,03:00,Single line working only,Yes
BZA-MAS,2026-06-29,23:00,02:00,Single line working only,Yes
BZA-MAS,2026-06-30,23:00,02:00,Single line working only,No
BZA-MAS,2026-07-01,23:00,02:00,Max 1 block per night,Yes
BZA-MAS,2026-07-02,23:00,02:00,Max 1 block per night,Yes
BZA-MAS,2026-07-03,23:00,02:00,Reduced window due to festival traffic,Yes
BZA-MAS,2026-07-04,23:00,03:00,No restriction,No
BZA-MAS,2026-07-05,23:00,03:00,Single line working only,No
BZA-MAS,2026-07-06,23:00,02:00,Max 1 block per night,No
BZA-MAS,2026-07-07,23:00,02:00,"No block during peak hours 06:00-10:00,17:00-21:00",Yes
BZA-MAS,2026-07-08,23:00,02:00,"No block during peak hours 06:00-10:00,17:00-21:00",No
BZA-MAS,2026-07-09,23:00,02:00,Max 1 block per night,No
BZA-MAS,2026-07-10,23:00,02:00,"No block during peak hours 06:00-10:00,17:00-21:00",No
BZA-MAS,2026-07-11,23:00,03:00,"No block during peak hours 06:00-10:00,17:00-21:00",No
BZA-MAS,2026-07-12,23:00,03:00,"No block during peak hours 06:00-10:00,17:00-21:00",No
BZA-MAS,2026-07-13,23:00,02:00,Single line working only,No
BZA-MAS,2026-07-14,23:00,02:00,Reduced window due to festival traffic,No
BZA-MAS,2026-07-15,23:00,02:00,Single line working only,No
BZA-MAS,2026-07-16,23:00,02:00,Max 1 block per night,Yes
BZA-MAS,2026-07-17,23:00,02:00,Single line working only,No
BZA-MAS,2026-07-18,23:00,03:00,"No block during peak hours 06:00-10:00,17:00-21:00",No
BZA-MAS,2026-07-19,23:00,03:00,No restriction,Yes
BZA-MAS,2026-07-20,23:00,02:00,"No block during peak hours 06:00-10:00,17:00-21:00",No
BZA-MAS,2026-07-21,23:00,02:00,Single line working only,Yes
BZA-MAS,2026-07-22,23:00,02:00,Block suspended - VIP movement,Yes
BZA-MAS,2026-07-23,23:00,02:00,Reduced window due to festival traffic,Yes
BZA-MAS,2026-07-24,23:00,02:00,No restriction,No
BZA-MAS,2026-07-25,23:00,03:00,"No block during peak hours 06:00-10:00,17:00-21:00",Yes
BZA-MAS,2026-07-26,23:00,03:00,No restriction,No
BZA-MAS,2026-07-27,23:00,02:00,"No block during peak hours 06:00-10:00,17:00-21:00",Yes
BZA-MAS,2026-07-28,23:00,02:00,"No block during peak hours 06:00-10:00,17:00-21:00",No
BZA-MAS,2026-07-29,23:00,02:00,"No block during peak hours 06:00-10:00,17:00-21:00",Yes
BZA-MAS,2026-07-30,23:00,02:00,Reduced window due to festival traffic,No
BZA-MAS,2026-07-31,23:00,02:00,"No block during peak hours 06:00-10:00,17:00-21:00",Yes
BZA-MAS,2026-08-01,23:00,03:00,"No block during peak hours 06:00-10:00,17:00-21:00",Yes
BZA-MAS,2026-08-02,23:00,03:00,Block suspended - VIP movement,Yes
BZA-MAS,2026-08-03,23:00,02:00,"No block during peak hours 06:00-10:00,17:00-21:00",Yes
BZA-MAS,2026-08-04,23:00,02:00,Reduced window due to festival traffic,No
BZA-MAS,2026-08-05,23:00,02:00,Max 1 block per night,Yes
BZA-MAS,2026-08-06,23:00,02:00,Single line working only,No
BZA-MAS,2026-08-07,23:00,02:00,"No block during peak hours 06:00-10:00,17:00-21:00",Yes
BZA-MAS,2026-08-08,23:00,03:00,"No block during peak hours 06:00-10:00,17:00-21:00",Yes
BZA-MAS,2026-08-09,23:00,03:00,"No block during peak hours 06:00-10:00,17:00-21:00",Yes
BZA-MAS,2026-08-10,23:00,02:00,Max 1 block per night,No
BZA-MAS,2026-08-11,23:00,02:00,Single line working only,Yes
BZA-MAS,2026-08-12,23:00,02:00,Reduced window due to festival traffic,No
BZA-MAS,2026-08-13,23:00,02:00,"No block during peak hours 06:00-10:00,17:00-21:00",No
BZA-MAS,2026-08-14,23:00,02:00,Single line working only,No
BZA-MAS,2026-08-15,23:00,03:00,Single line working only,No
BZA-MAS,2026-08-16,23:00,03:00,Max 1 block per night,Yes
BZA-MAS,2026-08-17,23:00,02:00,"No block during peak hours 06:00-10:00,17:00-21:00",Yes
BZA-MAS,2026-08-18,23:00,02:00,Max 1 block per night,No
BZA-MAS,2026-08-19,23:00,02:00,"No block during peak hours 06:00-10:00,17:00-21:00",No
BZA-MAS,2026-08-20,23:00,02:00,Max 1 block per night,No
BZA-MAS,2026-08-21,23:00,02:00,"No block during peak hours 06:00-10:00,17:00-21:00",Yes
BZA-MAS,2026-08-22,23:00,03:00,No restriction,No
BZA-MAS,2026-08-23,23:00,03:00,Single line working only,Yes
BZA-MAS,2026-08-24,23:00,02:00,"No block during peak hours 06:00-10:00,17:00-21:00",Yes
BZA-MAS,2026-08-25,23:00,02:00,Single line working only,Yes
BZA-MAS,2026-08-26,23:00,02:00,"No block during peak hours 06:00-10:00,17:00-21:00",No
BZA-MAS,2026-08-27,23:00,02:00,"No block during peak hours 06:00-10:00,17:00-21:00",Yes
BZA-MAS,2026-08-28,23:00,02:00,"No block during peak hours 06:00-10:00,17:00-21:00",No
BZA-MAS,2026-08-29,23:00,03:00,Block suspended - VIP movement,No
BZA-MAS,2026-08-30,23:00,03:00,Single line working only,Yes
BZA-MAS,2026-08-31,23:00,02:00,Single line working only,Yes
BZA-MAS,2026-09-01,23:00,02:00,Block suspended - VIP movement,Yes
BZA-MAS,2026-09-02,23:00,02:00,Max 1 block per night,No
BZA-MAS,2026-09-03,23:00,02:00,"No block during peak hours 06:00-10:00,17:00-21:00",Yes
BZA-MAS,2026-09-04,23:00,02:00,Single line working only,Yes
BZA-MAS,2026-09-05,23:00,03:00,Single line working only,Yes
BZA-MAS,2026-09-06,23:00,03:00,Max 1 block per night,No
BZA-MAS,2026-09-07,23:00,02:00,Single line working only,Yes
BZA-MAS,2026-09-08,23:00,02:00,"No block during peak hours 06:00-10:00,17:00-21:00",Yes
BZA-MAS,2026-09-09,23:00,02:00,No restriction,Yes
BZA-MAS,2026-09-10,23:00,02:00,Single line working only,No
BZA-MAS,2026-09-11,23:00,02:00,No restriction,Yes
BZA-MAS,2026-09-12,23:00,03:00,Single line working only,No
BZA-MAS,2026-09-13,23:00,03:00,Reduced window due to festival traffic,Yes
BZA-MAS,2026-09-14,23:00,02:00,"No block during peak hours 06:00-10:00,17:00-21:00",No
BZA-MAS,2026-09-15,23:00,02:00,"No block during peak hours 06:00-10:00,17:00-21:00",No
BZA-MAS,2026-09-16,23:00,02:00,Max 1 block per night,No
BZA-MAS,2026-09-17,23:00,02:00,Max 1 block per night,No
BZA-MAS,2026-09-18,23:00,02:00,Single line working only,No
BZA-MAS,2026-09-19,23:00,03:00,No restriction,Yes
BZA-MAS,2026-09-20,23:00,03:00,Max 1 block per night,Yes
BZA-MAS,2026-09-21,23:00,02:00,Max 1 block per night,Yes
BZA-MAS,2026-09-22,23:00,02:00,Reduced window due to festival traffic,No
BZA-MAS,2026-09-23,23:00,02:00,Block suspended - VIP movement,Yes
BZA-MAS,2026-09-24,23:00,02:00,Single line working only,Yes
BZA-MAS,2026-09-25,23:00,02:00,Max 1 block per night,No
BZA-MAS,2026-09-26,23:00,03:00,Max 1 block per night,No
BZA-MAS,2026-09-27,23:00,03:00,Reduced window due to festival traffic,No
BZA-MAS,2026-09-28,23:00,02:00,"No block during peak hours 06:00-10:00,17:00-21:00",Yes
BZA-MAS,2026-09-29,23:00,02:00,Single line working only,Yes
BZA-MAS,2026-09-30,23:00,02:00,Reduced window due to festival traffic,No
BZA-MAS,2026-10-01,23:00,02:00,"No block during peak hours 06:00-10:00,17:00-21:00",No
BZA-MAS,2026-10-02,23:00,02:00,Single line working only,No
BZA-MAS,2026-10-03,23:00,03:00,"No block during peak hours 06:00-10:00,17:00-21:00",Yes
BZA-MAS,2026-10-04,23:00,03:00,"No block during peak hours 06:00-10:00,17:00-21:00",Yes
BZA-MAS,2026-10-05,23:00,02:00,"No block during peak hours 06:00-10:00,17:00-21:00",Yes
BZA-MAS,2026-10-06,23:00,02:00,No restriction,Yes
BZA-MAS,2026-10-07,23:00,02:00,"No block during peak hours 06:00-10:00,17:00-21:00",Yes
BZA-MAS,2026-10-08,23:00,02:00,Block suspended - VIP movement,No
BZA-MAS,2026-10-09,23:00,02:00,"No block during peak hours 06:00-10:00,17:00-21:00",Yes
BZA-MAS,2026-10-10,23:00,03:00,"No block during peak hours 06:00-10:00,17:00-21:00",Yes
BZA-MAS,2026-10-11,23:00,03:00,Max 1 block per night,No
BZA-MAS,2026-10-12,23:00,02:00,Block suspended - VIP movement,Yes
BZA-MAS,2026-10-13,23:00,02:00,Max 1 block per night,Yes
BZA-MAS,2026-10-14,23:00,02:00,"No block during peak hours 06:00-10:00,17:00-21:00",Yes
BZA-MAS,2026-10-15,23:00,02:00,Max 1 block per night,No
BZA-MAS,2026-10-16,23:00,02:00,"No block during peak hours 06:00-10:00,17:00-21:00",Yes
BZA-MAS,2026-10-17,23:00,03:00,"No block during peak hours 06:00-10:00,17:00-21:00",Yes
BZA-MAS,2026-10-18,23:00,03:00,No restriction,Yes
BZA-MAS,2026-10-19,23:00,02:00,Reduced window due to festival traffic,Yes
BZA-MAS,2026-10-20,23:00,02:00,"No block during peak hours 06:00-10:00,17:00-21:00",No
BZA-MAS,2026-10-21,23:00,02:00,No restriction,No
BZA-MAS,2026-10-22,23:00,02:00,"No block during peak hours 06:00-10:00,17:00-21:00",Yes
BZA-MAS,2026-10-23,23:00,02:00,Single line working only,No
BZA-MAS,2026-10-24,23:00,03:00,Single line working only,No
BZA-MAS,2026-10-25,23:00,03:00,"No block during peak hours 06:00-10:00,17:00-21:00",Yes
BZA-MAS,2026-10-26,23:00,02:00,"No block during peak hours 06:00-10:00,17:00-21:00",No
BZA-MAS,2026-10-27,23:00,02:00,Single line working only,Yes
BZA-MAS,2026-10-28,23:00,02:00,"No block during peak hours 06:00-10:00,17:00-21:00",No
BZA-MAS,2026-10-29,23:00,02:00,Max 1 block per night,No
BZA-MAS,2026-10-30,23:00,02:00,Single line working only,No
BZA-MAS,2026-10-31,23:00,03:00,No restriction,No
BZA-MAS,2026-11-01,23:00,03:00,"No block during peak hours 06:00-10:00,17:00-21:00",Yes
BZA-MAS,2026-11-02,23:00,02:00,"No block during peak hours 06:00-10:00,17:00-21:00",Yes
BZA-MAS,2026-11-03,23:00,02:00,"No block during peak hours 06:00-10:00,17:00-21:00",Yes
BZA-MAS,2026-11-04,23:00,02:00,Reduced window due to festival traffic,Yes
BZA-MAS,2026-11-05,23:00,02:00,Single line working only,Yes
BZA-MAS,2026-11-06,23:00,02:00,Max 1 block per night,No
BZA-MAS,2026-11-07,23:00,03:00,"No block during peak hours 06:00-10:00,17:00-21:00",No
BZA-MAS,2026-11-08,23:00,03:00,Reduced window due to festival traffic,No
BZA-MAS,2026-11-09,23:00,02:00,"No block during peak hours 06:00-10:00,17:00-21:00",No
BZA-MAS,2026-11-10,23:00,02:00,Single line working only,Yes
BZA-MAS,2026-11-11,23:00,02:00,Max 1 block per night,Yes
BZA-MAS,2026-11-12,23:00,02:00,"No block during peak hours 06:00-10:00,17:00-21:00",Yes
BZA-MAS,2026-11-13,23:00,02:00,Single line working only,Yes
BZA-MAS,2026-11-14,23:00,03:00,Max 1 block per night,No
BZA-MAS,2026-11-15,23:00,03:00,"No block during peak hours 06:00-10:00,17:00-21:00",Yes
BZA-MAS,2026-11-16,23:00,02:00,"No block during peak hours 06:00-10:00,17:00-21:00",Yes
BZA-MAS,2026-11-17,23:00,02:00,"No block during peak hours 06:00-10:00,17:00-21:00",No
BZA-MAS,2026-11-18,23:00,02:00,Max 1 block per night,Yes
BZA-MAS,2026-11-19,23:00,02:00,No restriction,Yes
BZA-MAS,2026-11-20,23:00,02:00,Reduced window due to festival traffic,Yes
BZA-MAS,2026-11-21,23:00,03:00,Max 1 block per night,No
BZA-MAS,2026-11-22,23:00,03:00,Max 1 block per night,No
BZA-MAS,2026-11-23,23:00,02:00,"No block during peak hours 06:00-10:00,17:00-21:00",Yes
BZA-MAS,2026-11-24,23:00,02:00,Max 1 block per night,Yes
BZA-MAS,2026-11-25,23:00,02:00,Max 1 block per night,Yes
BZA-MAS,2026-11-26,23:00,02:00,Single line working only,No
BZA-MAS,2026-11-27,23:00,02:00,"No block during peak hours 06:00-10:00,17:00-21:00",Yes
BZA-MAS,2026-11-28,23:00,03:00,Single line working only,No
BZA-MAS,2026-11-29,23:00,03:00,Max 1 block per night,No
BZA-MAS,2026-11-30,23:00,02:00,Max 1 block per night,No
BZA-MAS,2026-12-01,23:00,02:00,Reduced window due to festival traffic,No
BZA-MAS,2026-12-02,23:00,02:00,Single line working only,Yes
BZA-MAS,2026-12-03,23:00,02:00,"No block during peak hours 06:00-10:00,17:00-21:00",No
BZA-MAS,2026-12-04,23:00,02:00,Single line working only,Yes
BZA-MAS,2026-12-05,23:00,03:00,Single line working only,No
BZA-MAS,2026-12-06,23:00,03:00,"No block during peak hours 06:00-10:00,17:00-21:00",Yes
BZA-MAS,2026-12-07,23:00,02:00,Reduced window due to festival traffic,No
BZA-MAS,2026-12-08,23:00,02:00,Max 1 block per night,Yes
BZA-MAS,2026-12-09,23:00,02:00,"No block during peak hours 06:00-10:00,17:00-21:00",No
BZA-MAS,2026-12-10,23:00,02:00,"No block during peak hours 06:00-10:00,17:00-21:00",No
BZA-MAS,2026-12-11,23:00,02:00,No restriction,No
BZA-MAS,2026-12-12,23:00,03:00,Single line working only,Yes
BZA-MAS,2026-12-13,23:00,03:00,Reduced window due to festival traffic,Yes
BZA-MAS,2026-12-14,23:00,02:00,"No block during peak hours 06:00-10:00,17:00-21:00",No
BZA-MAS,2026-12-15,23:00,02:00,Single line working only,No
BZA-MAS,2026-12-16,23:00,02:00,"No block during peak hours 06:00-10:00,17:00-21:00",No
BZA-MAS,2026-12-17,23:00,02:00,Max 1 block per night,Yes
BZA-MAS,2026-12-18,23:00,02:00,"No block during peak hours 06:00-10:00,17:00-21:00",Yes
BZA-MAS,2026-12-19,23:00,03:00,Max 1 block per night,No
BZA-MAS,2026-12-20,23:00,03:00,Reduced window due to festival traffic,Yes
BZA-MAS,2026-12-21,23:00,02:00,Max 1 block per night,No
BZA-MAS,2026-12-22,23:00,02:00,Max 1 block per night,Yes
BZA-MAS,2026-12-23,23:00,02:00,Max 1 block per night,No
BZA-MAS,2026-12-24,23:00,02:00,"No block during peak hours 06:00-10:00,17:00-21:00",No
BZA-MAS,2026-12-25,23:00,02:00,Single line working only,Yes
BZA-MAS,2026-12-26,23:00,03:00,Single line working only,Yes
BZA-MAS,2026-12-27,23:00,03:00,"No block during peak hours 06:00-10:00,17:00-21:00",No
BZA-MAS,2026-12-28,23:00,02:00,"No block during peak hours 06:00-10:00,17:00-21:00",No
BZA-MAS,2026-12-29,23:00,02:00,Reduced window due to festival traffic,No
BZA-MAS,2026-12-30,23:00,02:00,"No block during peak hours 06:00-10:00,17:00-21:00",Yes
BZA-MAS,2026-12-31,23:00,02:00,"No block during peak hours 06:00-10:00,17:00-21:00",No
MAS-JTJ,2026-01-01,23:00,03:00,"No block during peak hours 06:00-10:00,17:00-21:00",No
MAS-JTJ,2026-01-02,23:00,03:00,No restriction,Yes
MAS-JTJ,2026-01-03,23:00,04:00,"No block during peak hours 06:00-10:00,17:00-21:00",No
MAS-JTJ,2026-01-04,23:00,04:00,Single line working only,Yes
MAS-JTJ,2026-01-05,23:00,03:00,No restriction,Yes
MAS-JTJ,2026-01-06,23:00,03:00,No restriction,No
MAS-JTJ,2026-01-07,23:00,03:00,Reduced window due to festival traffic,Yes
MAS-JTJ,2026-01-08,23:00,03:00,No restriction,No
MAS-JTJ,2026-01-09,23:00,03:00,Reduced window due to festival traffic,No
MAS-JTJ,2026-01-10,23:00,04:00,Max 1 block per night,Yes
MAS-JTJ,2026-01-11,23:00,04:00,Max 1 block per night,No
MAS-JTJ,2026-01-12,23:00,03:00,No restriction,No
MAS-JTJ,2026-01-13,23:00,03:00,"No block during peak hours 06:00-10:00,17:00-21:00",No
MAS-JTJ,2026-01-14,23:00,03:00,Reduced window due to festival traffic,Yes
MAS-JTJ,2026-01-15,23:00,03:00,Single line working only,Yes
MAS-JTJ,2026-01-16,23:00,03:00,"No block during peak hours 06:00-10:00,17:00-21:00",Yes
MAS-JTJ,2026-01-17,23:00,04:00,No restriction,Yes
MAS-JTJ,2026-01-18,23:00,04:00,No restriction,Yes
MAS-JTJ,2026-01-19,23:00,03:00,No restriction,Yes
MAS-JTJ,2026-01-20,23:00,03:00,Single line working only,No
MAS-JTJ,2026-01-21,23:00,03:00,No restriction,Yes
MAS-JTJ,2026-01-22,23:00,03:00,"No block during peak hours 06:00-10:00,17:00-21:00",No
MAS-JTJ,2026-01-23,23:00,03:00,Single line working only,No
MAS-JTJ,2026-01-24,23:00,04:00,"No block during peak hours 06:00-10:00,17:00-21:00",No
MAS-JTJ,2026-01-25,23:00,04:00,Max 1 block per night,Yes
MAS-JTJ,2026-01-26,23:00,03:00,"No block during peak hours 06:00-10:00,17:00-21:00",No
MAS-JTJ,2026-01-27,23:00,03:00,"No block during peak hours 06:00-10:00,17:00-21:00",No
MAS-JTJ,2026-01-28,23:00,03:00,"No block during peak hours 06:00-10:00,17:00-21:00",No
MAS-JTJ,2026-01-29,23:00,03:00,Max 1 block per night,No
MAS-JTJ,2026-01-30,23:00,03:00,Block suspended - VIP movement,Yes
MAS-JTJ,2026-01-31,23:00,04:00,Max 1 block per night,No
MAS-JTJ,2026-02-01,23:00,04:00,"No block during peak hours 06:00-10:00,17:00-21:00",Yes
MAS-JTJ,2026-02-02,23:00,03:00,"No block during peak hours 06:00-10:00,17:00-21:00",No
MAS-JTJ,2026-02-03,23:00,03:00,Single line working only,Yes
MAS-JTJ,2026-02-04,23:00,03:00,Max 1 block per night,Yes
MAS-JTJ,2026-02-05,23:00,03:00,"No block during peak hours 06:00-10:00,17:00-21:00",Yes
MAS-JTJ,2026-02-06,23:00,03:00,"No block during peak hours 06:00-10:00,17:00-21:00",No
MAS-JTJ,2026-02-07,23:00,04:00,Max 1 block per night,No
MAS-JTJ,2026-02-08,23:00,04:00,Single line working only,No
MAS-JTJ,2026-02-09,23:00,03:00,"No block during peak hours 06:00-10:00,17:00-21:00",No
MAS-JTJ,2026-02-10,23:00,03:00,"No block during peak hours 06:00-10:00,17:00-21:00",Yes
MAS-JTJ,2026-02-11,23:00,03:00,Single line working only,No
MAS-JTJ,2026-02-12,23:00,03:00,Single line working only,No
MAS-JTJ,2026-02-13,23:00,03:00,"No block during peak hours 06:00-10:00,17:00-21:00",Yes
MAS-JTJ,2026-02-14,23:00,04:00,Single line working only,Yes
MAS-JTJ,2026-02-15,23:00,04:00,No restriction,No
MAS-JTJ,2026-02-16,23:00,03:00,"No block during peak hours 06:00-10:00,17:00-21:00",Yes
MAS-JTJ,2026-02-17,23:00,03:00,Max 1 block per night,No
MAS-JTJ,2026-02-18,23:00,03:00,"No block during peak hours 06:00-10:00,17:00-21:00",No
MAS-JTJ,2026-02-19,23:00,03:00,Block suspended - VIP movement,No
MAS-JTJ,2026-02-20,23:00,03:00,No restriction,Yes
MAS-JTJ,2026-02-21,23:00,04:00,Max 1 block per night,Yes
MAS-JTJ,2026-02-22,23:00,04:00,Max 1 block per night,No
MAS-JTJ,2026-02-23,23:00,03:00,Max 1 block per night,No
MAS-JTJ,2026-02-24,23:00,03:00,No restriction,Yes
MAS-JTJ,2026-02-25,23:00,03:00,Single line working only,No
MAS-JTJ,2026-02-26,23:00,03:00,Max 1 block per night,Yes
MAS-JTJ,2026-02-27,23:00,03:00,Block suspended - VIP movement,Yes
MAS-JTJ,2026-02-28,23:00,04:00,Single line working only,Yes
MAS-JTJ,2026-03-01,23:00,04:00,Single line working only,Yes
MAS-JTJ,2026-03-02,23:00,03:00,"No block during peak hours 06:00-10:00,17:00-21:00",No
MAS-JTJ,2026-03-03,23:00,03:00,No restriction,No
MAS-JTJ,2026-03-04,23:00,03:00,"No block during peak hours 06:00-10:00,17:00-21:00",No
MAS-JTJ,2026-03-05,23:00,03:00,"No block during peak hours 06:00-10:00,17:00-21:00",No
MAS-JTJ,2026-03-06,23:00,03:00,"No block during peak hours 06:00-10:00,17:00-21:00",No
MAS-JTJ,2026-03-07,23:00,04:00,"No block during peak hours 06:00-10:00,17:00-21:00",Yes
MAS-JTJ,2026-03-08,23:00,04:00,Block suspended - VIP movement,Yes
MAS-JTJ,2026-03-09,23:00,03:00,No restriction,Yes
MAS-JTJ,2026-03-10,23:00,03:00,No restriction,Yes
MAS-JTJ,2026-03-11,23:00,03:00,No restriction,No
MAS-JTJ,2026-03-12,23:00,03:00,Block suspended - VIP movement,Yes
MAS-JTJ,2026-03-13,23:00,03:00,Single line working only,No
MAS-JTJ,2026-03-14,23:00,04:00,No restriction,Yes
MAS-JTJ,2026-03-15,23:00,04:00,Block suspended - VIP movement,No
MAS-JTJ,2026-03-16,23:00,03:00,"No block during peak hours 06:00-10:00,17:00-21:00",No
MAS-JTJ,2026-03-17,23:00,03:00,Max 1 block per night,No
MAS-JTJ,2026-03-18,23:00,03:00,"No block during peak hours 06:00-10:00,17:00-21:00",Yes
MAS-JTJ,2026-03-19,23:00,03:00,Single line working only,No
MAS-JTJ,2026-03-20,23:00,03:00,"No block during peak hours 06:00-10:00,17:00-21:00",No
MAS-JTJ,2026-03-21,23:00,04:00,"No block during peak hours 06:00-10:00,17:00-21:00",Yes
MAS-JTJ,2026-03-22,23:00,04:00,"No block during peak hours 06:00-10:00,17:00-21:00",No
MAS-JTJ,2026-03-23,23:00,03:00,Block suspended - VIP movement,No
MAS-JTJ,2026-03-24,23:00,03:00,No restriction,No
MAS-JTJ,2026-03-25,23:00,03:00,Max 1 block per night,No
MAS-JTJ,2026-03-26,23:00,03:00,"No block during peak hours 06:00-10:00,17:00-21:00",No
MAS-JTJ,2026-03-27,23:00,03:00,No restriction,No
MAS-JTJ,2026-03-28,23:00,04:00,No restriction,No
MAS-JTJ,2026-03-29,23:00,04:00,Single line working only,No
MAS-JTJ,2026-03-30,23:00,03:00,No restriction,Yes
MAS-JTJ,2026-03-31,23:00,03:00,Reduced window due to festival traffic,No
MAS-JTJ,2026-04-01,23:00,03:00,"No block during peak hours 06:00-10:00,17:00-21:00",No
MAS-JTJ,2026-04-02,23:00,03:00,"No block during peak hours 06:00-10:00,17:00-21:00",Yes
MAS-JTJ,2026-04-03,23:00,03:00,Single line working only,Yes
MAS-JTJ,2026-04-04,23:00,04:00,Max 1 block per night,No
MAS-JTJ,2026-04-05,23:00,04:00,"No block during peak hours 06:00-10:00,17:00-21:00",Yes
MAS-JTJ,2026-04-06,23:00,03:00,Max 1 block per night,No
MAS-JTJ,2026-04-07,23:00,03:00,No restriction,No
MAS-JTJ,2026-04-08,23:00,03:00,"No block during peak hours 06:00-10:00,17:00-21:00",No
MAS-JTJ,2026-04-09,23:00,03:00,"No block during peak hours 06:00-10:00,17:00-21:00",No
MAS-JTJ,2026-04-10,23:00,03:00,Max 1 block per night,Yes
MAS-JTJ,2026-04-11,23:00,04:00,Single line working only,Yes
MAS-JTJ,2026-04-12,23:00,04:00,"No block during peak hours 06:00-10:00,17:00-21:00",No
MAS-JTJ,2026-04-13,23:00,03:00,Max 1 block per night,No
MAS-JTJ,2026-04-14,23:00,03:00,"No block during peak hours 06:00-10:00,17:00-21:00",No
MAS-JTJ,2026-04-15,23:00,03:00,Max 1 block per night,No
MAS-JTJ,2026-04-16,23:00,03:00,No restriction,No
MAS-JTJ,2026-04-17,23:00,03:00,Max 1 block per night,Yes
MAS-JTJ,2026-04-18,23:00,04:00,Max 1 block per night,Yes
MAS-JTJ,2026-04-19,23:00,04:00,Single line working only,Yes
MAS-JTJ,2026-04-20,23:00,03:00,Block suspended - VIP movement,No
MAS-JTJ,2026-04-21,23:00,03:00,"No block during peak hours 06:00-10:00,17:00-21:00",Yes
MAS-JTJ,2026-04-22,23:00,03:00,Single line working only,Yes
MAS-JTJ,2026-04-23,23:00,03:00,Block suspended - VIP movement,No
MAS-JTJ,2026-04-24,23:00,03:00,Max 1 block per night,Yes
MAS-JTJ,2026-04-25,23:00,04:00,No restriction,No
MAS-JTJ,2026-04-26,23:00,04:00,Reduced window due to festival traffic,No
MAS-JTJ,2026-04-27,23:00,03:00,Single line working only,Yes
MAS-JTJ,2026-04-28,23:00,03:00,"No block during peak hours 06:00-10:00,17:00-21:00",Yes
MAS-JTJ,2026-04-29,23:00,03:00,Max 1 block per night,No
MAS-JTJ,2026-04-30,23:00,03:00,"No block during peak hours 06:00-10:00,17:00-21:00",No
MAS-JTJ,2026-05-01,23:00,03:00,No restriction,No
MAS-JTJ,2026-05-02,23:00,04:00,Single line working only,Yes
MAS-JTJ,2026-05-03,23:00,04:00,Max 1 block per night,No
MAS-JTJ,2026-05-04,23:00,03:00,"No block during peak hours 06:00-10:00,17:00-21:00",No
MAS-JTJ,2026-05-05,23:00,03:00,Max 1 block per night,No
MAS-JTJ,2026-05-06,23:00,03:00,Single line working only,No
MAS-JTJ,2026-05-07,23:00,03:00,"No block during peak hours 06:00-10:00,17:00-21:00",No
MAS-JTJ,2026-05-08,23:00,03:00,"No block during peak hours 06:00-10:00,17:00-21:00",Yes
MAS-JTJ,2026-05-09,23:00,04:00,Reduced window due to festival traffic,No
MAS-JTJ,2026-05-10,23:00,04:00,Max 1 block per night,Yes
MAS-JTJ,2026-05-11,23:00,03:00,Single line working only,No
MAS-JTJ,2026-05-12,23:00,03:00,Single line working only,No
MAS-JTJ,2026-05-13,23:00,03:00,No restriction,Yes
MAS-JTJ,2026-05-14,23:00,03:00,No restriction,No
MAS-JTJ,2026-05-15,23:00,03:00,Max 1 block per night,No
MAS-JTJ,2026-05-16,23:00,04:00,No restriction,Yes
MAS-JTJ,2026-05-17,23:00,04:00,Max 1 block per night,Yes
MAS-JTJ,2026-05-18,23:00,03:00,"No block during peak hours 06:00-10:00,17:00-21:00",No
MAS-JTJ,2026-05-19,23:00,03:00,No restriction,Yes
MAS-JTJ,2026-05-20,23:00,03:00,Block suspended - VIP movement,Yes
MAS-JTJ,2026-05-21,23:00,03:00,Single line working only,No
MAS-JTJ,2026-05-22,23:00,03:00,"No block during peak hours 06:00-10:00,17:00-21:00",No
MAS-JTJ,2026-05-23,23:00,04:00,Reduced window due to festival traffic,No
MAS-JTJ,2026-05-24,23:00,04:00,"No block during peak hours 06:00-10:00,17:00-21:00",Yes
MAS-JTJ,2026-05-25,23:00,03:00,"No block during peak hours 06:00-10:00,17:00-21:00",Yes
MAS-JTJ,2026-05-26,23:00,03:00,"No block during peak hours 06:00-10:00,17:00-21:00",No
MAS-JTJ,2026-05-27,23:00,03:00,"No block during peak hours 06:00-10:00,17:00-21:00",Yes
MAS-JTJ,2026-05-28,23:00,03:00,Max 1 block per night,No
MAS-JTJ,2026-05-29,23:00,03:00,"No block during peak hours 06:00-10:00,17:00-21:00",Yes
MAS-JTJ,2026-05-30,23:00,04:00,No restriction,No
MAS-JTJ,2026-05-31,23:00,04:00,"No block during peak hours 06:00-10:00,17:00-21:00",No
MAS-JTJ,2026-06-01,23:00,03:00,Max 1 block per night,No
MAS-JTJ,2026-06-02,23:00,03:00,"No block during peak hours 06:00-10:00,17:00-21:00",No
MAS-JTJ,2026-06-03,23:00,03:00,Max 1 block per night,Yes
MAS-JTJ,2026-06-04,23:00,03:00,No restriction,No
MAS-JTJ,2026-06-05,23:00,03:00,No restriction,No
MAS-JTJ,2026-06-06,23:00,04:00,Max 1 block per night,Yes
MAS-JTJ,2026-06-07,23:00,04:00,Reduced window due to festival traffic,Yes
MAS-JTJ,2026-06-08,23:00,03:00,"No block during peak hours 06:00-10:00,17:00-21:00",Yes
MAS-JTJ,2026-06-09,23:00,03:00,Single line working only,Yes
MAS-JTJ,2026-06-10,23:00,03:00,Single line working only,No
MAS-JTJ,2026-06-11,23:00,03:00,"No block during peak hours 06:00-10:00,17:00-21:00",No
MAS-JTJ,2026-06-12,23:00,03:00,Block suspended - VIP movement,No
MAS-JTJ,2026-06-13,23:00,04:00,No restriction,Yes
MAS-JTJ,2026-06-14,23:00,04:00,No restriction,No
MAS-JTJ,2026-06-15,23:00,03:00,No restriction,Yes
MAS-JTJ,2026-06-16,23:00,03:00,No restriction,No
MAS-JTJ,2026-06-17,23:00,03:00,Reduced window due to festival traffic,Yes
MAS-JTJ,2026-06-18,23:00,03:00,Single line working only,Yes
MAS-JTJ,2026-06-19,23:00,03:00,"No block during peak hours 06:00-10:00,17:00-21:00",No
MAS-JTJ,2026-06-20,23:00,04:00,"No block during peak hours 06:00-10:00,17:00-21:00",No
MAS-JTJ,2026-06-21,23:00,04:00,"No block during peak hours 06:00-10:00,17:00-21:00",No
MAS-JTJ,2026-06-22,23:00,03:00,No restriction,No
MAS-JTJ,2026-06-23,23:00,03:00,No restriction,No
MAS-JTJ,2026-06-24,23:00,03:00,Max 1 block per night,Yes
MAS-JTJ,2026-06-25,23:00,03:00,Single line working only,No
MAS-JTJ,2026-06-26,23:00,03:00,Max 1 block per night,No
MAS-JTJ,2026-06-27,23:00,04:00,"No block during peak hours 06:00-10:00,17:00-21:00",No
MAS-JTJ,2026-06-28,23:00,04:00,Single line working only,No
MAS-JTJ,2026-06-29,23:00,03:00,Reduced window due to festival traffic,No
MAS-JTJ,2026-06-30,23:00,03:00,Max 1 block per night,No
MAS-JTJ,2026-07-01,23:00,03:00,No restriction,Yes
MAS-JTJ,2026-07-02,23:00,03:00,Reduced window due to festival traffic,No
MAS-JTJ,2026-07-03,23:00,03:00,Single line working only,No
MAS-JTJ,2026-07-04,23:00,04:00,Max 1 block per night,No
MAS-JTJ,2026-07-05,23:00,04:00,"No block during peak hours 06:00-10:00,17:00-21:00",Yes
MAS-JTJ,2026-07-06,23:00,03:00,Max 1 block per night,Yes
MAS-JTJ,2026-07-07,23:00,03:00,Reduced window due to festival traffic,No
MAS-JTJ,2026-07-08,23:00,03:00,No restriction,No
MAS-JTJ,2026-07-09,23:00,03:00,"No block during peak hours 06:00-10:00,17:00-21:00",Yes
MAS-JTJ,2026-07-10,23:00,03:00,Max 1 block per night,Yes
MAS-JTJ,2026-07-11,23:00,04:00,"No block during peak hours 06:00-10:00,17:00-21:00",Yes
MAS-JTJ,2026-07-12,23:00,04:00,"No block during peak hours 06:00-10:00,17:00-21:00",No
MAS-JTJ,2026-07-13,23:00,03:00,Single line working only,Yes
MAS-JTJ,2026-07-14,23:00,03:00,Max 1 block per night,Yes
MAS-JTJ,2026-07-15,23:00,03:00,"No block during peak hours 06:00-10:00,17:00-21:00",No
MAS-JTJ,2026-07-16,23:00,03:00,Block suspended - VIP movement,No
MAS-JTJ,2026-07-17,23:00,03:00,Reduced window due to festival traffic,No
MAS-JTJ,2026-07-18,23:00,04:00,Single line working only,Yes
MAS-JTJ,2026-07-19,23:00,04:00,"No block during peak hours 06:00-10:00,17:00-21:00",Yes
MAS-JTJ,2026-07-20,23:00,03:00,Single line working only,Yes
MAS-JTJ,2026-07-21,23:00,03:00,No restriction,Yes
MAS-JTJ,2026-07-22,23:00,03:00,"No block during peak hours 06:00-10:00,17:00-21:00",No
MAS-JTJ,2026-07-23,23:00,03:00,Single line working only,Yes
MAS-JTJ,2026-07-24,23:00,03:00,"No block during peak hours 06:00-10:00,17:00-21:00",No
MAS-JTJ,2026-07-25,23:00,04:00,No restriction,No
MAS-JTJ,2026-07-26,23:00,04:00,Block suspended - VIP movement,Yes
MAS-JTJ,2026-07-27,23:00,03:00,No restriction,No
MAS-JTJ,2026-07-28,23:00,03:00,Max 1 block per night,No
MAS-JTJ,2026-07-29,23:00,03:00,"No block during peak hours 06:00-10:00,17:00-21:00",No
MAS-JTJ,2026-07-30,23:00,03:00,Single line working only,Yes
MAS-JTJ,2026-07-31,23:00,03:00,Reduced window due to festival traffic,Yes
MAS-JTJ,2026-08-01,23:00,04:00,No restriction,No
MAS-JTJ,2026-08-02,23:00,04:00,Single line working only,No
MAS-JTJ,2026-08-03,23:00,03:00,Single line working only,Yes
MAS-JTJ,2026-08-04,23:00,03:00,Single line working only,No
MAS-JTJ,2026-08-05,23:00,03:00,"No block during peak hours 06:00-10:00,17:00-21:00",Yes
MAS-JTJ,2026-08-06,23:00,03:00,No restriction,Yes
MAS-JTJ,2026-08-07,23:00,03:00,"No block during peak hours 06:00-10:00,17:00-21:00",No
MAS-JTJ,2026-08-08,23:00,04:00,"No block during peak hours 06:00-10:00,17:00-21:00",No
MAS-JTJ,2026-08-09,23:00,04:00,No restriction,Yes
MAS-JTJ,2026-08-10,23:00,03:00,No restriction,Yes
MAS-JTJ,2026-08-11,23:00,03:00,No restriction,No
MAS-JTJ,2026-08-12,23:00,03:00,"No block during peak hours 06:00-10:00,17:00-21:00",Yes
MAS-JTJ,2026-08-13,23:00,03:00,No restriction,Yes
MAS-JTJ,2026-08-14,23:00,03:00,"No block during peak hours 06:00-10:00,17:00-21:00",Yes
MAS-JTJ,2026-08-15,23:00,04:00,Single line working only,Yes
MAS-JTJ,2026-08-16,23:00,04:00,"No block during peak hours 06:00-10:00,17:00-21:00",No
MAS-JTJ,2026-08-17,23:00,03:00,Max 1 block per night,No
MAS-JTJ,2026-08-18,23:00,03:00,"No block during peak hours 06:00-10:00,17:00-21:00",No
MAS-JTJ,2026-08-19,23:00,03:00,Max 1 block per night,No
MAS-JTJ,2026-08-20,23:00,03:00,Max 1 block per night,Yes
MAS-JTJ,2026-08-21,23:00,03:00,"No block during peak hours 06:00-10:00,17:00-21:00",No
MAS-JTJ,2026-08-22,23:00,04:00,Max 1 block per night,Yes
MAS-JTJ,2026-08-23,23:00,04:00,No restriction,No
MAS-JTJ,2026-08-24,23:00,03:00,Max 1 block per night,No
MAS-JTJ,2026-08-25,23:00,03:00,No restriction,No
MAS-JTJ,2026-08-26,23:00,03:00,"No block during peak hours 06:00-10:00,17:00-21:00",Yes
MAS-JTJ,2026-08-27,23:00,03:00,Single line working only,No
MAS-JTJ,2026-08-28,23:00,03:00,"No block during peak hours 06:00-10:00,17:00-21:00",Yes
MAS-JTJ,2026-08-29,23:00,04:00,Max 1 block per night,Yes
MAS-JTJ,2026-08-30,23:00,04:00,Max 1 block per night,No
MAS-JTJ,2026-08-31,23:00,03:00,Single line working only,No
MAS-JTJ,2026-09-01,23:00,03:00,Max 1 block per night,Yes
MAS-JTJ,2026-09-02,23:00,03:00,Max 1 block per night,No
MAS-JTJ,2026-09-03,23:00,03:00,"No block during peak hours 06:00-10:00,17:00-21:00",No
MAS-JTJ,2026-09-04,23:00,03:00,Max 1 block per night,Yes
MAS-JTJ,2026-09-05,23:00,04:00,No restriction,No
MAS-JTJ,2026-09-06,23:00,04:00,Single line working only,No
MAS-JTJ,2026-09-07,23:00,03:00,"No block during peak hours 06:00-10:00,17:00-21:00",No
MAS-JTJ,2026-09-08,23:00,03:00,"No block during peak hours 06:00-10:00,17:00-21:00",Yes
MAS-JTJ,2026-09-09,23:00,03:00,"No block during peak hours 06:00-10:00,17:00-21:00",Yes
MAS-JTJ,2026-09-10,23:00,03:00,Max 1 block per night,No
MAS-JTJ,2026-09-11,23:00,03:00,Single line working only,Yes
MAS-JTJ,2026-09-12,23:00,04:00,Block suspended - VIP movement,Yes
MAS-JTJ,2026-09-13,23:00,04:00,"No block during peak hours 06:00-10:00,17:00-21:00",Yes
MAS-JTJ,2026-09-14,23:00,03:00,"No block during peak hours 06:00-10:00,17:00-21:00",No
MAS-JTJ,2026-09-15,23:00,03:00,Block suspended - VIP movement,No
MAS-JTJ,2026-09-16,23:00,03:00,Max 1 block per night,Yes
MAS-JTJ,2026-09-17,23:00,03:00,Single line working only,No
MAS-JTJ,2026-09-18,23:00,03:00,Max 1 block per night,Yes
MAS-JTJ,2026-09-19,23:00,04:00,No restriction,Yes
MAS-JTJ,2026-09-20,23:00,04:00,Max 1 block per night,Yes
MAS-JTJ,2026-09-21,23:00,03:00,Reduced window due to festival traffic,No
MAS-JTJ,2026-09-22,23:00,03:00,Reduced window due to festival traffic,No
MAS-JTJ,2026-09-23,23:00,03:00,Single line working only,Yes
MAS-JTJ,2026-09-24,23:00,03:00,"No block during peak hours 06:00-10:00,17:00-21:00",No
MAS-JTJ,2026-09-25,23:00,03:00,Reduced window due to festival traffic,No
MAS-JTJ,2026-09-26,23:00,04:00,"No block during peak hours 06:00-10:00,17:00-21:00",Yes
MAS-JTJ,2026-09-27,23:00,04:00,"No block during peak hours 06:00-10:00,17:00-21:00",No
MAS-JTJ,2026-09-28,23:00,03:00,Single line working only,No
MAS-JTJ,2026-09-29,23:00,03:00,Max 1 block per night,No
MAS-JTJ,2026-09-30,23:00,03:00,Max 1 block per night,No
MAS-JTJ,2026-10-01,23:00,03:00,Reduced window due to festival traffic,No
MAS-JTJ,2026-10-02,23:00,03:00,Max 1 block per night,No
MAS-JTJ,2026-10-03,23:00,04:00,"No block during peak hours 06:00-10:00,17:00-21:00",Yes
MAS-JTJ,2026-10-04,23:00,04:00,"No block during peak hours 06:00-10:00,17:00-21:00",Yes
MAS-JTJ,2026-10-05,23:00,03:00,"No block during peak hours 06:00-10:00,17:00-21:00",No
MAS-JTJ,2026-10-06,23:00,03:00,Block suspended - VIP movement,No
MAS-JTJ,2026-10-07,23:00,03:00,Single line working only,No
MAS-JTJ,2026-10-08,23:00,03:00,No restriction,No
MAS-JTJ,2026-10-09,23:00,03:00,Max 1 block per night,Yes
MAS-JTJ,2026-10-10,23:00,04:00,Block suspended - VIP movement,No
MAS-JTJ,2026-10-11,23:00,04:00,Single line working only,Yes
MAS-JTJ,2026-10-12,23:00,03:00,"No block during peak hours 06:00-10:00,17:00-21:00",Yes
MAS-JTJ,2026-10-13,23:00,03:00,"No block during peak hours 06:00-10:00,17:00-21:00",No
MAS-JTJ,2026-10-14,23:00,03:00,"No block during peak hours 06:00-10:00,17:00-21:00",Yes
MAS-JTJ,2026-10-15,23:00,03:00,"No block during peak hours 06:00-10:00,17:00-21:00",No
MAS-JTJ,2026-10-16,23:00,03:00,Single line working only,No
MAS-JTJ,2026-10-17,23:00,04:00,Single line working only,No
MAS-JTJ,2026-10-18,23:00,04:00,No restriction,No
MAS-JTJ,2026-10-19,23:00,03:00,"No block during peak hours 06:00-10:00,17:00-21:00",No
MAS-JTJ,2026-10-20,23:00,03:00,Reduced window due to festival traffic,Yes
MAS-JTJ,2026-10-21,23:00,03:00,No restriction,No
MAS-JTJ,2026-10-22,23:00,03:00,"No block during peak hours 06:00-10:00,17:00-21:00",No
MAS-JTJ,2026-10-23,23:00,03:00,Block suspended - VIP movement,Yes
MAS-JTJ,2026-10-24,23:00,04:00,Max 1 block per night,No
MAS-JTJ,2026-10-25,23:00,04:00,"No block during peak hours 06:00-10:00,17:00-21:00",Yes
MAS-JTJ,2026-10-26,23:00,03:00,Single line working only,No
MAS-JTJ,2026-10-27,23:00,03:00,Block suspended - VIP movement,Yes
MAS-JTJ,2026-10-28,23:00,03:00,"No block during peak hours 06:00-10:00,17:00-21:00",Yes
MAS-JTJ,2026-10-29,23:00,03:00,Single line working only,No
MAS-JTJ,2026-10-30,23:00,03:00,"No block during peak hours 06:00-10:00,17:00-21:00",Yes
MAS-JTJ,2026-10-31,23:00,04:00,"No block during peak hours 06:00-10:00,17:00-21:00",No
MAS-JTJ,2026-11-01,23:00,04:00,Block suspended - VIP movement,No
MAS-JTJ,2026-11-02,23:00,03:00,Single line working only,No
MAS-JTJ,2026-11-03,23:00,03:00,"No block during peak hours 06:00-10:00,17:00-21:00",No
MAS-JTJ,2026-11-04,23:00,03:00,Max 1 block per night,Yes
MAS-JTJ,2026-11-05,23:00,03:00,Max 1 block per night,No
MAS-JTJ,2026-11-06,23:00,03:00,Max 1 block per night,No
MAS-JTJ,2026-11-07,23:00,04:00,"No block during peak hours 06:00-10:00,17:00-21:00",Yes
MAS-JTJ,2026-11-08,23:00,04:00,No restriction,Yes
MAS-JTJ,2026-11-09,23:00,03:00,Single line working only,No
MAS-JTJ,2026-11-10,23:00,03:00,Max 1 block per night,No
MAS-JTJ,2026-11-11,23:00,03:00,No restriction,No
MAS-JTJ,2026-11-12,23:00,03:00,Max 1 block per night,Yes
MAS-JTJ,2026-11-13,23:00,03:00,"No block during peak hours 06:00-10:00,17:00-21:00",No
MAS-JTJ,2026-11-14,23:00,04:00,Reduced window due to festival traffic,No
MAS-JTJ,2026-11-15,23:00,04:00,No restriction,No
MAS-JTJ,2026-11-16,23:00,03:00,No restriction,No
MAS-JTJ,2026-11-17,23:00,03:00,"No block during peak hours 06:00-10:00,17:00-21:00",Yes
MAS-JTJ,2026-11-18,23:00,03:00,No restriction,No
MAS-JTJ,2026-11-19,23:00,03:00,"No block during peak hours 06:00-10:00,17:00-21:00",No
MAS-JTJ,2026-11-20,23:00,03:00,Single line working only,No
MAS-JTJ,2026-11-21,23:00,04:00,Single line working only,Yes
MAS-JTJ,2026-11-22,23:00,04:00,No restriction,Yes
MAS-JTJ,2026-11-23,23:00,03:00,Single line working only,Yes
MAS-JTJ,2026-11-24,23:00,03:00,"No block during peak hours 06:00-10:00,17:00-21:00",Yes
MAS-JTJ,2026-11-25,23:00,03:00,"No block during peak hours 06:00-10:00,17:00-21:00",No
MAS-JTJ,2026-11-26,23:00,03:00,Max 1 block per night,Yes
MAS-JTJ,2026-11-27,23:00,03:00,No restriction,Yes
MAS-JTJ,2026-11-28,23:00,04:00,"No block during peak hours 06:00-10:00,17:00-21:00",No
MAS-JTJ,2026-11-29,23:00,04:00,"No block during peak hours 06:00-10:00,17:00-21:00",Yes
MAS-JTJ,2026-11-30,23:00,03:00,Single line working only,No
MAS-JTJ,2026-12-01,23:00,03:00,Single line working only,No
MAS-JTJ,2026-12-02,23:00,03:00,No restriction,Yes
MAS-JTJ,2026-12-03,23:00,03:00,Single line working only,Yes
MAS-JTJ,2026-12-04,23:00,03:00,"No block during peak hours 06:00-10:00,17:00-21:00",Yes
MAS-JTJ,2026-12-05,23:00,04:00,Max 1 block per night,Yes
MAS-JTJ,2026-12-06,23:00,04:00,Max 1 block per night,Yes
MAS-JTJ,2026-12-07,23:00,03:00,"No block during peak hours 06:00-10:00,17:00-21:00",Yes
MAS-JTJ,2026-12-08,23:00,03:00,Max 1 block per night,No
MAS-JTJ,2026-12-09,23:00,03:00,Single line working only,Yes
MAS-JTJ,2026-12-10,23:00,03:00,"No block during peak hours 06:00-10:00,17:00-21:00",Yes
MAS-JTJ,2026-12-11,23:00,03:00,Single line working only,No
MAS-JTJ,2026-12-12,23:00,04:00,Single line working only,Yes
MAS-JTJ,2026-12-13,23:00,04:00,Single line working only,Yes
MAS-JTJ,2026-12-14,23:00,03:00,Single line working only,Yes
MAS-JTJ,2026-12-15,23:00,03:00,No restriction,Yes
MAS-JTJ,2026-12-16,23:00,03:00,"No block during peak hours 06:00-10:00,17:00-21:00",No
MAS-JTJ,2026-12-17,23:00,03:00,"No block during peak hours 06:00-10:00,17:00-21:00",No
MAS-JTJ,2026-12-18,23:00,03:00,Block suspended - VIP movement,No
MAS-JTJ,2026-12-19,23:00,04:00,Single line working only,No
MAS-JTJ,2026-12-20,23:00,04:00,No restriction,Yes
MAS-JTJ,2026-12-21,23:00,03:00,No restriction,No
MAS-JTJ,2026-12-22,23:00,03:00,Single line working only,Yes
MAS-JTJ,2026-12-23,23:00,03:00,Max 1 block per night,Yes
MAS-JTJ,2026-12-24,23:00,03:00,Block suspended - VIP movement,Yes
MAS-JTJ,2026-12-25,23:00,03:00,Single line working only,Yes
MAS-JTJ,2026-12-26,23:00,04:00,Max 1 block per night,No
MAS-JTJ,2026-12-27,23:00,04:00,"No block during peak hours 06:00-10:00,17:00-21:00",No
MAS-JTJ,2026-12-28,23:00,03:00,Single line working only,Yes
MAS-JTJ,2026-12-29,23:00,03:00,Single line working only,No
MAS-JTJ,2026-12-30,23:00,03:00,No restriction,Yes
MAS-JTJ,2026-12-31,23:00,03:00,No restriction,Yes
JTJ-SBC,2026-01-01,23:00,03:00,No restriction,Yes
JTJ-SBC,2026-01-02,23:00,03:00,Max 1 block per night,No
JTJ-SBC,2026-01-03,23:00,04:00,Single line working only,Yes
JTJ-SBC,2026-01-04,23:00,04:00,Max 1 block per night,No
JTJ-SBC,2026-01-05,23:00,03:00,Reduced window due to festival traffic,No
JTJ-SBC,2026-01-06,23:00,03:00,No restriction,Yes
JTJ-SBC,2026-01-07,23:00,03:00,No restriction,No
JTJ-SBC,2026-01-08,23:00,03:00,Max 1 block per night,No
JTJ-SBC,2026-01-09,23:00,03:00,"No block during peak hours 06:00-10:00,17:00-21:00",No
JTJ-SBC,2026-01-10,23:00,04:00,Max 1 block per night,No
JTJ-SBC,2026-01-11,23:00,04:00,"No block during peak hours 06:00-10:00,17:00-21:00",Yes
JTJ-SBC,2026-01-12,23:00,03:00,No restriction,Yes
JTJ-SBC,2026-01-13,23:00,03:00,No restriction,Yes
JTJ-SBC,2026-01-14,23:00,03:00,No restriction,No
JTJ-SBC,2026-01-15,23:00,03:00,"No block during peak hours 06:00-10:00,17:00-21:00",Yes
JTJ-SBC,2026-01-16,23:00,03:00,Reduced window due to festival traffic,No
JTJ-SBC,2026-01-17,23:00,04:00,Single line working only,No
JTJ-SBC,2026-01-18,23:00,04:00,"No block during peak hours 06:00-10:00,17:00-21:00",No
JTJ-SBC,2026-01-19,23:00,03:00,"No block during peak hours 06:00-10:00,17:00-21:00",No
JTJ-SBC,2026-01-20,23:00,03:00,"No block during peak hours 06:00-10:00,17:00-21:00",No
JTJ-SBC,2026-01-21,23:00,03:00,"No block during peak hours 06:00-10:00,17:00-21:00",No
JTJ-SBC,2026-01-22,23:00,03:00,"No block during peak hours 06:00-10:00,17:00-21:00",No
JTJ-SBC,2026-01-23,23:00,03:00,Single line working only,Yes
JTJ-SBC,2026-01-24,23:00,04:00,No restriction,Yes
JTJ-SBC,2026-01-25,23:00,04:00,No restriction,Yes
JTJ-SBC,2026-01-26,23:00,03:00,Block suspended - VIP movement,No
JTJ-SBC,2026-01-27,23:00,03:00,Block suspended - VIP movement,Yes
JTJ-SBC,2026-01-28,23:00,03:00,Single line working only,Yes
JTJ-SBC,2026-01-29,23:00,03:00,"No block during peak hours 06:00-10:00,17:00-21:00",Yes
JTJ-SBC,2026-01-30,23:00,03:00,"No block during peak hours 06:00-10:00,17:00-21:00",Yes
JTJ-SBC,2026-01-31,23:00,04:00,No restriction,Yes
JTJ-SBC,2026-02-01,23:00,04:00,Max 1 block per night,No
JTJ-SBC,2026-02-02,23:00,03:00,"No block during peak hours 06:00-10:00,17:00-21:00",No
JTJ-SBC,2026-02-03,23:00,03:00,No restriction,No
JTJ-SBC,2026-02-04,23:00,03:00,Max 1 block per night,No
JTJ-SBC,2026-02-05,23:00,03:00,Single line working only,Yes
JTJ-SBC,2026-02-06,23:00,03:00,"No block during peak hours 06:00-10:00,17:00-21:00",No
JTJ-SBC,2026-02-07,23:00,04:00,"No block during peak hours 06:00-10:00,17:00-21:00",Yes
JTJ-SBC,2026-02-08,23:00,04:00,"No block during peak hours 06:00-10:00,17:00-21:00",Yes
JTJ-SBC,2026-02-09,23:00,03:00,"No block during peak hours 06:00-10:00,17:00-21:00",No
JTJ-SBC,2026-02-10,23:00,03:00,Max 1 block per night,No
JTJ-SBC,2026-02-11,23:00,03:00,"No block during peak hours 06:00-10:00,17:00-21:00",Yes
JTJ-SBC,2026-02-12,23:00,03:00,Reduced window due to festival traffic,No
JTJ-SBC,2026-02-13,23:00,03:00,No restriction,No
JTJ-SBC,2026-02-14,23:00,04:00,"No block during peak hours 06:00-10:00,17:00-21:00",Yes
JTJ-SBC,2026-02-15,23:00,04:00,No restriction,Yes
JTJ-SBC,2026-02-16,23:00,03:00,No restriction,No
JTJ-SBC,2026-02-17,23:00,03:00,No restriction,No
JTJ-SBC,2026-02-18,23:00,03:00,Max 1 block per night,No
JTJ-SBC,2026-02-19,23:00,03:00,Single line working only,Yes
JTJ-SBC,2026-02-20,23:00,03:00,"No block during peak hours 06:00-10:00,17:00-21:00",Yes
JTJ-SBC,2026-02-21,23:00,04:00,No restriction,Yes
JTJ-SBC,2026-02-22,23:00,04:00,Single line working only,Yes
JTJ-SBC,2026-02-23,23:00,03:00,"No block during peak hours 06:00-10:00,17:00-21:00",No
JTJ-SBC,2026-02-24,23:00,03:00,"No block during peak hours 06:00-10:00,17:00-21:00",Yes
JTJ-SBC,2026-02-25,23:00,03:00,Max 1 block per night,Yes
JTJ-SBC,2026-02-26,23:00,03:00,Max 1 block per night,Yes
JTJ-SBC,2026-02-27,23:00,03:00,Max 1 block per night,Yes
JTJ-SBC,2026-02-28,23:00,04:00,"No block during peak hours 06:00-10:00,17:00-21:00",Yes
JTJ-SBC,2026-03-01,23:00,04:00,Max 1 block per night,No
JTJ-SBC,2026-03-02,23:00,03:00,No restriction,No
JTJ-SBC,2026-03-03,23:00,03:00,Single line working only,Yes
JTJ-SBC,2026-03-04,23:00,03:00,No restriction,Yes
JTJ-SBC,2026-03-05,23:00,03:00,Max 1 block per night,No
JTJ-SBC,2026-03-06,23:00,03:00,Max 1 block per night,No
JTJ-SBC,2026-03-07,23:00,04:00,"No block during peak hours 06:00-10:00,17:00-21:00",Yes
JTJ-SBC,2026-03-08,23:00,04:00,"No block during peak hours 06:00-10:00,17:00-21:00",No
JTJ-SBC,2026-03-09,23:00,03:00,Block suspended - VIP movement,No
JTJ-SBC,2026-03-10,23:00,03:00,"No block during peak hours 06:00-10:00,17:00-21:00",Yes
JTJ-SBC,2026-03-11,23:00,03:00,Max 1 block per night,Yes
JTJ-SBC,2026-03-12,23:00,03:00,Single line working only,Yes
JTJ-SBC,2026-03-13,23:00,03:00,Max 1 block per night,Yes
JTJ-SBC,2026-03-14,23:00,04:00,Block suspended - VIP movement,Yes
JTJ-SBC,2026-03-15,23:00,04:00,Single line working only,Yes
JTJ-SBC,2026-03-16,23:00,03:00,No restriction,No
JTJ-SBC,2026-03-17,23:00,03:00,Single line working only,Yes
JTJ-SBC,2026-03-18,23:00,03:00,Max 1 block per night,No
JTJ-SBC,2026-03-19,23:00,03:00,No restriction,No
JTJ-SBC,2026-03-20,23:00,03:00,"No block during peak hours 06:00-10:00,17:00-21:00",Yes
JTJ-SBC,2026-03-21,23:00,04:00,No restriction,No
JTJ-SBC,2026-03-22,23:00,04:00,"No block during peak hours 06:00-10:00,17:00-21:00",Yes
JTJ-SBC,2026-03-23,23:00,03:00,Single line working only,No
JTJ-SBC,2026-03-24,23:00,03:00,"No block during peak hours 06:00-10:00,17:00-21:00",No
JTJ-SBC,2026-03-25,23:00,03:00,"No block during peak hours 06:00-10:00,17:00-21:00",Yes
JTJ-SBC,2026-03-26,23:00,03:00,Max 1 block per night,No
JTJ-SBC,2026-03-27,23:00,03:00,Single line working only,No
JTJ-SBC,2026-03-28,23:00,04:00,"No block during peak hours 06:00-10:00,17:00-21:00",No
JTJ-SBC,2026-03-29,23:00,04:00,No restriction,Yes
JTJ-SBC,2026-03-30,23:00,03:00,No restriction,No
JTJ-SBC,2026-03-31,23:00,03:00,Single line working only,No
JTJ-SBC,2026-04-01,23:00,03:00,"No block during peak hours 06:00-10:00,17:00-21:00",Yes
JTJ-SBC,2026-04-02,23:00,03:00,"No block during peak hours 06:00-10:00,17:00-21:00",Yes
JTJ-SBC,2026-04-03,23:00,03:00,"No block during peak hours 06:00-10:00,17:00-21:00",No
JTJ-SBC,2026-04-04,23:00,04:00,No restriction,Yes
JTJ-SBC,2026-04-05,23:00,04:00,"No block during peak hours 06:00-10:00,17:00-21:00",Yes
JTJ-SBC,2026-04-06,23:00,03:00,Max 1 block per night,No
JTJ-SBC,2026-04-07,23:00,03:00,"No block during peak hours 06:00-10:00,17:00-21:00",No
JTJ-SBC,2026-04-08,23:00,03:00,"No block during peak hours 06:00-10:00,17:00-21:00",Yes
JTJ-SBC,2026-04-09,23:00,03:00,"No block during peak hours 06:00-10:00,17:00-21:00",No
JTJ-SBC,2026-04-10,23:00,03:00,Max 1 block per night,No
JTJ-SBC,2026-04-11,23:00,04:00,"No block during peak hours 06:00-10:00,17:00-21:00",Yes
JTJ-SBC,2026-04-12,23:00,04:00,No restriction,Yes
JTJ-SBC,2026-04-13,23:00,03:00,Single line working only,Yes
JTJ-SBC,2026-04-14,23:00,03:00,Max 1 block per night,Yes
JTJ-SBC,2026-04-15,23:00,03:00,Single line working only,No
JTJ-SBC,2026-04-16,23:00,03:00,No restriction,Yes
JTJ-SBC,2026-04-17,23:00,03:00,"No block during peak hours 06:00-10:00,17:00-21:00",Yes
JTJ-SBC,2026-04-18,23:00,04:00,Single line working only,No
JTJ-SBC,2026-04-19,23:00,04:00,No restriction,Yes
JTJ-SBC,2026-04-20,23:00,03:00,Max 1 block per night,No
JTJ-SBC,2026-04-21,23:00,03:00,No restriction,No
JTJ-SBC,2026-04-22,23:00,03:00,Single line working only,No
JTJ-SBC,2026-04-23,23:00,03:00,No restriction,Yes
JTJ-SBC,2026-04-24,23:00,03:00,"No block during peak hours 06:00-10:00,17:00-21:00",Yes
JTJ-SBC,2026-04-25,23:00,04:00,No restriction,Yes
JTJ-SBC,2026-04-26,23:00,04:00,Max 1 block per night,Yes
JTJ-SBC,2026-04-27,23:00,03:00,No restriction,No
JTJ-SBC,2026-04-28,23:00,03:00,Max 1 block per night,Yes
JTJ-SBC,2026-04-29,23:00,03:00,Single line working only,No
JTJ-SBC,2026-04-30,23:00,03:00,"No block during peak hours 06:00-10:00,17:00-21:00",Yes
JTJ-SBC,2026-05-01,23:00,03:00,No restriction,Yes
JTJ-SBC,2026-05-02,23:00,04:00,Max 1 block per night,No
JTJ-SBC,2026-05-03,23:00,04:00,Single line working only,No
JTJ-SBC,2026-05-04,23:00,03:00,No restriction,Yes
JTJ-SBC,2026-05-05,23:00,03:00,"No block during peak hours 06:00-10:00,17:00-21:00",No
JTJ-SBC,2026-05-06,23:00,03:00,"No block during peak hours 06:00-10:00,17:00-21:00",Yes
JTJ-SBC,2026-05-07,23:00,03:00,Max 1 block per night,Yes
JTJ-SBC,2026-05-08,23:00,03:00,Max 1 block per night,No
JTJ-SBC,2026-05-09,23:00,04:00,No restriction,No
JTJ-SBC,2026-05-10,23:00,04:00,"No block during peak hours 06:00-10:00,17:00-21:00",No
JTJ-SBC,2026-05-11,23:00,03:00,Max 1 block per night,Yes
JTJ-SBC,2026-05-12,23:00,03:00,Max 1 block per night,No
JTJ-SBC,2026-05-13,23:00,03:00,Single line working only,Yes
JTJ-SBC,2026-05-14,23:00,03:00,"No block during peak hours 06:00-10:00,17:00-21:00",No
JTJ-SBC,2026-05-15,23:00,03:00,Max 1 block per night,Yes
JTJ-SBC,2026-05-16,23:00,04:00,Max 1 block per night,Yes
JTJ-SBC,2026-05-17,23:00,04:00,"No block during peak hours 06:00-10:00,17:00-21:00",Yes
JTJ-SBC,2026-05-18,23:00,03:00,"No block during peak hours 06:00-10:00,17:00-21:00",No
JTJ-SBC,2026-05-19,23:00,03:00,Max 1 block per night,No
JTJ-SBC,2026-05-20,23:00,03:00,"No block during peak hours 06:00-10:00,17:00-21:00",No
JTJ-SBC,2026-05-21,23:00,03:00,Single line working only,No
JTJ-SBC,2026-05-22,23:00,03:00,Single line working only,No
JTJ-SBC,2026-05-23,23:00,04:00,Single line working only,Yes
JTJ-SBC,2026-05-24,23:00,04:00,No restriction,No
JTJ-SBC,2026-05-25,23:00,03:00,Single line working only,No
JTJ-SBC,2026-05-26,23:00,03:00,Max 1 block per night,No
JTJ-SBC,2026-05-27,23:00,03:00,Max 1 block per night,No
JTJ-SBC,2026-05-28,23:00,03:00,Single line working only,No
JTJ-SBC,2026-05-29,23:00,03:00,Single line working only,No
JTJ-SBC,2026-05-30,23:00,04:00,No restriction,No
JTJ-SBC,2026-05-31,23:00,04:00,"No block during peak hours 06:00-10:00,17:00-21:00",Yes
JTJ-SBC,2026-06-01,23:00,03:00,No restriction,Yes
JTJ-SBC,2026-06-02,23:00,03:00,Single line working only,No
JTJ-SBC,2026-06-03,23:00,03:00,"No block during peak hours 06:00-10:00,17:00-21:00",Yes
JTJ-SBC,2026-06-04,23:00,03:00,Single line working only,Yes
JTJ-SBC,2026-06-05,23:00,03:00,Reduced window due to festival traffic,Yes
JTJ-SBC,2026-06-06,23:00,04:00,"No block during peak hours 06:00-10:00,17:00-21:00",Yes
JTJ-SBC,2026-06-07,23:00,04:00,"No block during peak hours 06:00-10:00,17:00-21:00",No
JTJ-SBC,2026-06-08,23:00,03:00,Block suspended - VIP movement,Yes
JTJ-SBC,2026-06-09,23:00,03:00,No restriction,No
JTJ-SBC,2026-06-10,23:00,03:00,"No block during peak hours 06:00-10:00,17:00-21:00",Yes
JTJ-SBC,2026-06-11,23:00,03:00,Single line working only,No
JTJ-SBC,2026-06-12,23:00,03:00,Single line working only,Yes
JTJ-SBC,2026-06-13,23:00,04:00,"No block during peak hours 06:00-10:00,17:00-21:00",No
JTJ-SBC,2026-06-14,23:00,04:00,"No block during peak hours 06:00-10:00,17:00-21:00",No
JTJ-SBC,2026-06-15,23:00,03:00,No restriction,No
JTJ-SBC,2026-06-16,23:00,03:00,Max 1 block per night,Yes
JTJ-SBC,2026-06-17,23:00,03:00,"No block during peak hours 06:00-10:00,17:00-21:00",No
JTJ-SBC,2026-06-18,23:00,03:00,Block suspended - VIP movement,No
JTJ-SBC,2026-06-19,23:00,03:00,Reduced window due to festival traffic,No
JTJ-SBC,2026-06-20,23:00,04:00,Single line working only,No
JTJ-SBC,2026-06-21,23:00,04:00,"No block during peak hours 06:00-10:00,17:00-21:00",No
JTJ-SBC,2026-06-22,23:00,03:00,"No block during peak hours 06:00-10:00,17:00-21:00",No
JTJ-SBC,2026-06-23,23:00,03:00,Single line working only,No
JTJ-SBC,2026-06-24,23:00,03:00,"No block during peak hours 06:00-10:00,17:00-21:00",No
JTJ-SBC,2026-06-25,23:00,03:00,Single line working only,Yes
JTJ-SBC,2026-06-26,23:00,03:00,No restriction,Yes
JTJ-SBC,2026-06-27,23:00,04:00,Max 1 block per night,No
JTJ-SBC,2026-06-28,23:00,04:00,"No block during peak hours 06:00-10:00,17:00-21:00",Yes
JTJ-SBC,2026-06-29,23:00,03:00,Single line working only,No
JTJ-SBC,2026-06-30,23:00,03:00,"No block during peak hours 06:00-10:00,17:00-21:00",No
JTJ-SBC,2026-07-01,23:00,03:00,"No block during peak hours 06:00-10:00,17:00-21:00",No
JTJ-SBC,2026-07-02,23:00,03:00,"No block during peak hours 06:00-10:00,17:00-21:00",Yes
JTJ-SBC,2026-07-03,23:00,03:00,Max 1 block per night,No
JTJ-SBC,2026-07-04,23:00,04:00,Single line working only,No
JTJ-SBC,2026-07-05,23:00,04:00,No restriction,No
JTJ-SBC,2026-07-06,23:00,03:00,Block suspended - VIP movement,No
JTJ-SBC,2026-07-07,23:00,03:00,Single line working only,Yes
JTJ-SBC,2026-07-08,23:00,03:00,Max 1 block per night,Yes
JTJ-SBC,2026-07-09,23:00,03:00,No restriction,No
JTJ-SBC,2026-07-10,23:00,03:00,No restriction,Yes
JTJ-SBC,2026-07-11,23:00,04:00,Single line working only,Yes
JTJ-SBC,2026-07-12,23:00,04:00,Single line working only,Yes
JTJ-SBC,2026-07-13,23:00,03:00,Single line working only,Yes
JTJ-SBC,2026-07-14,23:00,03:00,No restriction,Yes
JTJ-SBC,2026-07-15,23:00,03:00,"No block during peak hours 06:00-10:00,17:00-21:00",Yes
JTJ-SBC,2026-07-16,23:00,03:00,Single line working only,No
JTJ-SBC,2026-07-17,23:00,03:00,"No block during peak hours 06:00-10:00,17:00-21:00",No
JTJ-SBC,2026-07-18,23:00,04:00,Max 1 block per night,No
JTJ-SBC,2026-07-19,23:00,04:00,Single line working only,No
JTJ-SBC,2026-07-20,23:00,03:00,Single line working only,No
JTJ-SBC,2026-07-21,23:00,03:00,Block suspended - VIP movement,No
JTJ-SBC,2026-07-22,23:00,03:00,"No block during peak hours 06:00-10:00,17:00-21:00",Yes
JTJ-SBC,2026-07-23,23:00,03:00,"No block during peak hours 06:00-10:00,17:00-21:00",Yes
JTJ-SBC,2026-07-24,23:00,03:00,"No block during peak hours 06:00-10:00,17:00-21:00",No
JTJ-SBC,2026-07-25,23:00,04:00,Max 1 block per night,No
JTJ-SBC,2026-07-26,23:00,04:00,Max 1 block per night,No
JTJ-SBC,2026-07-27,23:00,03:00,"No block during peak hours 06:00-10:00,17:00-21:00",No
JTJ-SBC,2026-07-28,23:00,03:00,No restriction,No
JTJ-SBC,2026-07-29,23:00,03:00,Max 1 block per night,No
JTJ-SBC,2026-07-30,23:00,03:00,No restriction,Yes
JTJ-SBC,2026-07-31,23:00,03:00,"No block during peak hours 06:00-10:00,17:00-21:00",Yes
JTJ-SBC,2026-08-01,23:00,04:00,No restriction,Yes
JTJ-SBC,2026-08-02,23:00,04:00,Max 1 block per night,No
JTJ-SBC,2026-08-03,23:00,03:00,No restriction,Yes
JTJ-SBC,2026-08-04,23:00,03:00,No restriction,No
JTJ-SBC,2026-08-05,23:00,03:00,Max 1 block per night,No
JTJ-SBC,2026-08-06,23:00,03:00,Single line working only,No
JTJ-SBC,2026-08-07,23:00,03:00,Single line working only,No
JTJ-SBC,2026-08-08,23:00,04:00,Reduced window due to festival traffic,Yes
JTJ-SBC,2026-08-09,23:00,04:00,Single line working only,No
JTJ-SBC,2026-08-10,23:00,03:00,Single line working only,No
JTJ-SBC,2026-08-11,23:00,03:00,"No block during peak hours 06:00-10:00,17:00-21:00",No
JTJ-SBC,2026-08-12,23:00,03:00,Max 1 block per night,No
JTJ-SBC,2026-08-13,23:00,03:00,"No block during peak hours 06:00-10:00,17:00-21:00",No
JTJ-SBC,2026-08-14,23:00,03:00,No restriction,No
JTJ-SBC,2026-08-15,23:00,04:00,Max 1 block per night,No
JTJ-SBC,2026-08-16,23:00,04:00,Block suspended - VIP movement,No
JTJ-SBC,2026-08-17,23:00,03:00,Single line working only,No
JTJ-SBC,2026-08-18,23:00,03:00,"No block during peak hours 06:00-10:00,17:00-21:00",No
JTJ-SBC,2026-08-19,23:00,03:00,Max 1 block per night,Yes
JTJ-SBC,2026-08-20,23:00,03:00,Max 1 block per night,No
JTJ-SBC,2026-08-21,23:00,03:00,Max 1 block per night,No
JTJ-SBC,2026-08-22,23:00,04:00,Max 1 block per night,No
JTJ-SBC,2026-08-23,23:00,04:00,Single line working only,No
JTJ-SBC,2026-08-24,23:00,03:00,No restriction,Yes
JTJ-SBC,2026-08-25,23:00,03:00,No restriction,Yes
JTJ-SBC,2026-08-26,23:00,03:00,"No block during peak hours 06:00-10:00,17:00-21:00",No
JTJ-SBC,2026-08-27,23:00,03:00,No restriction,No
JTJ-SBC,2026-08-28,23:00,03:00,No restriction,No
JTJ-SBC,2026-08-29,23:00,04:00,"No block during peak hours 06:00-10:00,17:00-21:00",Yes
JTJ-SBC,2026-08-30,23:00,04:00,Max 1 block per night,Yes
JTJ-SBC,2026-08-31,23:00,03:00,No restriction,No
JTJ-SBC,2026-09-01,23:00,03:00,Max 1 block per night,Yes
JTJ-SBC,2026-09-02,23:00,03:00,No restriction,Yes
JTJ-SBC,2026-09-03,23:00,03:00,Reduced window due to festival traffic,No
JTJ-SBC,2026-09-04,23:00,03:00,"No block during peak hours 06:00-10:00,17:00-21:00",No
JTJ-SBC,2026-09-05,23:00,04:00,Block suspended - VIP movement,Yes
JTJ-SBC,2026-09-06,23:00,04:00,Max 1 block per night,No
JTJ-SBC,2026-09-07,23:00,03:00,"No block during peak hours 06:00-10:00,17:00-21:00",No
JTJ-SBC,2026-09-08,23:00,03:00,No restriction,Yes
JTJ-SBC,2026-09-09,23:00,03:00,"No block during peak hours 06:00-10:00,17:00-21:00",No
JTJ-SBC,2026-09-10,23:00,03:00,Block suspended - VIP movement,No
JTJ-SBC,2026-09-11,23:00,03:00,No restriction,No
JTJ-SBC,2026-09-12,23:00,04:00,Max 1 block per night,No
JTJ-SBC,2026-09-13,23:00,04:00,No restriction,Yes
JTJ-SBC,2026-09-14,23:00,03:00,Max 1 block per night,No
JTJ-SBC,2026-09-15,23:00,03:00,No restriction,No
JTJ-SBC,2026-09-16,23:00,03:00,No restriction,No
JTJ-SBC,2026-09-17,23:00,03:00,"No block during peak hours 06:00-10:00,17:00-21:00",No
JTJ-SBC,2026-09-18,23:00,03:00,Max 1 block per night,No
JTJ-SBC,2026-09-19,23:00,04:00,"No block during peak hours 06:00-10:00,17:00-21:00",No
JTJ-SBC,2026-09-20,23:00,04:00,"No block during peak hours 06:00-10:00,17:00-21:00",Yes
JTJ-SBC,2026-09-21,23:00,03:00,Single line working only,No
JTJ-SBC,2026-09-22,23:00,03:00,Single line working only,Yes
JTJ-SBC,2026-09-23,23:00,03:00,Max 1 block per night,Yes
JTJ-SBC,2026-09-24,23:00,03:00,No restriction,Yes
JTJ-SBC,2026-09-25,23:00,03:00,Reduced window due to festival traffic,No
JTJ-SBC,2026-09-26,23:00,04:00,Single line working only,Yes
JTJ-SBC,2026-09-27,23:00,04:00,"No block during peak hours 06:00-10:00,17:00-21:00",No
JTJ-SBC,2026-09-28,23:00,03:00,"No block during peak hours 06:00-10:00,17:00-21:00",Yes
JTJ-SBC,2026-09-29,23:00,03:00,"No block during peak hours 06:00-10:00,17:00-21:00",Yes
JTJ-SBC,2026-09-30,23:00,03:00,Max 1 block per night,No
JTJ-SBC,2026-10-01,23:00,03:00,No restriction,No
JTJ-SBC,2026-10-02,23:00,03:00,Max 1 block per night,Yes
JTJ-SBC,2026-10-03,23:00,04:00,Single line working only,No
JTJ-SBC,2026-10-04,23:00,04:00,No restriction,Yes
JTJ-SBC,2026-10-05,23:00,03:00,"No block during peak hours 06:00-10:00,17:00-21:00",Yes
JTJ-SBC,2026-10-06,23:00,03:00,No restriction,Yes
JTJ-SBC,2026-10-07,23:00,03:00,Single line working only,Yes
JTJ-SBC,2026-10-08,23:00,03:00,No restriction,No
JTJ-SBC,2026-10-09,23:00,03:00,Max 1 block per night,No
JTJ-SBC,2026-10-10,23:00,04:00,Single line working only,No
JTJ-SBC,2026-10-11,23:00,04:00,"No block during peak hours 06:00-10:00,17:00-21:00",Yes
JTJ-SBC,2026-10-12,23:00,03:00,No restriction,No
JTJ-SBC,2026-10-13,23:00,03:00,Max 1 block per night,No
JTJ-SBC,2026-10-14,23:00,03:00,Max 1 block per night,Yes
JTJ-SBC,2026-10-15,23:00,03:00,No restriction,No
JTJ-SBC,2026-10-16,23:00,03:00,Single line working only,No
JTJ-SBC,2026-10-17,23:00,04:00,Block suspended - VIP movement,No
JTJ-SBC,2026-10-18,23:00,04:00,Max 1 block per night,Yes
JTJ-SBC,2026-10-19,23:00,03:00,"No block during peak hours 06:00-10:00,17:00-21:00",No
JTJ-SBC,2026-10-20,23:00,03:00,"No block during peak hours 06:00-10:00,17:00-21:00",Yes
JTJ-SBC,2026-10-21,23:00,03:00,Single line working only,Yes
JTJ-SBC,2026-10-22,23:00,03:00,Single line working only,No
JTJ-SBC,2026-10-23,23:00,03:00,Max 1 block per night,No
JTJ-SBC,2026-10-24,23:00,04:00,Reduced window due to festival traffic,Yes
JTJ-SBC,2026-10-25,23:00,04:00,Max 1 block per night,Yes
JTJ-SBC,2026-10-26,23:00,03:00,Max 1 block per night,Yes
JTJ-SBC,2026-10-27,23:00,03:00,"No block during peak hours 06:00-10:00,17:00-21:00",No
JTJ-SBC,2026-10-28,23:00,03:00,Single line working only,Yes
JTJ-SBC,2026-10-29,23:00,03:00,No restriction,Yes
JTJ-SBC,2026-10-30,23:00,03:00,Single line working only,No
JTJ-SBC,2026-10-31,23:00,04:00,Single line working only,No
JTJ-SBC,2026-11-01,23:00,04:00,Single line working only,Yes
JTJ-SBC,2026-11-02,23:00,03:00,Single line working only,No
JTJ-SBC,2026-11-03,23:00,03:00,"No block during peak hours 06:00-10:00,17:00-21:00",Yes
JTJ-SBC,2026-11-04,23:00,03:00,Single line working only,No
JTJ-SBC,2026-11-05,23:00,03:00,"No block during peak hours 06:00-10:00,17:00-21:00",Yes
JTJ-SBC,2026-11-06,23:00,03:00,"No block during peak hours 06:00-10:00,17:00-21:00",Yes
JTJ-SBC,2026-11-07,23:00,04:00,Max 1 block per night,Yes
JTJ-SBC,2026-11-08,23:00,04:00,Max 1 block per night,No
JTJ-SBC,2026-11-09,23:00,03:00,Single line working only,No
JTJ-SBC,2026-11-10,23:00,03:00,Single line working only,Yes
JTJ-SBC,2026-11-11,23:00,03:00,"No block during peak hours 06:00-10:00,17:00-21:00",No
JTJ-SBC,2026-11-12,23:00,03:00,Max 1 block per night,Yes
JTJ-SBC,2026-11-13,23:00,03:00,Single line working only,No
JTJ-SBC,2026-11-14,23:00,04:00,No restriction,No
JTJ-SBC,2026-11-15,23:00,04:00,No restriction,Yes
JTJ-SBC,2026-11-16,23:00,03:00,Max 1 block per night,No
JTJ-SBC,2026-11-17,23:00,03:00,Reduced window due to festival traffic,No
JTJ-SBC,2026-11-18,23:00,03:00,Single line working only,Yes
JTJ-SBC,2026-11-19,23:00,03:00,"No block during peak hours 06:00-10:00,17:00-21:00",Yes
JTJ-SBC,2026-11-20,23:00,03:00,"No block during peak hours 06:00-10:00,17:00-21:00",Yes
JTJ-SBC,2026-11-21,23:00,04:00,No restriction,No
JTJ-SBC,2026-11-22,23:00,04:00,"No block during peak hours 06:00-10:00,17:00-21:00",Yes
JTJ-SBC,2026-11-23,23:00,03:00,"No block during peak hours 06:00-10:00,17:00-21:00",No
JTJ-SBC,2026-11-24,23:00,03:00,Max 1 block per night,Yes
JTJ-SBC,2026-11-25,23:00,03:00,"No block during peak hours 06:00-10:00,17:00-21:00",No
JTJ-SBC,2026-11-26,23:00,03:00,No restriction,No
JTJ-SBC,2026-11-27,23:00,03:00,"No block during peak hours 06:00-10:00,17:00-21:00",Yes
JTJ-SBC,2026-11-28,23:00,04:00,Max 1 block per night,No
JTJ-SBC,2026-11-29,23:00,04:00,Max 1 block per night,No
JTJ-SBC,2026-11-30,23:00,03:00,Max 1 block per night,Yes
JTJ-SBC,2026-12-01,23:00,03:00,Single line working only,Yes
JTJ-SBC,2026-12-02,23:00,03:00,Max 1 block per night,No
JTJ-SBC,2026-12-03,23:00,03:00,"No block during peak hours 06:00-10:00,17:00-21:00",No
JTJ-SBC,2026-12-04,23:00,03:00,No restriction,No
JTJ-SBC,2026-12-05,23:00,04:00,"No block during peak hours 06:00-10:00,17:00-21:00",No
JTJ-SBC,2026-12-06,23:00,04:00,No restriction,Yes
JTJ-SBC,2026-12-07,23:00,03:00,No restriction,No
JTJ-SBC,2026-12-08,23:00,03:00,Max 1 block per night,No
JTJ-SBC,2026-12-09,23:00,03:00,"No block during peak hours 06:00-10:00,17:00-21:00",No
JTJ-SBC,2026-12-10,23:00,03:00,Max 1 block per night,No
JTJ-SBC,2026-12-11,23:00,03:00,No restriction,Yes
JTJ-SBC,2026-12-12,23:00,04:00,No restriction,No
JTJ-SBC,2026-12-13,23:00,04:00,"No block during peak hours 06:00-10:00,17:00-21:00",No
JTJ-SBC,2026-12-14,23:00,03:00,No restriction,No
JTJ-SBC,2026-12-15,23:00,03:00,Max 1 block per night,No
JTJ-SBC,2026-12-16,23:00,03:00,Single line working only,No
JTJ-SBC,2026-12-17,23:00,03:00,No restriction,Yes
JTJ-SBC,2026-12-18,23:00,03:00,Max 1 block per night,No
JTJ-SBC,2026-12-19,23:00,04:00,"No block during peak hours 06:00-10:00,17:00-21:00",No
JTJ-SBC,2026-12-20,23:00,04:00,Block suspended - VIP movement,No
JTJ-SBC,2026-12-21,23:00,03:00,"No block during peak hours 06:00-10:00,17:00-21:00",Yes
JTJ-SBC,2026-12-22,23:00,03:00,Single line working only,Yes
JTJ-SBC,2026-12-23,23:00,03:00,Single line working only,Yes
JTJ-SBC,2026-12-24,23:00,03:00,"No block during peak hours 06:00-10:00,17:00-21:00",No
JTJ-SBC,2026-12-25,23:00,03:00,Single line working only,No
JTJ-SBC,2026-12-26,23:00,04:00,No restriction,Yes
JTJ-SBC,2026-12-27,23:00,04:00,Max 1 block per night,No
JTJ-SBC,2026-12-28,23:00,03:00,Max 1 block per night,No
JTJ-SBC,2026-12-29,23:00,03:00,No restriction,No
JTJ-SBC,2026-12-30,23:00,03:00,Max 1 block per night,Yes
JTJ-SBC,2026-12-31,23:00,03:00,"No block during peak hours 06:00-10:00,17:00-21:00",No
SBC-UBL,2026-01-01,23:00,03:00,Single line working only,No
SBC-UBL,2026-01-02,23:00,03:00,"No block during peak hours 06:00-10:00,17:00-21:00",No
SBC-UBL,2026-01-03,23:00,04:00,Single line working only,Yes
SBC-UBL,2026-01-04,23:00,04:00,Reduced window due to festival traffic,Yes
SBC-UBL,2026-01-05,23:00,03:00,"No block during peak hours 06:00-10:00,17:00-21:00",Yes
SBC-UBL,2026-01-06,23:00,03:00,"No block during peak hours 06:00-10:00,17:00-21:00",No
SBC-UBL,2026-01-07,23:00,03:00,"No block during peak hours 06:00-10:00,17:00-21:00",No
SBC-UBL,2026-01-08,23:00,03:00,Single line working only,No
SBC-UBL,2026-01-09,23:00,03:00,Max 1 block per night,No
SBC-UBL,2026-01-10,23:00,04:00,Max 1 block per night,No
SBC-UBL,2026-01-11,23:00,04:00,Single line working only,Yes
SBC-UBL,2026-01-12,23:00,03:00,"No block during peak hours 06:00-10:00,17:00-21:00",No
SBC-UBL,2026-01-13,23:00,03:00,Max 1 block per night,Yes
SBC-UBL,2026-01-14,23:00,03:00,Single line working only,No
SBC-UBL,2026-01-15,23:00,03:00,No restriction,No
SBC-UBL,2026-01-16,23:00,03:00,Max 1 block per night,Yes
SBC-UBL,2026-01-17,23:00,04:00,"No block during peak hours 06:00-10:00,17:00-21:00",No
SBC-UBL,2026-01-18,23:00,04:00,Single line working only,No
SBC-UBL,2026-01-19,23:00,03:00,Max 1 block per night,Yes
SBC-UBL,2026-01-20,23:00,03:00,"No block during peak hours 06:00-10:00,17:00-21:00",Yes
SBC-UBL,2026-01-21,23:00,03:00,Single line working only,No
SBC-UBL,2026-01-22,23:00,03:00,Single line working only,No
SBC-UBL,2026-01-23,23:00,03:00,No restriction,Yes
SBC-UBL,2026-01-24,23:00,04:00,"No block during peak hours 06:00-10:00,17:00-21:00",No
SBC-UBL,2026-01-25,23:00,04:00,"No block during peak hours 06:00-10:00,17:00-21:00",Yes
SBC-UBL,2026-01-26,23:00,03:00,"No block during peak hours 06:00-10:00,17:00-21:00",No
SBC-UBL,2026-01-27,23:00,03:00,Single line working only,No
SBC-UBL,2026-01-28,23:00,03:00,No restriction,No
SBC-UBL,2026-01-29,23:00,03:00,"No block during peak hours 06:00-10:00,17:00-21:00",No
SBC-UBL,2026-01-30,23:00,03:00,"No block during peak hours 06:00-10:00,17:00-21:00",No
SBC-UBL,2026-01-31,23:00,04:00,Max 1 block per night,No
SBC-UBL,2026-02-01,23:00,04:00,Single line working only,No
SBC-UBL,2026-02-02,23:00,03:00,No restriction,No
SBC-UBL,2026-02-03,23:00,03:00,Max 1 block per night,Yes
SBC-UBL,2026-02-04,23:00,03:00,No restriction,No
SBC-UBL,2026-02-05,23:00,03:00,"No block during peak hours 06:00-10:00,17:00-21:00",Yes
SBC-UBL,2026-02-06,23:00,03:00,"No block during peak hours 06:00-10:00,17:00-21:00",Yes
SBC-UBL,2026-02-07,23:00,04:00,Single line working only,No
SBC-UBL,2026-02-08,23:00,04:00,"No block during peak hours 06:00-10:00,17:00-21:00",Yes
SBC-UBL,2026-02-09,23:00,03:00,No restriction,Yes
SBC-UBL,2026-02-10,23:00,03:00,Single line working only,Yes
SBC-UBL,2026-02-11,23:00,03:00,Single line working only,Yes
SBC-UBL,2026-02-12,23:00,03:00,No restriction,Yes
SBC-UBL,2026-02-13,23:00,03:00,Reduced window due to festival traffic,Yes
SBC-UBL,2026-02-14,23:00,04:00,Single line working only,No
SBC-UBL,2026-02-15,23:00,04:00,Reduced window due to festival traffic,No
SBC-UBL,2026-02-16,23:00,03:00,Max 1 block per night,No
SBC-UBL,2026-02-17,23:00,03:00,Single line working only,Yes
SBC-UBL,2026-02-18,23:00,03:00,No restriction,Yes
SBC-UBL,2026-02-19,23:00,03:00,Reduced window due to festival traffic,Yes
SBC-UBL,2026-02-20,23:00,03:00,No restriction,No
SBC-UBL,2026-02-21,23:00,04:00,"No block during peak hours 06:00-10:00,17:00-21:00",No
SBC-UBL,2026-02-22,23:00,04:00,Max 1 block per night,No
SBC-UBL,2026-02-23,23:00,03:00,No restriction,Yes
SBC-UBL,2026-02-24,23:00,03:00,Single line working only,No
SBC-UBL,2026-02-25,23:00,03:00,"No block during peak hours 06:00-10:00,17:00-21:00",No
SBC-UBL,2026-02-26,23:00,03:00,"No block during peak hours 06:00-10:00,17:00-21:00",No
SBC-UBL,2026-02-27,23:00,03:00,No restriction,No
SBC-UBL,2026-02-28,23:00,04:00,Single line working only,No
SBC-UBL,2026-03-01,23:00,04:00,Reduced window due to festival traffic,No
SBC-UBL,2026-03-02,23:00,03:00,Block suspended - VIP movement,No
SBC-UBL,2026-03-03,23:00,03:00,Max 1 block per night,No
SBC-UBL,2026-03-04,23:00,03:00,"No block during peak hours 06:00-10:00,17:00-21:00",No
SBC-UBL,2026-03-05,23:00,03:00,Max 1 block per night,Yes
SBC-UBL,2026-03-06,23:00,03:00,"No block during peak hours 06:00-10:00,17:00-21:00",No
SBC-UBL,2026-03-07,23:00,04:00,Max 1 block per night,Yes
SBC-UBL,2026-03-08,23:00,04:00,"No block during peak hours 06:00-10:00,17:00-21:00",Yes
SBC-UBL,2026-03-09,23:00,03:00,Single line working only,No
SBC-UBL,2026-03-10,23:00,03:00,Single line working only,Yes
SBC-UBL,2026-03-11,23:00,03:00,Single line working only,No
SBC-UBL,2026-03-12,23:00,03:00,Single line working only,Yes
SBC-UBL,2026-03-13,23:00,03:00,Block suspended - VIP movement,No
SBC-UBL,2026-03-14,23:00,04:00,Max 1 block per night,Yes
SBC-UBL,2026-03-15,23:00,04:00,Max 1 block per night,No
SBC-UBL,2026-03-16,23:00,03:00,"No block during peak hours 06:00-10:00,17:00-21:00",Yes
SBC-UBL,2026-03-17,23:00,03:00,Block suspended - VIP movement,No
SBC-UBL,2026-03-18,23:00,03:00,Block suspended - VIP movement,Yes
SBC-UBL,2026-03-19,23:00,03:00,"No block during peak hours 06:00-10:00,17:00-21:00",No
SBC-UBL,2026-03-20,23:00,03:00,Single line working only,No
SBC-UBL,2026-03-21,23:00,04:00,Reduced window due to festival traffic,No
SBC-UBL,2026-03-22,23:00,04:00,"No block during peak hours 06:00-10:00,17:00-21:00",No
SBC-UBL,2026-03-23,23:00,03:00,"No block during peak hours 06:00-10:00,17:00-21:00",Yes
SBC-UBL,2026-03-24,23:00,03:00,No restriction,No
SBC-UBL,2026-03-25,23:00,03:00,No restriction,No
SBC-UBL,2026-03-26,23:00,03:00,No restriction,Yes
SBC-UBL,2026-03-27,23:00,03:00,Single line working only,Yes
SBC-UBL,2026-03-28,23:00,04:00,"No block during peak hours 06:00-10:00,17:00-21:00",No
SBC-UBL,2026-03-29,23:00,04:00,Max 1 block per night,Yes
SBC-UBL,2026-03-30,23:00,03:00,"No block during peak hours 06:00-10:00,17:00-21:00",Yes
SBC-UBL,2026-03-31,23:00,03:00,No restriction,No
SBC-UBL,2026-04-01,23:00,03:00,"No block during peak hours 06:00-10:00,17:00-21:00",No
SBC-UBL,2026-04-02,23:00,03:00,"No block during peak hours 06:00-10:00,17:00-21:00",Yes
SBC-UBL,2026-04-03,23:00,03:00,"No block during peak hours 06:00-10:00,17:00-21:00",Yes
SBC-UBL,2026-04-04,23:00,04:00,"No block during peak hours 06:00-10:00,17:00-21:00",No
SBC-UBL,2026-04-05,23:00,04:00,"No block during peak hours 06:00-10:00,17:00-21:00",No
SBC-UBL,2026-04-06,23:00,03:00,Reduced window due to festival traffic,Yes
SBC-UBL,2026-04-07,23:00,03:00,"No block during peak hours 06:00-10:00,17:00-21:00",No
SBC-UBL,2026-04-08,23:00,03:00,Single line working only,No
SBC-UBL,2026-04-09,23:00,03:00,"No block during peak hours 06:00-10:00,17:00-21:00",Yes
SBC-UBL,2026-04-10,23:00,03:00,Max 1 block per night,No
SBC-UBL,2026-04-11,23:00,04:00,Max 1 block per night,No
SBC-UBL,2026-04-12,23:00,04:00,No restriction,Yes
SBC-UBL,2026-04-13,23:00,03:00,"No block during peak hours 06:00-10:00,17:00-21:00",Yes
SBC-UBL,2026-04-14,23:00,03:00,"No block during peak hours 06:00-10:00,17:00-21:00",Yes
SBC-UBL,2026-04-15,23:00,03:00,No restriction,Yes
SBC-UBL,2026-04-16,23:00,03:00,"No block during peak hours 06:00-10:00,17:00-21:00",No
SBC-UBL,2026-04-17,23:00,03:00,Block suspended - VIP movement,No
SBC-UBL,2026-04-18,23:00,04:00,"No block during peak hours 06:00-10:00,17:00-21:00",Yes
SBC-UBL,2026-04-19,23:00,04:00,"No block during peak hours 06:00-10:00,17:00-21:00",Yes
SBC-UBL,2026-04-20,23:00,03:00,"No block during peak hours 06:00-10:00,17:00-21:00",No
SBC-UBL,2026-04-21,23:00,03:00,Single line working only,No
SBC-UBL,2026-04-22,23:00,03:00,Max 1 block per night,Yes
SBC-UBL,2026-04-23,23:00,03:00,Max 1 block per night,No
SBC-UBL,2026-04-24,23:00,03:00,Reduced window due to festival traffic,No
SBC-UBL,2026-04-25,23:00,04:00,"No block during peak hours 06:00-10:00,17:00-21:00",No
SBC-UBL,2026-04-26,23:00,04:00,Max 1 block per night,Yes
SBC-UBL,2026-04-27,23:00,03:00,"No block during peak hours 06:00-10:00,17:00-21:00",No
SBC-UBL,2026-04-28,23:00,03:00,Max 1 block per night,Yes
SBC-UBL,2026-04-29,23:00,03:00,Block suspended - VIP movement,No
SBC-UBL,2026-04-30,23:00,03:00,Single line working only,No
SBC-UBL,2026-05-01,23:00,03:00,Max 1 block per night,Yes
SBC-UBL,2026-05-02,23:00,04:00,"No block during peak hours 06:00-10:00,17:00-21:00",Yes
SBC-UBL,2026-05-03,23:00,04:00,No restriction,Yes
SBC-UBL,2026-05-04,23:00,03:00,Max 1 block per night,No
SBC-UBL,2026-05-05,23:00,03:00,Max 1 block per night,No
SBC-UBL,2026-05-06,23:00,03:00,"No block during peak hours 06:00-10:00,17:00-21:00",No
SBC-UBL,2026-05-07,23:00,03:00,Max 1 block per night,No
SBC-UBL,2026-05-08,23:00,03:00,No restriction,No
SBC-UBL,2026-05-09,23:00,04:00,"No block during peak hours 06:00-10:00,17:00-21:00",Yes
SBC-UBL,2026-05-10,23:00,04:00,"No block during peak hours 06:00-10:00,17:00-21:00",No
SBC-UBL,2026-05-11,23:00,03:00,Max 1 block per night,No
SBC-UBL,2026-05-12,23:00,03:00,Max 1 block per night,No
SBC-UBL,2026-05-13,23:00,03:00,Block suspended - VIP movement,Yes
SBC-UBL,2026-05-14,23:00,03:00,Single line working only,No
SBC-UBL,2026-05-15,23:00,03:00,"No block during peak hours 06:00-10:00,17:00-21:00",No
SBC-UBL,2026-05-16,23:00,04:00,"No block during peak hours 06:00-10:00,17:00-21:00",Yes
SBC-UBL,2026-05-17,23:00,04:00,Block suspended - VIP movement,No
SBC-UBL,2026-05-18,23:00,03:00,Max 1 block per night,Yes
SBC-UBL,2026-05-19,23:00,03:00,No restriction,No
SBC-UBL,2026-05-20,23:00,03:00,Max 1 block per night,No
SBC-UBL,2026-05-21,23:00,03:00,"No block during peak hours 06:00-10:00,17:00-21:00",Yes
SBC-UBL,2026-05-22,23:00,03:00,Max 1 block per night,No
SBC-UBL,2026-05-23,23:00,04:00,Max 1 block per night,No
SBC-UBL,2026-05-24,23:00,04:00,Single line working only,Yes
SBC-UBL,2026-05-25,23:00,03:00,"No block during peak hours 06:00-10:00,17:00-21:00",Yes
SBC-UBL,2026-05-26,23:00,03:00,No restriction,Yes
SBC-UBL,2026-05-27,23:00,03:00,Single line working only,No
SBC-UBL,2026-05-28,23:00,03:00,"No block during peak hours 06:00-10:00,17:00-21:00",No
SBC-UBL,2026-05-29,23:00,03:00,Max 1 block per night,No
SBC-UBL,2026-05-30,23:00,04:00,Max 1 block per night,Yes
SBC-UBL,2026-05-31,23:00,04:00,Single line working only,Yes
SBC-UBL,2026-06-01,23:00,03:00,Max 1 block per night,Yes
SBC-UBL,2026-06-02,23:00,03:00,"No block during peak hours 06:00-10:00,17:00-21:00",No
SBC-UBL,2026-06-03,23:00,03:00,Max 1 block per night,No
SBC-UBL,2026-06-04,23:00,03:00,No restriction,Yes
SBC-UBL,2026-06-05,23:00,03:00,"No block during peak hours 06:00-10:00,17:00-21:00",No
SBC-UBL,2026-06-06,23:00,04:00,Single line working only,No
SBC-UBL,2026-06-07,23:00,04:00,No restriction,Yes
SBC-UBL,2026-06-08,23:00,03:00,"No block during peak hours 06:00-10:00,17:00-21:00",No
SBC-UBL,2026-06-09,23:00,03:00,Max 1 block per night,Yes
SBC-UBL,2026-06-10,23:00,03:00,No restriction,Yes
SBC-UBL,2026-06-11,23:00,03:00,Reduced window due to festival traffic,Yes
SBC-UBL,2026-06-12,23:00,03:00,"No block during peak hours 06:00-10:00,17:00-21:00",No
SBC-UBL,2026-06-13,23:00,04:00,Single line working only,Yes
SBC-UBL,2026-06-14,23:00,04:00,"No block during peak hours 06:00-10:00,17:00-21:00",No
SBC-UBL,2026-06-15,23:00,03:00,Single line working only,No
SBC-UBL,2026-06-16,23:00,03:00,"No block during peak hours 06:00-10:00,17:00-21:00",No
SBC-UBL,2026-06-17,23:00,03:00,Max 1 block per night,Yes
SBC-UBL,2026-06-18,23:00,03:00,No restriction,No
SBC-UBL,2026-06-19,23:00,03:00,Max 1 block per night,No
SBC-UBL,2026-06-20,23:00,04:00,"No block during peak hours 06:00-10:00,17:00-21:00",Yes
SBC-UBL,2026-06-21,23:00,04:00,"No block during peak hours 06:00-10:00,17:00-21:00",No
SBC-UBL,2026-06-22,23:00,03:00,No restriction,Yes
SBC-UBL,2026-06-23,23:00,03:00,Single line working only,No
SBC-UBL,2026-06-24,23:00,03:00,"No block during peak hours 06:00-10:00,17:00-21:00",No
SBC-UBL,2026-06-25,23:00,03:00,No restriction,Yes
SBC-UBL,2026-06-26,23:00,03:00,"No block during peak hours 06:00-10:00,17:00-21:00",No
SBC-UBL,2026-06-27,23:00,04:00,No restriction,No
SBC-UBL,2026-06-28,23:00,04:00,"No block during peak hours 06:00-10:00,17:00-21:00",No
SBC-UBL,2026-06-29,23:00,03:00,Single line working only,Yes
SBC-UBL,2026-06-30,23:00,03:00,Single line working only,No
SBC-UBL,2026-07-01,23:00,03:00,"No block during peak hours 06:00-10:00,17:00-21:00",No
SBC-UBL,2026-07-02,23:00,03:00,"No block during peak hours 06:00-10:00,17:00-21:00",Yes
SBC-UBL,2026-07-03,23:00,03:00,Max 1 block per night,No
SBC-UBL,2026-07-04,23:00,04:00,No restriction,Yes
SBC-UBL,2026-07-05,23:00,04:00,No restriction,No
SBC-UBL,2026-07-06,23:00,03:00,Max 1 block per night,Yes
SBC-UBL,2026-07-07,23:00,03:00,"No block during peak hours 06:00-10:00,17:00-21:00",No
SBC-UBL,2026-07-08,23:00,03:00,No restriction,Yes
SBC-UBL,2026-07-09,23:00,03:00,Max 1 block per night,Yes
SBC-UBL,2026-07-10,23:00,03:00,No restriction,Yes
SBC-UBL,2026-07-11,23:00,04:00,"No block during peak hours 06:00-10:00,17:00-21:00",Yes
SBC-UBL,2026-07-12,23:00,04:00,"No block during peak hours 06:00-10:00,17:00-21:00",No
SBC-UBL,2026-07-13,23:00,03:00,Single line working only,No
SBC-UBL,2026-07-14,23:00,03:00,Max 1 block per night,Yes
SBC-UBL,2026-07-15,23:00,03:00,"No block during peak hours 06:00-10:00,17:00-21:00",Yes
SBC-UBL,2026-07-16,23:00,03:00,Single line working only,Yes
SBC-UBL,2026-07-17,23:00,03:00,No restriction,Yes
SBC-UBL,2026-07-18,23:00,04:00,No restriction,No
SBC-UBL,2026-07-19,23:00,04:00,Single line working only,Yes
SBC-UBL,2026-07-20,23:00,03:00,No restriction,No
SBC-UBL,2026-07-21,23:00,03:00,Block suspended - VIP movement,No
SBC-UBL,2026-07-22,23:00,03:00,Single line working only,No
SBC-UBL,2026-07-23,23:00,03:00,"No block during peak hours 06:00-10:00,17:00-21:00",No
SBC-UBL,2026-07-24,23:00,03:00,Single line working only,Yes
SBC-UBL,2026-07-25,23:00,04:00,Block suspended - VIP movement,No
SBC-UBL,2026-07-26,23:00,04:00,Max 1 block per night,No
SBC-UBL,2026-07-27,23:00,03:00,"No block during peak hours 06:00-10:00,17:00-21:00",No
SBC-UBL,2026-07-28,23:00,03:00,Single line working only,Yes
SBC-UBL,2026-07-29,23:00,03:00,Max 1 block per night,No
SBC-UBL,2026-07-30,23:00,03:00,No restriction,No
SBC-UBL,2026-07-31,23:00,03:00,Block suspended - VIP movement,Yes
SBC-UBL,2026-08-01,23:00,04:00,Max 1 block per night,No
SBC-UBL,2026-08-02,23:00,04:00,"No block during peak hours 06:00-10:00,17:00-21:00",No
SBC-UBL,2026-08-03,23:00,03:00,No restriction,No
SBC-UBL,2026-08-04,23:00,03:00,"No block during peak hours 06:00-10:00,17:00-21:00",Yes
SBC-UBL,2026-08-05,23:00,03:00,"No block during peak hours 06:00-10:00,17:00-21:00",No
SBC-UBL,2026-08-06,23:00,03:00,"No block during peak hours 06:00-10:00,17:00-21:00",No
SBC-UBL,2026-08-07,23:00,03:00,Reduced window due to festival traffic,No
SBC-UBL,2026-08-08,23:00,04:00,Max 1 block per night,No
SBC-UBL,2026-08-09,23:00,04:00,"No block during peak hours 06:00-10:00,17:00-21:00",Yes
SBC-UBL,2026-08-10,23:00,03:00,Single line working only,Yes
SBC-UBL,2026-08-11,23:00,03:00,No restriction,Yes
SBC-UBL,2026-08-12,23:00,03:00,Block suspended - VIP movement,Yes
SBC-UBL,2026-08-13,23:00,03:00,Max 1 block per night,No
SBC-UBL,2026-08-14,23:00,03:00,Single line working only,Yes
SBC-UBL,2026-08-15,23:00,04:00,Max 1 block per night,No
SBC-UBL,2026-08-16,23:00,04:00,Block suspended - VIP movement,Yes
SBC-UBL,2026-08-17,23:00,03:00,"No block during peak hours 06:00-10:00,17:00-21:00",No
SBC-UBL,2026-08-18,23:00,03:00,Single line working only,Yes
SBC-UBL,2026-08-19,23:00,03:00,"No block during peak hours 06:00-10:00,17:00-21:00",No
SBC-UBL,2026-08-20,23:00,03:00,No restriction,No
SBC-UBL,2026-08-21,23:00,03:00,Block suspended - VIP movement,No
SBC-UBL,2026-08-22,23:00,04:00,"No block during peak hours 06:00-10:00,17:00-21:00",Yes
SBC-UBL,2026-08-23,23:00,04:00,Single line working only,No
SBC-UBL,2026-08-24,23:00,03:00,Max 1 block per night,Yes
SBC-UBL,2026-08-25,23:00,03:00,No restriction,Yes
SBC-UBL,2026-08-26,23:00,03:00,No restriction,Yes
SBC-UBL,2026-08-27,23:00,03:00,"No block during peak hours 06:00-10:00,17:00-21:00",Yes
SBC-UBL,2026-08-28,23:00,03:00,Single line working only,No
SBC-UBL,2026-08-29,23:00,04:00,No restriction,Yes
SBC-UBL,2026-08-30,23:00,04:00,Single line working only,No
SBC-UBL,2026-08-31,23:00,03:00,Single line working only,Yes
SBC-UBL,2026-09-01,23:00,03:00,"No block during peak hours 06:00-10:00,17:00-21:00",No
SBC-UBL,2026-09-02,23:00,03:00,"No block during peak hours 06:00-10:00,17:00-21:00",Yes
SBC-UBL,2026-09-03,23:00,03:00,Max 1 block per night,No
SBC-UBL,2026-09-04,23:00,03:00,Block suspended - VIP movement,No
SBC-UBL,2026-09-05,23:00,04:00,Max 1 block per night,Yes
SBC-UBL,2026-09-06,23:00,04:00,"No block during peak hours 06:00-10:00,17:00-21:00",No
SBC-UBL,2026-09-07,23:00,03:00,No restriction,No
SBC-UBL,2026-09-08,23:00,03:00,Max 1 block per night,No
SBC-UBL,2026-09-09,23:00,03:00,Block suspended - VIP movement,No
SBC-UBL,2026-09-10,23:00,03:00,Single line working only,No
SBC-UBL,2026-09-11,23:00,03:00,"No block during peak hours 06:00-10:00,17:00-21:00",No
SBC-UBL,2026-09-12,23:00,04:00,No restriction,No
SBC-UBL,2026-09-13,23:00,04:00,No restriction,Yes
SBC-UBL,2026-09-14,23:00,03:00,"No block during peak hours 06:00-10:00,17:00-21:00",No
SBC-UBL,2026-09-15,23:00,03:00,Block suspended - VIP movement,Yes
SBC-UBL,2026-09-16,23:00,03:00,Reduced window due to festival traffic,Yes
SBC-UBL,2026-09-17,23:00,03:00,"No block during peak hours 06:00-10:00,17:00-21:00",No
SBC-UBL,2026-09-18,23:00,03:00,No restriction,No
SBC-UBL,2026-09-19,23:00,04:00,Max 1 block per night,No
SBC-UBL,2026-09-20,23:00,04:00,Single line working only,Yes
SBC-UBL,2026-09-21,23:00,03:00,Max 1 block per night,No
SBC-UBL,2026-09-22,23:00,03:00,Max 1 block per night,No
SBC-UBL,2026-09-23,23:00,03:00,"No block during peak hours 06:00-10:00,17:00-21:00",No
SBC-UBL,2026-09-24,23:00,03:00,Single line working only,Yes
SBC-UBL,2026-09-25,23:00,03:00,Block suspended - VIP movement,No
SBC-UBL,2026-09-26,23:00,04:00,Single line working only,Yes
SBC-UBL,2026-09-27,23:00,04:00,"No block during peak hours 06:00-10:00,17:00-21:00",No
SBC-UBL,2026-09-28,23:00,03:00,"No block during peak hours 06:00-10:00,17:00-21:00",No
SBC-UBL,2026-09-29,23:00,03:00,Max 1 block per night,No
SBC-UBL,2026-09-30,23:00,03:00,Max 1 block per night,Yes
SBC-UBL,2026-10-01,23:00,03:00,"No block during peak hours 06:00-10:00,17:00-21:00",Yes
SBC-UBL,2026-10-02,23:00,03:00,"No block during peak hours 06:00-10:00,17:00-21:00",Yes
SBC-UBL,2026-10-03,23:00,04:00,Single line working only,No
SBC-UBL,2026-10-04,23:00,04:00,Block suspended - VIP movement,Yes
SBC-UBL,2026-10-05,23:00,03:00,"No block during peak hours 06:00-10:00,17:00-21:00",No
SBC-UBL,2026-10-06,23:00,03:00,"No block during peak hours 06:00-10:00,17:00-21:00",Yes
SBC-UBL,2026-10-07,23:00,03:00,"No block during peak hours 06:00-10:00,17:00-21:00",Yes
SBC-UBL,2026-10-08,23:00,03:00,"No block during peak hours 06:00-10:00,17:00-21:00",No
SBC-UBL,2026-10-09,23:00,03:00,Max 1 block per night,No
SBC-UBL,2026-10-10,23:00,04:00,No restriction,No
SBC-UBL,2026-10-11,23:00,04:00,Max 1 block per night,No
SBC-UBL,2026-10-12,23:00,03:00,"No block during peak hours 06:00-10:00,17:00-21:00",Yes
SBC-UBL,2026-10-13,23:00,03:00,No restriction,Yes
SBC-UBL,2026-10-14,23:00,03:00,"No block during peak hours 06:00-10:00,17:00-21:00",No
SBC-UBL,2026-10-15,23:00,03:00,Reduced window due to festival traffic,No
SBC-UBL,2026-10-16,23:00,03:00,No restriction,No
SBC-UBL,2026-10-17,23:00,04:00,Max 1 block per night,No
SBC-UBL,2026-10-18,23:00,04:00,Single line working only,No
SBC-UBL,2026-10-19,23:00,03:00,Reduced window due to festival traffic,Yes
SBC-UBL,2026-10-20,23:00,03:00,No restriction,No
SBC-UBL,2026-10-21,23:00,03:00,"No block during peak hours 06:00-10:00,17:00-21:00",No
SBC-UBL,2026-10-22,23:00,03:00,"No block during peak hours 06:00-10:00,17:00-21:00",Yes
SBC-UBL,2026-10-23,23:00,03:00,No restriction,Yes
SBC-UBL,2026-10-24,23:00,04:00,"No block during peak hours 06:00-10:00,17:00-21:00",No
SBC-UBL,2026-10-25,23:00,04:00,Max 1 block per night,No
SBC-UBL,2026-10-26,23:00,03:00,Block suspended - VIP movement,No
SBC-UBL,2026-10-27,23:00,03:00,Single line working only,No
SBC-UBL,2026-10-28,23:00,03:00,Max 1 block per night,Yes
SBC-UBL,2026-10-29,23:00,03:00,Block suspended - VIP movement,No
SBC-UBL,2026-10-30,23:00,03:00,"No block during peak hours 06:00-10:00,17:00-21:00",No
SBC-UBL,2026-10-31,23:00,04:00,No restriction,Yes
SBC-UBL,2026-11-01,23:00,04:00,"No block during peak hours 06:00-10:00,17:00-21:00",No
SBC-UBL,2026-11-02,23:00,03:00,Max 1 block per night,No
SBC-UBL,2026-11-03,23:00,03:00,Max 1 block per night,No
SBC-UBL,2026-11-04,23:00,03:00,"No block during peak hours 06:00-10:00,17:00-21:00",Yes
SBC-UBL,2026-11-05,23:00,03:00,"No block during peak hours 06:00-10:00,17:00-21:00",No
SBC-UBL,2026-11-06,23:00,03:00,"No block during peak hours 06:00-10:00,17:00-21:00",No
SBC-UBL,2026-11-07,23:00,04:00,"No block during peak hours 06:00-10:00,17:00-21:00",Yes
SBC-UBL,2026-11-08,23:00,04:00,Reduced window due to festival traffic,No
SBC-UBL,2026-11-09,23:00,03:00,Block suspended - VIP movement,No
SBC-UBL,2026-11-10,23:00,03:00,No restriction,Yes
SBC-UBL,2026-11-11,23:00,03:00,Max 1 block per night,No
SBC-UBL,2026-11-12,23:00,03:00,"No block during peak hours 06:00-10:00,17:00-21:00",No
SBC-UBL,2026-11-13,23:00,03:00,Reduced window due to festival traffic,Yes
SBC-UBL,2026-11-14,23:00,04:00,Max 1 block per night,No
SBC-UBL,2026-11-15,23:00,04:00,Max 1 block per night,No
SBC-UBL,2026-11-16,23:00,03:00,No restriction,No
SBC-UBL,2026-11-17,23:00,03:00,Single line working only,Yes
SBC-UBL,2026-11-18,23:00,03:00,Single line working only,No
SBC-UBL,2026-11-19,23:00,03:00,Max 1 block per night,No
SBC-UBL,2026-11-20,23:00,03:00,Block suspended - VIP movement,Yes
SBC-UBL,2026-11-21,23:00,04:00,"No block during peak hours 06:00-10:00,17:00-21:00",No
SBC-UBL,2026-11-22,23:00,04:00,"No block during peak hours 06:00-10:00,17:00-21:00",No
SBC-UBL,2026-11-23,23:00,03:00,Max 1 block per night,No
SBC-UBL,2026-11-24,23:00,03:00,No restriction,No
SBC-UBL,2026-11-25,23:00,03:00,"No block during peak hours 06:00-10:00,17:00-21:00",No
SBC-UBL,2026-11-26,23:00,03:00,No restriction,No
SBC-UBL,2026-11-27,23:00,03:00,"No block during peak hours 06:00-10:00,17:00-21:00",No
SBC-UBL,2026-11-28,23:00,04:00,Max 1 block per night,Yes
SBC-UBL,2026-11-29,23:00,04:00,No restriction,No
SBC-UBL,2026-11-30,23:00,03:00,No restriction,Yes
SBC-UBL,2026-12-01,23:00,03:00,Max 1 block per night,Yes
SBC-UBL,2026-12-02,23:00,03:00,Block suspended - VIP movement,No
SBC-UBL,2026-12-03,23:00,03:00,Max 1 block per night,No
SBC-UBL,2026-12-04,23:00,03:00,No restriction,No
SBC-UBL,2026-12-05,23:00,04:00,"No block during peak hours 06:00-10:00,17:00-21:00",Yes
SBC-UBL,2026-12-06,23:00,04:00,No restriction,No
SBC-UBL,2026-12-07,23:00,03:00,Single line working only,Yes
SBC-UBL,2026-12-08,23:00,03:00,Reduced window due to festival traffic,No
SBC-UBL,2026-12-09,23:00,03:00,Max 1 block per night,No
SBC-UBL,2026-12-10,23:00,03:00,Max 1 block per night,No
SBC-UBL,2026-12-11,23:00,03:00,"No block during peak hours 06:00-10:00,17:00-21:00",Yes
SBC-UBL,2026-12-12,23:00,04:00,No restriction,No
SBC-UBL,2026-12-13,23:00,04:00,No restriction,Yes
SBC-UBL,2026-12-14,23:00,03:00,Single line working only,Yes
SBC-UBL,2026-12-15,23:00,03:00,No restriction,Yes
SBC-UBL,2026-12-16,23:00,03:00,No restriction,Yes
SBC-UBL,2026-12-17,23:00,03:00,"No block during peak hours 06:00-10:00,17:00-21:00",No
SBC-UBL,2026-12-18,23:00,03:00,No restriction,No
SBC-UBL,2026-12-19,23:00,04:00,Single line working only,No
SBC-UBL,2026-12-20,23:00,04:00,Single line working only,Yes
SBC-UBL,2026-12-21,23:00,03:00,"No block during peak hours 06:00-10:00,17:00-21:00",Yes
SBC-UBL,2026-12-22,23:00,03:00,Max 1 block per night,Yes
SBC-UBL,2026-12-23,23:00,03:00,Single line working only,Yes
SBC-UBL,2026-12-24,23:00,03:00,Single line working only,Yes
SBC-UBL,2026-12-25,23:00,03:00,Max 1 block per night,No
SBC-UBL,2026-12-26,23:00,04:00,"No block during peak hours 06:00-10:00,17:00-21:00",No
SBC-UBL,2026-12-27,23:00,04:00,Max 1 block per night,No
SBC-UBL,2026-12-28,23:00,03:00,Max 1 block per night,No
SBC-UBL,2026-12-29,23:00,03:00,No restriction,Yes
SBC-UBL,2026-12-30,23:00,03:00,Max 1 block per night,Yes
SBC-UBL,2026-12-31,23:00,03:00,No restriction,Yes
UBL-PUNE,2026-01-01,23:00,03:00,Single line working only,No
UBL-PUNE,2026-01-02,23:00,03:00,"No block during peak hours 06:00-10:00,17:00-21:00",Yes
UBL-PUNE,2026-01-03,23:00,04:00,Block suspended - VIP movement,Yes
UBL-PUNE,2026-01-04,23:00,04:00,Reduced window due to festival traffic,No
UBL-PUNE,2026-01-05,23:00,03:00,Max 1 block per night,No
UBL-PUNE,2026-01-06,23:00,03:00,"No block during peak hours 06:00-10:00,17:00-21:00",No
UBL-PUNE,2026-01-07,23:00,03:00,Reduced window due to festival traffic,No
UBL-PUNE,2026-01-08,23:00,03:00,Single line working only,Yes
UBL-PUNE,2026-01-09,23:00,03:00,No restriction,No
UBL-PUNE,2026-01-10,23:00,04:00,Single line working only,No
UBL-PUNE,2026-01-11,23:00,04:00,No restriction,No
UBL-PUNE,2026-01-12,23:00,03:00,No restriction,Yes
UBL-PUNE,2026-01-13,23:00,03:00,"No block during peak hours 06:00-10:00,17:00-21:00",Yes
UBL-PUNE,2026-01-14,23:00,03:00,Max 1 block per night,No
UBL-PUNE,2026-01-15,23:00,03:00,No restriction,Yes
UBL-PUNE,2026-01-16,23:00,03:00,Single line working only,No
UBL-PUNE,2026-01-17,23:00,04:00,Single line working only,No
UBL-PUNE,2026-01-18,23:00,04:00,Single line working only,No
UBL-PUNE,2026-01-19,23:00,03:00,Single line working only,No
UBL-PUNE,2026-01-20,23:00,03:00,Single line working only,No
UBL-PUNE,2026-01-21,23:00,03:00,"No block during peak hours 06:00-10:00,17:00-21:00",No
UBL-PUNE,2026-01-22,23:00,03:00,Single line working only,Yes
UBL-PUNE,2026-01-23,23:00,03:00,"No block during peak hours 06:00-10:00,17:00-21:00",No
UBL-PUNE,2026-01-24,23:00,04:00,"No block during peak hours 06:00-10:00,17:00-21:00",No
UBL-PUNE,2026-01-25,23:00,04:00,Block suspended - VIP movement,Yes
UBL-PUNE,2026-01-26,23:00,03:00,No restriction,No
UBL-PUNE,2026-01-27,23:00,03:00,Single line working only,No
UBL-PUNE,2026-01-28,23:00,03:00,Single line working only,No
UBL-PUNE,2026-01-29,23:00,03:00,"No block during peak hours 06:00-10:00,17:00-21:00",No
UBL-PUNE,2026-01-30,23:00,03:00,"No block during peak hours 06:00-10:00,17:00-21:00",No
UBL-PUNE,2026-01-31,23:00,04:00,No restriction,Yes
UBL-PUNE,2026-02-01,23:00,04:00,Max 1 block per night,No
UBL-PUNE,2026-02-02,23:00,03:00,Single line working only,Yes
UBL-PUNE,2026-02-03,23:00,03:00,"No block during peak hours 06:00-10:00,17:00-21:00",Yes
UBL-PUNE,2026-02-04,23:00,03:00,"No block during peak hours 06:00-10:00,17:00-21:00",Yes
UBL-PUNE,2026-02-05,23:00,03:00,No restriction,Yes
UBL-PUNE,2026-02-06,23:00,03:00,"No block during peak hours 06:00-10:00,17:00-21:00",Yes
UBL-PUNE,2026-02-07,23:00,04:00,Block suspended - VIP movement,No
UBL-PUNE,2026-02-08,23:00,04:00,"No block during peak hours 06:00-10:00,17:00-21:00",No
UBL-PUNE,2026-02-09,23:00,03:00,Max 1 block per night,No
UBL-PUNE,2026-02-10,23:00,03:00,"No block during peak hours 06:00-10:00,17:00-21:00",No
UBL-PUNE,2026-02-11,23:00,03:00,Block suspended - VIP movement,No
UBL-PUNE,2026-02-12,23:00,03:00,No restriction,No
UBL-PUNE,2026-02-13,23:00,03:00,No restriction,No
UBL-PUNE,2026-02-14,23:00,04:00,No restriction,Yes
UBL-PUNE,2026-02-15,23:00,04:00,"No block during peak hours 06:00-10:00,17:00-21:00",No
UBL-PUNE,2026-02-16,23:00,03:00,Block suspended - VIP movement,Yes
UBL-PUNE,2026-02-17,23:00,03:00,No restriction,Yes
UBL-PUNE,2026-02-18,23:00,03:00,No restriction,Yes
UBL-PUNE,2026-02-19,23:00,03:00,Single line working only,Yes
UBL-PUNE,2026-02-20,23:00,03:00,Single line working only,No
UBL-PUNE,2026-02-21,23:00,04:00,Single line working only,No
UBL-PUNE,2026-02-22,23:00,04:00,Max 1 block per night,Yes
UBL-PUNE,2026-02-23,23:00,03:00,No restriction,No
UBL-PUNE,2026-02-24,23:00,03:00,No restriction,No
UBL-PUNE,2026-02-25,23:00,03:00,No restriction,No
UBL-PUNE,2026-02-26,23:00,03:00,Single line working only,Yes
UBL-PUNE,2026-02-27,23:00,03:00,No restriction,No
UBL-PUNE,2026-02-28,23:00,04:00,Reduced window due to festival traffic,No
UBL-PUNE,2026-03-01,23:00,04:00,Max 1 block per night,No
UBL-PUNE,2026-03-02,23:00,03:00,Max 1 block per night,No
UBL-PUNE,2026-03-03,23:00,03:00,"No block during peak hours 06:00-10:00,17:00-21:00",Yes
UBL-PUNE,2026-03-04,23:00,03:00,"No block during peak hours 06:00-10:00,17:00-21:00",Yes
UBL-PUNE,2026-03-05,23:00,03:00,Single line working only,No
UBL-PUNE,2026-03-06,23:00,03:00,Max 1 block per night,Yes
UBL-PUNE,2026-03-07,23:00,04:00,Block suspended - VIP movement,No
UBL-PUNE,2026-03-08,23:00,04:00,Block suspended - VIP movement,No
UBL-PUNE,2026-03-09,23:00,03:00,Max 1 block per night,Yes
UBL-PUNE,2026-03-10,23:00,03:00,"No block during peak hours 06:00-10:00,17:00-21:00",No
UBL-PUNE,2026-03-11,23:00,03:00,"No block during peak hours 06:00-10:00,17:00-21:00",No
UBL-PUNE,2026-03-12,23:00,03:00,"No block during peak hours 06:00-10:00,17:00-21:00",No
UBL-PUNE,2026-03-13,23:00,03:00,Single line working only,Yes
UBL-PUNE,2026-03-14,23:00,04:00,Single line working only,Yes
UBL-PUNE,2026-03-15,23:00,04:00,"No block during peak hours 06:00-10:00,17:00-21:00",No
UBL-PUNE,2026-03-16,23:00,03:00,No restriction,No
UBL-PUNE,2026-03-17,23:00,03:00,No restriction,No
UBL-PUNE,2026-03-18,23:00,03:00,Max 1 block per night,Yes
UBL-PUNE,2026-03-19,23:00,03:00,No restriction,No
UBL-PUNE,2026-03-20,23:00,03:00,Max 1 block per night,No
UBL-PUNE,2026-03-21,23:00,04:00,"No block during peak hours 06:00-10:00,17:00-21:00",No
UBL-PUNE,2026-03-22,23:00,04:00,No restriction,No
UBL-PUNE,2026-03-23,23:00,03:00,"No block during peak hours 06:00-10:00,17:00-21:00",Yes
UBL-PUNE,2026-03-24,23:00,03:00,No restriction,No
UBL-PUNE,2026-03-25,23:00,03:00,"No block during peak hours 06:00-10:00,17:00-21:00",No
UBL-PUNE,2026-03-26,23:00,03:00,Single line working only,No
UBL-PUNE,2026-03-27,23:00,03:00,Max 1 block per night,No
UBL-PUNE,2026-03-28,23:00,04:00,Block suspended - VIP movement,No
UBL-PUNE,2026-03-29,23:00,04:00,Block suspended - VIP movement,No
UBL-PUNE,2026-03-30,23:00,03:00,"No block during peak hours 06:00-10:00,17:00-21:00",Yes
UBL-PUNE,2026-03-31,23:00,03:00,"No block during peak hours 06:00-10:00,17:00-21:00",No
UBL-PUNE,2026-04-01,23:00,03:00,Max 1 block per night,Yes
UBL-PUNE,2026-04-02,23:00,03:00,Max 1 block per night,No
UBL-PUNE,2026-04-03,23:00,03:00,Block suspended - VIP movement,No
UBL-PUNE,2026-04-04,23:00,04:00,Max 1 block per night,Yes
UBL-PUNE,2026-04-05,23:00,04:00,Single line working only,Yes
UBL-PUNE,2026-04-06,23:00,03:00,No restriction,Yes
UBL-PUNE,2026-04-07,23:00,03:00,No restriction,No
UBL-PUNE,2026-04-08,23:00,03:00,Max 1 block per night,No
UBL-PUNE,2026-04-09,23:00,03:00,Max 1 block per night,Yes
UBL-PUNE,2026-04-10,23:00,03:00,Max 1 block per night,No
UBL-PUNE,2026-04-11,23:00,04:00,Max 1 block per night,No
UBL-PUNE,2026-04-12,23:00,04:00,No restriction,No
UBL-PUNE,2026-04-13,23:00,03:00,Reduced window due to festival traffic,No
UBL-PUNE,2026-04-14,23:00,03:00,Max 1 block per night,No
UBL-PUNE,2026-04-15,23:00,03:00,No restriction,No
UBL-PUNE,2026-04-16,23:00,03:00,"No block during peak hours 06:00-10:00,17:00-21:00",No
UBL-PUNE,2026-04-17,23:00,03:00,Block suspended - VIP movement,Yes
UBL-PUNE,2026-04-18,23:00,04:00,"No block during peak hours 06:00-10:00,17:00-21:00",Yes
UBL-PUNE,2026-04-19,23:00,04:00,No restriction,Yes
UBL-PUNE,2026-04-20,23:00,03:00,"No block during peak hours 06:00-10:00,17:00-21:00",No
UBL-PUNE,2026-04-21,23:00,03:00,"No block during peak hours 06:00-10:00,17:00-21:00",No
UBL-PUNE,2026-04-22,23:00,03:00,Max 1 block per night,No
UBL-PUNE,2026-04-23,23:00,03:00,"No block during peak hours 06:00-10:00,17:00-21:00",Yes
UBL-PUNE,2026-04-24,23:00,03:00,No restriction,Yes
UBL-PUNE,2026-04-25,23:00,04:00,Reduced window due to festival traffic,Yes
UBL-PUNE,2026-04-26,23:00,04:00,"No block during peak hours 06:00-10:00,17:00-21:00",Yes
UBL-PUNE,2026-04-27,23:00,03:00,"No block during peak hours 06:00-10:00,17:00-21:00",No
UBL-PUNE,2026-04-28,23:00,03:00,"No block during peak hours 06:00-10:00,17:00-21:00",No
UBL-PUNE,2026-04-29,23:00,03:00,Max 1 block per night,Yes
UBL-PUNE,2026-04-30,23:00,03:00,No restriction,No
UBL-PUNE,2026-05-01,23:00,03:00,No restriction,Yes
UBL-PUNE,2026-05-02,23:00,04:00,Single line working only,Yes
UBL-PUNE,2026-05-03,23:00,04:00,Max 1 block per night,No
UBL-PUNE,2026-05-04,23:00,03:00,"No block during peak hours 06:00-10:00,17:00-21:00",Yes
UBL-PUNE,2026-05-05,23:00,03:00,"No block during peak hours 06:00-10:00,17:00-21:00",Yes
UBL-PUNE,2026-05-06,23:00,03:00,Single line working only,No
UBL-PUNE,2026-05-07,23:00,03:00,Single line working only,Yes
UBL-PUNE,2026-05-08,23:00,03:00,"No block during peak hours 06:00-10:00,17:00-21:00",Yes
UBL-PUNE,2026-05-09,23:00,04:00,"No block during peak hours 06:00-10:00,17:00-21:00",No
UBL-PUNE,2026-05-10,23:00,04:00,Single line working only,Yes
UBL-PUNE,2026-05-11,23:00,03:00,Max 1 block per night,Yes
UBL-PUNE,2026-05-12,23:00,03:00,"No block during peak hours 06:00-10:00,17:00-21:00",No
UBL-PUNE,2026-05-13,23:00,03:00,Block suspended - VIP movement,Yes
UBL-PUNE,2026-05-14,23:00,03:00,"No block during peak hours 06:00-10:00,17:00-21:00",No
UBL-PUNE,2026-05-15,23:00,03:00,"No block during peak hours 06:00-10:00,17:00-21:00",Yes
UBL-PUNE,2026-05-16,23:00,04:00,Single line working only,No
UBL-PUNE,2026-05-17,23:00,04:00,Max 1 block per night,No
UBL-PUNE,2026-05-18,23:00,03:00,"No block during peak hours 06:00-10:00,17:00-21:00",Yes
UBL-PUNE,2026-05-19,23:00,03:00,Block suspended - VIP movement,No
UBL-PUNE,2026-05-20,23:00,03:00,Block suspended - VIP movement,No
UBL-PUNE,2026-05-21,23:00,03:00,"No block during peak hours 06:00-10:00,17:00-21:00",No
UBL-PUNE,2026-05-22,23:00,03:00,Max 1 block per night,Yes
UBL-PUNE,2026-05-23,23:00,04:00,Block suspended - VIP movement,Yes
UBL-PUNE,2026-05-24,23:00,04:00,No restriction,No
UBL-PUNE,2026-05-25,23:00,03:00,"No block during peak hours 06:00-10:00,17:00-21:00",No
UBL-PUNE,2026-05-26,23:00,03:00,No restriction,No
UBL-PUNE,2026-05-27,23:00,03:00,Block suspended - VIP movement,No
UBL-PUNE,2026-05-28,23:00,03:00,Max 1 block per night,Yes
UBL-PUNE,2026-05-29,23:00,03:00,Single line working only,Yes
UBL-PUNE,2026-05-30,23:00,04:00,No restriction,Yes
UBL-PUNE,2026-05-31,23:00,04:00,Max 1 block per night,Yes
UBL-PUNE,2026-06-01,23:00,03:00,No restriction,No
UBL-PUNE,2026-06-02,23:00,03:00,Max 1 block per night,No
UBL-PUNE,2026-06-03,23:00,03:00,No restriction,Yes
UBL-PUNE,2026-06-04,23:00,03:00,Max 1 block per night,No
UBL-PUNE,2026-06-05,23:00,03:00,No restriction,No
UBL-PUNE,2026-06-06,23:00,04:00,"No block during peak hours 06:00-10:00,17:00-21:00",No
UBL-PUNE,2026-06-07,23:00,04:00,Max 1 block per night,No
UBL-PUNE,2026-06-08,23:00,03:00,"No block during peak hours 06:00-10:00,17:00-21:00",No
UBL-PUNE,2026-06-09,23:00,03:00,"No block during peak hours 06:00-10:00,17:00-21:00",No
UBL-PUNE,2026-06-10,23:00,03:00,"No block during peak hours 06:00-10:00,17:00-21:00",No
UBL-PUNE,2026-06-11,23:00,03:00,Single line working only,Yes
UBL-PUNE,2026-06-12,23:00,03:00,"No block during peak hours 06:00-10:00,17:00-21:00",No
UBL-PUNE,2026-06-13,23:00,04:00,Max 1 block per night,No
UBL-PUNE,2026-06-14,23:00,04:00,Reduced window due to festival traffic,No
UBL-PUNE,2026-06-15,23:00,03:00,No restriction,No
UBL-PUNE,2026-06-16,23:00,03:00,Single line working only,Yes
UBL-PUNE,2026-06-17,23:00,03:00,"No block during peak hours 06:00-10:00,17:00-21:00",Yes
UBL-PUNE,2026-06-18,23:00,03:00,"No block during peak hours 06:00-10:00,17:00-21:00",Yes
UBL-PUNE,2026-06-19,23:00,03:00,Single line working only,No
UBL-PUNE,2026-06-20,23:00,04:00,No restriction,No
UBL-PUNE,2026-06-21,23:00,04:00,Single line working only,Yes
UBL-PUNE,2026-06-22,23:00,03:00,Block suspended - VIP movement,Yes
UBL-PUNE,2026-06-23,23:00,03:00,Single line working only,Yes
UBL-PUNE,2026-06-24,23:00,03:00,Single line working only,No
UBL-PUNE,2026-06-25,23:00,03:00,"No block during peak hours 06:00-10:00,17:00-21:00",No
UBL-PUNE,2026-06-26,23:00,03:00,Single line working only,No
UBL-PUNE,2026-06-27,23:00,04:00,Max 1 block per night,Yes
UBL-PUNE,2026-06-28,23:00,04:00,Single line working only,No
UBL-PUNE,2026-06-29,23:00,03:00,"No block during peak hours 06:00-10:00,17:00-21:00",No
UBL-PUNE,2026-06-30,23:00,03:00,Single line working only,No
UBL-PUNE,2026-07-01,23:00,03:00,Single line working only,No
UBL-PUNE,2026-07-02,23:00,03:00,No restriction,Yes
UBL-PUNE,2026-07-03,23:00,03:00,Reduced window due to festival traffic,Yes
UBL-PUNE,2026-07-04,23:00,04:00,"No block during peak hours 06:00-10:00,17:00-21:00",No
UBL-PUNE,2026-07-05,23:00,04:00,"No block during peak hours 06:00-10:00,17:00-21:00",No
UBL-PUNE,2026-07-06,23:00,03:00,Max 1 block per night,No
UBL-PUNE,2026-07-07,23:00,03:00,Single line working only,Yes
UBL-PUNE,2026-07-08,23:00,03:00,"No block during peak hours 06:00-10:00,17:00-21:00",Yes
UBL-PUNE,2026-07-09,23:00,03:00,"No block during peak hours 06:00-10:00,17:00-21:00",No
UBL-PUNE,2026-07-10,23:00,03:00,"No block during peak hours 06:00-10:00,17:00-21:00",Yes
UBL-PUNE,2026-07-11,23:00,04:00,No restriction,Yes
UBL-PUNE,2026-07-12,23:00,04:00,"No block during peak hours 06:00-10:00,17:00-21:00",No
UBL-PUNE,2026-07-13,23:00,03:00,Max 1 block per night,No
UBL-PUNE,2026-07-14,23:00,03:00,Max 1 block per night,Yes
UBL-PUNE,2026-07-15,23:00,03:00,"No block during peak hours 06:00-10:00,17:00-21:00",No
UBL-PUNE,2026-07-16,23:00,03:00,Max 1 block per night,Yes
UBL-PUNE,2026-07-17,23:00,03:00,Max 1 block per night,Yes
UBL-PUNE,2026-07-18,23:00,04:00,No restriction,Yes
UBL-PUNE,2026-07-19,23:00,04:00,No restriction,No
UBL-PUNE,2026-07-20,23:00,03:00,No restriction,No
UBL-PUNE,2026-07-21,23:00,03:00,Max 1 block per night,No
UBL-PUNE,2026-07-22,23:00,03:00,No restriction,Yes
UBL-PUNE,2026-07-23,23:00,03:00,No restriction,No
UBL-PUNE,2026-07-24,23:00,03:00,No restriction,No
UBL-PUNE,2026-07-25,23:00,04:00,"No block during peak hours 06:00-10:00,17:00-21:00",Yes
UBL-PUNE,2026-07-26,23:00,04:00,No restriction,Yes
UBL-PUNE,2026-07-27,23:00,03:00,Max 1 block per night,No
UBL-PUNE,2026-07-28,23:00,03:00,"No block during peak hours 06:00-10:00,17:00-21:00",No
UBL-PUNE,2026-07-29,23:00,03:00,Block suspended - VIP movement,Yes
UBL-PUNE,2026-07-30,23:00,03:00,Block suspended - VIP movement,No
UBL-PUNE,2026-07-31,23:00,03:00,"No block during peak hours 06:00-10:00,17:00-21:00",No
UBL-PUNE,2026-08-01,23:00,04:00,"No block during peak hours 06:00-10:00,17:00-21:00",Yes
UBL-PUNE,2026-08-02,23:00,04:00,Max 1 block per night,No
UBL-PUNE,2026-08-03,23:00,03:00,Single line working only,No
UBL-PUNE,2026-08-04,23:00,03:00,Single line working only,No
UBL-PUNE,2026-08-05,23:00,03:00,"No block during peak hours 06:00-10:00,17:00-21:00",Yes
UBL-PUNE,2026-08-06,23:00,03:00,"No block during peak hours 06:00-10:00,17:00-21:00",No
UBL-PUNE,2026-08-07,23:00,03:00,"No block during peak hours 06:00-10:00,17:00-21:00",Yes
UBL-PUNE,2026-08-08,23:00,04:00,Reduced window due to festival traffic,No
UBL-PUNE,2026-08-09,23:00,04:00,"No block during peak hours 06:00-10:00,17:00-21:00",No
UBL-PUNE,2026-08-10,23:00,03:00,Single line working only,No
UBL-PUNE,2026-08-11,23:00,03:00,"No block during peak hours 06:00-10:00,17:00-21:00",Yes
UBL-PUNE,2026-08-12,23:00,03:00,Single line working only,No
UBL-PUNE,2026-08-13,23:00,03:00,Single line working only,No
UBL-PUNE,2026-08-14,23:00,03:00,Single line working only,No
UBL-PUNE,2026-08-15,23:00,04:00,"No block during peak hours 06:00-10:00,17:00-21:00",No
UBL-PUNE,2026-08-16,23:00,04:00,Single line working only,Yes
UBL-PUNE,2026-08-17,23:00,03:00,Max 1 block per night,Yes
UBL-PUNE,2026-08-18,23:00,03:00,Max 1 block per night,Yes
UBL-PUNE,2026-08-19,23:00,03:00,"No block during peak hours 06:00-10:00,17:00-21:00",Yes
UBL-PUNE,2026-08-20,23:00,03:00,"No block during peak hours 06:00-10:00,17:00-21:00",No
UBL-PUNE,2026-08-21,23:00,03:00,"No block during peak hours 06:00-10:00,17:00-21:00",No
UBL-PUNE,2026-08-22,23:00,04:00,"No block during peak hours 06:00-10:00,17:00-21:00",Yes
UBL-PUNE,2026-08-23,23:00,04:00,"No block during peak hours 06:00-10:00,17:00-21:00",No
UBL-PUNE,2026-08-24,23:00,03:00,"No block during peak hours 06:00-10:00,17:00-21:00",Yes
UBL-PUNE,2026-08-25,23:00,03:00,Single line working only,Yes
UBL-PUNE,2026-08-26,23:00,03:00,Single line working only,No
UBL-PUNE,2026-08-27,23:00,03:00,Single line working only,Yes
UBL-PUNE,2026-08-28,23:00,03:00,Max 1 block per night,Yes
UBL-PUNE,2026-08-29,23:00,04:00,Max 1 block per night,Yes
UBL-PUNE,2026-08-30,23:00,04:00,Single line working only,No
UBL-PUNE,2026-08-31,23:00,03:00,Single line working only,Yes
UBL-PUNE,2026-09-01,23:00,03:00,"No block during peak hours 06:00-10:00,17:00-21:00",No
UBL-PUNE,2026-09-02,23:00,03:00,No restriction,Yes
UBL-PUNE,2026-09-03,23:00,03:00,No restriction,Yes
UBL-PUNE,2026-09-04,23:00,03:00,Max 1 block per night,No
UBL-PUNE,2026-09-05,23:00,04:00,"No block during peak hours 06:00-10:00,17:00-21:00",No
UBL-PUNE,2026-09-06,23:00,04:00,"No block during peak hours 06:00-10:00,17:00-21:00",Yes
UBL-PUNE,2026-09-07,23:00,03:00,"No block during peak hours 06:00-10:00,17:00-21:00",No
UBL-PUNE,2026-09-08,23:00,03:00,"No block during peak hours 06:00-10:00,17:00-21:00",Yes
UBL-PUNE,2026-09-09,23:00,03:00,Max 1 block per night,No
UBL-PUNE,2026-09-10,23:00,03:00,No restriction,Yes
UBL-PUNE,2026-09-11,23:00,03:00,Single line working only,Yes
UBL-PUNE,2026-09-12,23:00,04:00,"No block during peak hours 06:00-10:00,17:00-21:00",Yes
UBL-PUNE,2026-09-13,23:00,04:00,Single line working only,No
UBL-PUNE,2026-09-14,23:00,03:00,Block suspended - VIP movement,No
UBL-PUNE,2026-09-15,23:00,03:00,No restriction,No
UBL-PUNE,2026-09-16,23:00,03:00,No restriction,Yes
UBL-PUNE,2026-09-17,23:00,03:00,"No block during peak hours 06:00-10:00,17:00-21:00",No
UBL-PUNE,2026-09-18,23:00,03:00,Single line working only,Yes
UBL-PUNE,2026-09-19,23:00,04:00,Single line working only,Yes
UBL-PUNE,2026-09-20,23:00,04:00,No restriction,No
UBL-PUNE,2026-09-21,23:00,03:00,No restriction,No
UBL-PUNE,2026-09-22,23:00,03:00,"No block during peak hours 06:00-10:00,17:00-21:00",No
UBL-PUNE,2026-09-23,23:00,03:00,Block suspended - VIP movement,Yes
UBL-PUNE,2026-09-24,23:00,03:00,Block suspended - VIP movement,No
UBL-PUNE,2026-09-25,23:00,03:00,Block suspended - VIP movement,No
UBL-PUNE,2026-09-26,23:00,04:00,"No block during peak hours 06:00-10:00,17:00-21:00",No
UBL-PUNE,2026-09-27,23:00,04:00,Single line working only,No
UBL-PUNE,2026-09-28,23:00,03:00,"No block during peak hours 06:00-10:00,17:00-21:00",No
UBL-PUNE,2026-09-29,23:00,03:00,Reduced window due to festival traffic,No
UBL-PUNE,2026-09-30,23:00,03:00,Single line working only,No
UBL-PUNE,2026-10-01,23:00,03:00,Reduced window due to festival traffic,Yes
UBL-PUNE,2026-10-02,23:00,03:00,No restriction,Yes
UBL-PUNE,2026-10-03,23:00,04:00,Single line working only,Yes
UBL-PUNE,2026-10-04,23:00,04:00,Single line working only,No
UBL-PUNE,2026-10-05,23:00,03:00,No restriction,No
UBL-PUNE,2026-10-06,23:00,03:00,"No block during peak hours 06:00-10:00,17:00-21:00",Yes
UBL-PUNE,2026-10-07,23:00,03:00,"No block during peak hours 06:00-10:00,17:00-21:00",No
UBL-PUNE,2026-10-08,23:00,03:00,Single line working only,Yes
UBL-PUNE,2026-10-09,23:00,03:00,Block suspended - VIP movement,Yes
UBL-PUNE,2026-10-10,23:00,04:00,Reduced window due to festival traffic,Yes
UBL-PUNE,2026-10-11,23:00,04:00,No restriction,No
UBL-PUNE,2026-10-12,23:00,03:00,Block suspended - VIP movement,Yes
UBL-PUNE,2026-10-13,23:00,03:00,Single line working only,Yes
UBL-PUNE,2026-10-14,23:00,03:00,Max 1 block per night,No
UBL-PUNE,2026-10-15,23:00,03:00,Max 1 block per night,No
UBL-PUNE,2026-10-16,23:00,03:00,Single line working only,Yes
UBL-PUNE,2026-10-17,23:00,04:00,"No block during peak hours 06:00-10:00,17:00-21:00",No
UBL-PUNE,2026-10-18,23:00,04:00,Single line working only,No
UBL-PUNE,2026-10-19,23:00,03:00,Single line working only,No
UBL-PUNE,2026-10-20,23:00,03:00,Max 1 block per night,Yes
UBL-PUNE,2026-10-21,23:00,03:00,Single line working only,No
UBL-PUNE,2026-10-22,23:00,03:00,Single line working only,No
UBL-PUNE,2026-10-23,23:00,03:00,"No block during peak hours 06:00-10:00,17:00-21:00",No
UBL-PUNE,2026-10-24,23:00,04:00,No restriction,Yes
UBL-PUNE,2026-10-25,23:00,04:00,Max 1 block per night,No
UBL-PUNE,2026-10-26,23:00,03:00,Max 1 block per night,No
UBL-PUNE,2026-10-27,23:00,03:00,"No block during peak hours 06:00-10:00,17:00-21:00",No
UBL-PUNE,2026-10-28,23:00,03:00,Single line working only,Yes
UBL-PUNE,2026-10-29,23:00,03:00,No restriction,No
UBL-PUNE,2026-10-30,23:00,03:00,Max 1 block per night,No
UBL-PUNE,2026-10-31,23:00,04:00,"No block during peak hours 06:00-10:00,17:00-21:00",No
UBL-PUNE,2026-11-01,23:00,04:00,Single line working only,No
UBL-PUNE,2026-11-02,23:00,03:00,"No block during peak hours 06:00-10:00,17:00-21:00",No
UBL-PUNE,2026-11-03,23:00,03:00,"No block during peak hours 06:00-10:00,17:00-21:00",No
UBL-PUNE,2026-11-04,23:00,03:00,Max 1 block per night,No
UBL-PUNE,2026-11-05,23:00,03:00,Single line working only,No
UBL-PUNE,2026-11-06,23:00,03:00,No restriction,No
UBL-PUNE,2026-11-07,23:00,04:00,Max 1 block per night,Yes
UBL-PUNE,2026-11-08,23:00,04:00,Reduced window due to festival traffic,Yes
UBL-PUNE,2026-11-09,23:00,03:00,"No block during peak hours 06:00-10:00,17:00-21:00",No
UBL-PUNE,2026-11-10,23:00,03:00,Single line working only,No
UBL-PUNE,2026-11-11,23:00,03:00,No restriction,Yes
UBL-PUNE,2026-11-12,23:00,03:00,No restriction,No
UBL-PUNE,2026-11-13,23:00,03:00,Single line working only,No
UBL-PUNE,2026-11-14,23:00,04:00,Max 1 block per night,Yes
UBL-PUNE,2026-11-15,23:00,04:00,Reduced window due to festival traffic,No
UBL-PUNE,2026-11-16,23:00,03:00,Single line working only,No
UBL-PUNE,2026-11-17,23:00,03:00,"No block during peak hours 06:00-10:00,17:00-21:00",No
UBL-PUNE,2026-11-18,23:00,03:00,Single line working only,No
UBL-PUNE,2026-11-19,23:00,03:00,No restriction,No
UBL-PUNE,2026-11-20,23:00,03:00,"No block during peak hours 06:00-10:00,17:00-21:00",Yes
UBL-PUNE,2026-11-21,23:00,04:00,"No block during peak hours 06:00-10:00,17:00-21:00",No
UBL-PUNE,2026-11-22,23:00,04:00,"No block during peak hours 06:00-10:00,17:00-21:00",No
UBL-PUNE,2026-11-23,23:00,03:00,"No block during peak hours 06:00-10:00,17:00-21:00",Yes
UBL-PUNE,2026-11-24,23:00,03:00,"No block during peak hours 06:00-10:00,17:00-21:00",Yes
UBL-PUNE,2026-11-25,23:00,03:00,No restriction,No
UBL-PUNE,2026-11-26,23:00,03:00,"No block during peak hours 06:00-10:00,17:00-21:00",No
UBL-PUNE,2026-11-27,23:00,03:00,Reduced window due to festival traffic,No
UBL-PUNE,2026-11-28,23:00,04:00,"No block during peak hours 06:00-10:00,17:00-21:00",Yes
UBL-PUNE,2026-11-29,23:00,04:00,"No block during peak hours 06:00-10:00,17:00-21:00",No
UBL-PUNE,2026-11-30,23:00,03:00,Single line working only,No
UBL-PUNE,2026-12-01,23:00,03:00,Single line working only,No
UBL-PUNE,2026-12-02,23:00,03:00,Max 1 block per night,No
UBL-PUNE,2026-12-03,23:00,03:00,"No block during peak hours 06:00-10:00,17:00-21:00",No
UBL-PUNE,2026-12-04,23:00,03:00,Single line working only,No
UBL-PUNE,2026-12-05,23:00,04:00,Single line working only,No
UBL-PUNE,2026-12-06,23:00,04:00,No restriction,No
UBL-PUNE,2026-12-07,23:00,03:00,Max 1 block per night,No
UBL-PUNE,2026-12-08,23:00,03:00,Single line working only,No
UBL-PUNE,2026-12-09,23:00,03:00,No restriction,No
UBL-PUNE,2026-12-10,23:00,03:00,"No block during peak hours 06:00-10:00,17:00-21:00",Yes
UBL-PUNE,2026-12-11,23:00,03:00,"No block during peak hours 06:00-10:00,17:00-21:00",Yes
UBL-PUNE,2026-12-12,23:00,04:00,Max 1 block per night,No
UBL-PUNE,2026-12-13,23:00,04:00,Reduced window due to festival traffic,No
UBL-PUNE,2026-12-14,23:00,03:00,Block suspended - VIP movement,Yes
UBL-PUNE,2026-12-15,23:00,03:00,No restriction,Yes
UBL-PUNE,2026-12-16,23:00,03:00,"No block during peak hours 06:00-10:00,17:00-21:00",No
UBL-PUNE,2026-12-17,23:00,03:00,Block suspended - VIP movement,No
UBL-PUNE,2026-12-18,23:00,03:00,"No block during peak hours 06:00-10:00,17:00-21:00",No
UBL-PUNE,2026-12-19,23:00,04:00,Max 1 block per night,No
UBL-PUNE,2026-12-20,23:00,04:00,"No block during peak hours 06:00-10:00,17:00-21:00",Yes
UBL-PUNE,2026-12-21,23:00,03:00,Max 1 block per night,Yes
UBL-PUNE,2026-12-22,23:00,03:00,Single line working only,No
UBL-PUNE,2026-12-23,23:00,03:00,Max 1 block per night,Yes
UBL-PUNE,2026-12-24,23:00,03:00,No restriction,No
UBL-PUNE,2026-12-25,23:00,03:00,No restriction,No
UBL-PUNE,2026-12-26,23:00,04:00,Max 1 block per night,Yes
UBL-PUNE,2026-12-27,23:00,04:00,"No block during peak hours 06:00-10:00,17:00-21:00",Yes
UBL-PUNE,2026-12-28,23:00,03:00,Max 1 block per night,No
UBL-PUNE,2026-12-29,23:00,03:00,"No block during peak hours 06:00-10:00,17:00-21:00",No
UBL-PUNE,2026-12-30,23:00,03:00,Single line working only,No
UBL-PUNE,2026-12-31,23:00,03:00,No restriction,No
PUNE-CSMT,2026-01-01,23:00,03:00,Block suspended - VIP movement,Yes
PUNE-CSMT,2026-01-02,23:00,03:00,No restriction,Yes
PUNE-CSMT,2026-01-03,23:00,04:00,"No block during peak hours 06:00-10:00,17:00-21:00",No
PUNE-CSMT,2026-01-04,23:00,04:00,No restriction,No
PUNE-CSMT,2026-01-05,23:00,03:00,No restriction,Yes
PUNE-CSMT,2026-01-06,23:00,03:00,Single line working only,Yes
PUNE-CSMT,2026-01-07,23:00,03:00,"No block during peak hours 06:00-10:00,17:00-21:00",No
PUNE-CSMT,2026-01-08,23:00,03:00,No restriction,No
PUNE-CSMT,2026-01-09,23:00,03:00,Single line working only,Yes
PUNE-CSMT,2026-01-10,23:00,04:00,Max 1 block per night,Yes
PUNE-CSMT,2026-01-11,23:00,04:00,Reduced window due to festival traffic,Yes
PUNE-CSMT,2026-01-12,23:00,03:00,"No block during peak hours 06:00-10:00,17:00-21:00",No
PUNE-CSMT,2026-01-13,23:00,03:00,Max 1 block per night,Yes
PUNE-CSMT,2026-01-14,23:00,03:00,No restriction,Yes
PUNE-CSMT,2026-01-15,23:00,03:00,Block suspended - VIP movement,Yes
PUNE-CSMT,2026-01-16,23:00,03:00,Block suspended - VIP movement,No
PUNE-CSMT,2026-01-17,23:00,04:00,"No block during peak hours 06:00-10:00,17:00-21:00",No
PUNE-CSMT,2026-01-18,23:00,04:00,Max 1 block per night,No
PUNE-CSMT,2026-01-19,23:00,03:00,No restriction,No
PUNE-CSMT,2026-01-20,23:00,03:00,Max 1 block per night,Yes
PUNE-CSMT,2026-01-21,23:00,03:00,Reduced window due to festival traffic,Yes
PUNE-CSMT,2026-01-22,23:00,03:00,Single line working only,Yes
PUNE-CSMT,2026-01-23,23:00,03:00,Single line working only,No
PUNE-CSMT,2026-01-24,23:00,04:00,No restriction,No
PUNE-CSMT,2026-01-25,23:00,04:00,Reduced window due to festival traffic,No
PUNE-CSMT,2026-01-26,23:00,03:00,No restriction,Yes
PUNE-CSMT,2026-01-27,23:00,03:00,Max 1 block per night,No
PUNE-CSMT,2026-01-28,23:00,03:00,No restriction,Yes
PUNE-CSMT,2026-01-29,23:00,03:00,"No block during peak hours 06:00-10:00,17:00-21:00",Yes
PUNE-CSMT,2026-01-30,23:00,03:00,"No block during peak hours 06:00-10:00,17:00-21:00",No
PUNE-CSMT,2026-01-31,23:00,04:00,No restriction,No
PUNE-CSMT,2026-02-01,23:00,04:00,Max 1 block per night,Yes
PUNE-CSMT,2026-02-02,23:00,03:00,Single line working only,No
PUNE-CSMT,2026-02-03,23:00,03:00,Single line working only,No
PUNE-CSMT,2026-02-04,23:00,03:00,No restriction,Yes
PUNE-CSMT,2026-02-05,23:00,03:00,"No block during peak hours 06:00-10:00,17:00-21:00",No
PUNE-CSMT,2026-02-06,23:00,03:00,Single line working only,Yes
PUNE-CSMT,2026-02-07,23:00,04:00,Single line working only,No
PUNE-CSMT,2026-02-08,23:00,04:00,Single line working only,Yes
PUNE-CSMT,2026-02-09,23:00,03:00,Single line working only,No
PUNE-CSMT,2026-02-10,23:00,03:00,Max 1 block per night,Yes
PUNE-CSMT,2026-02-11,23:00,03:00,No restriction,Yes
PUNE-CSMT,2026-02-12,23:00,03:00,"No block during peak hours 06:00-10:00,17:00-21:00",Yes
PUNE-CSMT,2026-02-13,23:00,03:00,Max 1 block per night,Yes
PUNE-CSMT,2026-02-14,23:00,04:00,Block suspended - VIP movement,No
PUNE-CSMT,2026-02-15,23:00,04:00,"No block during peak hours 06:00-10:00,17:00-21:00",No
PUNE-CSMT,2026-02-16,23:00,03:00,Reduced window due to festival traffic,No
PUNE-CSMT,2026-02-17,23:00,03:00,Single line working only,No
PUNE-CSMT,2026-02-18,23:00,03:00,No restriction,No
PUNE-CSMT,2026-02-19,23:00,03:00,Max 1 block per night,Yes
PUNE-CSMT,2026-02-20,23:00,03:00,"No block during peak hours 06:00-10:00,17:00-21:00",Yes
PUNE-CSMT,2026-02-21,23:00,04:00,No restriction,Yes
PUNE-CSMT,2026-02-22,23:00,04:00,Max 1 block per night,No
PUNE-CSMT,2026-02-23,23:00,03:00,No restriction,Yes
PUNE-CSMT,2026-02-24,23:00,03:00,Max 1 block per night,Yes
PUNE-CSMT,2026-02-25,23:00,03:00,No restriction,No
PUNE-CSMT,2026-02-26,23:00,03:00,No restriction,Yes
PUNE-CSMT,2026-02-27,23:00,03:00,"No block during peak hours 06:00-10:00,17:00-21:00",No
PUNE-CSMT,2026-02-28,23:00,04:00,Reduced window due to festival traffic,Yes
PUNE-CSMT,2026-03-01,23:00,04:00,Max 1 block per night,No
PUNE-CSMT,2026-03-02,23:00,03:00,No restriction,No
PUNE-CSMT,2026-03-03,23:00,03:00,"No block during peak hours 06:00-10:00,17:00-21:00",Yes
PUNE-CSMT,2026-03-04,23:00,03:00,"No block during peak hours 06:00-10:00,17:00-21:00",No
PUNE-CSMT,2026-03-05,23:00,03:00,No restriction,Yes
PUNE-CSMT,2026-03-06,23:00,03:00,Reduced window due to festival traffic,No
PUNE-CSMT,2026-03-07,23:00,04:00,Block suspended - VIP movement,Yes
PUNE-CSMT,2026-03-08,23:00,04:00,Single line working only,No
PUNE-CSMT,2026-03-09,23:00,03:00,"No block during peak hours 06:00-10:00,17:00-21:00",No
PUNE-CSMT,2026-03-10,23:00,03:00,No restriction,No
PUNE-CSMT,2026-03-11,23:00,03:00,Block suspended - VIP movement,Yes
PUNE-CSMT,2026-03-12,23:00,03:00,Max 1 block per night,No
PUNE-CSMT,2026-03-13,23:00,03:00,Single line working only,No
PUNE-CSMT,2026-03-14,23:00,04:00,"No block during peak hours 06:00-10:00,17:00-21:00",No
PUNE-CSMT,2026-03-15,23:00,04:00,No restriction,Yes
PUNE-CSMT,2026-03-16,23:00,03:00,Max 1 block per night,No
PUNE-CSMT,2026-03-17,23:00,03:00,Max 1 block per night,No
PUNE-CSMT,2026-03-18,23:00,03:00,Single line working only,No
PUNE-CSMT,2026-03-19,23:00,03:00,No restriction,Yes
PUNE-CSMT,2026-03-20,23:00,03:00,"No block during peak hours 06:00-10:00,17:00-21:00",No
PUNE-CSMT,2026-03-21,23:00,04:00,Max 1 block per night,No
PUNE-CSMT,2026-03-22,23:00,04:00,Single line working only,Yes
PUNE-CSMT,2026-03-23,23:00,03:00,Block suspended - VIP movement,No
PUNE-CSMT,2026-03-24,23:00,03:00,"No block during peak hours 06:00-10:00,17:00-21:00",No
PUNE-CSMT,2026-03-25,23:00,03:00,Single line working only,Yes
PUNE-CSMT,2026-03-26,23:00,03:00,Single line working only,Yes
PUNE-CSMT,2026-03-27,23:00,03:00,"No block during peak hours 06:00-10:00,17:00-21:00",No
PUNE-CSMT,2026-03-28,23:00,04:00,"No block during peak hours 06:00-10:00,17:00-21:00",No
PUNE-CSMT,2026-03-29,23:00,04:00,Single line working only,Yes
PUNE-CSMT,2026-03-30,23:00,03:00,Single line working only,Yes
PUNE-CSMT,2026-03-31,23:00,03:00,"No block during peak hours 06:00-10:00,17:00-21:00",No
PUNE-CSMT,2026-04-01,23:00,03:00,Max 1 block per night,No
PUNE-CSMT,2026-04-02,23:00,03:00,"No block during peak hours 06:00-10:00,17:00-21:00",No
PUNE-CSMT,2026-04-03,23:00,03:00,"No block during peak hours 06:00-10:00,17:00-21:00",No
PUNE-CSMT,2026-04-04,23:00,04:00,"No block during peak hours 06:00-10:00,17:00-21:00",Yes
PUNE-CSMT,2026-04-05,23:00,04:00,Single line working only,No
PUNE-CSMT,2026-04-06,23:00,03:00,"No block during peak hours 06:00-10:00,17:00-21:00",Yes
PUNE-CSMT,2026-04-07,23:00,03:00,Reduced window due to festival traffic,No
PUNE-CSMT,2026-04-08,23:00,03:00,Single line working only,No
PUNE-CSMT,2026-04-09,23:00,03:00,Max 1 block per night,No
PUNE-CSMT,2026-04-10,23:00,03:00,No restriction,No
PUNE-CSMT,2026-04-11,23:00,04:00,Single line working only,Yes
PUNE-CSMT,2026-04-12,23:00,04:00,Single line working only,No
PUNE-CSMT,2026-04-13,23:00,03:00,Single line working only,No
PUNE-CSMT,2026-04-14,23:00,03:00,Max 1 block per night,No
PUNE-CSMT,2026-04-15,23:00,03:00,No restriction,No
PUNE-CSMT,2026-04-16,23:00,03:00,Reduced window due to festival traffic,Yes
PUNE-CSMT,2026-04-17,23:00,03:00,"No block during peak hours 06:00-10:00,17:00-21:00",No
PUNE-CSMT,2026-04-18,23:00,04:00,No restriction,No
PUNE-CSMT,2026-04-19,23:00,04:00,Single line working only,Yes
PUNE-CSMT,2026-04-20,23:00,03:00,"No block during peak hours 06:00-10:00,17:00-21:00",Yes
PUNE-CSMT,2026-04-21,23:00,03:00,"No block during peak hours 06:00-10:00,17:00-21:00",Yes
PUNE-CSMT,2026-04-22,23:00,03:00,No restriction,Yes
PUNE-CSMT,2026-04-23,23:00,03:00,"No block during peak hours 06:00-10:00,17:00-21:00",Yes
PUNE-CSMT,2026-04-24,23:00,03:00,"No block during peak hours 06:00-10:00,17:00-21:00",No
PUNE-CSMT,2026-04-25,23:00,04:00,Single line working only,Yes
PUNE-CSMT,2026-04-26,23:00,04:00,No restriction,Yes
PUNE-CSMT,2026-04-27,23:00,03:00,Single line working only,No
PUNE-CSMT,2026-04-28,23:00,03:00,"No block during peak hours 06:00-10:00,17:00-21:00",No
PUNE-CSMT,2026-04-29,23:00,03:00,No restriction,Yes
PUNE-CSMT,2026-04-30,23:00,03:00,Single line working only,No
PUNE-CSMT,2026-05-01,23:00,03:00,Single line working only,No
PUNE-CSMT,2026-05-02,23:00,04:00,Single line working only,No
PUNE-CSMT,2026-05-03,23:00,04:00,"No block during peak hours 06:00-10:00,17:00-21:00",Yes
PUNE-CSMT,2026-05-04,23:00,03:00,Single line working only,No
PUNE-CSMT,2026-05-05,23:00,03:00,Max 1 block per night,Yes
PUNE-CSMT,2026-05-06,23:00,03:00,Max 1 block per night,No
PUNE-CSMT,2026-05-07,23:00,03:00,"No block during peak hours 06:00-10:00,17:00-21:00",No
PUNE-CSMT,2026-05-08,23:00,03:00,Max 1 block per night,No
PUNE-CSMT,2026-05-09,23:00,04:00,"No block during peak hours 06:00-10:00,17:00-21:00",Yes
PUNE-CSMT,2026-05-10,23:00,04:00,"No block during peak hours 06:00-10:00,17:00-21:00",No
PUNE-CSMT,2026-05-11,23:00,03:00,No restriction,Yes
PUNE-CSMT,2026-05-12,23:00,03:00,Max 1 block per night,No
PUNE-CSMT,2026-05-13,23:00,03:00,Single line working only,Yes
PUNE-CSMT,2026-05-14,23:00,03:00,"No block during peak hours 06:00-10:00,17:00-21:00",Yes
PUNE-CSMT,2026-05-15,23:00,03:00,No restriction,No
PUNE-CSMT,2026-05-16,23:00,04:00,Max 1 block per night,No
PUNE-CSMT,2026-05-17,23:00,04:00,Single line working only,No
PUNE-CSMT,2026-05-18,23:00,03:00,No restriction,No
PUNE-CSMT,2026-05-19,23:00,03:00,"No block during peak hours 06:00-10:00,17:00-21:00",No
PUNE-CSMT,2026-05-20,23:00,03:00,No restriction,Yes
PUNE-CSMT,2026-05-21,23:00,03:00,Single line working only,Yes
PUNE-CSMT,2026-05-22,23:00,03:00,No restriction,No
PUNE-CSMT,2026-05-23,23:00,04:00,"No block during peak hours 06:00-10:00,17:00-21:00",No
PUNE-CSMT,2026-05-24,23:00,04:00,Single line working only,No
PUNE-CSMT,2026-05-25,23:00,03:00,No restriction,No
PUNE-CSMT,2026-05-26,23:00,03:00,No restriction,No
PUNE-CSMT,2026-05-27,23:00,03:00,"No block during peak hours 06:00-10:00,17:00-21:00",No
PUNE-CSMT,2026-05-28,23:00,03:00,"No block during peak hours 06:00-10:00,17:00-21:00",Yes
PUNE-CSMT,2026-05-29,23:00,03:00,Max 1 block per night,No
PUNE-CSMT,2026-05-30,23:00,04:00,"No block during peak hours 06:00-10:00,17:00-21:00",No
PUNE-CSMT,2026-05-31,23:00,04:00,"No block during peak hours 06:00-10:00,17:00-21:00",No
PUNE-CSMT,2026-06-01,23:00,03:00,Single line working only,Yes
PUNE-CSMT,2026-06-02,23:00,03:00,"No block during peak hours 06:00-10:00,17:00-21:00",No
PUNE-CSMT,2026-06-03,23:00,03:00,"No block during peak hours 06:00-10:00,17:00-21:00",No
PUNE-CSMT,2026-06-04,23:00,03:00,No restriction,No
PUNE-CSMT,2026-06-05,23:00,03:00,Single line working only,Yes
PUNE-CSMT,2026-06-06,23:00,04:00,No restriction,Yes
PUNE-CSMT,2026-06-07,23:00,04:00,Max 1 block per night,No
PUNE-CSMT,2026-06-08,23:00,03:00,"No block during peak hours 06:00-10:00,17:00-21:00",No
PUNE-CSMT,2026-06-09,23:00,03:00,Single line working only,No
PUNE-CSMT,2026-06-10,23:00,03:00,Single line working only,Yes
PUNE-CSMT,2026-06-11,23:00,03:00,"No block during peak hours 06:00-10:00,17:00-21:00",Yes
PUNE-CSMT,2026-06-12,23:00,03:00,"No block during peak hours 06:00-10:00,17:00-21:00",Yes
PUNE-CSMT,2026-06-13,23:00,04:00,No restriction,Yes
PUNE-CSMT,2026-06-14,23:00,04:00,No restriction,No
PUNE-CSMT,2026-06-15,23:00,03:00,No restriction,Yes
PUNE-CSMT,2026-06-16,23:00,03:00,Single line working only,Yes
PUNE-CSMT,2026-06-17,23:00,03:00,No restriction,No
PUNE-CSMT,2026-06-18,23:00,03:00,Max 1 block per night,No
PUNE-CSMT,2026-06-19,23:00,03:00,Max 1 block per night,Yes
PUNE-CSMT,2026-06-20,23:00,04:00,"No block during peak hours 06:00-10:00,17:00-21:00",No
PUNE-CSMT,2026-06-21,23:00,04:00,No restriction,No
PUNE-CSMT,2026-06-22,23:00,03:00,Single line working only,No
PUNE-CSMT,2026-06-23,23:00,03:00,"No block during peak hours 06:00-10:00,17:00-21:00",Yes
PUNE-CSMT,2026-06-24,23:00,03:00,"No block during peak hours 06:00-10:00,17:00-21:00",No
PUNE-CSMT,2026-06-25,23:00,03:00,Block suspended - VIP movement,No
PUNE-CSMT,2026-06-26,23:00,03:00,"No block during peak hours 06:00-10:00,17:00-21:00",Yes
PUNE-CSMT,2026-06-27,23:00,04:00,"No block during peak hours 06:00-10:00,17:00-21:00",No
PUNE-CSMT,2026-06-28,23:00,04:00,"No block during peak hours 06:00-10:00,17:00-21:00",Yes
PUNE-CSMT,2026-06-29,23:00,03:00,Max 1 block per night,Yes
PUNE-CSMT,2026-06-30,23:00,03:00,Single line working only,No
PUNE-CSMT,2026-07-01,23:00,03:00,Max 1 block per night,Yes
PUNE-CSMT,2026-07-02,23:00,03:00,"No block during peak hours 06:00-10:00,17:00-21:00",Yes
PUNE-CSMT,2026-07-03,23:00,03:00,"No block during peak hours 06:00-10:00,17:00-21:00",Yes
PUNE-CSMT,2026-07-04,23:00,04:00,"No block during peak hours 06:00-10:00,17:00-21:00",No
PUNE-CSMT,2026-07-05,23:00,04:00,Single line working only,No
PUNE-CSMT,2026-07-06,23:00,03:00,Max 1 block per night,Yes
PUNE-CSMT,2026-07-07,23:00,03:00,Max 1 block per night,Yes
PUNE-CSMT,2026-07-08,23:00,03:00,"No block during peak hours 06:00-10:00,17:00-21:00",Yes
PUNE-CSMT,2026-07-09,23:00,03:00,"No block during peak hours 06:00-10:00,17:00-21:00",No
PUNE-CSMT,2026-07-10,23:00,03:00,Block suspended - VIP movement,No
PUNE-CSMT,2026-07-11,23:00,04:00,"No block during peak hours 06:00-10:00,17:00-21:00",Yes
PUNE-CSMT,2026-07-12,23:00,04:00,No restriction,No
PUNE-CSMT,2026-07-13,23:00,03:00,Max 1 block per night,Yes
PUNE-CSMT,2026-07-14,23:00,03:00,No restriction,No
PUNE-CSMT,2026-07-15,23:00,03:00,Max 1 block per night,No
PUNE-CSMT,2026-07-16,23:00,03:00,Single line working only,Yes
PUNE-CSMT,2026-07-17,23:00,03:00,No restriction,Yes
PUNE-CSMT,2026-07-18,23:00,04:00,No restriction,No
PUNE-CSMT,2026-07-19,23:00,04:00,"No block during peak hours 06:00-10:00,17:00-21:00",No
PUNE-CSMT,2026-07-20,23:00,03:00,No restriction,Yes
PUNE-CSMT,2026-07-21,23:00,03:00,"No block during peak hours 06:00-10:00,17:00-21:00",Yes
PUNE-CSMT,2026-07-22,23:00,03:00,"No block during peak hours 06:00-10:00,17:00-21:00",No
PUNE-CSMT,2026-07-23,23:00,03:00,"No block during peak hours 06:00-10:00,17:00-21:00",No
PUNE-CSMT,2026-07-24,23:00,03:00,No restriction,Yes
PUNE-CSMT,2026-07-25,23:00,04:00,Max 1 block per night,No
PUNE-CSMT,2026-07-26,23:00,04:00,Max 1 block per night,Yes
PUNE-CSMT,2026-07-27,23:00,03:00,"No block during peak hours 06:00-10:00,17:00-21:00",No
PUNE-CSMT,2026-07-28,23:00,03:00,Single line working only,Yes
PUNE-CSMT,2026-07-29,23:00,03:00,Block suspended - VIP movement,No
PUNE-CSMT,2026-07-30,23:00,03:00,Reduced window due to festival traffic,Yes
PUNE-CSMT,2026-07-31,23:00,03:00,"No block during peak hours 06:00-10:00,17:00-21:00",No
PUNE-CSMT,2026-08-01,23:00,04:00,Max 1 block per night,No
PUNE-CSMT,2026-08-02,23:00,04:00,No restriction,No
PUNE-CSMT,2026-08-03,23:00,03:00,Single line working only,No
PUNE-CSMT,2026-08-04,23:00,03:00,Max 1 block per night,Yes
PUNE-CSMT,2026-08-05,23:00,03:00,Max 1 block per night,No
PUNE-CSMT,2026-08-06,23:00,03:00,Block suspended - VIP movement,Yes
PUNE-CSMT,2026-08-07,23:00,03:00,No restriction,Yes
PUNE-CSMT,2026-08-08,23:00,04:00,No restriction,Yes
PUNE-CSMT,2026-08-09,23:00,04:00,Single line working only,No
PUNE-CSMT,2026-08-10,23:00,03:00,"No block during peak hours 06:00-10:00,17:00-21:00",Yes
PUNE-CSMT,2026-08-11,23:00,03:00,Single line working only,Yes
PUNE-CSMT,2026-08-12,23:00,03:00,Max 1 block per night,No
PUNE-CSMT,2026-08-13,23:00,03:00,No restriction,No
PUNE-CSMT,2026-08-14,23:00,03:00,Single line working only,No
PUNE-CSMT,2026-08-15,23:00,04:00,"No block during peak hours 06:00-10:00,17:00-21:00",Yes
PUNE-CSMT,2026-08-16,23:00,04:00,"No block during peak hours 06:00-10:00,17:00-21:00",No
PUNE-CSMT,2026-08-17,23:00,03:00,Max 1 block per night,No
PUNE-CSMT,2026-08-18,23:00,03:00,"No block during peak hours 06:00-10:00,17:00-21:00",Yes
PUNE-CSMT,2026-08-19,23:00,03:00,Single line working only,No
PUNE-CSMT,2026-08-20,23:00,03:00,Single line working only,No
PUNE-CSMT,2026-08-21,23:00,03:00,No restriction,Yes
PUNE-CSMT,2026-08-22,23:00,04:00,No restriction,No
PUNE-CSMT,2026-08-23,23:00,04:00,"No block during peak hours 06:00-10:00,17:00-21:00",No
PUNE-CSMT,2026-08-24,23:00,03:00,Single line working only,No
PUNE-CSMT,2026-08-25,23:00,03:00,Single line working only,Yes
PUNE-CSMT,2026-08-26,23:00,03:00,No restriction,Yes
PUNE-CSMT,2026-08-27,23:00,03:00,Max 1 block per night,No
PUNE-CSMT,2026-08-28,23:00,03:00,No restriction,Yes
PUNE-CSMT,2026-08-29,23:00,04:00,No restriction,No
PUNE-CSMT,2026-08-30,23:00,04:00,"No block during peak hours 06:00-10:00,17:00-21:00",No
PUNE-CSMT,2026-08-31,23:00,03:00,Reduced window due to festival traffic,Yes
PUNE-CSMT,2026-09-01,23:00,03:00,"No block during peak hours 06:00-10:00,17:00-21:00",No
PUNE-CSMT,2026-09-02,23:00,03:00,No restriction,No
PUNE-CSMT,2026-09-03,23:00,03:00,Max 1 block per night,No
PUNE-CSMT,2026-09-04,23:00,03:00,"No block during peak hours 06:00-10:00,17:00-21:00",No
PUNE-CSMT,2026-09-05,23:00,04:00,No restriction,No
PUNE-CSMT,2026-09-06,23:00,04:00,Block suspended - VIP movement,No
PUNE-CSMT,2026-09-07,23:00,03:00,Max 1 block per night,No
PUNE-CSMT,2026-09-08,23:00,03:00,Reduced window due to festival traffic,Yes
PUNE-CSMT,2026-09-09,23:00,03:00,"No block during peak hours 06:00-10:00,17:00-21:00",No
PUNE-CSMT,2026-09-10,23:00,03:00,"No block during peak hours 06:00-10:00,17:00-21:00",No
PUNE-CSMT,2026-09-11,23:00,03:00,Max 1 block per night,Yes
PUNE-CSMT,2026-09-12,23:00,04:00,"No block during peak hours 06:00-10:00,17:00-21:00",Yes
PUNE-CSMT,2026-09-13,23:00,04:00,"No block during peak hours 06:00-10:00,17:00-21:00",Yes
PUNE-CSMT,2026-09-14,23:00,03:00,Max 1 block per night,No
PUNE-CSMT,2026-09-15,23:00,03:00,"No block during peak hours 06:00-10:00,17:00-21:00",Yes
PUNE-CSMT,2026-09-16,23:00,03:00,Reduced window due to festival traffic,No
PUNE-CSMT,2026-09-17,23:00,03:00,Single line working only,Yes
PUNE-CSMT,2026-09-18,23:00,03:00,Max 1 block per night,Yes
PUNE-CSMT,2026-09-19,23:00,04:00,Max 1 block per night,Yes
PUNE-CSMT,2026-09-20,23:00,04:00,"No block during peak hours 06:00-10:00,17:00-21:00",Yes
PUNE-CSMT,2026-09-21,23:00,03:00,Reduced window due to festival traffic,No
PUNE-CSMT,2026-09-22,23:00,03:00,Max 1 block per night,No
PUNE-CSMT,2026-09-23,23:00,03:00,No restriction,Yes
PUNE-CSMT,2026-09-24,23:00,03:00,Block suspended - VIP movement,Yes
PUNE-CSMT,2026-09-25,23:00,03:00,Max 1 block per night,No
PUNE-CSMT,2026-09-26,23:00,04:00,"No block during peak hours 06:00-10:00,17:00-21:00",No
PUNE-CSMT,2026-09-27,23:00,04:00,Single line working only,No
PUNE-CSMT,2026-09-28,23:00,03:00,Max 1 block per night,Yes
PUNE-CSMT,2026-09-29,23:00,03:00,"No block during peak hours 06:00-10:00,17:00-21:00",No
PUNE-CSMT,2026-09-30,23:00,03:00,Single line working only,Yes
PUNE-CSMT,2026-10-01,23:00,03:00,Max 1 block per night,No
PUNE-CSMT,2026-10-02,23:00,03:00,Single line working only,Yes
PUNE-CSMT,2026-10-03,23:00,04:00,Max 1 block per night,Yes
PUNE-CSMT,2026-10-04,23:00,04:00,Reduced window due to festival traffic,Yes
PUNE-CSMT,2026-10-05,23:00,03:00,No restriction,Yes
PUNE-CSMT,2026-10-06,23:00,03:00,"No block during peak hours 06:00-10:00,17:00-21:00",Yes
PUNE-CSMT,2026-10-07,23:00,03:00,Max 1 block per night,Yes
PUNE-CSMT,2026-10-08,23:00,03:00,Single line working only,Yes
PUNE-CSMT,2026-10-09,23:00,03:00,Single line working only,No
PUNE-CSMT,2026-10-10,23:00,04:00,"No block during peak hours 06:00-10:00,17:00-21:00",No
PUNE-CSMT,2026-10-11,23:00,04:00,Max 1 block per night,Yes
PUNE-CSMT,2026-10-12,23:00,03:00,No restriction,Yes
PUNE-CSMT,2026-10-13,23:00,03:00,No restriction,No
PUNE-CSMT,2026-10-14,23:00,03:00,"No block during peak hours 06:00-10:00,17:00-21:00",Yes
PUNE-CSMT,2026-10-15,23:00,03:00,Max 1 block per night,Yes
PUNE-CSMT,2026-10-16,23:00,03:00,"No block during peak hours 06:00-10:00,17:00-21:00",No
PUNE-CSMT,2026-10-17,23:00,04:00,Single line working only,No
PUNE-CSMT,2026-10-18,23:00,04:00,No restriction,No
PUNE-CSMT,2026-10-19,23:00,03:00,Max 1 block per night,Yes
PUNE-CSMT,2026-10-20,23:00,03:00,No restriction,No
PUNE-CSMT,2026-10-21,23:00,03:00,No restriction,No
PUNE-CSMT,2026-10-22,23:00,03:00,Max 1 block per night,Yes
PUNE-CSMT,2026-10-23,23:00,03:00,Single line working only,No
PUNE-CSMT,2026-10-24,23:00,04:00,Single line working only,No
PUNE-CSMT,2026-10-25,23:00,04:00,Single line working only,Yes
PUNE-CSMT,2026-10-26,23:00,03:00,No restriction,Yes
PUNE-CSMT,2026-10-27,23:00,03:00,No restriction,Yes
PUNE-CSMT,2026-10-28,23:00,03:00,Single line working only,Yes
PUNE-CSMT,2026-10-29,23:00,03:00,Single line working only,No
PUNE-CSMT,2026-10-30,23:00,03:00,"No block during peak hours 06:00-10:00,17:00-21:00",No
PUNE-CSMT,2026-10-31,23:00,04:00,No restriction,No
PUNE-CSMT,2026-11-01,23:00,04:00,"No block during peak hours 06:00-10:00,17:00-21:00",Yes
PUNE-CSMT,2026-11-02,23:00,03:00,Max 1 block per night,No
PUNE-CSMT,2026-11-03,23:00,03:00,Single line working only,No
PUNE-CSMT,2026-11-04,23:00,03:00,"No block during peak hours 06:00-10:00,17:00-21:00",Yes
PUNE-CSMT,2026-11-05,23:00,03:00,"No block during peak hours 06:00-10:00,17:00-21:00",No
PUNE-CSMT,2026-11-06,23:00,03:00,"No block during peak hours 06:00-10:00,17:00-21:00",No
PUNE-CSMT,2026-11-07,23:00,04:00,Block suspended - VIP movement,No
PUNE-CSMT,2026-11-08,23:00,04:00,"No block during peak hours 06:00-10:00,17:00-21:00",Yes
PUNE-CSMT,2026-11-09,23:00,03:00,"No block during peak hours 06:00-10:00,17:00-21:00",Yes
PUNE-CSMT,2026-11-10,23:00,03:00,No restriction,Yes
PUNE-CSMT,2026-11-11,23:00,03:00,"No block during peak hours 06:00-10:00,17:00-21:00",Yes
PUNE-CSMT,2026-11-12,23:00,03:00,No restriction,No
PUNE-CSMT,2026-11-13,23:00,03:00,"No block during peak hours 06:00-10:00,17:00-21:00",No
PUNE-CSMT,2026-11-14,23:00,04:00,No restriction,No
PUNE-CSMT,2026-11-15,23:00,04:00,"No block during peak hours 06:00-10:00,17:00-21:00",Yes
PUNE-CSMT,2026-11-16,23:00,03:00,"No block during peak hours 06:00-10:00,17:00-21:00",No
PUNE-CSMT,2026-11-17,23:00,03:00,"No block during peak hours 06:00-10:00,17:00-21:00",No
PUNE-CSMT,2026-11-18,23:00,03:00,Max 1 block per night,Yes
PUNE-CSMT,2026-11-19,23:00,03:00,"No block during peak hours 06:00-10:00,17:00-21:00",No
PUNE-CSMT,2026-11-20,23:00,03:00,Max 1 block per night,No
PUNE-CSMT,2026-11-21,23:00,04:00,Single line working only,No
PUNE-CSMT,2026-11-22,23:00,04:00,Single line working only,No
PUNE-CSMT,2026-11-23,23:00,03:00,Single line working only,Yes
PUNE-CSMT,2026-11-24,23:00,03:00,"No block during peak hours 06:00-10:00,17:00-21:00",No
PUNE-CSMT,2026-11-25,23:00,03:00,No restriction,Yes
PUNE-CSMT,2026-11-26,23:00,03:00,No restriction,Yes
PUNE-CSMT,2026-11-27,23:00,03:00,No restriction,No
PUNE-CSMT,2026-11-28,23:00,04:00,"No block during peak hours 06:00-10:00,17:00-21:00",Yes
PUNE-CSMT,2026-11-29,23:00,04:00,Max 1 block per night,No
PUNE-CSMT,2026-11-30,23:00,03:00,"No block during peak hours 06:00-10:00,17:00-21:00",No
PUNE-CSMT,2026-12-01,23:00,03:00,Single line working only,Yes
PUNE-CSMT,2026-12-02,23:00,03:00,"No block during peak hours 06:00-10:00,17:00-21:00",No
PUNE-CSMT,2026-12-03,23:00,03:00,Max 1 block per night,Yes
PUNE-CSMT,2026-12-04,23:00,03:00,"No block during peak hours 06:00-10:00,17:00-21:00",Yes
PUNE-CSMT,2026-12-05,23:00,04:00,"No block during peak hours 06:00-10:00,17:00-21:00",No
PUNE-CSMT,2026-12-06,23:00,04:00,No restriction,No
PUNE-CSMT,2026-12-07,23:00,03:00,Single line working only,No
PUNE-CSMT,2026-12-08,23:00,03:00,Single line working only,No
PUNE-CSMT,2026-12-09,23:00,03:00,No restriction,No
PUNE-CSMT,2026-12-10,23:00,03:00,"No block during peak hours 06:00-10:00,17:00-21:00",No
PUNE-CSMT,2026-12-11,23:00,03:00,No restriction,Yes
PUNE-CSMT,2026-12-12,23:00,04:00,No restriction,No
PUNE-CSMT,2026-12-13,23:00,04:00,Max 1 block per night,No
PUNE-CSMT,2026-12-14,23:00,03:00,"No block during peak hours 06:00-10:00,17:00-21:00",No
PUNE-CSMT,2026-12-15,23:00,03:00,"No block during peak hours 06:00-10:00,17:00-21:00",No
PUNE-CSMT,2026-12-16,23:00,03:00,Single line working only,No
PUNE-CSMT,2026-12-17,23:00,03:00,Max 1 block per night,No
PUNE-CSMT,2026-12-18,23:00,03:00,Single line working only,No
PUNE-CSMT,2026-12-19,23:00,04:00,"No block during peak hours 06:00-10:00,17:00-21:00",No
PUNE-CSMT,2026-12-20,23:00,04:00,"No block during peak hours 06:00-10:00,17:00-21:00",No
PUNE-CSMT,2026-12-21,23:00,03:00,"No block during peak hours 06:00-10:00,17:00-21:00",No
PUNE-CSMT,2026-12-22,23:00,03:00,No restriction,Yes
PUNE-CSMT,2026-12-23,23:00,03:00,Single line working only,Yes
PUNE-CSMT,2026-12-24,23:00,03:00,"No block during peak hours 06:00-10:00,17:00-21:00",Yes
PUNE-CSMT,2026-12-25,23:00,03:00,Reduced window due to festival traffic,No
PUNE-CSMT,2026-12-26,23:00,04:00,Single line working only,No
PUNE-CSMT,2026-12-27,23:00,04:00,Max 1 block per night,Yes
PUNE-CSMT,2026-12-28,23:00,03:00,Max 1 block per night,No
PUNE-CSMT,2026-12-29,23:00,03:00,Max 1 block per night,No
PUNE-CSMT,2026-12-30,23:00,03:00,Block suspended - VIP movement,No
PUNE-CSMT,2026-12-31,23:00,03:00,"No block during peak hours 06:00-10:00,17:00-21:00",Yes
CSMT-BSR,2026-01-01,23:00,02:00,Max 1 block per night,No
CSMT-BSR,2026-01-02,23:00,02:00,"No block during peak hours 06:00-10:00,17:00-21:00",Yes
CSMT-BSR,2026-01-03,23:00,03:00,"No block during peak hours 06:00-10:00,17:00-21:00",No
CSMT-BSR,2026-01-04,23:00,03:00,Max 1 block per night,Yes
CSMT-BSR,2026-01-05,23:00,02:00,Max 1 block per night,No
CSMT-BSR,2026-01-06,23:00,02:00,No restriction,Yes
CSMT-BSR,2026-01-07,23:00,02:00,"No block during peak hours 06:00-10:00,17:00-21:00",No
CSMT-BSR,2026-01-08,23:00,02:00,"No block during peak hours 06:00-10:00,17:00-21:00",Yes
CSMT-BSR,2026-01-09,23:00,02:00,"No block during peak hours 06:00-10:00,17:00-21:00",No
CSMT-BSR,2026-01-10,23:00,03:00,"No block during peak hours 06:00-10:00,17:00-21:00",Yes
CSMT-BSR,2026-01-11,23:00,03:00,"No block during peak hours 06:00-10:00,17:00-21:00",No
CSMT-BSR,2026-01-12,23:00,02:00,"No block during peak hours 06:00-10:00,17:00-21:00",No
CSMT-BSR,2026-01-13,23:00,02:00,Max 1 block per night,No
CSMT-BSR,2026-01-14,23:00,02:00,Single line working only,No
CSMT-BSR,2026-01-15,23:00,02:00,Max 1 block per night,No
CSMT-BSR,2026-01-16,23:00,02:00,Single line working only,Yes
CSMT-BSR,2026-01-17,23:00,03:00,"No block during peak hours 06:00-10:00,17:00-21:00",No
CSMT-BSR,2026-01-18,23:00,03:00,"No block during peak hours 06:00-10:00,17:00-21:00",No
CSMT-BSR,2026-01-19,23:00,02:00,Max 1 block per night,Yes
CSMT-BSR,2026-01-20,23:00,02:00,Single line working only,No
CSMT-BSR,2026-01-21,23:00,02:00,Max 1 block per night,Yes
CSMT-BSR,2026-01-22,23:00,02:00,"No block during peak hours 06:00-10:00,17:00-21:00",No
CSMT-BSR,2026-01-23,23:00,02:00,"No block during peak hours 06:00-10:00,17:00-21:00",Yes
CSMT-BSR,2026-01-24,23:00,03:00,Single line working only,No
CSMT-BSR,2026-01-25,23:00,03:00,Block suspended - VIP movement,No
CSMT-BSR,2026-01-26,23:00,02:00,"No block during peak hours 06:00-10:00,17:00-21:00",Yes
CSMT-BSR,2026-01-27,23:00,02:00,"No block during peak hours 06:00-10:00,17:00-21:00",No
CSMT-BSR,2026-01-28,23:00,02:00,Single line working only,Yes
CSMT-BSR,2026-01-29,23:00,02:00,"No block during peak hours 06:00-10:00,17:00-21:00",No
CSMT-BSR,2026-01-30,23:00,02:00,"No block during peak hours 06:00-10:00,17:00-21:00",No
CSMT-BSR,2026-01-31,23:00,03:00,"No block during peak hours 06:00-10:00,17:00-21:00",Yes
CSMT-BSR,2026-02-01,23:00,03:00,Max 1 block per night,Yes
CSMT-BSR,2026-02-02,23:00,02:00,Block suspended - VIP movement,No
CSMT-BSR,2026-02-03,23:00,02:00,Single line working only,No
CSMT-BSR,2026-02-04,23:00,02:00,Max 1 block per night,No
CSMT-BSR,2026-02-05,23:00,02:00,Max 1 block per night,Yes
CSMT-BSR,2026-02-06,23:00,02:00,Max 1 block per night,No
CSMT-BSR,2026-02-07,23:00,03:00,Max 1 block per night,No
CSMT-BSR,2026-02-08,23:00,03:00,"No block during peak hours 06:00-10:00,17:00-21:00",Yes
CSMT-BSR,2026-02-09,23:00,02:00,Single line working only,No
CSMT-BSR,2026-02-10,23:00,02:00,"No block during peak hours 06:00-10:00,17:00-21:00",No
CSMT-BSR,2026-02-11,23:00,02:00,Max 1 block per night,Yes
CSMT-BSR,2026-02-12,23:00,02:00,Block suspended - VIP movement,Yes
CSMT-BSR,2026-02-13,23:00,02:00,"No block during peak hours 06:00-10:00,17:00-21:00",Yes
CSMT-BSR,2026-02-14,23:00,03:00,Single line working only,Yes
CSMT-BSR,2026-02-15,23:00,03:00,Max 1 block per night,Yes
CSMT-BSR,2026-02-16,23:00,02:00,Max 1 block per night,No
CSMT-BSR,2026-02-17,23:00,02:00,"No block during peak hours 06:00-10:00,17:00-21:00",Yes
CSMT-BSR,2026-02-18,23:00,02:00,No restriction,Yes
CSMT-BSR,2026-02-19,23:00,02:00,Single line working only,Yes
CSMT-BSR,2026-02-20,23:00,02:00,Max 1 block per night,No
CSMT-BSR,2026-02-21,23:00,03:00,Max 1 block per night,Yes
CSMT-BSR,2026-02-22,23:00,03:00,"No block during peak hours 06:00-10:00,17:00-21:00",No
CSMT-BSR,2026-02-23,23:00,02:00,"No block during peak hours 06:00-10:00,17:00-21:00",No
CSMT-BSR,2026-02-24,23:00,02:00,"No block during peak hours 06:00-10:00,17:00-21:00",Yes
CSMT-BSR,2026-02-25,23:00,02:00,Max 1 block per night,Yes
CSMT-BSR,2026-02-26,23:00,02:00,Max 1 block per night,Yes
CSMT-BSR,2026-02-27,23:00,02:00,"No block during peak hours 06:00-10:00,17:00-21:00",Yes
CSMT-BSR,2026-02-28,23:00,03:00,Max 1 block per night,No
CSMT-BSR,2026-03-01,23:00,03:00,Max 1 block per night,No
CSMT-BSR,2026-03-02,23:00,02:00,Max 1 block per night,No
CSMT-BSR,2026-03-03,23:00,02:00,Single line working only,No
CSMT-BSR,2026-03-04,23:00,02:00,"No block during peak hours 06:00-10:00,17:00-21:00",Yes
CSMT-BSR,2026-03-05,23:00,02:00,Max 1 block per night,No
CSMT-BSR,2026-03-06,23:00,02:00,Max 1 block per night,Yes
CSMT-BSR,2026-03-07,23:00,03:00,Single line working only,Yes
CSMT-BSR,2026-03-08,23:00,03:00,"No block during peak hours 06:00-10:00,17:00-21:00",No
CSMT-BSR,2026-03-09,23:00,02:00,Single line working only,Yes
CSMT-BSR,2026-03-10,23:00,02:00,Single line working only,Yes
CSMT-BSR,2026-03-11,23:00,02:00,Single line working only,No
CSMT-BSR,2026-03-12,23:00,02:00,Max 1 block per night,No
CSMT-BSR,2026-03-13,23:00,02:00,Single line working only,Yes
CSMT-BSR,2026-03-14,23:00,03:00,"No block during peak hours 06:00-10:00,17:00-21:00",No
CSMT-BSR,2026-03-15,23:00,03:00,Single line working only,No
CSMT-BSR,2026-03-16,23:00,02:00,"No block during peak hours 06:00-10:00,17:00-21:00",No
CSMT-BSR,2026-03-17,23:00,02:00,Max 1 block per night,Yes
CSMT-BSR,2026-03-18,23:00,02:00,"No block during peak hours 06:00-10:00,17:00-21:00",No
CSMT-BSR,2026-03-19,23:00,02:00,"No block during peak hours 06:00-10:00,17:00-21:00",No
CSMT-BSR,2026-03-20,23:00,02:00,Single line working only,No
CSMT-BSR,2026-03-21,23:00,03:00,Max 1 block per night,Yes
CSMT-BSR,2026-03-22,23:00,03:00,Max 1 block per night,Yes
CSMT-BSR,2026-03-23,23:00,02:00,No restriction,Yes
CSMT-BSR,2026-03-24,23:00,02:00,Reduced window due to festival traffic,Yes
CSMT-BSR,2026-03-25,23:00,02:00,Max 1 block per night,No
CSMT-BSR,2026-03-26,23:00,02:00,"No block during peak hours 06:00-10:00,17:00-21:00",No
CSMT-BSR,2026-03-27,23:00,02:00,Max 1 block per night,No
CSMT-BSR,2026-03-28,23:00,03:00,Max 1 block per night,Yes
CSMT-BSR,2026-03-29,23:00,03:00,Single line working only,No
CSMT-BSR,2026-03-30,23:00,02:00,Max 1 block per night,No
CSMT-BSR,2026-03-31,23:00,02:00,Single line working only,Yes
CSMT-BSR,2026-04-01,23:00,02:00,Single line working only,Yes
CSMT-BSR,2026-04-02,23:00,02:00,"No block during peak hours 06:00-10:00,17:00-21:00",No
CSMT-BSR,2026-04-03,23:00,02:00,"No block during peak hours 06:00-10:00,17:00-21:00",No
CSMT-BSR,2026-04-04,23:00,03:00,Single line working only,Yes
CSMT-BSR,2026-04-05,23:00,03:00,Single line working only,No
CSMT-BSR,2026-04-06,23:00,02:00,"No block during peak hours 06:00-10:00,17:00-21:00",No
CSMT-BSR,2026-04-07,23:00,02:00,Block suspended - VIP movement,No
CSMT-BSR,2026-04-08,23:00,02:00,Single line working only,No
CSMT-BSR,2026-04-09,23:00,02:00,Reduced window due to festival traffic,Yes
CSMT-BSR,2026-04-10,23:00,02:00,Single line working only,Yes
CSMT-BSR,2026-04-11,23:00,03:00,"No block during peak hours 06:00-10:00,17:00-21:00",Yes
CSMT-BSR,2026-04-12,23:00,03:00,"No block during peak hours 06:00-10:00,17:00-21:00",Yes
CSMT-BSR,2026-04-13,23:00,02:00,Max 1 block per night,No
CSMT-BSR,2026-04-14,23:00,02:00,Max 1 block per night,Yes
CSMT-BSR,2026-04-15,23:00,02:00,Single line working only,No
CSMT-BSR,2026-04-16,23:00,02:00,Max 1 block per night,No
CSMT-BSR,2026-04-17,23:00,02:00,"No block during peak hours 06:00-10:00,17:00-21:00",Yes
CSMT-BSR,2026-04-18,23:00,03:00,Max 1 block per night,Yes
CSMT-BSR,2026-04-19,23:00,03:00,"No block during peak hours 06:00-10:00,17:00-21:00",Yes
CSMT-BSR,2026-04-20,23:00,02:00,"No block during peak hours 06:00-10:00,17:00-21:00",No
CSMT-BSR,2026-04-21,23:00,02:00,Reduced window due to festival traffic,No
CSMT-BSR,2026-04-22,23:00,02:00,Max 1 block per night,No
CSMT-BSR,2026-04-23,23:00,02:00,"No block during peak hours 06:00-10:00,17:00-21:00",No
CSMT-BSR,2026-04-24,23:00,02:00,Single line working only,Yes
CSMT-BSR,2026-04-25,23:00,03:00,"No block during peak hours 06:00-10:00,17:00-21:00",Yes
CSMT-BSR,2026-04-26,23:00,03:00,"No block during peak hours 06:00-10:00,17:00-21:00",Yes
CSMT-BSR,2026-04-27,23:00,02:00,Max 1 block per night,Yes
CSMT-BSR,2026-04-28,23:00,02:00,Single line working only,Yes
CSMT-BSR,2026-04-29,23:00,02:00,"No block during peak hours 06:00-10:00,17:00-21:00",No
CSMT-BSR,2026-04-30,23:00,02:00,Max 1 block per night,Yes
CSMT-BSR,2026-05-01,23:00,02:00,Single line working only,Yes
CSMT-BSR,2026-05-02,23:00,03:00,Single line working only,No
CSMT-BSR,2026-05-03,23:00,03:00,"No block during peak hours 06:00-10:00,17:00-21:00",No
CSMT-BSR,2026-05-04,23:00,02:00,"No block during peak hours 06:00-10:00,17:00-21:00",Yes
CSMT-BSR,2026-05-05,23:00,02:00,Single line working only,No
CSMT-BSR,2026-05-06,23:00,02:00,Block suspended - VIP movement,Yes
CSMT-BSR,2026-05-07,23:00,02:00,Max 1 block per night,Yes
CSMT-BSR,2026-05-08,23:00,02:00,Max 1 block per night,Yes
CSMT-BSR,2026-05-09,23:00,03:00,Max 1 block per night,Yes
CSMT-BSR,2026-05-10,23:00,03:00,Max 1 block per night,Yes
CSMT-BSR,2026-05-11,23:00,02:00,Single line working only,Yes
CSMT-BSR,2026-05-12,23:00,02:00,No restriction,Yes
CSMT-BSR,2026-05-13,23:00,02:00,"No block during peak hours 06:00-10:00,17:00-21:00",Yes
CSMT-BSR,2026-05-14,23:00,02:00,Single line working only,Yes
CSMT-BSR,2026-05-15,23:00,02:00,"No block during peak hours 06:00-10:00,17:00-21:00",Yes
CSMT-BSR,2026-05-16,23:00,03:00,"No block during peak hours 06:00-10:00,17:00-21:00",No
CSMT-BSR,2026-05-17,23:00,03:00,"No block during peak hours 06:00-10:00,17:00-21:00",No
CSMT-BSR,2026-05-18,23:00,02:00,Reduced window due to festival traffic,No
CSMT-BSR,2026-05-19,23:00,02:00,Single line working only,Yes
CSMT-BSR,2026-05-20,23:00,02:00,Block suspended - VIP movement,No
CSMT-BSR,2026-05-21,23:00,02:00,Single line working only,No
CSMT-BSR,2026-05-22,23:00,02:00,Single line working only,No
CSMT-BSR,2026-05-23,23:00,03:00,Single line working only,No
CSMT-BSR,2026-05-24,23:00,03:00,Single line working only,No
CSMT-BSR,2026-05-25,23:00,02:00,Single line working only,Yes
CSMT-BSR,2026-05-26,23:00,02:00,"No block during peak hours 06:00-10:00,17:00-21:00",Yes
CSMT-BSR,2026-05-27,23:00,02:00,"No block during peak hours 06:00-10:00,17:00-21:00",Yes
CSMT-BSR,2026-05-28,23:00,02:00,Max 1 block per night,Yes
CSMT-BSR,2026-05-29,23:00,02:00,"No block during peak hours 06:00-10:00,17:00-21:00",Yes
CSMT-BSR,2026-05-30,23:00,03:00,"No block during peak hours 06:00-10:00,17:00-21:00",Yes
CSMT-BSR,2026-05-31,23:00,03:00,"No block during peak hours 06:00-10:00,17:00-21:00",No
CSMT-BSR,2026-06-01,23:00,02:00,No restriction,No
CSMT-BSR,2026-06-02,23:00,02:00,"No block during peak hours 06:00-10:00,17:00-21:00",Yes
CSMT-BSR,2026-06-03,23:00,02:00,Single line working only,No
CSMT-BSR,2026-06-04,23:00,02:00,Single line working only,No
CSMT-BSR,2026-06-05,23:00,02:00,"No block during peak hours 06:00-10:00,17:00-21:00",No
CSMT-BSR,2026-06-06,23:00,03:00,Single line working only,No
CSMT-BSR,2026-06-07,23:00,03:00,"No block during peak hours 06:00-10:00,17:00-21:00",Yes
CSMT-BSR,2026-06-08,23:00,02:00,Single line working only,No
CSMT-BSR,2026-06-09,23:00,02:00,"No block during peak hours 06:00-10:00,17:00-21:00",No
CSMT-BSR,2026-06-10,23:00,02:00,Max 1 block per night,No
CSMT-BSR,2026-06-11,23:00,02:00,Reduced window due to festival traffic,No
CSMT-BSR,2026-06-12,23:00,02:00,"No block during peak hours 06:00-10:00,17:00-21:00",Yes
CSMT-BSR,2026-06-13,23:00,03:00,"No block during peak hours 06:00-10:00,17:00-21:00",Yes
CSMT-BSR,2026-06-14,23:00,03:00,Max 1 block per night,Yes
CSMT-BSR,2026-06-15,23:00,02:00,Max 1 block per night,No
CSMT-BSR,2026-06-16,23:00,02:00,Block suspended - VIP movement,No
CSMT-BSR,2026-06-17,23:00,02:00,Reduced window due to festival traffic,Yes
CSMT-BSR,2026-06-18,23:00,02:00,Reduced window due to festival traffic,Yes
CSMT-BSR,2026-06-19,23:00,02:00,Block suspended - VIP movement,Yes
CSMT-BSR,2026-06-20,23:00,03:00,Single line working only,Yes
CSMT-BSR,2026-06-21,23:00,03:00,"No block during peak hours 06:00-10:00,17:00-21:00",No
CSMT-BSR,2026-06-22,23:00,02:00,Max 1 block per night,Yes
CSMT-BSR,2026-06-23,23:00,02:00,Max 1 block per night,No
CSMT-BSR,2026-06-24,23:00,02:00,"No block during peak hours 06:00-10:00,17:00-21:00",Yes
CSMT-BSR,2026-06-25,23:00,02:00,Max 1 block per night,No
CSMT-BSR,2026-06-26,23:00,02:00,Max 1 block per night,No
CSMT-BSR,2026-06-27,23:00,03:00,Single line working only,Yes
CSMT-BSR,2026-06-28,23:00,03:00,"No block during peak hours 06:00-10:00,17:00-21:00",No
CSMT-BSR,2026-06-29,23:00,02:00,Max 1 block per night,No
CSMT-BSR,2026-06-30,23:00,02:00,Max 1 block per night,Yes
CSMT-BSR,2026-07-01,23:00,02:00,Single line working only,Yes
CSMT-BSR,2026-07-02,23:00,02:00,Single line working only,No
CSMT-BSR,2026-07-03,23:00,02:00,"No block during peak hours 06:00-10:00,17:00-21:00",No
CSMT-BSR,2026-07-04,23:00,03:00,Block suspended - VIP movement,Yes
CSMT-BSR,2026-07-05,23:00,03:00,Single line working only,No
CSMT-BSR,2026-07-06,23:00,02:00,Block suspended - VIP movement,No
CSMT-BSR,2026-07-07,23:00,02:00,Max 1 block per night,No
CSMT-BSR,2026-07-08,23:00,02:00,Max 1 block per night,No
CSMT-BSR,2026-07-09,23:00,02:00,"No block during peak hours 06:00-10:00,17:00-21:00",Yes
CSMT-BSR,2026-07-10,23:00,02:00,"No block during peak hours 06:00-10:00,17:00-21:00",Yes
CSMT-BSR,2026-07-11,23:00,03:00,Single line working only,Yes
CSMT-BSR,2026-07-12,23:00,03:00,Max 1 block per night,No
CSMT-BSR,2026-07-13,23:00,02:00,Reduced window due to festival traffic,Yes
CSMT-BSR,2026-07-14,23:00,02:00,Single line working only,Yes
CSMT-BSR,2026-07-15,23:00,02:00,Max 1 block per night,No
CSMT-BSR,2026-07-16,23:00,02:00,Single line working only,Yes
CSMT-BSR,2026-07-17,23:00,02:00,Single line working only,Yes
CSMT-BSR,2026-07-18,23:00,03:00,Max 1 block per night,Yes
CSMT-BSR,2026-07-19,23:00,03:00,"No block during peak hours 06:00-10:00,17:00-21:00",Yes
CSMT-BSR,2026-07-20,23:00,02:00,"No block during peak hours 06:00-10:00,17:00-21:00",Yes
CSMT-BSR,2026-07-21,23:00,02:00,Reduced window due to festival traffic,No
CSMT-BSR,2026-07-22,23:00,02:00,"No block during peak hours 06:00-10:00,17:00-21:00",No
CSMT-BSR,2026-07-23,23:00,02:00,"No block during peak hours 06:00-10:00,17:00-21:00",No
CSMT-BSR,2026-07-24,23:00,02:00,"No block during peak hours 06:00-10:00,17:00-21:00",No
CSMT-BSR,2026-07-25,23:00,03:00,Max 1 block per night,Yes
CSMT-BSR,2026-07-26,23:00,03:00,Max 1 block per night,No
CSMT-BSR,2026-07-27,23:00,02:00,Max 1 block per night,Yes
CSMT-BSR,2026-07-28,23:00,02:00,"No block during peak hours 06:00-10:00,17:00-21:00",Yes
CSMT-BSR,2026-07-29,23:00,02:00,Max 1 block per night,No
CSMT-BSR,2026-07-30,23:00,02:00,Max 1 block per night,No
CSMT-BSR,2026-07-31,23:00,02:00,Max 1 block per night,Yes
CSMT-BSR,2026-08-01,23:00,03:00,No restriction,No
CSMT-BSR,2026-08-02,23:00,03:00,"No block during peak hours 06:00-10:00,17:00-21:00",No
CSMT-BSR,2026-08-03,23:00,02:00,"No block during peak hours 06:00-10:00,17:00-21:00",Yes
CSMT-BSR,2026-08-04,23:00,02:00,No restriction,No
CSMT-BSR,2026-08-05,23:00,02:00,"No block during peak hours 06:00-10:00,17:00-21:00",Yes
CSMT-BSR,2026-08-06,23:00,02:00,"No block during peak hours 06:00-10:00,17:00-21:00",No
CSMT-BSR,2026-08-07,23:00,02:00,"No block during peak hours 06:00-10:00,17:00-21:00",No
CSMT-BSR,2026-08-08,23:00,03:00,"No block during peak hours 06:00-10:00,17:00-21:00",Yes
CSMT-BSR,2026-08-09,23:00,03:00,"No block during peak hours 06:00-10:00,17:00-21:00",No
CSMT-BSR,2026-08-10,23:00,02:00,Reduced window due to festival traffic,Yes
CSMT-BSR,2026-08-11,23:00,02:00,Single line working only,No
CSMT-BSR,2026-08-12,23:00,02:00,Max 1 block per night,No
CSMT-BSR,2026-08-13,23:00,02:00,Max 1 block per night,Yes
CSMT-BSR,2026-08-14,23:00,02:00,"No block during peak hours 06:00-10:00,17:00-21:00",No
CSMT-BSR,2026-08-15,23:00,03:00,Max 1 block per night,Yes
CSMT-BSR,2026-08-16,23:00,03:00,Max 1 block per night,Yes
CSMT-BSR,2026-08-17,23:00,02:00,"No block during peak hours 06:00-10:00,17:00-21:00",Yes
CSMT-BSR,2026-08-18,23:00,02:00,"No block during peak hours 06:00-10:00,17:00-21:00",Yes
CSMT-BSR,2026-08-19,23:00,02:00,Single line working only,Yes
CSMT-BSR,2026-08-20,23:00,02:00,"No block during peak hours 06:00-10:00,17:00-21:00",No
CSMT-BSR,2026-08-21,23:00,02:00,"No block during peak hours 06:00-10:00,17:00-21:00",No
CSMT-BSR,2026-08-22,23:00,03:00,Single line working only,No
CSMT-BSR,2026-08-23,23:00,03:00,Max 1 block per night,No
CSMT-BSR,2026-08-24,23:00,02:00,Single line working only,No
CSMT-BSR,2026-08-25,23:00,02:00,Single line working only,Yes
CSMT-BSR,2026-08-26,23:00,02:00,Single line working only,No
CSMT-BSR,2026-08-27,23:00,02:00,"No block during peak hours 06:00-10:00,17:00-21:00",Yes
CSMT-BSR,2026-08-28,23:00,02:00,Block suspended - VIP movement,No
CSMT-BSR,2026-08-29,23:00,03:00,Max 1 block per night,Yes
CSMT-BSR,2026-08-30,23:00,03:00,"No block during peak hours 06:00-10:00,17:00-21:00",No
CSMT-BSR,2026-08-31,23:00,02:00,Block suspended - VIP movement,No
CSMT-BSR,2026-09-01,23:00,02:00,"No block during peak hours 06:00-10:00,17:00-21:00",No
CSMT-BSR,2026-09-02,23:00,02:00,Block suspended - VIP movement,Yes
CSMT-BSR,2026-09-03,23:00,02:00,Reduced window due to festival traffic,No
CSMT-BSR,2026-09-04,23:00,02:00,"No block during peak hours 06:00-10:00,17:00-21:00",No
CSMT-BSR,2026-09-05,23:00,03:00,"No block during peak hours 06:00-10:00,17:00-21:00",No
CSMT-BSR,2026-09-06,23:00,03:00,Block suspended - VIP movement,No
CSMT-BSR,2026-09-07,23:00,02:00,No restriction,Yes
CSMT-BSR,2026-09-08,23:00,02:00,Reduced window due to festival traffic,No
CSMT-BSR,2026-09-09,23:00,02:00,Block suspended - VIP movement,Yes
CSMT-BSR,2026-09-10,23:00,02:00,Single line working only,Yes
CSMT-BSR,2026-09-11,23:00,02:00,"No block during peak hours 06:00-10:00,17:00-21:00",No
CSMT-BSR,2026-09-12,23:00,03:00,Max 1 block per night,Yes
CSMT-BSR,2026-09-13,23:00,03:00,Single line working only,Yes
CSMT-BSR,2026-09-14,23:00,02:00,"No block during peak hours 06:00-10:00,17:00-21:00",No
CSMT-BSR,2026-09-15,23:00,02:00,Single line working only,Yes
CSMT-BSR,2026-09-16,23:00,02:00,Single line working only,No
CSMT-BSR,2026-09-17,23:00,02:00,Single line working only,No
CSMT-BSR,2026-09-18,23:00,02:00,Max 1 block per night,No
CSMT-BSR,2026-09-19,23:00,03:00,Max 1 block per night,Yes
CSMT-BSR,2026-09-20,23:00,03:00,Single line working only,No
CSMT-BSR,2026-09-21,23:00,02:00,"No block during peak hours 06:00-10:00,17:00-21:00",Yes
CSMT-BSR,2026-09-22,23:00,02:00,Single line working only,Yes
CSMT-BSR,2026-09-23,23:00,02:00,"No block during peak hours 06:00-10:00,17:00-21:00",Yes
CSMT-BSR,2026-09-24,23:00,02:00,Max 1 block per night,No
CSMT-BSR,2026-09-25,23:00,02:00,Single line working only,No
CSMT-BSR,2026-09-26,23:00,03:00,"No block during peak hours 06:00-10:00,17:00-21:00",Yes
CSMT-BSR,2026-09-27,23:00,03:00,"No block during peak hours 06:00-10:00,17:00-21:00",Yes
CSMT-BSR,2026-09-28,23:00,02:00,"No block during peak hours 06:00-10:00,17:00-21:00",No
CSMT-BSR,2026-09-29,23:00,02:00,"No block during peak hours 06:00-10:00,17:00-21:00",Yes
CSMT-BSR,2026-09-30,23:00,02:00,"No block during peak hours 06:00-10:00,17:00-21:00",No
CSMT-BSR,2026-10-01,23:00,02:00,Max 1 block per night,Yes
CSMT-BSR,2026-10-02,23:00,02:00,Max 1 block per night,No
CSMT-BSR,2026-10-03,23:00,03:00,Block suspended - VIP movement,No
CSMT-BSR,2026-10-04,23:00,03:00,"No block during peak hours 06:00-10:00,17:00-21:00",No
CSMT-BSR,2026-10-05,23:00,02:00,Single line working only,No
CSMT-BSR,2026-10-06,23:00,02:00,Single line working only,Yes
CSMT-BSR,2026-10-07,23:00,02:00,Single line working only,Yes
CSMT-BSR,2026-10-08,23:00,02:00,Max 1 block per night,Yes
CSMT-BSR,2026-10-09,23:00,02:00,"No block during peak hours 06:00-10:00,17:00-21:00",No
CSMT-BSR,2026-10-10,23:00,03:00,Reduced window due to festival traffic,No
CSMT-BSR,2026-10-11,23:00,03:00,"No block during peak hours 06:00-10:00,17:00-21:00",No
CSMT-BSR,2026-10-12,23:00,02:00,Block suspended - VIP movement,No
CSMT-BSR,2026-10-13,23:00,02:00,"No block during peak hours 06:00-10:00,17:00-21:00",Yes
CSMT-BSR,2026-10-14,23:00,02:00,Reduced window due to festival traffic,Yes
CSMT-BSR,2026-10-15,23:00,02:00,"No block during peak hours 06:00-10:00,17:00-21:00",Yes
CSMT-BSR,2026-10-16,23:00,02:00,"No block during peak hours 06:00-10:00,17:00-21:00",No
CSMT-BSR,2026-10-17,23:00,03:00,"No block during peak hours 06:00-10:00,17:00-21:00",No
CSMT-BSR,2026-10-18,23:00,03:00,Single line working only,No
CSMT-BSR,2026-10-19,23:00,02:00,"No block during peak hours 06:00-10:00,17:00-21:00",Yes
CSMT-BSR,2026-10-20,23:00,02:00,"No block during peak hours 06:00-10:00,17:00-21:00",No
CSMT-BSR,2026-10-21,23:00,02:00,Max 1 block per night,Yes
CSMT-BSR,2026-10-22,23:00,02:00,Block suspended - VIP movement,No
CSMT-BSR,2026-10-23,23:00,02:00,"No block during peak hours 06:00-10:00,17:00-21:00",No
CSMT-BSR,2026-10-24,23:00,03:00,"No block during peak hours 06:00-10:00,17:00-21:00",Yes
CSMT-BSR,2026-10-25,23:00,03:00,Max 1 block per night,Yes
CSMT-BSR,2026-10-26,23:00,02:00,Reduced window due to festival traffic,Yes
CSMT-BSR,2026-10-27,23:00,02:00,Max 1 block per night,Yes
CSMT-BSR,2026-10-28,23:00,02:00,"No block during peak hours 06:00-10:00,17:00-21:00",No
CSMT-BSR,2026-10-29,23:00,02:00,Max 1 block per night,No
CSMT-BSR,2026-10-30,23:00,02:00,Reduced window due to festival traffic,Yes
CSMT-BSR,2026-10-31,23:00,03:00,"No block during peak hours 06:00-10:00,17:00-21:00",Yes
CSMT-BSR,2026-11-01,23:00,03:00,Max 1 block per night,No
CSMT-BSR,2026-11-02,23:00,02:00,Max 1 block per night,No
CSMT-BSR,2026-11-03,23:00,02:00,"No block during peak hours 06:00-10:00,17:00-21:00",No
CSMT-BSR,2026-11-04,23:00,02:00,"No block during peak hours 06:00-10:00,17:00-21:00",No
CSMT-BSR,2026-11-05,23:00,02:00,"No block during peak hours 06:00-10:00,17:00-21:00",Yes
CSMT-BSR,2026-11-06,23:00,02:00,"No block during peak hours 06:00-10:00,17:00-21:00",Yes
CSMT-BSR,2026-11-07,23:00,03:00,"No block during peak hours 06:00-10:00,17:00-21:00",Yes
CSMT-BSR,2026-11-08,23:00,03:00,Single line working only,No
CSMT-BSR,2026-11-09,23:00,02:00,No restriction,Yes
CSMT-BSR,2026-11-10,23:00,02:00,"No block during peak hours 06:00-10:00,17:00-21:00",Yes
CSMT-BSR,2026-11-11,23:00,02:00,Max 1 block per night,Yes
CSMT-BSR,2026-11-12,23:00,02:00,"No block during peak hours 06:00-10:00,17:00-21:00",No
CSMT-BSR,2026-11-13,23:00,02:00,Single line working only,Yes
CSMT-BSR,2026-11-14,23:00,03:00,Single line working only,No
CSMT-BSR,2026-11-15,23:00,03:00,Max 1 block per night,No
CSMT-BSR,2026-11-16,23:00,02:00,Single line working only,Yes
CSMT-BSR,2026-11-17,23:00,02:00,Single line working only,Yes
CSMT-BSR,2026-11-18,23:00,02:00,Reduced window due to festival traffic,No
CSMT-BSR,2026-11-19,23:00,02:00,Max 1 block per night,Yes
CSMT-BSR,2026-11-20,23:00,02:00,"No block during peak hours 06:00-10:00,17:00-21:00",No
CSMT-BSR,2026-11-21,23:00,03:00,Block suspended - VIP movement,No
CSMT-BSR,2026-11-22,23:00,03:00,Single line working only,No
CSMT-BSR,2026-11-23,23:00,02:00,"No block during peak hours 06:00-10:00,17:00-21:00",No
CSMT-BSR,2026-11-24,23:00,02:00,Max 1 block per night,No
CSMT-BSR,2026-11-25,23:00,02:00,"No block during peak hours 06:00-10:00,17:00-21:00",No
CSMT-BSR,2026-11-26,23:00,02:00,"No block during peak hours 06:00-10:00,17:00-21:00",Yes
CSMT-BSR,2026-11-27,23:00,02:00,"No block during peak hours 06:00-10:00,17:00-21:00",Yes
CSMT-BSR,2026-11-28,23:00,03:00,Max 1 block per night,Yes
CSMT-BSR,2026-11-29,23:00,03:00,Max 1 block per night,No
CSMT-BSR,2026-11-30,23:00,02:00,"No block during peak hours 06:00-10:00,17:00-21:00",Yes
CSMT-BSR,2026-12-01,23:00,02:00,"No block during peak hours 06:00-10:00,17:00-21:00",Yes
CSMT-BSR,2026-12-02,23:00,02:00,Single line working only,Yes
CSMT-BSR,2026-12-03,23:00,02:00,Single line working only,Yes
CSMT-BSR,2026-12-04,23:00,02:00,"No block during peak hours 06:00-10:00,17:00-21:00",No
CSMT-BSR,2026-12-05,23:00,03:00,Block suspended - VIP movement,Yes
CSMT-BSR,2026-12-06,23:00,03:00,Max 1 block per night,No
CSMT-BSR,2026-12-07,23:00,02:00,Block suspended - VIP movement,No
CSMT-BSR,2026-12-08,23:00,02:00,Single line working only,No
CSMT-BSR,2026-12-09,23:00,02:00,"No block during peak hours 06:00-10:00,17:00-21:00",Yes
CSMT-BSR,2026-12-10,23:00,02:00,"No block during peak hours 06:00-10:00,17:00-21:00",No
CSMT-BSR,2026-12-11,23:00,02:00,Max 1 block per night,Yes
CSMT-BSR,2026-12-12,23:00,03:00,"No block during peak hours 06:00-10:00,17:00-21:00",No
CSMT-BSR,2026-12-13,23:00,03:00,"No block during peak hours 06:00-10:00,17:00-21:00",Yes
CSMT-BSR,2026-12-14,23:00,02:00,Max 1 block per night,No
CSMT-BSR,2026-12-15,23:00,02:00,Single line working only,Yes
CSMT-BSR,2026-12-16,23:00,02:00,Max 1 block per night,Yes
CSMT-BSR,2026-12-17,23:00,02:00,"No block during peak hours 06:00-10:00,17:00-21:00",No
CSMT-BSR,2026-12-18,23:00,02:00,Max 1 block per night,Yes
CSMT-BSR,2026-12-19,23:00,03:00,"No block during peak hours 06:00-10:00,17:00-21:00",Yes
CSMT-BSR,2026-12-20,23:00,03:00,"No block during peak hours 06:00-10:00,17:00-21:00",Yes
CSMT-BSR,2026-12-21,23:00,02:00,"No block during peak hours 06:00-10:00,17:00-21:00",Yes
CSMT-BSR,2026-12-22,23:00,02:00,Single line working only,Yes
CSMT-BSR,2026-12-23,23:00,02:00,Max 1 block per night,No
CSMT-BSR,2026-12-24,23:00,02:00,Single line working only,Yes
CSMT-BSR,2026-12-25,23:00,02:00,Max 1 block per night,No
CSMT-BSR,2026-12-26,23:00,03:00,Max 1 block per night,Yes
CSMT-BSR,2026-12-27,23:00,03:00,"No block during peak hours 06:00-10:00,17:00-21:00",Yes
CSMT-BSR,2026-12-28,23:00,02:00,"No block during peak hours 06:00-10:00,17:00-21:00",No
CSMT-BSR,2026-12-29,23:00,02:00,Single line working only,Yes
CSMT-BSR,2026-12-30,23:00,02:00,Max 1 block per night,No
CSMT-BSR,2026-12-31,23:00,02:00,Reduced window due to festival traffic,No
BSR-BPL,2026-01-01,23:00,02:00,Single line working only,Yes
BSR-BPL,2026-01-02,23:00,02:00,"No block during peak hours 06:00-10:00,17:00-21:00",No
BSR-BPL,2026-01-03,23:00,03:00,No restriction,No
BSR-BPL,2026-01-04,23:00,03:00,"No block during peak hours 06:00-10:00,17:00-21:00",No
BSR-BPL,2026-01-05,23:00,02:00,"No block during peak hours 06:00-10:00,17:00-21:00",No
BSR-BPL,2026-01-06,23:00,02:00,"No block during peak hours 06:00-10:00,17:00-21:00",No
BSR-BPL,2026-01-07,23:00,02:00,Max 1 block per night,No
BSR-BPL,2026-01-08,23:00,02:00,Single line working only,No
BSR-BPL,2026-01-09,23:00,02:00,"No block during peak hours 06:00-10:00,17:00-21:00",Yes
BSR-BPL,2026-01-10,23:00,03:00,Single line working only,No
BSR-BPL,2026-01-11,23:00,03:00,Max 1 block per night,No
BSR-BPL,2026-01-12,23:00,02:00,Single line working only,Yes
BSR-BPL,2026-01-13,23:00,02:00,"No block during peak hours 06:00-10:00,17:00-21:00",Yes
BSR-BPL,2026-01-14,23:00,02:00,Max 1 block per night,Yes
BSR-BPL,2026-01-15,23:00,02:00,Max 1 block per night,No
BSR-BPL,2026-01-16,23:00,02:00,"No block during peak hours 06:00-10:00,17:00-21:00",No
BSR-BPL,2026-01-17,23:00,03:00,Max 1 block per night,Yes
BSR-BPL,2026-01-18,23:00,03:00,"No block during peak hours 06:00-10:00,17:00-21:00",Yes
BSR-BPL,2026-01-19,23:00,02:00,"No block during peak hours 06:00-10:00,17:00-21:00",Yes
BSR-BPL,2026-01-20,23:00,02:00,"No block during peak hours 06:00-10:00,17:00-21:00",Yes
BSR-BPL,2026-01-21,23:00,02:00,Single line working only,No
BSR-BPL,2026-01-22,23:00,02:00,"No block during peak hours 06:00-10:00,17:00-21:00",No
BSR-BPL,2026-01-23,23:00,02:00,Reduced window due to festival traffic,No
BSR-BPL,2026-01-24,23:00,03:00,Single line working only,No
BSR-BPL,2026-01-25,23:00,03:00,Block suspended - VIP movement,No
BSR-BPL,2026-01-26,23:00,02:00,Reduced window due to festival traffic,Yes
BSR-BPL,2026-01-27,23:00,02:00,"No block during peak hours 06:00-10:00,17:00-21:00",Yes
BSR-BPL,2026-01-28,23:00,02:00,Reduced window due to festival traffic,No
BSR-BPL,2026-01-29,23:00,02:00,Max 1 block per night,Yes
BSR-BPL,2026-01-30,23:00,02:00,"No block during peak hours 06:00-10:00,17:00-21:00",No
BSR-BPL,2026-01-31,23:00,03:00,Max 1 block per night,Yes
BSR-BPL,2026-02-01,23:00,03:00,"No block during peak hours 06:00-10:00,17:00-21:00",Yes
BSR-BPL,2026-02-02,23:00,02:00,"No block during peak hours 06:00-10:00,17:00-21:00",Yes
BSR-BPL,2026-02-03,23:00,02:00,Single line working only,Yes
BSR-BPL,2026-02-04,23:00,02:00,Single line working only,Yes
BSR-BPL,2026-02-05,23:00,02:00,"No block during peak hours 06:00-10:00,17:00-21:00",Yes
BSR-BPL,2026-02-06,23:00,02:00,Max 1 block per night,No
BSR-BPL,2026-02-07,23:00,03:00,"No block during peak hours 06:00-10:00,17:00-21:00",Yes
BSR-BPL,2026-02-08,23:00,03:00,Single line working only,Yes
BSR-BPL,2026-02-09,23:00,02:00,Single line working only,Yes
BSR-BPL,2026-02-10,23:00,02:00,Single line working only,Yes
BSR-BPL,2026-02-11,23:00,02:00,No restriction,No
BSR-BPL,2026-02-12,23:00,02:00,Max 1 block per night,No
BSR-BPL,2026-02-13,23:00,02:00,Max 1 block per night,No
BSR-BPL,2026-02-14,23:00,03:00,"No block during peak hours 06:00-10:00,17:00-21:00",No
BSR-BPL,2026-02-15,23:00,03:00,Max 1 block per night,No
BSR-BPL,2026-02-16,23:00,02:00,Max 1 block per night,No
BSR-BPL,2026-02-17,23:00,02:00,"No block during peak hours 06:00-10:00,17:00-21:00",No
BSR-BPL,2026-02-18,23:00,02:00,"No block during peak hours 06:00-10:00,17:00-21:00",Yes
BSR-BPL,2026-02-19,23:00,02:00,"No block during peak hours 06:00-10:00,17:00-21:00",No
BSR-BPL,2026-02-20,23:00,02:00,"No block during peak hours 06:00-10:00,17:00-21:00",Yes
BSR-BPL,2026-02-21,23:00,03:00,Single line working only,Yes
BSR-BPL,2026-02-22,23:00,03:00,"No block during peak hours 06:00-10:00,17:00-21:00",Yes
BSR-BPL,2026-02-23,23:00,02:00,Reduced window due to festival traffic,No
BSR-BPL,2026-02-24,23:00,02:00,No restriction,No
BSR-BPL,2026-02-25,23:00,02:00,Max 1 block per night,No
BSR-BPL,2026-02-26,23:00,02:00,Single line working only,No
BSR-BPL,2026-02-27,23:00,02:00,Max 1 block per night,Yes
BSR-BPL,2026-02-28,23:00,03:00,"No block during peak hours 06:00-10:00,17:00-21:00",No
BSR-BPL,2026-03-01,23:00,03:00,"No block during peak hours 06:00-10:00,17:00-21:00",Yes
BSR-BPL,2026-03-02,23:00,02:00,"No block during peak hours 06:00-10:00,17:00-21:00",No
BSR-BPL,2026-03-03,23:00,02:00,Single line working only,Yes
BSR-BPL,2026-03-04,23:00,02:00,Single line working only,No
BSR-BPL,2026-03-05,23:00,02:00,Reduced window due to festival traffic,Yes
BSR-BPL,2026-03-06,23:00,02:00,Max 1 block per night,Yes
BSR-BPL,2026-03-07,23:00,03:00,Max 1 block per night,Yes
BSR-BPL,2026-03-08,23:00,03:00,"No block during peak hours 06:00-10:00,17:00-21:00",No
BSR-BPL,2026-03-09,23:00,02:00,Max 1 block per night,No
BSR-BPL,2026-03-10,23:00,02:00,Single line working only,No
BSR-BPL,2026-03-11,23:00,02:00,Max 1 block per night,No
BSR-BPL,2026-03-12,23:00,02:00,Max 1 block per night,No
BSR-BPL,2026-03-13,23:00,02:00,Max 1 block per night,No
BSR-BPL,2026-03-14,23:00,03:00,No restriction,No
BSR-BPL,2026-03-15,23:00,03:00,Single line working only,Yes
BSR-BPL,2026-03-16,23:00,02:00,"No block during peak hours 06:00-10:00,17:00-21:00",Yes
BSR-BPL,2026-03-17,23:00,02:00,"No block during peak hours 06:00-10:00,17:00-21:00",No
BSR-BPL,2026-03-18,23:00,02:00,No restriction,No
BSR-BPL,2026-03-19,23:00,02:00,Max 1 block per night,No
BSR-BPL,2026-03-20,23:00,02:00,Max 1 block per night,No
BSR-BPL,2026-03-21,23:00,03:00,Max 1 block per night,No
BSR-BPL,2026-03-22,23:00,03:00,Single line working only,No
BSR-BPL,2026-03-23,23:00,02:00,Block suspended - VIP movement,No
BSR-BPL,2026-03-24,23:00,02:00,"No block during peak hours 06:00-10:00,17:00-21:00",Yes
BSR-BPL,2026-03-25,23:00,02:00,Max 1 block per night,No
BSR-BPL,2026-03-26,23:00,02:00,"No block during peak hours 06:00-10:00,17:00-21:00",Yes
BSR-BPL,2026-03-27,23:00,02:00,"No block during peak hours 06:00-10:00,17:00-21:00",No
BSR-BPL,2026-03-28,23:00,03:00,Max 1 block per night,Yes
BSR-BPL,2026-03-29,23:00,03:00,Block suspended - VIP movement,No
BSR-BPL,2026-03-30,23:00,02:00,Max 1 block per night,No
BSR-BPL,2026-03-31,23:00,02:00,Max 1 block per night,No
BSR-BPL,2026-04-01,23:00,02:00,"No block during peak hours 06:00-10:00,17:00-21:00",Yes
BSR-BPL,2026-04-02,23:00,02:00,"No block during peak hours 06:00-10:00,17:00-21:00",No
BSR-BPL,2026-04-03,23:00,02:00,Max 1 block per night,Yes
BSR-BPL,2026-04-04,23:00,03:00,Max 1 block per night,No
BSR-BPL,2026-04-05,23:00,03:00,Max 1 block per night,Yes
BSR-BPL,2026-04-06,23:00,02:00,"No block during peak hours 06:00-10:00,17:00-21:00",Yes
BSR-BPL,2026-04-07,23:00,02:00,"No block during peak hours 06:00-10:00,17:00-21:00",Yes
BSR-BPL,2026-04-08,23:00,02:00,"No block during peak hours 06:00-10:00,17:00-21:00",Yes
BSR-BPL,2026-04-09,23:00,02:00,No restriction,No
BSR-BPL,2026-04-10,23:00,02:00,Block suspended - VIP movement,No
BSR-BPL,2026-04-11,23:00,03:00,Max 1 block per night,No
BSR-BPL,2026-04-12,23:00,03:00,Single line working only,No
BSR-BPL,2026-04-13,23:00,02:00,Single line working only,No
BSR-BPL,2026-04-14,23:00,02:00,Max 1 block per night,No
BSR-BPL,2026-04-15,23:00,02:00,Max 1 block per night,No
BSR-BPL,2026-04-16,23:00,02:00,"No block during peak hours 06:00-10:00,17:00-21:00",Yes
BSR-BPL,2026-04-17,23:00,02:00,Max 1 block per night,No
BSR-BPL,2026-04-18,23:00,03:00,Max 1 block per night,Yes
BSR-BPL,2026-04-19,23:00,03:00,"No block during peak hours 06:00-10:00,17:00-21:00",No
BSR-BPL,2026-04-20,23:00,02:00,Block suspended - VIP movement,No
BSR-BPL,2026-04-21,23:00,02:00,Max 1 block per night,No
BSR-BPL,2026-04-22,23:00,02:00,Reduced window due to festival traffic,No
BSR-BPL,2026-04-23,23:00,02:00,"No block during peak hours 06:00-10:00,17:00-21:00",No
BSR-BPL,2026-04-24,23:00,02:00,"No block during peak hours 06:00-10:00,17:00-21:00",No
BSR-BPL,2026-04-25,23:00,03:00,"No block during peak hours 06:00-10:00,17:00-21:00",No
BSR-BPL,2026-04-26,23:00,03:00,Max 1 block per night,Yes
BSR-BPL,2026-04-27,23:00,02:00,Single line working only,Yes
BSR-BPL,2026-04-28,23:00,02:00,Reduced window due to festival traffic,No
BSR-BPL,2026-04-29,23:00,02:00,"No block during peak hours 06:00-10:00,17:00-21:00",No
BSR-BPL,2026-04-30,23:00,02:00,"No block during peak hours 06:00-10:00,17:00-21:00",No
BSR-BPL,2026-05-01,23:00,02:00,"No block during peak hours 06:00-10:00,17:00-21:00",No
BSR-BPL,2026-05-02,23:00,03:00,Single line working only,Yes
BSR-BPL,2026-05-03,23:00,03:00,"No block during peak hours 06:00-10:00,17:00-21:00",No
BSR-BPL,2026-05-04,23:00,02:00,"No block during peak hours 06:00-10:00,17:00-21:00",Yes
BSR-BPL,2026-05-05,23:00,02:00,Max 1 block per night,No
BSR-BPL,2026-05-06,23:00,02:00,Max 1 block per night,No
BSR-BPL,2026-05-07,23:00,02:00,Reduced window due to festival traffic,No
BSR-BPL,2026-05-08,23:00,02:00,Single line working only,Yes
BSR-BPL,2026-05-09,23:00,03:00,Single line working only,No
BSR-BPL,2026-05-10,23:00,03:00,Reduced window due to festival traffic,Yes
BSR-BPL,2026-05-11,23:00,02:00,Max 1 block per night,No
BSR-BPL,2026-05-12,23:00,02:00,Reduced window due to festival traffic,Yes
BSR-BPL,2026-05-13,23:00,02:00,Block suspended - VIP movement,Yes
BSR-BPL,2026-05-14,23:00,02:00,"No block during peak hours 06:00-10:00,17:00-21:00",No
BSR-BPL,2026-05-15,23:00,02:00,Single line working only,No
BSR-BPL,2026-05-16,23:00,03:00,"No block during peak hours 06:00-10:00,17:00-21:00",No
BSR-BPL,2026-05-17,23:00,03:00,Single line working only,No
BSR-BPL,2026-05-18,23:00,02:00,Max 1 block per night,Yes
BSR-BPL,2026-05-19,23:00,02:00,"No block during peak hours 06:00-10:00,17:00-21:00",Yes
BSR-BPL,2026-05-20,23:00,02:00,Single line working only,No
BSR-BPL,2026-05-21,23:00,02:00,Single line working only,Yes
BSR-BPL,2026-05-22,23:00,02:00,Block suspended - VIP movement,No
BSR-BPL,2026-05-23,23:00,03:00,Max 1 block per night,No
BSR-BPL,2026-05-24,23:00,03:00,"No block during peak hours 06:00-10:00,17:00-21:00",No
BSR-BPL,2026-05-25,23:00,02:00,Single line working only,No
BSR-BPL,2026-05-26,23:00,02:00,No restriction,Yes
BSR-BPL,2026-05-27,23:00,02:00,Max 1 block per night,No
BSR-BPL,2026-05-28,23:00,02:00,Max 1 block per night,Yes
BSR-BPL,2026-05-29,23:00,02:00,Max 1 block per night,No
BSR-BPL,2026-05-30,23:00,03:00,Max 1 block per night,No
BSR-BPL,2026-05-31,23:00,03:00,Single line working only,Yes
BSR-BPL,2026-06-01,23:00,02:00,No restriction,No
BSR-BPL,2026-06-02,23:00,02:00,"No block during peak hours 06:00-10:00,17:00-21:00",Yes
BSR-BPL,2026-06-03,23:00,02:00,Max 1 block per night,Yes
BSR-BPL,2026-06-04,23:00,02:00,Max 1 block per night,Yes
BSR-BPL,2026-06-05,23:00,02:00,Single line working only,Yes
BSR-BPL,2026-06-06,23:00,03:00,Single line working only,Yes
BSR-BPL,2026-06-07,23:00,03:00,Max 1 block per night,Yes
BSR-BPL,2026-06-08,23:00,02:00,"No block during peak hours 06:00-10:00,17:00-21:00",Yes
BSR-BPL,2026-06-09,23:00,02:00,"No block during peak hours 06:00-10:00,17:00-21:00",No
BSR-BPL,2026-06-10,23:00,02:00,Max 1 block per night,No
BSR-BPL,2026-06-11,23:00,02:00,Max 1 block per night,No
BSR-BPL,2026-06-12,23:00,02:00,Max 1 block per night,No
BSR-BPL,2026-06-13,23:00,03:00,"No block during peak hours 06:00-10:00,17:00-21:00",No
BSR-BPL,2026-06-14,23:00,03:00,"No block during peak hours 06:00-10:00,17:00-21:00",Yes
BSR-BPL,2026-06-15,23:00,02:00,"No block during peak hours 06:00-10:00,17:00-21:00",No
BSR-BPL,2026-06-16,23:00,02:00,Max 1 block per night,No
BSR-BPL,2026-06-17,23:00,02:00,"No block during peak hours 06:00-10:00,17:00-21:00",No
BSR-BPL,2026-06-18,23:00,02:00,Reduced window due to festival traffic,Yes
BSR-BPL,2026-06-19,23:00,02:00,Max 1 block per night,Yes
BSR-BPL,2026-06-20,23:00,03:00,Block suspended - VIP movement,Yes
BSR-BPL,2026-06-21,23:00,03:00,"No block during peak hours 06:00-10:00,17:00-21:00",Yes
BSR-BPL,2026-06-22,23:00,02:00,Reduced window due to festival traffic,No
BSR-BPL,2026-06-23,23:00,02:00,No restriction,Yes
BSR-BPL,2026-06-24,23:00,02:00,Max 1 block per night,Yes
BSR-BPL,2026-06-25,23:00,02:00,Single line working only,No
BSR-BPL,2026-06-26,23:00,02:00,Single line working only,No
BSR-BPL,2026-06-27,23:00,03:00,Single line working only,Yes
BSR-BPL,2026-06-28,23:00,03:00,"No block during peak hours 06:00-10:00,17:00-21:00",No
BSR-BPL,2026-06-29,23:00,02:00,Single line working only,Yes
BSR-BPL,2026-06-30,23:00,02:00,"No block during peak hours 06:00-10:00,17:00-21:00",No
BSR-BPL,2026-07-01,23:00,02:00,"No block during peak hours 06:00-10:00,17:00-21:00",Yes
BSR-BPL,2026-07-02,23:00,02:00,"No block during peak hours 06:00-10:00,17:00-21:00",Yes
BSR-BPL,2026-07-03,23:00,02:00,Single line working only,No
BSR-BPL,2026-07-04,23:00,03:00,No restriction,No
BSR-BPL,2026-07-05,23:00,03:00,"No block during peak hours 06:00-10:00,17:00-21:00",No
BSR-BPL,2026-07-06,23:00,02:00,Single line working only,Yes
BSR-BPL,2026-07-07,23:00,02:00,"No block during peak hours 06:00-10:00,17:00-21:00",No
BSR-BPL,2026-07-08,23:00,02:00,Block suspended - VIP movement,No
BSR-BPL,2026-07-09,23:00,02:00,Max 1 block per night,Yes
BSR-BPL,2026-07-10,23:00,02:00,Single line working only,No
BSR-BPL,2026-07-11,23:00,03:00,"No block during peak hours 06:00-10:00,17:00-21:00",No
BSR-BPL,2026-07-12,23:00,03:00,"No block during peak hours 06:00-10:00,17:00-21:00",No
BSR-BPL,2026-07-13,23:00,02:00,"No block during peak hours 06:00-10:00,17:00-21:00",No
BSR-BPL,2026-07-14,23:00,02:00,Block suspended - VIP movement,No
BSR-BPL,2026-07-15,23:00,02:00,Single line working only,No
BSR-BPL,2026-07-16,23:00,02:00,Reduced window due to festival traffic,Yes
BSR-BPL,2026-07-17,23:00,02:00,"No block during peak hours 06:00-10:00,17:00-21:00",No
BSR-BPL,2026-07-18,23:00,03:00,"No block during peak hours 06:00-10:00,17:00-21:00",No
BSR-BPL,2026-07-19,23:00,03:00,Max 1 block per night,Yes
BSR-BPL,2026-07-20,23:00,02:00,Block suspended - VIP movement,No
BSR-BPL,2026-07-21,23:00,02:00,Single line working only,No
BSR-BPL,2026-07-22,23:00,02:00,Single line working only,No
BSR-BPL,2026-07-23,23:00,02:00,"No block during peak hours 06:00-10:00,17:00-21:00",No
BSR-BPL,2026-07-24,23:00,02:00,Max 1 block per night,Yes
BSR-BPL,2026-07-25,23:00,03:00,Block suspended - VIP movement,Yes
BSR-BPL,2026-07-26,23:00,03:00,Block suspended - VIP movement,No
BSR-BPL,2026-07-27,23:00,02:00,"No block during peak hours 06:00-10:00,17:00-21:00",Yes
BSR-BPL,2026-07-28,23:00,02:00,"No block during peak hours 06:00-10:00,17:00-21:00",No
BSR-BPL,2026-07-29,23:00,02:00,Single line working only,No
BSR-BPL,2026-07-30,23:00,02:00,Single line working only,No
BSR-BPL,2026-07-31,23:00,02:00,"No block during peak hours 06:00-10:00,17:00-21:00",No
BSR-BPL,2026-08-01,23:00,03:00,Single line working only,No
BSR-BPL,2026-08-02,23:00,03:00,"No block during peak hours 06:00-10:00,17:00-21:00",No
BSR-BPL,2026-08-03,23:00,02:00,"No block during peak hours 06:00-10:00,17:00-21:00",No
BSR-BPL,2026-08-04,23:00,02:00,"No block during peak hours 06:00-10:00,17:00-21:00",Yes
BSR-BPL,2026-08-05,23:00,02:00,"No block during peak hours 06:00-10:00,17:00-21:00",No
BSR-BPL,2026-08-06,23:00,02:00,Single line working only,No
BSR-BPL,2026-08-07,23:00,02:00,Single line working only,Yes
BSR-BPL,2026-08-08,23:00,03:00,"No block during peak hours 06:00-10:00,17:00-21:00",No
BSR-BPL,2026-08-09,23:00,03:00,Single line working only,Yes
BSR-BPL,2026-08-10,23:00,02:00,Single line working only,Yes
BSR-BPL,2026-08-11,23:00,02:00,"No block during peak hours 06:00-10:00,17:00-21:00",No
BSR-BPL,2026-08-12,23:00,02:00,"No block during peak hours 06:00-10:00,17:00-21:00",Yes
BSR-BPL,2026-08-13,23:00,02:00,Max 1 block per night,Yes
BSR-BPL,2026-08-14,23:00,02:00,Reduced window due to festival traffic,Yes
BSR-BPL,2026-08-15,23:00,03:00,Max 1 block per night,No
BSR-BPL,2026-08-16,23:00,03:00,"No block during peak hours 06:00-10:00,17:00-21:00",Yes
BSR-BPL,2026-08-17,23:00,02:00,Single line working only,No
BSR-BPL,2026-08-18,23:00,02:00,"No block during peak hours 06:00-10:00,17:00-21:00",No
BSR-BPL,2026-08-19,23:00,02:00,"No block during peak hours 06:00-10:00,17:00-21:00",No
BSR-BPL,2026-08-20,23:00,02:00,Single line working only,Yes
BSR-BPL,2026-08-21,23:00,02:00,Max 1 block per night,Yes
BSR-BPL,2026-08-22,23:00,03:00,Max 1 block per night,No
BSR-BPL,2026-08-23,23:00,03:00,Max 1 block per night,Yes
BSR-BPL,2026-08-24,23:00,02:00,Single line working only,No
BSR-BPL,2026-08-25,23:00,02:00,"No block during peak hours 06:00-10:00,17:00-21:00",No
BSR-BPL,2026-08-26,23:00,02:00,"No block during peak hours 06:00-10:00,17:00-21:00",Yes
BSR-BPL,2026-08-27,23:00,02:00,"No block during peak hours 06:00-10:00,17:00-21:00",Yes
BSR-BPL,2026-08-28,23:00,02:00,"No block during peak hours 06:00-10:00,17:00-21:00",No
BSR-BPL,2026-08-29,23:00,03:00,"No block during peak hours 06:00-10:00,17:00-21:00",Yes
BSR-BPL,2026-08-30,23:00,03:00,Reduced window due to festival traffic,Yes
BSR-BPL,2026-08-31,23:00,02:00,"No block during peak hours 06:00-10:00,17:00-21:00",No
BSR-BPL,2026-09-01,23:00,02:00,Max 1 block per night,No
BSR-BPL,2026-09-02,23:00,02:00,"No block during peak hours 06:00-10:00,17:00-21:00",Yes
BSR-BPL,2026-09-03,23:00,02:00,Single line working only,Yes
BSR-BPL,2026-09-04,23:00,02:00,Max 1 block per night,Yes
BSR-BPL,2026-09-05,23:00,03:00,"No block during peak hours 06:00-10:00,17:00-21:00",No
BSR-BPL,2026-09-06,23:00,03:00,"No block during peak hours 06:00-10:00,17:00-21:00",No
BSR-BPL,2026-09-07,23:00,02:00,"No block during peak hours 06:00-10:00,17:00-21:00",No
BSR-BPL,2026-09-08,23:00,02:00,Reduced window due to festival traffic,No
BSR-BPL,2026-09-09,23:00,02:00,Max 1 block per night,Yes
BSR-BPL,2026-09-10,23:00,02:00,Reduced window due to festival traffic,No
BSR-BPL,2026-09-11,23:00,02:00,Max 1 block per night,Yes
BSR-BPL,2026-09-12,23:00,03:00,"No block during peak hours 06:00-10:00,17:00-21:00",No
BSR-BPL,2026-09-13,23:00,03:00,"No block during peak hours 06:00-10:00,17:00-21:00",No
BSR-BPL,2026-09-14,23:00,02:00,"No block during peak hours 06:00-10:00,17:00-21:00",No
BSR-BPL,2026-09-15,23:00,02:00,"No block during peak hours 06:00-10:00,17:00-21:00",No
BSR-BPL,2026-09-16,23:00,02:00,Max 1 block per night,No
BSR-BPL,2026-09-17,23:00,02:00,Single line working only,No
BSR-BPL,2026-09-18,23:00,02:00,Block suspended - VIP movement,No
BSR-BPL,2026-09-19,23:00,03:00,Max 1 block per night,Yes
BSR-BPL,2026-09-20,23:00,03:00,Max 1 block per night,Yes
BSR-BPL,2026-09-21,23:00,02:00,"No block during peak hours 06:00-10:00,17:00-21:00",No
BSR-BPL,2026-09-22,23:00,02:00,"No block during peak hours 06:00-10:00,17:00-21:00",Yes
BSR-BPL,2026-09-23,23:00,02:00,"No block during peak hours 06:00-10:00,17:00-21:00",Yes
BSR-BPL,2026-09-24,23:00,02:00,"No block during peak hours 06:00-10:00,17:00-21:00",Yes
BSR-BPL,2026-09-25,23:00,02:00,"No block during peak hours 06:00-10:00,17:00-21:00",No
BSR-BPL,2026-09-26,23:00,03:00,Single line working only,Yes
BSR-BPL,2026-09-27,23:00,03:00,Max 1 block per night,No
BSR-BPL,2026-09-28,23:00,02:00,Max 1 block per night,No
BSR-BPL,2026-09-29,23:00,02:00,"No block during peak hours 06:00-10:00,17:00-21:00",Yes
BSR-BPL,2026-09-30,23:00,02:00,"No block during peak hours 06:00-10:00,17:00-21:00",No
BSR-BPL,2026-10-01,23:00,02:00,"No block during peak hours 06:00-10:00,17:00-21:00",No
BSR-BPL,2026-10-02,23:00,02:00,"No block during peak hours 06:00-10:00,17:00-21:00",No
BSR-BPL,2026-10-03,23:00,03:00,Single line working only,Yes
BSR-BPL,2026-10-04,23:00,03:00,"No block during peak hours 06:00-10:00,17:00-21:00",No
BSR-BPL,2026-10-05,23:00,02:00,Single line working only,No
BSR-BPL,2026-10-06,23:00,02:00,Max 1 block per night,Yes
BSR-BPL,2026-10-07,23:00,02:00,Single line working only,Yes
BSR-BPL,2026-10-08,23:00,02:00,"No block during peak hours 06:00-10:00,17:00-21:00",Yes
BSR-BPL,2026-10-09,23:00,02:00,"No block during peak hours 06:00-10:00,17:00-21:00",Yes
BSR-BPL,2026-10-10,23:00,03:00,Single line working only,No
BSR-BPL,2026-10-11,23:00,03:00,"No block during peak hours 06:00-10:00,17:00-21:00",Yes
BSR-BPL,2026-10-12,23:00,02:00,Block suspended - VIP movement,Yes
BSR-BPL,2026-10-13,23:00,02:00,Single line working only,No
BSR-BPL,2026-10-14,23:00,02:00,Single line working only,Yes
BSR-BPL,2026-10-15,23:00,02:00,Max 1 block per night,No
BSR-BPL,2026-10-16,23:00,02:00,Max 1 block per night,No
BSR-BPL,2026-10-17,23:00,03:00,Max 1 block per night,No
BSR-BPL,2026-10-18,23:00,03:00,"No block during peak hours 06:00-10:00,17:00-21:00",No
BSR-BPL,2026-10-19,23:00,02:00,Reduced window due to festival traffic,Yes
BSR-BPL,2026-10-20,23:00,02:00,Max 1 block per night,No
BSR-BPL,2026-10-21,23:00,02:00,"No block during peak hours 06:00-10:00,17:00-21:00",Yes
BSR-BPL,2026-10-22,23:00,02:00,"No block during peak hours 06:00-10:00,17:00-21:00",No
BSR-BPL,2026-10-23,23:00,02:00,Max 1 block per night,Yes
BSR-BPL,2026-10-24,23:00,03:00,"No block during peak hours 06:00-10:00,17:00-21:00",No
BSR-BPL,2026-10-25,23:00,03:00,Max 1 block per night,No
BSR-BPL,2026-10-26,23:00,02:00,"No block during peak hours 06:00-10:00,17:00-21:00",Yes
BSR-BPL,2026-10-27,23:00,02:00,"No block during peak hours 06:00-10:00,17:00-21:00",Yes
BSR-BPL,2026-10-28,23:00,02:00,Single line working only,Yes
BSR-BPL,2026-10-29,23:00,02:00,Reduced window due to festival traffic,No
BSR-BPL,2026-10-30,23:00,02:00,"No block during peak hours 06:00-10:00,17:00-21:00",No
BSR-BPL,2026-10-31,23:00,03:00,"No block during peak hours 06:00-10:00,17:00-21:00",Yes
BSR-BPL,2026-11-01,23:00,03:00,Single line working only,Yes
BSR-BPL,2026-11-02,23:00,02:00,Single line working only,No
BSR-BPL,2026-11-03,23:00,02:00,"No block during peak hours 06:00-10:00,17:00-21:00",No
BSR-BPL,2026-11-04,23:00,02:00,Reduced window due to festival traffic,No
BSR-BPL,2026-11-05,23:00,02:00,No restriction,No
BSR-BPL,2026-11-06,23:00,02:00,Max 1 block per night,No
BSR-BPL,2026-11-07,23:00,03:00,"No block during peak hours 06:00-10:00,17:00-21:00",No
BSR-BPL,2026-11-08,23:00,03:00,"No block during peak hours 06:00-10:00,17:00-21:00",Yes
BSR-BPL,2026-11-09,23:00,02:00,"No block during peak hours 06:00-10:00,17:00-21:00",No
BSR-BPL,2026-11-10,23:00,02:00,"No block during peak hours 06:00-10:00,17:00-21:00",Yes
BSR-BPL,2026-11-11,23:00,02:00,"No block during peak hours 06:00-10:00,17:00-21:00",No
BSR-BPL,2026-11-12,23:00,02:00,"No block during peak hours 06:00-10:00,17:00-21:00",Yes
BSR-BPL,2026-11-13,23:00,02:00,"No block during peak hours 06:00-10:00,17:00-21:00",Yes
BSR-BPL,2026-11-14,23:00,03:00,Single line working only,Yes
BSR-BPL,2026-11-15,23:00,03:00,Reduced window due to festival traffic,Yes
BSR-BPL,2026-11-16,23:00,02:00,"No block during peak hours 06:00-10:00,17:00-21:00",Yes
BSR-BPL,2026-11-17,23:00,02:00,"No block during peak hours 06:00-10:00,17:00-21:00",No
BSR-BPL,2026-11-18,23:00,02:00,"No block during peak hours 06:00-10:00,17:00-21:00",Yes
BSR-BPL,2026-11-19,23:00,02:00,"No block during peak hours 06:00-10:00,17:00-21:00",No
BSR-BPL,2026-11-20,23:00,02:00,Single line working only,Yes
BSR-BPL,2026-11-21,23:00,03:00,Max 1 block per night,No
BSR-BPL,2026-11-22,23:00,03:00,"No block during peak hours 06:00-10:00,17:00-21:00",Yes
BSR-BPL,2026-11-23,23:00,02:00,Block suspended - VIP movement,No
BSR-BPL,2026-11-24,23:00,02:00,"No block during peak hours 06:00-10:00,17:00-21:00",No
BSR-BPL,2026-11-25,23:00,02:00,"No block during peak hours 06:00-10:00,17:00-21:00",Yes
BSR-BPL,2026-11-26,23:00,02:00,Max 1 block per night,Yes
BSR-BPL,2026-11-27,23:00,02:00,Single line working only,No
BSR-BPL,2026-11-28,23:00,03:00,"No block during peak hours 06:00-10:00,17:00-21:00",No
BSR-BPL,2026-11-29,23:00,03:00,"No block during peak hours 06:00-10:00,17:00-21:00",Yes
BSR-BPL,2026-11-30,23:00,02:00,"No block during peak hours 06:00-10:00,17:00-21:00",Yes
BSR-BPL,2026-12-01,23:00,02:00,"No block during peak hours 06:00-10:00,17:00-21:00",No
BSR-BPL,2026-12-02,23:00,02:00,"No block during peak hours 06:00-10:00,17:00-21:00",Yes
BSR-BPL,2026-12-03,23:00,02:00,Single line working only,No
BSR-BPL,2026-12-04,23:00,02:00,"No block during peak hours 06:00-10:00,17:00-21:00",No
BSR-BPL,2026-12-05,23:00,03:00,"No block during peak hours 06:00-10:00,17:00-21:00",Yes
BSR-BPL,2026-12-06,23:00,03:00,"No block during peak hours 06:00-10:00,17:00-21:00",No
BSR-BPL,2026-12-07,23:00,02:00,Single line working only,Yes
BSR-BPL,2026-12-08,23:00,02:00,Single line working only,No
BSR-BPL,2026-12-09,23:00,02:00,Single line working only,No
BSR-BPL,2026-12-10,23:00,02:00,Max 1 block per night,Yes
BSR-BPL,2026-12-11,23:00,02:00,Max 1 block per night,Yes
BSR-BPL,2026-12-12,23:00,03:00,Reduced window due to festival traffic,Yes
BSR-BPL,2026-12-13,23:00,03:00,Block suspended - VIP movement,Yes
BSR-BPL,2026-12-14,23:00,02:00,No restriction,Yes
BSR-BPL,2026-12-15,23:00,02:00,Single line working only,No
BSR-BPL,2026-12-16,23:00,02:00,Block suspended - VIP movement,Yes
BSR-BPL,2026-12-17,23:00,02:00,Max 1 block per night,No
BSR-BPL,2026-12-18,23:00,02:00,"No block during peak hours 06:00-10:00,17:00-21:00",No
BSR-BPL,2026-12-19,23:00,03:00,Single line working only,No
BSR-BPL,2026-12-20,23:00,03:00,Max 1 block per night,No
BSR-BPL,2026-12-21,23:00,02:00,Single line working only,Yes
BSR-BPL,2026-12-22,23:00,02:00,"No block during peak hours 06:00-10:00,17:00-21:00",Yes
BSR-BPL,2026-12-23,23:00,02:00,"No block during peak hours 06:00-10:00,17:00-21:00",Yes
BSR-BPL,2026-12-24,23:00,02:00,"No block during peak hours 06:00-10:00,17:00-21:00",Yes
BSR-BPL,2026-12-25,23:00,02:00,"No block during peak hours 06:00-10:00,17:00-21:00",Yes
BSR-BPL,2026-12-26,23:00,03:00,Max 1 block per night,Yes
BSR-BPL,2026-12-27,23:00,03:00,No restriction,Yes
BSR-BPL,2026-12-28,23:00,02:00,"No block during peak hours 06:00-10:00,17:00-21:00",Yes
BSR-BPL,2026-12-29,23:00,02:00,"No block during peak hours 06:00-10:00,17:00-21:00",No
BSR-BPL,2026-12-30,23:00,02:00,"No block during peak hours 06:00-10:00,17:00-21:00",No
BSR-BPL,2026-12-31,23:00,02:00,Single line working only,No
BPL-JHS,2026-01-01,23:00,03:00,"No block during peak hours 06:00-10:00,17:00-21:00",No
BPL-JHS,2026-01-02,23:00,03:00,"No block during peak hours 06:00-10:00,17:00-21:00",No
BPL-JHS,2026-01-03,23:00,04:00,Single line working only,Yes
BPL-JHS,2026-01-04,23:00,04:00,Max 1 block per night,No
BPL-JHS,2026-01-05,23:00,03:00,"No block during peak hours 06:00-10:00,17:00-21:00",No
BPL-JHS,2026-01-06,23:00,03:00,Single line working only,No
BPL-JHS,2026-01-07,23:00,03:00,Max 1 block per night,Yes
BPL-JHS,2026-01-08,23:00,03:00,No restriction,Yes
BPL-JHS,2026-01-09,23:00,03:00,Max 1 block per night,No
BPL-JHS,2026-01-10,23:00,04:00,Max 1 block per night,Yes
BPL-JHS,2026-01-11,23:00,04:00,No restriction,No
BPL-JHS,2026-01-12,23:00,03:00,No restriction,No
BPL-JHS,2026-01-13,23:00,03:00,Block suspended - VIP movement,No
BPL-JHS,2026-01-14,23:00,03:00,Single line working only,Yes
BPL-JHS,2026-01-15,23:00,03:00,Max 1 block per night,Yes
BPL-JHS,2026-01-16,23:00,03:00,Single line working only,No
BPL-JHS,2026-01-17,23:00,04:00,Single line working only,No
BPL-JHS,2026-01-18,23:00,04:00,Max 1 block per night,No
BPL-JHS,2026-01-19,23:00,03:00,"No block during peak hours 06:00-10:00,17:00-21:00",No
BPL-JHS,2026-01-20,23:00,03:00,Single line working only,Yes
BPL-JHS,2026-01-21,23:00,03:00,Block suspended - VIP movement,No
BPL-JHS,2026-01-22,23:00,03:00,Max 1 block per night,No
BPL-JHS,2026-01-23,23:00,03:00,Single line working only,Yes
BPL-JHS,2026-01-24,23:00,04:00,Max 1 block per night,No
BPL-JHS,2026-01-25,23:00,04:00,"No block during peak hours 06:00-10:00,17:00-21:00",No
BPL-JHS,2026-01-26,23:00,03:00,No restriction,No
BPL-JHS,2026-01-27,23:00,03:00,"No block during peak hours 06:00-10:00,17:00-21:00",No
BPL-JHS,2026-01-28,23:00,03:00,Single line working only,No
BPL-JHS,2026-01-29,23:00,03:00,Reduced window due to festival traffic,No
BPL-JHS,2026-01-30,23:00,03:00,Single line working only,Yes
BPL-JHS,2026-01-31,23:00,04:00,Single line working only,No
BPL-JHS,2026-02-01,23:00,04:00,Single line working only,Yes
BPL-JHS,2026-02-02,23:00,03:00,Single line working only,No
BPL-JHS,2026-02-03,23:00,03:00,Max 1 block per night,Yes
BPL-JHS,2026-02-04,23:00,03:00,Reduced window due to festival traffic,Yes
BPL-JHS,2026-02-05,23:00,03:00,Single line working only,No
BPL-JHS,2026-02-06,23:00,03:00,Max 1 block per night,Yes
BPL-JHS,2026-02-07,23:00,04:00,"No block during peak hours 06:00-10:00,17:00-21:00",No
BPL-JHS,2026-02-08,23:00,04:00,"No block during peak hours 06:00-10:00,17:00-21:00",No
BPL-JHS,2026-02-09,23:00,03:00,No restriction,No
BPL-JHS,2026-02-10,23:00,03:00,"No block during peak hours 06:00-10:00,17:00-21:00",Yes
BPL-JHS,2026-02-11,23:00,03:00,"No block during peak hours 06:00-10:00,17:00-21:00",No
BPL-JHS,2026-02-12,23:00,03:00,Single line working only,Yes
BPL-JHS,2026-02-13,23:00,03:00,"No block during peak hours 06:00-10:00,17:00-21:00",Yes
BPL-JHS,2026-02-14,23:00,04:00,Single line working only,No
BPL-JHS,2026-02-15,23:00,04:00,No restriction,No
BPL-JHS,2026-02-16,23:00,03:00,Max 1 block per night,Yes
BPL-JHS,2026-02-17,23:00,03:00,"No block during peak hours 06:00-10:00,17:00-21:00",No
BPL-JHS,2026-02-18,23:00,03:00,Max 1 block per night,Yes
BPL-JHS,2026-02-19,23:00,03:00,Max 1 block per night,Yes
BPL-JHS,2026-02-20,23:00,03:00,Max 1 block per night,No
BPL-JHS,2026-02-21,23:00,04:00,"No block during peak hours 06:00-10:00,17:00-21:00",No
BPL-JHS,2026-02-22,23:00,04:00,No restriction,Yes
BPL-JHS,2026-02-23,23:00,03:00,Reduced window due to festival traffic,Yes
BPL-JHS,2026-02-24,23:00,03:00,No restriction,No
BPL-JHS,2026-02-25,23:00,03:00,No restriction,Yes
BPL-JHS,2026-02-26,23:00,03:00,"No block during peak hours 06:00-10:00,17:00-21:00",Yes
BPL-JHS,2026-02-27,23:00,03:00,Single line working only,No
BPL-JHS,2026-02-28,23:00,04:00,"No block during peak hours 06:00-10:00,17:00-21:00",Yes
BPL-JHS,2026-03-01,23:00,04:00,No restriction,Yes
BPL-JHS,2026-03-02,23:00,03:00,"No block during peak hours 06:00-10:00,17:00-21:00",Yes
BPL-JHS,2026-03-03,23:00,03:00,Single line working only,No
BPL-JHS,2026-03-04,23:00,03:00,Max 1 block per night,No
BPL-JHS,2026-03-05,23:00,03:00,Max 1 block per night,No
BPL-JHS,2026-03-06,23:00,03:00,Single line working only,Yes
BPL-JHS,2026-03-07,23:00,04:00,Single line working only,No
BPL-JHS,2026-03-08,23:00,04:00,Max 1 block per night,Yes
BPL-JHS,2026-03-09,23:00,03:00,"No block during peak hours 06:00-10:00,17:00-21:00",No
BPL-JHS,2026-03-10,23:00,03:00,Max 1 block per night,Yes
BPL-JHS,2026-03-11,23:00,03:00,"No block during peak hours 06:00-10:00,17:00-21:00",Yes
BPL-JHS,2026-03-12,23:00,03:00,Block suspended - VIP movement,No
BPL-JHS,2026-03-13,23:00,03:00,Reduced window due to festival traffic,No
BPL-JHS,2026-03-14,23:00,04:00,No restriction,No
BPL-JHS,2026-03-15,23:00,04:00,Reduced window due to festival traffic,No
BPL-JHS,2026-03-16,23:00,03:00,"No block during peak hours 06:00-10:00,17:00-21:00",No
BPL-JHS,2026-03-17,23:00,03:00,"No block during peak hours 06:00-10:00,17:00-21:00",No
BPL-JHS,2026-03-18,23:00,03:00,Max 1 block per night,No
BPL-JHS,2026-03-19,23:00,03:00,"No block during peak hours 06:00-10:00,17:00-21:00",No
BPL-JHS,2026-03-20,23:00,03:00,Single line working only,Yes
BPL-JHS,2026-03-21,23:00,04:00,No restriction,No
BPL-JHS,2026-03-22,23:00,04:00,No restriction,No
BPL-JHS,2026-03-23,23:00,03:00,No restriction,No
BPL-JHS,2026-03-24,23:00,03:00,"No block during peak hours 06:00-10:00,17:00-21:00",Yes
BPL-JHS,2026-03-25,23:00,03:00,Max 1 block per night,No
BPL-JHS,2026-03-26,23:00,03:00,Max 1 block per night,Yes
BPL-JHS,2026-03-27,23:00,03:00,No restriction,No
BPL-JHS,2026-03-28,23:00,04:00,Single line working only,No
BPL-JHS,2026-03-29,23:00,04:00,Max 1 block per night,Yes
BPL-JHS,2026-03-30,23:00,03:00,No restriction,No
BPL-JHS,2026-03-31,23:00,03:00,"No block during peak hours 06:00-10:00,17:00-21:00",No
BPL-JHS,2026-04-01,23:00,03:00,Reduced window due to festival traffic,No
BPL-JHS,2026-04-02,23:00,03:00,Single line working only,No
BPL-JHS,2026-04-03,23:00,03:00,No restriction,No
BPL-JHS,2026-04-04,23:00,04:00,"No block during peak hours 06:00-10:00,17:00-21:00",No
BPL-JHS,2026-04-05,23:00,04:00,Single line working only,Yes
BPL-JHS,2026-04-06,23:00,03:00,"No block during peak hours 06:00-10:00,17:00-21:00",No
BPL-JHS,2026-04-07,23:00,03:00,Single line working only,No
BPL-JHS,2026-04-08,23:00,03:00,"No block during peak hours 06:00-10:00,17:00-21:00",No
BPL-JHS,2026-04-09,23:00,03:00,Max 1 block per night,Yes
BPL-JHS,2026-04-10,23:00,03:00,"No block during peak hours 06:00-10:00,17:00-21:00",Yes
BPL-JHS,2026-04-11,23:00,04:00,Max 1 block per night,No
BPL-JHS,2026-04-12,23:00,04:00,"No block during peak hours 06:00-10:00,17:00-21:00",No
BPL-JHS,2026-04-13,23:00,03:00,Max 1 block per night,Yes
BPL-JHS,2026-04-14,23:00,03:00,Max 1 block per night,No
BPL-JHS,2026-04-15,23:00,03:00,No restriction,No
BPL-JHS,2026-04-16,23:00,03:00,No restriction,No
BPL-JHS,2026-04-17,23:00,03:00,Single line working only,No
BPL-JHS,2026-04-18,23:00,04:00,Max 1 block per night,No
BPL-JHS,2026-04-19,23:00,04:00,Single line working only,No
BPL-JHS,2026-04-20,23:00,03:00,Max 1 block per night,No
BPL-JHS,2026-04-21,23:00,03:00,"No block during peak hours 06:00-10:00,17:00-21:00",Yes
BPL-JHS,2026-04-22,23:00,03:00,Single line working only,Yes
BPL-JHS,2026-04-23,23:00,03:00,Single line working only,Yes
BPL-JHS,2026-04-24,23:00,03:00,"No block during peak hours 06:00-10:00,17:00-21:00",No
BPL-JHS,2026-04-25,23:00,04:00,Reduced window due to festival traffic,No
BPL-JHS,2026-04-26,23:00,04:00,Max 1 block per night,No
BPL-JHS,2026-04-27,23:00,03:00,"No block during peak hours 06:00-10:00,17:00-21:00",No
BPL-JHS,2026-04-28,23:00,03:00,"No block during peak hours 06:00-10:00,17:00-21:00",No
BPL-JHS,2026-04-29,23:00,03:00,Max 1 block per night,Yes
BPL-JHS,2026-04-30,23:00,03:00,Single line working only,No
BPL-JHS,2026-05-01,23:00,03:00,Single line working only,No
BPL-JHS,2026-05-02,23:00,04:00,Single line working only,Yes
BPL-JHS,2026-05-03,23:00,04:00,"No block during peak hours 06:00-10:00,17:00-21:00",No
BPL-JHS,2026-05-04,23:00,03:00,"No block during peak hours 06:00-10:00,17:00-21:00",No
BPL-JHS,2026-05-05,23:00,03:00,"No block during peak hours 06:00-10:00,17:00-21:00",Yes
BPL-JHS,2026-05-06,23:00,03:00,"No block during peak hours 06:00-10:00,17:00-21:00",No
BPL-JHS,2026-05-07,23:00,03:00,Single line working only,No
BPL-JHS,2026-05-08,23:00,03:00,Max 1 block per night,No
BPL-JHS,2026-05-09,23:00,04:00,No restriction,Yes
BPL-JHS,2026-05-10,23:00,04:00,Max 1 block per night,Yes
BPL-JHS,2026-05-11,23:00,03:00,"No block during peak hours 06:00-10:00,17:00-21:00",Yes
BPL-JHS,2026-05-12,23:00,03:00,"No block during peak hours 06:00-10:00,17:00-21:00",Yes
BPL-JHS,2026-05-13,23:00,03:00,No restriction,No
BPL-JHS,2026-05-14,23:00,03:00,No restriction,No
BPL-JHS,2026-05-15,23:00,03:00,Single line working only,Yes
BPL-JHS,2026-05-16,23:00,04:00,"No block during peak hours 06:00-10:00,17:00-21:00",No
BPL-JHS,2026-05-17,23:00,04:00,No restriction,No
BPL-JHS,2026-05-18,23:00,03:00,Max 1 block per night,Yes
BPL-JHS,2026-05-19,23:00,03:00,Single line working only,No
BPL-JHS,2026-05-20,23:00,03:00,"No block during peak hours 06:00-10:00,17:00-21:00",No
BPL-JHS,2026-05-21,23:00,03:00,"No block during peak hours 06:00-10:00,17:00-21:00",No
BPL-JHS,2026-05-22,23:00,03:00,Max 1 block per night,No
BPL-JHS,2026-05-23,23:00,04:00,Max 1 block per night,Yes
BPL-JHS,2026-05-24,23:00,04:00,Single line working only,Yes
BPL-JHS,2026-05-25,23:00,03:00,No restriction,No
BPL-JHS,2026-05-26,23:00,03:00,Single line working only,Yes
BPL-JHS,2026-05-27,23:00,03:00,No restriction,No
BPL-JHS,2026-05-28,23:00,03:00,"No block during peak hours 06:00-10:00,17:00-21:00",No
BPL-JHS,2026-05-29,23:00,03:00,Max 1 block per night,No
BPL-JHS,2026-05-30,23:00,04:00,No restriction,Yes
BPL-JHS,2026-05-31,23:00,04:00,Max 1 block per night,No
BPL-JHS,2026-06-01,23:00,03:00,"No block during peak hours 06:00-10:00,17:00-21:00",No
BPL-JHS,2026-06-02,23:00,03:00,Single line working only,No
BPL-JHS,2026-06-03,23:00,03:00,"No block during peak hours 06:00-10:00,17:00-21:00",No
BPL-JHS,2026-06-04,23:00,03:00,No restriction,No
BPL-JHS,2026-06-05,23:00,03:00,No restriction,Yes
BPL-JHS,2026-06-06,23:00,04:00,No restriction,Yes
BPL-JHS,2026-06-07,23:00,04:00,"No block during peak hours 06:00-10:00,17:00-21:00",No
BPL-JHS,2026-06-08,23:00,03:00,Block suspended - VIP movement,No
BPL-JHS,2026-06-09,23:00,03:00,Max 1 block per night,Yes
BPL-JHS,2026-06-10,23:00,03:00,"No block during peak hours 06:00-10:00,17:00-21:00",Yes
BPL-JHS,2026-06-11,23:00,03:00,Single line working only,No
BPL-JHS,2026-06-12,23:00,03:00,Single line working only,Yes
BPL-JHS,2026-06-13,23:00,04:00,No restriction,Yes
BPL-JHS,2026-06-14,23:00,04:00,"No block during peak hours 06:00-10:00,17:00-21:00",No
BPL-JHS,2026-06-15,23:00,03:00,No restriction,No
BPL-JHS,2026-06-16,23:00,03:00,Single line working only,Yes
BPL-JHS,2026-06-17,23:00,03:00,Single line working only,Yes
BPL-JHS,2026-06-18,23:00,03:00,"No block during peak hours 06:00-10:00,17:00-21:00",No
BPL-JHS,2026-06-19,23:00,03:00,"No block during peak hours 06:00-10:00,17:00-21:00",No
BPL-JHS,2026-06-20,23:00,04:00,Single line working only,Yes
BPL-JHS,2026-06-21,23:00,04:00,Single line working only,No
BPL-JHS,2026-06-22,23:00,03:00,Max 1 block per night,Yes
BPL-JHS,2026-06-23,23:00,03:00,No restriction,No
BPL-JHS,2026-06-24,23:00,03:00,"No block during peak hours 06:00-10:00,17:00-21:00",No
BPL-JHS,2026-06-25,23:00,03:00,"No block during peak hours 06:00-10:00,17:00-21:00",No
BPL-JHS,2026-06-26,23:00,03:00,Max 1 block per night,No
BPL-JHS,2026-06-27,23:00,04:00,"No block during peak hours 06:00-10:00,17:00-21:00",Yes
BPL-JHS,2026-06-28,23:00,04:00,Block suspended - VIP movement,Yes
BPL-JHS,2026-06-29,23:00,03:00,Block suspended - VIP movement,No
BPL-JHS,2026-06-30,23:00,03:00,Single line working only,No
BPL-JHS,2026-07-01,23:00,03:00,Block suspended - VIP movement,Yes
BPL-JHS,2026-07-02,23:00,03:00,Max 1 block per night,No
BPL-JHS,2026-07-03,23:00,03:00,Single line working only,Yes
BPL-JHS,2026-07-04,23:00,04:00,No restriction,Yes
BPL-JHS,2026-07-05,23:00,04:00,"No block during peak hours 06:00-10:00,17:00-21:00",No
BPL-JHS,2026-07-06,23:00,03:00,"No block during peak hours 06:00-10:00,17:00-21:00",Yes
BPL-JHS,2026-07-07,23:00,03:00,Max 1 block per night,No
BPL-JHS,2026-07-08,23:00,03:00,"No block during peak hours 06:00-10:00,17:00-21:00",No
BPL-JHS,2026-07-09,23:00,03:00,Max 1 block per night,Yes
BPL-JHS,2026-07-10,23:00,03:00,Single line working only,No
BPL-JHS,2026-07-11,23:00,04:00,Single line working only,No
BPL-JHS,2026-07-12,23:00,04:00,No restriction,Yes
BPL-JHS,2026-07-13,23:00,03:00,No restriction,No
BPL-JHS,2026-07-14,23:00,03:00,Block suspended - VIP movement,No
BPL-JHS,2026-07-15,23:00,03:00,No restriction,Yes
BPL-JHS,2026-07-16,23:00,03:00,Block suspended - VIP movement,Yes
BPL-JHS,2026-07-17,23:00,03:00,Reduced window due to festival traffic,Yes
BPL-JHS,2026-07-18,23:00,04:00,"No block during peak hours 06:00-10:00,17:00-21:00",Yes
BPL-JHS,2026-07-19,23:00,04:00,Block suspended - VIP movement,No
BPL-JHS,2026-07-20,23:00,03:00,Max 1 block per night,Yes
BPL-JHS,2026-07-21,23:00,03:00,"No block during peak hours 06:00-10:00,17:00-21:00",No
BPL-JHS,2026-07-22,23:00,03:00,Single line working only,Yes
BPL-JHS,2026-07-23,23:00,03:00,No restriction,No
BPL-JHS,2026-07-24,23:00,03:00,"No block during peak hours 06:00-10:00,17:00-21:00",Yes
BPL-JHS,2026-07-25,23:00,04:00,"No block during peak hours 06:00-10:00,17:00-21:00",No
BPL-JHS,2026-07-26,23:00,04:00,Single line working only,Yes
BPL-JHS,2026-07-27,23:00,03:00,No restriction,No
BPL-JHS,2026-07-28,23:00,03:00,Single line working only,No
BPL-JHS,2026-07-29,23:00,03:00,Single line working only,No
BPL-JHS,2026-07-30,23:00,03:00,"No block during peak hours 06:00-10:00,17:00-21:00",Yes
BPL-JHS,2026-07-31,23:00,03:00,"No block during peak hours 06:00-10:00,17:00-21:00",No
BPL-JHS,2026-08-01,23:00,04:00,Reduced window due to festival traffic,No
BPL-JHS,2026-08-02,23:00,04:00,No restriction,No
BPL-JHS,2026-08-03,23:00,03:00,No restriction,No
BPL-JHS,2026-08-04,23:00,03:00,"No block during peak hours 06:00-10:00,17:00-21:00",No
BPL-JHS,2026-08-05,23:00,03:00,Max 1 block per night,No
BPL-JHS,2026-08-06,23:00,03:00,Reduced window due to festival traffic,No
BPL-JHS,2026-08-07,23:00,03:00,Single line working only,No
BPL-JHS,2026-08-08,23:00,04:00,Max 1 block per night,Yes
BPL-JHS,2026-08-09,23:00,04:00,Max 1 block per night,No
BPL-JHS,2026-08-10,23:00,03:00,Block suspended - VIP movement,No
BPL-JHS,2026-08-11,23:00,03:00,No restriction,Yes
BPL-JHS,2026-08-12,23:00,03:00,Max 1 block per night,No
BPL-JHS,2026-08-13,23:00,03:00,Single line working only,Yes
BPL-JHS,2026-08-14,23:00,03:00,No restriction,Yes
BPL-JHS,2026-08-15,23:00,04:00,"No block during peak hours 06:00-10:00,17:00-21:00",No
BPL-JHS,2026-08-16,23:00,04:00,"No block during peak hours 06:00-10:00,17:00-21:00",Yes
BPL-JHS,2026-08-17,23:00,03:00,Block suspended - VIP movement,No
BPL-JHS,2026-08-18,23:00,03:00,Single line working only,No
BPL-JHS,2026-08-19,23:00,03:00,No restriction,Yes
BPL-JHS,2026-08-20,23:00,03:00,Max 1 block per night,No
BPL-JHS,2026-08-21,23:00,03:00,Block suspended - VIP movement,Yes
BPL-JHS,2026-08-22,23:00,04:00,Single line working only,Yes
BPL-JHS,2026-08-23,23:00,04:00,"No block during peak hours 06:00-10:00,17:00-21:00",No
BPL-JHS,2026-08-24,23:00,03:00,Max 1 block per night,No
BPL-JHS,2026-08-25,23:00,03:00,No restriction,No
BPL-JHS,2026-08-26,23:00,03:00,Max 1 block per night,No
BPL-JHS,2026-08-27,23:00,03:00,Max 1 block per night,Yes
BPL-JHS,2026-08-28,23:00,03:00,Reduced window due to festival traffic,No
BPL-JHS,2026-08-29,23:00,04:00,No restriction,No
BPL-JHS,2026-08-30,23:00,04:00,Max 1 block per night,Yes
BPL-JHS,2026-08-31,23:00,03:00,Max 1 block per night,No
BPL-JHS,2026-09-01,23:00,03:00,Max 1 block per night,Yes
BPL-JHS,2026-09-02,23:00,03:00,No restriction,Yes
BPL-JHS,2026-09-03,23:00,03:00,"No block during peak hours 06:00-10:00,17:00-21:00",Yes
BPL-JHS,2026-09-04,23:00,03:00,Single line working only,Yes
BPL-JHS,2026-09-05,23:00,04:00,Single line working only,No
BPL-JHS,2026-09-06,23:00,04:00,No restriction,No
BPL-JHS,2026-09-07,23:00,03:00,"No block during peak hours 06:00-10:00,17:00-21:00",No
BPL-JHS,2026-09-08,23:00,03:00,Max 1 block per night,Yes
BPL-JHS,2026-09-09,23:00,03:00,Max 1 block per night,No
BPL-JHS,2026-09-10,23:00,03:00,"No block during peak hours 06:00-10:00,17:00-21:00",Yes
BPL-JHS,2026-09-11,23:00,03:00,"No block during peak hours 06:00-10:00,17:00-21:00",Yes
BPL-JHS,2026-09-12,23:00,04:00,No restriction,Yes
BPL-JHS,2026-09-13,23:00,04:00,Max 1 block per night,No
BPL-JHS,2026-09-14,23:00,03:00,No restriction,Yes
BPL-JHS,2026-09-15,23:00,03:00,No restriction,Yes
BPL-JHS,2026-09-16,23:00,03:00,Max 1 block per night,No
BPL-JHS,2026-09-17,23:00,03:00,Single line working only,Yes
BPL-JHS,2026-09-18,23:00,03:00,"No block during peak hours 06:00-10:00,17:00-21:00",Yes
BPL-JHS,2026-09-19,23:00,04:00,"No block during peak hours 06:00-10:00,17:00-21:00",No
BPL-JHS,2026-09-20,23:00,04:00,No restriction,No
BPL-JHS,2026-09-21,23:00,03:00,No restriction,Yes
BPL-JHS,2026-09-22,23:00,03:00,Single line working only,Yes
BPL-JHS,2026-09-23,23:00,03:00,Single line working only,Yes
BPL-JHS,2026-09-24,23:00,03:00,Max 1 block per night,Yes
BPL-JHS,2026-09-25,23:00,03:00,Reduced window due to festival traffic,No
BPL-JHS,2026-09-26,23:00,04:00,No restriction,Yes
BPL-JHS,2026-09-27,23:00,04:00,"No block during peak hours 06:00-10:00,17:00-21:00",No
BPL-JHS,2026-09-28,23:00,03:00,Max 1 block per night,No
BPL-JHS,2026-09-29,23:00,03:00,No restriction,Yes
BPL-JHS,2026-09-30,23:00,03:00,Max 1 block per night,Yes
BPL-JHS,2026-10-01,23:00,03:00,Block suspended - VIP movement,Yes
BPL-JHS,2026-10-02,23:00,03:00,"No block during peak hours 06:00-10:00,17:00-21:00",Yes
BPL-JHS,2026-10-03,23:00,04:00,"No block during peak hours 06:00-10:00,17:00-21:00",No
BPL-JHS,2026-10-04,23:00,04:00,No restriction,No
BPL-JHS,2026-10-05,23:00,03:00,No restriction,No
BPL-JHS,2026-10-06,23:00,03:00,No restriction,No
BPL-JHS,2026-10-07,23:00,03:00,No restriction,No
BPL-JHS,2026-10-08,23:00,03:00,"No block during peak hours 06:00-10:00,17:00-21:00",No
BPL-JHS,2026-10-09,23:00,03:00,Max 1 block per night,Yes
BPL-JHS,2026-10-10,23:00,04:00,Max 1 block per night,Yes
BPL-JHS,2026-10-11,23:00,04:00,Max 1 block per night,Yes
BPL-JHS,2026-10-12,23:00,03:00,No restriction,No
BPL-JHS,2026-10-13,23:00,03:00,"No block during peak hours 06:00-10:00,17:00-21:00",No
BPL-JHS,2026-10-14,23:00,03:00,"No block during peak hours 06:00-10:00,17:00-21:00",Yes
BPL-JHS,2026-10-15,23:00,03:00,"No block during peak hours 06:00-10:00,17:00-21:00",Yes
BPL-JHS,2026-10-16,23:00,03:00,Max 1 block per night,Yes
BPL-JHS,2026-10-17,23:00,04:00,No restriction,No
BPL-JHS,2026-10-18,23:00,04:00,Single line working only,No
BPL-JHS,2026-10-19,23:00,03:00,Max 1 block per night,Yes
BPL-JHS,2026-10-20,23:00,03:00,"No block during peak hours 06:00-10:00,17:00-21:00",Yes
BPL-JHS,2026-10-21,23:00,03:00,No restriction,No
BPL-JHS,2026-10-22,23:00,03:00,Block suspended - VIP movement,No
BPL-JHS,2026-10-23,23:00,03:00,"No block during peak hours 06:00-10:00,17:00-21:00",Yes
BPL-JHS,2026-10-24,23:00,04:00,Max 1 block per night,Yes
BPL-JHS,2026-10-25,23:00,04:00,Reduced window due to festival traffic,Yes
BPL-JHS,2026-10-26,23:00,03:00,Single line working only,Yes
BPL-JHS,2026-10-27,23:00,03:00,Reduced window due to festival traffic,Yes
BPL-JHS,2026-10-28,23:00,03:00,"No block during peak hours 06:00-10:00,17:00-21:00",No
BPL-JHS,2026-10-29,23:00,03:00,No restriction,No
BPL-JHS,2026-10-30,23:00,03:00,"No block during peak hours 06:00-10:00,17:00-21:00",No
BPL-JHS,2026-10-31,23:00,04:00,"No block during peak hours 06:00-10:00,17:00-21:00",No
BPL-JHS,2026-11-01,23:00,04:00,"No block during peak hours 06:00-10:00,17:00-21:00",Yes
BPL-JHS,2026-11-02,23:00,03:00,No restriction,Yes
BPL-JHS,2026-11-03,23:00,03:00,"No block during peak hours 06:00-10:00,17:00-21:00",Yes
BPL-JHS,2026-11-04,23:00,03:00,"No block during peak hours 06:00-10:00,17:00-21:00",No
BPL-JHS,2026-11-05,23:00,03:00,Single line working only,No
BPL-JHS,2026-11-06,23:00,03:00,"No block during peak hours 06:00-10:00,17:00-21:00",No
BPL-JHS,2026-11-07,23:00,04:00,"No block during peak hours 06:00-10:00,17:00-21:00",Yes
BPL-JHS,2026-11-08,23:00,04:00,Block suspended - VIP movement,No
BPL-JHS,2026-11-09,23:00,03:00,Max 1 block per night,No
BPL-JHS,2026-11-10,23:00,03:00,"No block during peak hours 06:00-10:00,17:00-21:00",No
BPL-JHS,2026-11-11,23:00,03:00,Max 1 block per night,No
BPL-JHS,2026-11-12,23:00,03:00,Reduced window due to festival traffic,Yes
BPL-JHS,2026-11-13,23:00,03:00,Max 1 block per night,No
BPL-JHS,2026-11-14,23:00,04:00,Single line working only,No
BPL-JHS,2026-11-15,23:00,04:00,Single line working only,No
BPL-JHS,2026-11-16,23:00,03:00,"No block during peak hours 06:00-10:00,17:00-21:00",No
BPL-JHS,2026-11-17,23:00,03:00,Single line working only,No
BPL-JHS,2026-11-18,23:00,03:00,"No block during peak hours 06:00-10:00,17:00-21:00",No
BPL-JHS,2026-11-19,23:00,03:00,Max 1 block per night,No
BPL-JHS,2026-11-20,23:00,03:00,Block suspended - VIP movement,No
BPL-JHS,2026-11-21,23:00,04:00,"No block during peak hours 06:00-10:00,17:00-21:00",No
BPL-JHS,2026-11-22,23:00,04:00,Max 1 block per night,No
BPL-JHS,2026-11-23,23:00,03:00,Max 1 block per night,No
BPL-JHS,2026-11-24,23:00,03:00,"No block during peak hours 06:00-10:00,17:00-21:00",No
BPL-JHS,2026-11-25,23:00,03:00,"No block during peak hours 06:00-10:00,17:00-21:00",No
BPL-JHS,2026-11-26,23:00,03:00,"No block during peak hours 06:00-10:00,17:00-21:00",No
BPL-JHS,2026-11-27,23:00,03:00,Max 1 block per night,No
BPL-JHS,2026-11-28,23:00,04:00,Reduced window due to festival traffic,No
BPL-JHS,2026-11-29,23:00,04:00,Single line working only,Yes
BPL-JHS,2026-11-30,23:00,03:00,"No block during peak hours 06:00-10:00,17:00-21:00",No
BPL-JHS,2026-12-01,23:00,03:00,"No block during peak hours 06:00-10:00,17:00-21:00",Yes
BPL-JHS,2026-12-02,23:00,03:00,"No block during peak hours 06:00-10:00,17:00-21:00",No
BPL-JHS,2026-12-03,23:00,03:00,Max 1 block per night,Yes
BPL-JHS,2026-12-04,23:00,03:00,"No block during peak hours 06:00-10:00,17:00-21:00",No
BPL-JHS,2026-12-05,23:00,04:00,Single line working only,No
BPL-JHS,2026-12-06,23:00,04:00,"No block during peak hours 06:00-10:00,17:00-21:00",No
BPL-JHS,2026-12-07,23:00,03:00,No restriction,Yes
BPL-JHS,2026-12-08,23:00,03:00,"No block during peak hours 06:00-10:00,17:00-21:00",No
BPL-JHS,2026-12-09,23:00,03:00,No restriction,No
BPL-JHS,2026-12-10,23:00,03:00,"No block during peak hours 06:00-10:00,17:00-21:00",No
BPL-JHS,2026-12-11,23:00,03:00,No restriction,No
BPL-JHS,2026-12-12,23:00,04:00,Max 1 block per night,Yes
BPL-JHS,2026-12-13,23:00,04:00,"No block during peak hours 06:00-10:00,17:00-21:00",No
BPL-JHS,2026-12-14,23:00,03:00,Single line working only,No
BPL-JHS,2026-12-15,23:00,03:00,No restriction,No
BPL-JHS,2026-12-16,23:00,03:00,No restriction,No
BPL-JHS,2026-12-17,23:00,03:00,Max 1 block per night,No
BPL-JHS,2026-12-18,23:00,03:00,Single line working only,No
BPL-JHS,2026-12-19,23:00,04:00,Max 1 block per night,Yes
BPL-JHS,2026-12-20,23:00,04:00,"No block during peak hours 06:00-10:00,17:00-21:00",No
BPL-JHS,2026-12-21,23:00,03:00,Single line working only,Yes
BPL-JHS,2026-12-22,23:00,03:00,Single line working only,Yes
BPL-JHS,2026-12-23,23:00,03:00,Max 1 block per night,No
BPL-JHS,2026-12-24,23:00,03:00,Reduced window due to festival traffic,No
BPL-JHS,2026-12-25,23:00,03:00,Single line working only,No
BPL-JHS,2026-12-26,23:00,04:00,Max 1 block per night,No
BPL-JHS,2026-12-27,23:00,04:00,Single line working only,Yes
BPL-JHS,2026-12-28,23:00,03:00,"No block during peak hours 06:00-10:00,17:00-21:00",No
BPL-JHS,2026-12-29,23:00,03:00,No restriction,No
BPL-JHS,2026-12-30,23:00,03:00,"No block during peak hours 06:00-10:00,17:00-21:00",No
BPL-JHS,2026-12-31,23:00,03:00,"No block during peak hours 06:00-10:00,17:00-21:00",Yes
ADI-BRC,2026-01-01,23:00,02:00,Max 1 block per night,No
ADI-BRC,2026-01-02,23:00,02:00,Max 1 block per night,No
ADI-BRC,2026-01-03,23:00,03:00,"No block during peak hours 06:00-10:00,17:00-21:00",Yes
ADI-BRC,2026-01-04,23:00,03:00,Max 1 block per night,No
ADI-BRC,2026-01-05,23:00,02:00,"No block during peak hours 06:00-10:00,17:00-21:00",No
ADI-BRC,2026-01-06,23:00,02:00,"No block during peak hours 06:00-10:00,17:00-21:00",No
ADI-BRC,2026-01-07,23:00,02:00,Single line working only,No
ADI-BRC,2026-01-08,23:00,02:00,"No block during peak hours 06:00-10:00,17:00-21:00",No
ADI-BRC,2026-01-09,23:00,02:00,"No block during peak hours 06:00-10:00,17:00-21:00",No
ADI-BRC,2026-01-10,23:00,03:00,Reduced window due to festival traffic,No
ADI-BRC,2026-01-11,23:00,03:00,"No block during peak hours 06:00-10:00,17:00-21:00",Yes
ADI-BRC,2026-01-12,23:00,02:00,No restriction,No
ADI-BRC,2026-01-13,23:00,02:00,Reduced window due to festival traffic,Yes
ADI-BRC,2026-01-14,23:00,02:00,"No block during peak hours 06:00-10:00,17:00-21:00",Yes
ADI-BRC,2026-01-15,23:00,02:00,Reduced window due to festival traffic,No
ADI-BRC,2026-01-16,23:00,02:00,Single line working only,Yes
ADI-BRC,2026-01-17,23:00,03:00,Single line working only,No
ADI-BRC,2026-01-18,23:00,03:00,Single line working only,No
ADI-BRC,2026-01-19,23:00,02:00,Single line working only,Yes
ADI-BRC,2026-01-20,23:00,02:00,Max 1 block per night,No
ADI-BRC,2026-01-21,23:00,02:00,"No block during peak hours 06:00-10:00,17:00-21:00",No
ADI-BRC,2026-01-22,23:00,02:00,"No block during peak hours 06:00-10:00,17:00-21:00",No
ADI-BRC,2026-01-23,23:00,02:00,Max 1 block per night,No
ADI-BRC,2026-01-24,23:00,03:00,Reduced window due to festival traffic,No
ADI-BRC,2026-01-25,23:00,03:00,Single line working only,No
ADI-BRC,2026-01-26,23:00,02:00,"No block during peak hours 06:00-10:00,17:00-21:00",Yes
ADI-BRC,2026-01-27,23:00,02:00,Max 1 block per night,No
ADI-BRC,2026-01-28,23:00,02:00,Max 1 block per night,No
ADI-BRC,2026-01-29,23:00,02:00,"No block during peak hours 06:00-10:00,17:00-21:00",Yes
ADI-BRC,2026-01-30,23:00,02:00,"No block during peak hours 06:00-10:00,17:00-21:00",Yes
ADI-BRC,2026-01-31,23:00,03:00,"No block during peak hours 06:00-10:00,17:00-21:00",Yes
ADI-BRC,2026-02-01,23:00,03:00,Single line working only,Yes
ADI-BRC,2026-02-02,23:00,02:00,"No block during peak hours 06:00-10:00,17:00-21:00",Yes
ADI-BRC,2026-02-03,23:00,02:00,Single line working only,Yes
ADI-BRC,2026-02-04,23:00,02:00,Max 1 block per night,Yes
ADI-BRC,2026-02-05,23:00,02:00,Single line working only,Yes
ADI-BRC,2026-02-06,23:00,02:00,"No block during peak hours 06:00-10:00,17:00-21:00",No
ADI-BRC,2026-02-07,23:00,03:00,"No block during peak hours 06:00-10:00,17:00-21:00",Yes
ADI-BRC,2026-02-08,23:00,03:00,Single line working only,Yes
ADI-BRC,2026-02-09,23:00,02:00,"No block during peak hours 06:00-10:00,17:00-21:00",Yes
ADI-BRC,2026-02-10,23:00,02:00,"No block during peak hours 06:00-10:00,17:00-21:00",Yes
ADI-BRC,2026-02-11,23:00,02:00,Single line working only,No
ADI-BRC,2026-02-12,23:00,02:00,"No block during peak hours 06:00-10:00,17:00-21:00",Yes
ADI-BRC,2026-02-13,23:00,02:00,Max 1 block per night,No
ADI-BRC,2026-02-14,23:00,03:00,"No block during peak hours 06:00-10:00,17:00-21:00",No
ADI-BRC,2026-02-15,23:00,03:00,Single line working only,No
ADI-BRC,2026-02-16,23:00,02:00,"No block during peak hours 06:00-10:00,17:00-21:00",Yes
ADI-BRC,2026-02-17,23:00,02:00,"No block during peak hours 06:00-10:00,17:00-21:00",No
ADI-BRC,2026-02-18,23:00,02:00,"No block during peak hours 06:00-10:00,17:00-21:00",No
ADI-BRC,2026-02-19,23:00,02:00,Single line working only,No
ADI-BRC,2026-02-20,23:00,02:00,"No block during peak hours 06:00-10:00,17:00-21:00",Yes
ADI-BRC,2026-02-21,23:00,03:00,Single line working only,No
ADI-BRC,2026-02-22,23:00,03:00,Max 1 block per night,Yes
ADI-BRC,2026-02-23,23:00,02:00,Max 1 block per night,No
ADI-BRC,2026-02-24,23:00,02:00,Reduced window due to festival traffic,No
ADI-BRC,2026-02-25,23:00,02:00,"No block during peak hours 06:00-10:00,17:00-21:00",Yes
ADI-BRC,2026-02-26,23:00,02:00,"No block during peak hours 06:00-10:00,17:00-21:00",No
ADI-BRC,2026-02-27,23:00,02:00,No restriction,Yes
ADI-BRC,2026-02-28,23:00,03:00,Single line working only,No
ADI-BRC,2026-03-01,23:00,03:00,Block suspended - VIP movement,Yes
ADI-BRC,2026-03-02,23:00,02:00,Single line working only,Yes
ADI-BRC,2026-03-03,23:00,02:00,"No block during peak hours 06:00-10:00,17:00-21:00",Yes
ADI-BRC,2026-03-04,23:00,02:00,Single line working only,Yes
ADI-BRC,2026-03-05,23:00,02:00,Max 1 block per night,Yes
ADI-BRC,2026-03-06,23:00,02:00,Max 1 block per night,Yes
ADI-BRC,2026-03-07,23:00,03:00,No restriction,Yes
ADI-BRC,2026-03-08,23:00,03:00,Max 1 block per night,Yes
ADI-BRC,2026-03-09,23:00,02:00,Max 1 block per night,Yes
ADI-BRC,2026-03-10,23:00,02:00,Max 1 block per night,Yes
ADI-BRC,2026-03-11,23:00,02:00,"No block during peak hours 06:00-10:00,17:00-21:00",No
ADI-BRC,2026-03-12,23:00,02:00,No restriction,No
ADI-BRC,2026-03-13,23:00,02:00,"No block during peak hours 06:00-10:00,17:00-21:00",No
ADI-BRC,2026-03-14,23:00,03:00,"No block during peak hours 06:00-10:00,17:00-21:00",Yes
ADI-BRC,2026-03-15,23:00,03:00,Single line working only,No
ADI-BRC,2026-03-16,23:00,02:00,Max 1 block per night,No
ADI-BRC,2026-03-17,23:00,02:00,"No block during peak hours 06:00-10:00,17:00-21:00",No
ADI-BRC,2026-03-18,23:00,02:00,No restriction,Yes
ADI-BRC,2026-03-19,23:00,02:00,"No block during peak hours 06:00-10:00,17:00-21:00",Yes
ADI-BRC,2026-03-20,23:00,02:00,No restriction,No
ADI-BRC,2026-03-21,23:00,03:00,Max 1 block per night,Yes
ADI-BRC,2026-03-22,23:00,03:00,Reduced window due to festival traffic,Yes
ADI-BRC,2026-03-23,23:00,02:00,"No block during peak hours 06:00-10:00,17:00-21:00",No
ADI-BRC,2026-03-24,23:00,02:00,"No block during peak hours 06:00-10:00,17:00-21:00",Yes
ADI-BRC,2026-03-25,23:00,02:00,Reduced window due to festival traffic,Yes
ADI-BRC,2026-03-26,23:00,02:00,No restriction,Yes
ADI-BRC,2026-03-27,23:00,02:00,Single line working only,No
ADI-BRC,2026-03-28,23:00,03:00,Max 1 block per night,No
ADI-BRC,2026-03-29,23:00,03:00,Max 1 block per night,No
ADI-BRC,2026-03-30,23:00,02:00,Single line working only,Yes
ADI-BRC,2026-03-31,23:00,02:00,"No block during peak hours 06:00-10:00,17:00-21:00",Yes
ADI-BRC,2026-04-01,23:00,02:00,No restriction,Yes
ADI-BRC,2026-04-02,23:00,02:00,Single line working only,No
ADI-BRC,2026-04-03,23:00,02:00,No restriction,Yes
ADI-BRC,2026-04-04,23:00,03:00,No restriction,Yes
ADI-BRC,2026-04-05,23:00,03:00,Max 1 block per night,No
ADI-BRC,2026-04-06,23:00,02:00,"No block during peak hours 06:00-10:00,17:00-21:00",No
ADI-BRC,2026-04-07,23:00,02:00,Reduced window due to festival traffic,Yes
ADI-BRC,2026-04-08,23:00,02:00,Max 1 block per night,Yes
ADI-BRC,2026-04-09,23:00,02:00,Reduced window due to festival traffic,No
ADI-BRC,2026-04-10,23:00,02:00,"No block during peak hours 06:00-10:00,17:00-21:00",Yes
ADI-BRC,2026-04-11,23:00,03:00,"No block during peak hours 06:00-10:00,17:00-21:00",Yes
ADI-BRC,2026-04-12,23:00,03:00,"No block during peak hours 06:00-10:00,17:00-21:00",No
ADI-BRC,2026-04-13,23:00,02:00,Max 1 block per night,No
ADI-BRC,2026-04-14,23:00,02:00,Max 1 block per night,Yes
ADI-BRC,2026-04-15,23:00,02:00,"No block during peak hours 06:00-10:00,17:00-21:00",Yes
ADI-BRC,2026-04-16,23:00,02:00,Single line working only,No
ADI-BRC,2026-04-17,23:00,02:00,Single line working only,Yes
ADI-BRC,2026-04-18,23:00,03:00,Single line working only,No
ADI-BRC,2026-04-19,23:00,03:00,Single line working only,Yes
ADI-BRC,2026-04-20,23:00,02:00,Max 1 block per night,Yes
ADI-BRC,2026-04-21,23:00,02:00,"No block during peak hours 06:00-10:00,17:00-21:00",Yes
ADI-BRC,2026-04-22,23:00,02:00,Single line working only,Yes
ADI-BRC,2026-04-23,23:00,02:00,Single line working only,No
ADI-BRC,2026-04-24,23:00,02:00,"No block during peak hours 06:00-10:00,17:00-21:00",Yes
ADI-BRC,2026-04-25,23:00,03:00,Max 1 block per night,Yes
ADI-BRC,2026-04-26,23:00,03:00,Max 1 block per night,No
ADI-BRC,2026-04-27,23:00,02:00,Max 1 block per night,Yes
ADI-BRC,2026-04-28,23:00,02:00,"No block during peak hours 06:00-10:00,17:00-21:00",Yes
ADI-BRC,2026-04-29,23:00,02:00,Max 1 block per night,No
ADI-BRC,2026-04-30,23:00,02:00,"No block during peak hours 06:00-10:00,17:00-21:00",Yes
ADI-BRC,2026-05-01,23:00,02:00,Single line working only,Yes
ADI-BRC,2026-05-02,23:00,03:00,Single line working only,No
ADI-BRC,2026-05-03,23:00,03:00,Max 1 block per night,Yes
ADI-BRC,2026-05-04,23:00,02:00,Single line working only,Yes
ADI-BRC,2026-05-05,23:00,02:00,Reduced window due to festival traffic,No
ADI-BRC,2026-05-06,23:00,02:00,"No block during peak hours 06:00-10:00,17:00-21:00",Yes
ADI-BRC,2026-05-07,23:00,02:00,"No block during peak hours 06:00-10:00,17:00-21:00",No
ADI-BRC,2026-05-08,23:00,02:00,"No block during peak hours 06:00-10:00,17:00-21:00",Yes
ADI-BRC,2026-05-09,23:00,03:00,"No block during peak hours 06:00-10:00,17:00-21:00",No
ADI-BRC,2026-05-10,23:00,03:00,Block suspended - VIP movement,No
ADI-BRC,2026-05-11,23:00,02:00,No restriction,No
ADI-BRC,2026-05-12,23:00,02:00,"No block during peak hours 06:00-10:00,17:00-21:00",Yes
ADI-BRC,2026-05-13,23:00,02:00,Max 1 block per night,Yes
ADI-BRC,2026-05-14,23:00,02:00,"No block during peak hours 06:00-10:00,17:00-21:00",No
ADI-BRC,2026-05-15,23:00,02:00,"No block during peak hours 06:00-10:00,17:00-21:00",No
ADI-BRC,2026-05-16,23:00,03:00,"No block during peak hours 06:00-10:00,17:00-21:00",Yes
ADI-BRC,2026-05-17,23:00,03:00,Single line working only,No
ADI-BRC,2026-05-18,23:00,02:00,Max 1 block per night,No
ADI-BRC,2026-05-19,23:00,02:00,"No block during peak hours 06:00-10:00,17:00-21:00",Yes
ADI-BRC,2026-05-20,23:00,02:00,"No block during peak hours 06:00-10:00,17:00-21:00",Yes
ADI-BRC,2026-05-21,23:00,02:00,Single line working only,Yes
ADI-BRC,2026-05-22,23:00,02:00,"No block during peak hours 06:00-10:00,17:00-21:00",No
ADI-BRC,2026-05-23,23:00,03:00,"No block during peak hours 06:00-10:00,17:00-21:00",Yes
ADI-BRC,2026-05-24,23:00,03:00,"No block during peak hours 06:00-10:00,17:00-21:00",Yes
ADI-BRC,2026-05-25,23:00,02:00,"No block during peak hours 06:00-10:00,17:00-21:00",No
ADI-BRC,2026-05-26,23:00,02:00,Max 1 block per night,No
ADI-BRC,2026-05-27,23:00,02:00,Reduced window due to festival traffic,No
ADI-BRC,2026-05-28,23:00,02:00,No restriction,Yes
ADI-BRC,2026-05-29,23:00,02:00,Max 1 block per night,Yes
ADI-BRC,2026-05-30,23:00,03:00,"No block during peak hours 06:00-10:00,17:00-21:00",Yes
ADI-BRC,2026-05-31,23:00,03:00,Single line working only,Yes
ADI-BRC,2026-06-01,23:00,02:00,"No block during peak hours 06:00-10:00,17:00-21:00",No
ADI-BRC,2026-06-02,23:00,02:00,Single line working only,Yes
ADI-BRC,2026-06-03,23:00,02:00,Single line working only,No
ADI-BRC,2026-06-04,23:00,02:00,Max 1 block per night,No
ADI-BRC,2026-06-05,23:00,02:00,Single line working only,Yes
ADI-BRC,2026-06-06,23:00,03:00,"No block during peak hours 06:00-10:00,17:00-21:00",Yes
ADI-BRC,2026-06-07,23:00,03:00,Max 1 block per night,No
ADI-BRC,2026-06-08,23:00,02:00,"No block during peak hours 06:00-10:00,17:00-21:00",Yes
ADI-BRC,2026-06-09,23:00,02:00,"No block during peak hours 06:00-10:00,17:00-21:00",Yes
ADI-BRC,2026-06-10,23:00,02:00,"No block during peak hours 06:00-10:00,17:00-21:00",Yes
ADI-BRC,2026-06-11,23:00,02:00,Max 1 block per night,Yes
ADI-BRC,2026-06-12,23:00,02:00,Single line working only,No
ADI-BRC,2026-06-13,23:00,03:00,"No block during peak hours 06:00-10:00,17:00-21:00",No
ADI-BRC,2026-06-14,23:00,03:00,"No block during peak hours 06:00-10:00,17:00-21:00",Yes
ADI-BRC,2026-06-15,23:00,02:00,"No block during peak hours 06:00-10:00,17:00-21:00",Yes
ADI-BRC,2026-06-16,23:00,02:00,Max 1 block per night,No
ADI-BRC,2026-06-17,23:00,02:00,Max 1 block per night,Yes
ADI-BRC,2026-06-18,23:00,02:00,Max 1 block per night,No
ADI-BRC,2026-06-19,23:00,02:00,"No block during peak hours 06:00-10:00,17:00-21:00",Yes
ADI-BRC,2026-06-20,23:00,03:00,Max 1 block per night,No
ADI-BRC,2026-06-21,23:00,03:00,Single line working only,No
ADI-BRC,2026-06-22,23:00,02:00,Max 1 block per night,Yes
ADI-BRC,2026-06-23,23:00,02:00,"No block during peak hours 06:00-10:00,17:00-21:00",No
ADI-BRC,2026-06-24,23:00,02:00,"No block during peak hours 06:00-10:00,17:00-21:00",No
ADI-BRC,2026-06-25,23:00,02:00,No restriction,No
ADI-BRC,2026-06-26,23:00,02:00,No restriction,Yes
ADI-BRC,2026-06-27,23:00,03:00,Max 1 block per night,No
ADI-BRC,2026-06-28,23:00,03:00,Single line working only,Yes
ADI-BRC,2026-06-29,23:00,02:00,Single line working only,No
ADI-BRC,2026-06-30,23:00,02:00,Max 1 block per night,Yes
ADI-BRC,2026-07-01,23:00,02:00,"No block during peak hours 06:00-10:00,17:00-21:00",Yes
ADI-BRC,2026-07-02,23:00,02:00,"No block during peak hours 06:00-10:00,17:00-21:00",No
ADI-BRC,2026-07-03,23:00,02:00,"No block during peak hours 06:00-10:00,17:00-21:00",No
ADI-BRC,2026-07-04,23:00,03:00,Single line working only,No
ADI-BRC,2026-07-05,23:00,03:00,"No block during peak hours 06:00-10:00,17:00-21:00",No
ADI-BRC,2026-07-06,23:00,02:00,"No block during peak hours 06:00-10:00,17:00-21:00",Yes
ADI-BRC,2026-07-07,23:00,02:00,Single line working only,Yes
ADI-BRC,2026-07-08,23:00,02:00,"No block during peak hours 06:00-10:00,17:00-21:00",Yes
ADI-BRC,2026-07-09,23:00,02:00,Max 1 block per night,Yes
ADI-BRC,2026-07-10,23:00,02:00,"No block during peak hours 06:00-10:00,17:00-21:00",No
ADI-BRC,2026-07-11,23:00,03:00,Max 1 block per night,Yes
ADI-BRC,2026-07-12,23:00,03:00,Max 1 block per night,Yes
ADI-BRC,2026-07-13,23:00,02:00,Block suspended - VIP movement,Yes
ADI-BRC,2026-07-14,23:00,02:00,Block suspended - VIP movement,No
ADI-BRC,2026-07-15,23:00,02:00,No restriction,No
ADI-BRC,2026-07-16,23:00,02:00,Single line working only,No
ADI-BRC,2026-07-17,23:00,02:00,Single line working only,Yes
ADI-BRC,2026-07-18,23:00,03:00,Single line working only,Yes
ADI-BRC,2026-07-19,23:00,03:00,Single line working only,No
ADI-BRC,2026-07-20,23:00,02:00,Single line working only,Yes
ADI-BRC,2026-07-21,23:00,02:00,"No block during peak hours 06:00-10:00,17:00-21:00",No
ADI-BRC,2026-07-22,23:00,02:00,Max 1 block per night,No
ADI-BRC,2026-07-23,23:00,02:00,"No block during peak hours 06:00-10:00,17:00-21:00",Yes
ADI-BRC,2026-07-24,23:00,02:00,"No block during peak hours 06:00-10:00,17:00-21:00",Yes
ADI-BRC,2026-07-25,23:00,03:00,Max 1 block per night,Yes
ADI-BRC,2026-07-26,23:00,03:00,Single line working only,Yes
ADI-BRC,2026-07-27,23:00,02:00,Single line working only,No
ADI-BRC,2026-07-28,23:00,02:00,"No block during peak hours 06:00-10:00,17:00-21:00",Yes
ADI-BRC,2026-07-29,23:00,02:00,Block suspended - VIP movement,No
ADI-BRC,2026-07-30,23:00,02:00,Single line working only,No
ADI-BRC,2026-07-31,23:00,02:00,Single line working only,Yes
ADI-BRC,2026-08-01,23:00,03:00,"No block during peak hours 06:00-10:00,17:00-21:00",Yes
ADI-BRC,2026-08-02,23:00,03:00,"No block during peak hours 06:00-10:00,17:00-21:00",Yes
ADI-BRC,2026-08-03,23:00,02:00,Single line working only,No
ADI-BRC,2026-08-04,23:00,02:00,Max 1 block per night,Yes
ADI-BRC,2026-08-05,23:00,02:00,"No block during peak hours 06:00-10:00,17:00-21:00",No
ADI-BRC,2026-08-06,23:00,02:00,Single line working only,Yes
ADI-BRC,2026-08-07,23:00,02:00,"No block during peak hours 06:00-10:00,17:00-21:00",Yes
ADI-BRC,2026-08-08,23:00,03:00,"No block during peak hours 06:00-10:00,17:00-21:00",Yes
ADI-BRC,2026-08-09,23:00,03:00,Reduced window due to festival traffic,No
ADI-BRC,2026-08-10,23:00,02:00,Max 1 block per night,No
ADI-BRC,2026-08-11,23:00,02:00,"No block during peak hours 06:00-10:00,17:00-21:00",No
ADI-BRC,2026-08-12,23:00,02:00,"No block during peak hours 06:00-10:00,17:00-21:00",No
ADI-BRC,2026-08-13,23:00,02:00,Block suspended - VIP movement,Yes
ADI-BRC,2026-08-14,23:00,02:00,Reduced window due to festival traffic,No
ADI-BRC,2026-08-15,23:00,03:00,"No block during peak hours 06:00-10:00,17:00-21:00",Yes
ADI-BRC,2026-08-16,23:00,03:00,Reduced window due to festival traffic,No
ADI-BRC,2026-08-17,23:00,02:00,Single line working only,Yes
ADI-BRC,2026-08-18,23:00,02:00,"No block during peak hours 06:00-10:00,17:00-21:00",No
ADI-BRC,2026-08-19,23:00,02:00,Reduced window due to festival traffic,Yes
ADI-BRC,2026-08-20,23:00,02:00,"No block during peak hours 06:00-10:00,17:00-21:00",Yes
ADI-BRC,2026-08-21,23:00,02:00,"No block during peak hours 06:00-10:00,17:00-21:00",No
ADI-BRC,2026-08-22,23:00,03:00,"No block during peak hours 06:00-10:00,17:00-21:00",Yes
ADI-BRC,2026-08-23,23:00,03:00,Block suspended - VIP movement,Yes
ADI-BRC,2026-08-24,23:00,02:00,Max 1 block per night,Yes
ADI-BRC,2026-08-25,23:00,02:00,No restriction,No
ADI-BRC,2026-08-26,23:00,02:00,"No block during peak hours 06:00-10:00,17:00-21:00",Yes
ADI-BRC,2026-08-27,23:00,02:00,"No block during peak hours 06:00-10:00,17:00-21:00",Yes
ADI-BRC,2026-08-28,23:00,02:00,Reduced window due to festival traffic,Yes
ADI-BRC,2026-08-29,23:00,03:00,"No block during peak hours 06:00-10:00,17:00-21:00",No
ADI-BRC,2026-08-30,23:00,03:00,"No block during peak hours 06:00-10:00,17:00-21:00",No
ADI-BRC,2026-08-31,23:00,02:00,Max 1 block per night,Yes
ADI-BRC,2026-09-01,23:00,02:00,Single line working only,Yes
ADI-BRC,2026-09-02,23:00,02:00,"No block during peak hours 06:00-10:00,17:00-21:00",No
ADI-BRC,2026-09-03,23:00,02:00,Max 1 block per night,No
ADI-BRC,2026-09-04,23:00,02:00,"No block during peak hours 06:00-10:00,17:00-21:00",No
ADI-BRC,2026-09-05,23:00,03:00,"No block during peak hours 06:00-10:00,17:00-21:00",No
ADI-BRC,2026-09-06,23:00,03:00,Single line working only,No
ADI-BRC,2026-09-07,23:00,02:00,"No block during peak hours 06:00-10:00,17:00-21:00",Yes
ADI-BRC,2026-09-08,23:00,02:00,Single line working only,Yes
ADI-BRC,2026-09-09,23:00,02:00,Single line working only,Yes
ADI-BRC,2026-09-10,23:00,02:00,Single line working only,No
ADI-BRC,2026-09-11,23:00,02:00,Max 1 block per night,Yes
ADI-BRC,2026-09-12,23:00,03:00,Single line working only,No
ADI-BRC,2026-09-13,23:00,03:00,"No block during peak hours 06:00-10:00,17:00-21:00",No
ADI-BRC,2026-09-14,23:00,02:00,Single line working only,No
ADI-BRC,2026-09-15,23:00,02:00,Single line working only,No
ADI-BRC,2026-09-16,23:00,02:00,"No block during peak hours 06:00-10:00,17:00-21:00",No
ADI-BRC,2026-09-17,23:00,02:00,Max 1 block per night,Yes
ADI-BRC,2026-09-18,23:00,02:00,"No block during peak hours 06:00-10:00,17:00-21:00",Yes
ADI-BRC,2026-09-19,23:00,03:00,Single line working only,No
ADI-BRC,2026-09-20,23:00,03:00,"No block during peak hours 06:00-10:00,17:00-21:00",Yes
ADI-BRC,2026-09-21,23:00,02:00,Reduced window due to festival traffic,Yes
ADI-BRC,2026-09-22,23:00,02:00,Max 1 block per night,No
ADI-BRC,2026-09-23,23:00,02:00,"No block during peak hours 06:00-10:00,17:00-21:00",Yes
ADI-BRC,2026-09-24,23:00,02:00,Max 1 block per night,Yes
ADI-BRC,2026-09-25,23:00,02:00,Block suspended - VIP movement,Yes
ADI-BRC,2026-09-26,23:00,03:00,"No block during peak hours 06:00-10:00,17:00-21:00",Yes
ADI-BRC,2026-09-27,23:00,03:00,Max 1 block per night,Yes
ADI-BRC,2026-09-28,23:00,02:00,"No block during peak hours 06:00-10:00,17:00-21:00",Yes
ADI-BRC,2026-09-29,23:00,02:00,"No block during peak hours 06:00-10:00,17:00-21:00",No
ADI-BRC,2026-09-30,23:00,02:00,Single line working only,No
ADI-BRC,2026-10-01,23:00,02:00,"No block during peak hours 06:00-10:00,17:00-21:00",Yes
ADI-BRC,2026-10-02,23:00,02:00,Max 1 block per night,No
ADI-BRC,2026-10-03,23:00,03:00,"No block during peak hours 06:00-10:00,17:00-21:00",No
ADI-BRC,2026-10-04,23:00,03:00,Single line working only,No
ADI-BRC,2026-10-05,23:00,02:00,Max 1 block per night,Yes
ADI-BRC,2026-10-06,23:00,02:00,Block suspended - VIP movement,Yes
ADI-BRC,2026-10-07,23:00,02:00,Max 1 block per night,Yes
ADI-BRC,2026-10-08,23:00,02:00,No restriction,No
ADI-BRC,2026-10-09,23:00,02:00,"No block during peak hours 06:00-10:00,17:00-21:00",Yes
ADI-BRC,2026-10-10,23:00,03:00,Max 1 block per night,Yes
ADI-BRC,2026-10-11,23:00,03:00,"No block during peak hours 06:00-10:00,17:00-21:00",Yes
ADI-BRC,2026-10-12,23:00,02:00,Max 1 block per night,Yes
ADI-BRC,2026-10-13,23:00,02:00,"No block during peak hours 06:00-10:00,17:00-21:00",Yes
ADI-BRC,2026-10-14,23:00,02:00,Single line working only,Yes
ADI-BRC,2026-10-15,23:00,02:00,"No block during peak hours 06:00-10:00,17:00-21:00",No
ADI-BRC,2026-10-16,23:00,02:00,Max 1 block per night,Yes
ADI-BRC,2026-10-17,23:00,03:00,Single line working only,Yes
ADI-BRC,2026-10-18,23:00,03:00,Max 1 block per night,Yes
ADI-BRC,2026-10-19,23:00,02:00,Max 1 block per night,Yes
ADI-BRC,2026-10-20,23:00,02:00,No restriction,No
ADI-BRC,2026-10-21,23:00,02:00,"No block during peak hours 06:00-10:00,17:00-21:00",Yes
ADI-BRC,2026-10-22,23:00,02:00,Single line working only,Yes
ADI-BRC,2026-10-23,23:00,02:00,Single line working only,No
ADI-BRC,2026-10-24,23:00,03:00,Single line working only,No
ADI-BRC,2026-10-25,23:00,03:00,Max 1 block per night,No
ADI-BRC,2026-10-26,23:00,02:00,Single line working only,No
ADI-BRC,2026-10-27,23:00,02:00,"No block during peak hours 06:00-10:00,17:00-21:00",Yes
ADI-BRC,2026-10-28,23:00,02:00,Block suspended - VIP movement,Yes
ADI-BRC,2026-10-29,23:00,02:00,Single line working only,Yes
ADI-BRC,2026-10-30,23:00,02:00,No restriction,No
ADI-BRC,2026-10-31,23:00,03:00,No restriction,Yes
ADI-BRC,2026-11-01,23:00,03:00,No restriction,Yes
ADI-BRC,2026-11-02,23:00,02:00,Block suspended - VIP movement,No
ADI-BRC,2026-11-03,23:00,02:00,"No block during peak hours 06:00-10:00,17:00-21:00",Yes
ADI-BRC,2026-11-04,23:00,02:00,"No block during peak hours 06:00-10:00,17:00-21:00",No
ADI-BRC,2026-11-05,23:00,02:00,Reduced window due to festival traffic,Yes
ADI-BRC,2026-11-06,23:00,02:00,Single line working only,No
ADI-BRC,2026-11-07,23:00,03:00,Single line working only,Yes
ADI-BRC,2026-11-08,23:00,03:00,"No block during peak hours 06:00-10:00,17:00-21:00",No
ADI-BRC,2026-11-09,23:00,02:00,Max 1 block per night,No
ADI-BRC,2026-11-10,23:00,02:00,"No block during peak hours 06:00-10:00,17:00-21:00",No
ADI-BRC,2026-11-11,23:00,02:00,"No block during peak hours 06:00-10:00,17:00-21:00",Yes
ADI-BRC,2026-11-12,23:00,02:00,"No block during peak hours 06:00-10:00,17:00-21:00",Yes
ADI-BRC,2026-11-13,23:00,02:00,"No block during peak hours 06:00-10:00,17:00-21:00",No
ADI-BRC,2026-11-14,23:00,03:00,Max 1 block per night,Yes
ADI-BRC,2026-11-15,23:00,03:00,Max 1 block per night,No
ADI-BRC,2026-11-16,23:00,02:00,"No block during peak hours 06:00-10:00,17:00-21:00",Yes
ADI-BRC,2026-11-17,23:00,02:00,"No block during peak hours 06:00-10:00,17:00-21:00",No
ADI-BRC,2026-11-18,23:00,02:00,"No block during peak hours 06:00-10:00,17:00-21:00",Yes
ADI-BRC,2026-11-19,23:00,02:00,"No block during peak hours 06:00-10:00,17:00-21:00",No
ADI-BRC,2026-11-20,23:00,02:00,"No block during peak hours 06:00-10:00,17:00-21:00",Yes
ADI-BRC,2026-11-21,23:00,03:00,Max 1 block per night,No
ADI-BRC,2026-11-22,23:00,03:00,"No block during peak hours 06:00-10:00,17:00-21:00",No
ADI-BRC,2026-11-23,23:00,02:00,"No block during peak hours 06:00-10:00,17:00-21:00",Yes
ADI-BRC,2026-11-24,23:00,02:00,"No block during peak hours 06:00-10:00,17:00-21:00",Yes
ADI-BRC,2026-11-25,23:00,02:00,Max 1 block per night,No
ADI-BRC,2026-11-26,23:00,02:00,Max 1 block per night,Yes
ADI-BRC,2026-11-27,23:00,02:00,"No block during peak hours 06:00-10:00,17:00-21:00",Yes
ADI-BRC,2026-11-28,23:00,03:00,Max 1 block per night,Yes
ADI-BRC,2026-11-29,23:00,03:00,Max 1 block per night,Yes
ADI-BRC,2026-11-30,23:00,02:00,No restriction,No
ADI-BRC,2026-12-01,23:00,02:00,"No block during peak hours 06:00-10:00,17:00-21:00",No
ADI-BRC,2026-12-02,23:00,02:00,Single line working only,Yes
ADI-BRC,2026-12-03,23:00,02:00,"No block during peak hours 06:00-10:00,17:00-21:00",No
ADI-BRC,2026-12-04,23:00,02:00,"No block during peak hours 06:00-10:00,17:00-21:00",Yes
ADI-BRC,2026-12-05,23:00,03:00,"No block during peak hours 06:00-10:00,17:00-21:00",Yes
ADI-BRC,2026-12-06,23:00,03:00,"No block during peak hours 06:00-10:00,17:00-21:00",Yes
ADI-BRC,2026-12-07,23:00,02:00,"No block during peak hours 06:00-10:00,17:00-21:00",No
ADI-BRC,2026-12-08,23:00,02:00,"No block during peak hours 06:00-10:00,17:00-21:00",No
ADI-BRC,2026-12-09,23:00,02:00,"No block during peak hours 06:00-10:00,17:00-21:00",No
ADI-BRC,2026-12-10,23:00,02:00,Single line working only,No
ADI-BRC,2026-12-11,23:00,02:00,Max 1 block per night,No
ADI-BRC,2026-12-12,23:00,03:00,"No block during peak hours 06:00-10:00,17:00-21:00",No
ADI-BRC,2026-12-13,23:00,03:00,Max 1 block per night,Yes
ADI-BRC,2026-12-14,23:00,02:00,Max 1 block per night,Yes
ADI-BRC,2026-12-15,23:00,02:00,"No block during peak hours 06:00-10:00,17:00-21:00",No
ADI-BRC,2026-12-16,23:00,02:00,Max 1 block per night,Yes
ADI-BRC,2026-12-17,23:00,02:00,"No block during peak hours 06:00-10:00,17:00-21:00",Yes
ADI-BRC,2026-12-18,23:00,02:00,"No block during peak hours 06:00-10:00,17:00-21:00",Yes
ADI-BRC,2026-12-19,23:00,03:00,Max 1 block per night,No
ADI-BRC,2026-12-20,23:00,03:00,Single line working only,No
ADI-BRC,2026-12-21,23:00,02:00,Single line working only,Yes
ADI-BRC,2026-12-22,23:00,02:00,Reduced window due to festival traffic,Yes
ADI-BRC,2026-12-23,23:00,02:00,Max 1 block per night,No
ADI-BRC,2026-12-24,23:00,02:00,Single line working only,No
ADI-BRC,2026-12-25,23:00,02:00,Single line working only,Yes
ADI-BRC,2026-12-26,23:00,03:00,Reduced window due to festival traffic,No
ADI-BRC,2026-12-27,23:00,03:00,Single line working only,Yes
ADI-BRC,2026-12-28,23:00,02:00,"No block during peak hours 06:00-10:00,17:00-21:00",Yes
ADI-BRC,2026-12-29,23:00,02:00,"No block during peak hours 06:00-10:00,17:00-21:00",Yes
ADI-BRC,2026-12-30,23:00,02:00,"No block during peak hours 06:00-10:00,17:00-21:00",Yes
ADI-BRC,2026-12-31,23:00,02:00,Single line working only,No
BRC-ST,2026-01-01,23:00,02:00,"No block during peak hours 06:00-10:00,17:00-21:00",No
BRC-ST,2026-01-02,23:00,02:00,"No block during peak hours 06:00-10:00,17:00-21:00",No
BRC-ST,2026-01-03,23:00,03:00,Single line working only,Yes
BRC-ST,2026-01-04,23:00,03:00,Max 1 block per night,Yes
BRC-ST,2026-01-05,23:00,02:00,Max 1 block per night,Yes
BRC-ST,2026-01-06,23:00,02:00,Single line working only,Yes
BRC-ST,2026-01-07,23:00,02:00,Single line working only,No
BRC-ST,2026-01-08,23:00,02:00,Single line working only,Yes
BRC-ST,2026-01-09,23:00,02:00,"No block during peak hours 06:00-10:00,17:00-21:00",No
BRC-ST,2026-01-10,23:00,03:00,"No block during peak hours 06:00-10:00,17:00-21:00",Yes
BRC-ST,2026-01-11,23:00,03:00,Max 1 block per night,No
BRC-ST,2026-01-12,23:00,02:00,Single line working only,No
BRC-ST,2026-01-13,23:00,02:00,Reduced window due to festival traffic,No
BRC-ST,2026-01-14,23:00,02:00,"No block during peak hours 06:00-10:00,17:00-21:00",Yes
BRC-ST,2026-01-15,23:00,02:00,"No block during peak hours 06:00-10:00,17:00-21:00",Yes
BRC-ST,2026-01-16,23:00,02:00,"No block during peak hours 06:00-10:00,17:00-21:00",Yes
BRC-ST,2026-01-17,23:00,03:00,No restriction,No
BRC-ST,2026-01-18,23:00,03:00,"No block during peak hours 06:00-10:00,17:00-21:00",Yes
BRC-ST,2026-01-19,23:00,02:00,"No block during peak hours 06:00-10:00,17:00-21:00",No
BRC-ST,2026-01-20,23:00,02:00,Max 1 block per night,Yes
BRC-ST,2026-01-21,23:00,02:00,Max 1 block per night,Yes
BRC-ST,2026-01-22,23:00,02:00,Max 1 block per night,Yes
BRC-ST,2026-01-23,23:00,02:00,"No block during peak hours 06:00-10:00,17:00-21:00",No
BRC-ST,2026-01-24,23:00,03:00,Single line working only,Yes
BRC-ST,2026-01-25,23:00,03:00,Max 1 block per night,Yes
BRC-ST,2026-01-26,23:00,02:00,"No block during peak hours 06:00-10:00,17:00-21:00",No
BRC-ST,2026-01-27,23:00,02:00,Max 1 block per night,Yes
BRC-ST,2026-01-28,23:00,02:00,No restriction,No
BRC-ST,2026-01-29,23:00,02:00,Block suspended - VIP movement,No
BRC-ST,2026-01-30,23:00,02:00,Max 1 block per night,No
BRC-ST,2026-01-31,23:00,03:00,"No block during peak hours 06:00-10:00,17:00-21:00",Yes
BRC-ST,2026-02-01,23:00,03:00,Single line working only,Yes
BRC-ST,2026-02-02,23:00,02:00,Single line working only,No
BRC-ST,2026-02-03,23:00,02:00,Max 1 block per night,Yes
BRC-ST,2026-02-04,23:00,02:00,"No block during peak hours 06:00-10:00,17:00-21:00",Yes
BRC-ST,2026-02-05,23:00,02:00,Block suspended - VIP movement,Yes
BRC-ST,2026-02-06,23:00,02:00,Max 1 block per night,No
BRC-ST,2026-02-07,23:00,03:00,Max 1 block per night,Yes
BRC-ST,2026-02-08,23:00,03:00,"No block during peak hours 06:00-10:00,17:00-21:00",No
BRC-ST,2026-02-09,23:00,02:00,"No block during peak hours 06:00-10:00,17:00-21:00",No
BRC-ST,2026-02-10,23:00,02:00,Single line working only,Yes
BRC-ST,2026-02-11,23:00,02:00,"No block during peak hours 06:00-10:00,17:00-21:00",No
BRC-ST,2026-02-12,23:00,02:00,Block suspended - VIP movement,No
BRC-ST,2026-02-13,23:00,02:00,"No block during peak hours 06:00-10:00,17:00-21:00",Yes
BRC-ST,2026-02-14,23:00,03:00,Block suspended - VIP movement,No
BRC-ST,2026-02-15,23:00,03:00,Single line working only,No
BRC-ST,2026-02-16,23:00,02:00,"No block during peak hours 06:00-10:00,17:00-21:00",No
BRC-ST,2026-02-17,23:00,02:00,Max 1 block per night,Yes
BRC-ST,2026-02-18,23:00,02:00,Max 1 block per night,No
BRC-ST,2026-02-19,23:00,02:00,Block suspended - VIP movement,Yes
BRC-ST,2026-02-20,23:00,02:00,"No block during peak hours 06:00-10:00,17:00-21:00",No
BRC-ST,2026-02-21,23:00,03:00,"No block during peak hours 06:00-10:00,17:00-21:00",No
BRC-ST,2026-02-22,23:00,03:00,"No block during peak hours 06:00-10:00,17:00-21:00",Yes
BRC-ST,2026-02-23,23:00,02:00,"No block during peak hours 06:00-10:00,17:00-21:00",No
BRC-ST,2026-02-24,23:00,02:00,Max 1 block per night,No
BRC-ST,2026-02-25,23:00,02:00,Single line working only,Yes
BRC-ST,2026-02-26,23:00,02:00,Max 1 block per night,No
BRC-ST,2026-02-27,23:00,02:00,Block suspended - VIP movement,No
BRC-ST,2026-02-28,23:00,03:00,Reduced window due to festival traffic,No
BRC-ST,2026-03-01,23:00,03:00,"No block during peak hours 06:00-10:00,17:00-21:00",No
BRC-ST,2026-03-02,23:00,02:00,No restriction,Yes
BRC-ST,2026-03-03,23:00,02:00,Reduced window due to festival traffic,Yes
BRC-ST,2026-03-04,23:00,02:00,"No block during peak hours 06:00-10:00,17:00-21:00",Yes
BRC-ST,2026-03-05,23:00,02:00,"No block during peak hours 06:00-10:00,17:00-21:00",No
BRC-ST,2026-03-06,23:00,02:00,"No block during peak hours 06:00-10:00,17:00-21:00",No
BRC-ST,2026-03-07,23:00,03:00,Max 1 block per night,No
BRC-ST,2026-03-08,23:00,03:00,No restriction,Yes
BRC-ST,2026-03-09,23:00,02:00,"No block during peak hours 06:00-10:00,17:00-21:00",No
BRC-ST,2026-03-10,23:00,02:00,"No block during peak hours 06:00-10:00,17:00-21:00",No
BRC-ST,2026-03-11,23:00,02:00,Single line working only,Yes
BRC-ST,2026-03-12,23:00,02:00,Single line working only,Yes
BRC-ST,2026-03-13,23:00,02:00,Max 1 block per night,No
BRC-ST,2026-03-14,23:00,03:00,Max 1 block per night,Yes
BRC-ST,2026-03-15,23:00,03:00,Max 1 block per night,No
BRC-ST,2026-03-16,23:00,02:00,Max 1 block per night,No
BRC-ST,2026-03-17,23:00,02:00,Single line working only,Yes
BRC-ST,2026-03-18,23:00,02:00,"No block during peak hours 06:00-10:00,17:00-21:00",Yes
BRC-ST,2026-03-19,23:00,02:00,"No block during peak hours 06:00-10:00,17:00-21:00",No
BRC-ST,2026-03-20,23:00,02:00,Max 1 block per night,No
BRC-ST,2026-03-21,23:00,03:00,Single line working only,No
BRC-ST,2026-03-22,23:00,03:00,Single line working only,Yes
BRC-ST,2026-03-23,23:00,02:00,Reduced window due to festival traffic,No
BRC-ST,2026-03-24,23:00,02:00,Single line working only,Yes
BRC-ST,2026-03-25,23:00,02:00,Single line working only,Yes
BRC-ST,2026-03-26,23:00,02:00,"No block during peak hours 06:00-10:00,17:00-21:00",No
BRC-ST,2026-03-27,23:00,02:00,"No block during peak hours 06:00-10:00,17:00-21:00",No
BRC-ST,2026-03-28,23:00,03:00,"No block during peak hours 06:00-10:00,17:00-21:00",Yes
BRC-ST,2026-03-29,23:00,03:00,Single line working only,No
BRC-ST,2026-03-30,23:00,02:00,"No block during peak hours 06:00-10:00,17:00-21:00",No
BRC-ST,2026-03-31,23:00,02:00,Single line working only,Yes
BRC-ST,2026-04-01,23:00,02:00,"No block during peak hours 06:00-10:00,17:00-21:00",Yes
BRC-ST,2026-04-02,23:00,02:00,"No block during peak hours 06:00-10:00,17:00-21:00",Yes
BRC-ST,2026-04-03,23:00,02:00,Max 1 block per night,Yes
BRC-ST,2026-04-04,23:00,03:00,"No block during peak hours 06:00-10:00,17:00-21:00",Yes
BRC-ST,2026-04-05,23:00,03:00,Max 1 block per night,Yes
BRC-ST,2026-04-06,23:00,02:00,"No block during peak hours 06:00-10:00,17:00-21:00",No
BRC-ST,2026-04-07,23:00,02:00,Single line working only,Yes
BRC-ST,2026-04-08,23:00,02:00,"No block during peak hours 06:00-10:00,17:00-21:00",Yes
BRC-ST,2026-04-09,23:00,02:00,"No block during peak hours 06:00-10:00,17:00-21:00",No
BRC-ST,2026-04-10,23:00,02:00,"No block during peak hours 06:00-10:00,17:00-21:00",No
BRC-ST,2026-04-11,23:00,03:00,Max 1 block per night,No
BRC-ST,2026-04-12,23:00,03:00,Single line working only,No
BRC-ST,2026-04-13,23:00,02:00,Max 1 block per night,No
BRC-ST,2026-04-14,23:00,02:00,"No block during peak hours 06:00-10:00,17:00-21:00",No
BRC-ST,2026-04-15,23:00,02:00,Max 1 block per night,No
BRC-ST,2026-04-16,23:00,02:00,No restriction,Yes
BRC-ST,2026-04-17,23:00,02:00,Max 1 block per night,No
BRC-ST,2026-04-18,23:00,03:00,"No block during peak hours 06:00-10:00,17:00-21:00",Yes
BRC-ST,2026-04-19,23:00,03:00,Single line working only,No
BRC-ST,2026-04-20,23:00,02:00,Max 1 block per night,No
BRC-ST,2026-04-21,23:00,02:00,Single line working only,No
BRC-ST,2026-04-22,23:00,02:00,Max 1 block per night,Yes
BRC-ST,2026-04-23,23:00,02:00,"No block during peak hours 06:00-10:00,17:00-21:00",Yes
BRC-ST,2026-04-24,23:00,02:00,"No block during peak hours 06:00-10:00,17:00-21:00",Yes
BRC-ST,2026-04-25,23:00,03:00,Single line working only,Yes
BRC-ST,2026-04-26,23:00,03:00,Max 1 block per night,No
BRC-ST,2026-04-27,23:00,02:00,Block suspended - VIP movement,No
BRC-ST,2026-04-28,23:00,02:00,"No block during peak hours 06:00-10:00,17:00-21:00",No
BRC-ST,2026-04-29,23:00,02:00,"No block during peak hours 06:00-10:00,17:00-21:00",Yes
BRC-ST,2026-04-30,23:00,02:00,"No block during peak hours 06:00-10:00,17:00-21:00",No
BRC-ST,2026-05-01,23:00,02:00,"No block during peak hours 06:00-10:00,17:00-21:00",No
BRC-ST,2026-05-02,23:00,03:00,"No block during peak hours 06:00-10:00,17:00-21:00",Yes
BRC-ST,2026-05-03,23:00,03:00,Max 1 block per night,No
BRC-ST,2026-05-04,23:00,02:00,Max 1 block per night,No
BRC-ST,2026-05-05,23:00,02:00,Max 1 block per night,No
BRC-ST,2026-05-06,23:00,02:00,Reduced window due to festival traffic,No
BRC-ST,2026-05-07,23:00,02:00,"No block during peak hours 06:00-10:00,17:00-21:00",Yes
BRC-ST,2026-05-08,23:00,02:00,Single line working only,Yes
BRC-ST,2026-05-09,23:00,03:00,"No block during peak hours 06:00-10:00,17:00-21:00",No
BRC-ST,2026-05-10,23:00,03:00,Single line working only,Yes
BRC-ST,2026-05-11,23:00,02:00,"No block during peak hours 06:00-10:00,17:00-21:00",No
BRC-ST,2026-05-12,23:00,02:00,"No block during peak hours 06:00-10:00,17:00-21:00",Yes
BRC-ST,2026-05-13,23:00,02:00,Max 1 block per night,Yes
BRC-ST,2026-05-14,23:00,02:00,"No block during peak hours 06:00-10:00,17:00-21:00",No
BRC-ST,2026-05-15,23:00,02:00,Max 1 block per night,Yes
BRC-ST,2026-05-16,23:00,03:00,Reduced window due to festival traffic,Yes
BRC-ST,2026-05-17,23:00,03:00,"No block during peak hours 06:00-10:00,17:00-21:00",No
BRC-ST,2026-05-18,23:00,02:00,Single line working only,No
BRC-ST,2026-05-19,23:00,02:00,Reduced window due to festival traffic,No
BRC-ST,2026-05-20,23:00,02:00,"No block during peak hours 06:00-10:00,17:00-21:00",No
BRC-ST,2026-05-21,23:00,02:00,"No block during peak hours 06:00-10:00,17:00-21:00",No
BRC-ST,2026-05-22,23:00,02:00,Block suspended - VIP movement,Yes
BRC-ST,2026-05-23,23:00,03:00,Single line working only,No
BRC-ST,2026-05-24,23:00,03:00,Max 1 block per night,No
BRC-ST,2026-05-25,23:00,02:00,Single line working only,No
BRC-ST,2026-05-26,23:00,02:00,"No block during peak hours 06:00-10:00,17:00-21:00",Yes
BRC-ST,2026-05-27,23:00,02:00,No restriction,No
BRC-ST,2026-05-28,23:00,02:00,Single line working only,Yes
BRC-ST,2026-05-29,23:00,02:00,Max 1 block per night,Yes
BRC-ST,2026-05-30,23:00,03:00,Block suspended - VIP movement,No
BRC-ST,2026-05-31,23:00,03:00,"No block during peak hours 06:00-10:00,17:00-21:00",No
BRC-ST,2026-06-01,23:00,02:00,Single line working only,Yes
BRC-ST,2026-06-02,23:00,02:00,Single line working only,Yes
BRC-ST,2026-06-03,23:00,02:00,Max 1 block per night,Yes
BRC-ST,2026-06-04,23:00,02:00,Max 1 block per night,No
BRC-ST,2026-06-05,23:00,02:00,Block suspended - VIP movement,No
BRC-ST,2026-06-06,23:00,03:00,Single line working only,Yes
BRC-ST,2026-06-07,23:00,03:00,Single line working only,Yes
BRC-ST,2026-06-08,23:00,02:00,Max 1 block per night,No
BRC-ST,2026-06-09,23:00,02:00,Single line working only,No
BRC-ST,2026-06-10,23:00,02:00,"No block during peak hours 06:00-10:00,17:00-21:00",Yes
BRC-ST,2026-06-11,23:00,02:00,Max 1 block per night,No
BRC-ST,2026-06-12,23:00,02:00,Max 1 block per night,Yes
BRC-ST,2026-06-13,23:00,03:00,No restriction,Yes
BRC-ST,2026-06-14,23:00,03:00,Reduced window due to festival traffic,Yes
BRC-ST,2026-06-15,23:00,02:00,Max 1 block per night,No
BRC-ST,2026-06-16,23:00,02:00,Max 1 block per night,Yes
BRC-ST,2026-06-17,23:00,02:00,No restriction,Yes
BRC-ST,2026-06-18,23:00,02:00,"No block during peak hours 06:00-10:00,17:00-21:00",No
BRC-ST,2026-06-19,23:00,02:00,Single line working only,Yes
BRC-ST,2026-06-20,23:00,03:00,Max 1 block per night,Yes
BRC-ST,2026-06-21,23:00,03:00,"No block during peak hours 06:00-10:00,17:00-21:00",No
BRC-ST,2026-06-22,23:00,02:00,Max 1 block per night,Yes
BRC-ST,2026-06-23,23:00,02:00,Max 1 block per night,Yes
BRC-ST,2026-06-24,23:00,02:00,"No block during peak hours 06:00-10:00,17:00-21:00",Yes
BRC-ST,2026-06-25,23:00,02:00,"No block during peak hours 06:00-10:00,17:00-21:00",Yes
BRC-ST,2026-06-26,23:00,02:00,"No block during peak hours 06:00-10:00,17:00-21:00",Yes
BRC-ST,2026-06-27,23:00,03:00,Max 1 block per night,No
BRC-ST,2026-06-28,23:00,03:00,"No block during peak hours 06:00-10:00,17:00-21:00",No
BRC-ST,2026-06-29,23:00,02:00,"No block during peak hours 06:00-10:00,17:00-21:00",No
BRC-ST,2026-06-30,23:00,02:00,Max 1 block per night,No
BRC-ST,2026-07-01,23:00,02:00,Block suspended - VIP movement,No
BRC-ST,2026-07-02,23:00,02:00,No restriction,Yes
BRC-ST,2026-07-03,23:00,02:00,"No block during peak hours 06:00-10:00,17:00-21:00",Yes
BRC-ST,2026-07-04,23:00,03:00,Block suspended - VIP movement,No
BRC-ST,2026-07-05,23:00,03:00,Single line working only,Yes
BRC-ST,2026-07-06,23:00,02:00,"No block during peak hours 06:00-10:00,17:00-21:00",No
BRC-ST,2026-07-07,23:00,02:00,Single line working only,Yes
BRC-ST,2026-07-08,23:00,02:00,"No block during peak hours 06:00-10:00,17:00-21:00",Yes
BRC-ST,2026-07-09,23:00,02:00,Single line working only,Yes
BRC-ST,2026-07-10,23:00,02:00,"No block during peak hours 06:00-10:00,17:00-21:00",Yes
BRC-ST,2026-07-11,23:00,03:00,Reduced window due to festival traffic,No
BRC-ST,2026-07-12,23:00,03:00,Single line working only,No
BRC-ST,2026-07-13,23:00,02:00,"No block during peak hours 06:00-10:00,17:00-21:00",Yes
BRC-ST,2026-07-14,23:00,02:00,"No block during peak hours 06:00-10:00,17:00-21:00",Yes
BRC-ST,2026-07-15,23:00,02:00,Single line working only,Yes
BRC-ST,2026-07-16,23:00,02:00,"No block during peak hours 06:00-10:00,17:00-21:00",No
BRC-ST,2026-07-17,23:00,02:00,"No block during peak hours 06:00-10:00,17:00-21:00",Yes
BRC-ST,2026-07-18,23:00,03:00,No restriction,No
BRC-ST,2026-07-19,23:00,03:00,"No block during peak hours 06:00-10:00,17:00-21:00",Yes
BRC-ST,2026-07-20,23:00,02:00,"No block during peak hours 06:00-10:00,17:00-21:00",No
BRC-ST,2026-07-21,23:00,02:00,"No block during peak hours 06:00-10:00,17:00-21:00",Yes
BRC-ST,2026-07-22,23:00,02:00,"No block during peak hours 06:00-10:00,17:00-21:00",No
BRC-ST,2026-07-23,23:00,02:00,"No block during peak hours 06:00-10:00,17:00-21:00",No
BRC-ST,2026-07-24,23:00,02:00,"No block during peak hours 06:00-10:00,17:00-21:00",No
BRC-ST,2026-07-25,23:00,03:00,Max 1 block per night,No
BRC-ST,2026-07-26,23:00,03:00,Max 1 block per night,Yes
BRC-ST,2026-07-27,23:00,02:00,Single line working only,Yes
BRC-ST,2026-07-28,23:00,02:00,Reduced window due to festival traffic,No
BRC-ST,2026-07-29,23:00,02:00,Max 1 block per night,Yes
BRC-ST,2026-07-30,23:00,02:00,Single line working only,No
BRC-ST,2026-07-31,23:00,02:00,"No block during peak hours 06:00-10:00,17:00-21:00",No
BRC-ST,2026-08-01,23:00,03:00,Reduced window due to festival traffic,Yes
BRC-ST,2026-08-02,23:00,03:00,Reduced window due to festival traffic,Yes
BRC-ST,2026-08-03,23:00,02:00,Single line working only,No
BRC-ST,2026-08-04,23:00,02:00,Single line working only,Yes
BRC-ST,2026-08-05,23:00,02:00,"No block during peak hours 06:00-10:00,17:00-21:00",Yes
BRC-ST,2026-08-06,23:00,02:00,Max 1 block per night,Yes
BRC-ST,2026-08-07,23:00,02:00,Max 1 block per night,Yes
BRC-ST,2026-08-08,23:00,03:00,Single line working only,Yes
BRC-ST,2026-08-09,23:00,03:00,Single line working only,No
BRC-ST,2026-08-10,23:00,02:00,"No block during peak hours 06:00-10:00,17:00-21:00",No
BRC-ST,2026-08-11,23:00,02:00,"No block during peak hours 06:00-10:00,17:00-21:00",No
BRC-ST,2026-08-12,23:00,02:00,"No block during peak hours 06:00-10:00,17:00-21:00",No
BRC-ST,2026-08-13,23:00,02:00,No restriction,No
BRC-ST,2026-08-14,23:00,02:00,Block suspended - VIP movement,Yes
BRC-ST,2026-08-15,23:00,03:00,"No block during peak hours 06:00-10:00,17:00-21:00",Yes
BRC-ST,2026-08-16,23:00,03:00,"No block during peak hours 06:00-10:00,17:00-21:00",Yes
BRC-ST,2026-08-17,23:00,02:00,Reduced window due to festival traffic,No
BRC-ST,2026-08-18,23:00,02:00,Single line working only,No
BRC-ST,2026-08-19,23:00,02:00,"No block during peak hours 06:00-10:00,17:00-21:00",Yes
BRC-ST,2026-08-20,23:00,02:00,Max 1 block per night,Yes
BRC-ST,2026-08-21,23:00,02:00,No restriction,Yes
BRC-ST,2026-08-22,23:00,03:00,"No block during peak hours 06:00-10:00,17:00-21:00",No
BRC-ST,2026-08-23,23:00,03:00,"No block during peak hours 06:00-10:00,17:00-21:00",No
BRC-ST,2026-08-24,23:00,02:00,Single line working only,No
BRC-ST,2026-08-25,23:00,02:00,Max 1 block per night,Yes
BRC-ST,2026-08-26,23:00,02:00,"No block during peak hours 06:00-10:00,17:00-21:00",No
BRC-ST,2026-08-27,23:00,02:00,"No block during peak hours 06:00-10:00,17:00-21:00",No
BRC-ST,2026-08-28,23:00,02:00,Max 1 block per night,Yes
BRC-ST,2026-08-29,23:00,03:00,"No block during peak hours 06:00-10:00,17:00-21:00",Yes
BRC-ST,2026-08-30,23:00,03:00,Single line working only,Yes
BRC-ST,2026-08-31,23:00,02:00,Reduced window due to festival traffic,Yes
BRC-ST,2026-09-01,23:00,02:00,"No block during peak hours 06:00-10:00,17:00-21:00",No
BRC-ST,2026-09-02,23:00,02:00,"No block during peak hours 06:00-10:00,17:00-21:00",No
BRC-ST,2026-09-03,23:00,02:00,Max 1 block per night,No
BRC-ST,2026-09-04,23:00,02:00,Reduced window due to festival traffic,No
BRC-ST,2026-09-05,23:00,03:00,"No block during peak hours 06:00-10:00,17:00-21:00",Yes
BRC-ST,2026-09-06,23:00,03:00,Single line working only,Yes
BRC-ST,2026-09-07,23:00,02:00,"No block during peak hours 06:00-10:00,17:00-21:00",No
BRC-ST,2026-09-08,23:00,02:00,No restriction,Yes
BRC-ST,2026-09-09,23:00,02:00,Single line working only,Yes
BRC-ST,2026-09-10,23:00,02:00,Max 1 block per night,Yes
BRC-ST,2026-09-11,23:00,02:00,"No block during peak hours 06:00-10:00,17:00-21:00",Yes
BRC-ST,2026-09-12,23:00,03:00,Single line working only,No
BRC-ST,2026-09-13,23:00,03:00,"No block during peak hours 06:00-10:00,17:00-21:00",Yes
BRC-ST,2026-09-14,23:00,02:00,"No block during peak hours 06:00-10:00,17:00-21:00",Yes
BRC-ST,2026-09-15,23:00,02:00,Single line working only,Yes
BRC-ST,2026-09-16,23:00,02:00,Single line working only,No
BRC-ST,2026-09-17,23:00,02:00,Single line working only,No
BRC-ST,2026-09-18,23:00,02:00,"No block during peak hours 06:00-10:00,17:00-21:00",No
BRC-ST,2026-09-19,23:00,03:00,Single line working only,Yes
BRC-ST,2026-09-20,23:00,03:00,"No block during peak hours 06:00-10:00,17:00-21:00",No
BRC-ST,2026-09-21,23:00,02:00,"No block during peak hours 06:00-10:00,17:00-21:00",Yes
BRC-ST,2026-09-22,23:00,02:00,Reduced window due to festival traffic,Yes
BRC-ST,2026-09-23,23:00,02:00,"No block during peak hours 06:00-10:00,17:00-21:00",Yes
BRC-ST,2026-09-24,23:00,02:00,Reduced window due to festival traffic,Yes
BRC-ST,2026-09-25,23:00,02:00,Max 1 block per night,No
BRC-ST,2026-09-26,23:00,03:00,Reduced window due to festival traffic,No
BRC-ST,2026-09-27,23:00,03:00,Max 1 block per night,Yes
BRC-ST,2026-09-28,23:00,02:00,"No block during peak hours 06:00-10:00,17:00-21:00",Yes
BRC-ST,2026-09-29,23:00,02:00,Single line working only,No
BRC-ST,2026-09-30,23:00,02:00,"No block during peak hours 06:00-10:00,17:00-21:00",Yes
BRC-ST,2026-10-01,23:00,02:00,"No block during peak hours 06:00-10:00,17:00-21:00",No
BRC-ST,2026-10-02,23:00,02:00,Reduced window due to festival traffic,No
BRC-ST,2026-10-03,23:00,03:00,Block suspended - VIP movement,No
BRC-ST,2026-10-04,23:00,03:00,Single line working only,Yes
BRC-ST,2026-10-05,23:00,02:00,Single line working only,No
BRC-ST,2026-10-06,23:00,02:00,Max 1 block per night,Yes
BRC-ST,2026-10-07,23:00,02:00,Max 1 block per night,Yes
BRC-ST,2026-10-08,23:00,02:00,Block suspended - VIP movement,No
BRC-ST,2026-10-09,23:00,02:00,"No block during peak hours 06:00-10:00,17:00-21:00",No
BRC-ST,2026-10-10,23:00,03:00,Max 1 block per night,No
BRC-ST,2026-10-11,23:00,03:00,Max 1 block per night,Yes
BRC-ST,2026-10-12,23:00,02:00,"No block during peak hours 06:00-10:00,17:00-21:00",No
BRC-ST,2026-10-13,23:00,02:00,Max 1 block per night,Yes
BRC-ST,2026-10-14,23:00,02:00,"No block during peak hours 06:00-10:00,17:00-21:00",No
BRC-ST,2026-10-15,23:00,02:00,"No block during peak hours 06:00-10:00,17:00-21:00",Yes
BRC-ST,2026-10-16,23:00,02:00,"No block during peak hours 06:00-10:00,17:00-21:00",Yes
BRC-ST,2026-10-17,23:00,03:00,Block suspended - VIP movement,No
BRC-ST,2026-10-18,23:00,03:00,"No block during peak hours 06:00-10:00,17:00-21:00",No
BRC-ST,2026-10-19,23:00,02:00,Max 1 block per night,No
BRC-ST,2026-10-20,23:00,02:00,No restriction,No
BRC-ST,2026-10-21,23:00,02:00,"No block during peak hours 06:00-10:00,17:00-21:00",No
BRC-ST,2026-10-22,23:00,02:00,"No block during peak hours 06:00-10:00,17:00-21:00",No
BRC-ST,2026-10-23,23:00,02:00,Max 1 block per night,No
BRC-ST,2026-10-24,23:00,03:00,"No block during peak hours 06:00-10:00,17:00-21:00",Yes
BRC-ST,2026-10-25,23:00,03:00,"No block during peak hours 06:00-10:00,17:00-21:00",Yes
BRC-ST,2026-10-26,23:00,02:00,Max 1 block per night,No
BRC-ST,2026-10-27,23:00,02:00,"No block during peak hours 06:00-10:00,17:00-21:00",No
BRC-ST,2026-10-28,23:00,02:00,Max 1 block per night,Yes
BRC-ST,2026-10-29,23:00,02:00,"No block during peak hours 06:00-10:00,17:00-21:00",No
BRC-ST,2026-10-30,23:00,02:00,Max 1 block per night,Yes
BRC-ST,2026-10-31,23:00,03:00,Single line working only,No
BRC-ST,2026-11-01,23:00,03:00,Single line working only,Yes
BRC-ST,2026-11-02,23:00,02:00,"No block during peak hours 06:00-10:00,17:00-21:00",Yes
BRC-ST,2026-11-03,23:00,02:00,Max 1 block per night,No
BRC-ST,2026-11-04,23:00,02:00,"No block during peak hours 06:00-10:00,17:00-21:00",Yes
BRC-ST,2026-11-05,23:00,02:00,Single line working only,No
BRC-ST,2026-11-06,23:00,02:00,"No block during peak hours 06:00-10:00,17:00-21:00",No
BRC-ST,2026-11-07,23:00,03:00,"No block during peak hours 06:00-10:00,17:00-21:00",Yes
BRC-ST,2026-11-08,23:00,03:00,Single line working only,Yes
BRC-ST,2026-11-09,23:00,02:00,Max 1 block per night,Yes
BRC-ST,2026-11-10,23:00,02:00,Reduced window due to festival traffic,No
BRC-ST,2026-11-11,23:00,02:00,Single line working only,Yes
BRC-ST,2026-11-12,23:00,02:00,Max 1 block per night,No
BRC-ST,2026-11-13,23:00,02:00,"No block during peak hours 06:00-10:00,17:00-21:00",Yes
BRC-ST,2026-11-14,23:00,03:00,Max 1 block per night,No
BRC-ST,2026-11-15,23:00,03:00,Single line working only,No
BRC-ST,2026-11-16,23:00,02:00,Reduced window due to festival traffic,Yes
BRC-ST,2026-11-17,23:00,02:00,"No block during peak hours 06:00-10:00,17:00-21:00",Yes
BRC-ST,2026-11-18,23:00,02:00,"No block during peak hours 06:00-10:00,17:00-21:00",Yes
BRC-ST,2026-11-19,23:00,02:00,Max 1 block per night,Yes
BRC-ST,2026-11-20,23:00,02:00,"No block during peak hours 06:00-10:00,17:00-21:00",Yes
BRC-ST,2026-11-21,23:00,03:00,Max 1 block per night,No
BRC-ST,2026-11-22,23:00,03:00,"No block during peak hours 06:00-10:00,17:00-21:00",Yes
BRC-ST,2026-11-23,23:00,02:00,Max 1 block per night,No
BRC-ST,2026-11-24,23:00,02:00,No restriction,Yes
BRC-ST,2026-11-25,23:00,02:00,Single line working only,No
BRC-ST,2026-11-26,23:00,02:00,Block suspended - VIP movement,No
BRC-ST,2026-11-27,23:00,02:00,"No block during peak hours 06:00-10:00,17:00-21:00",Yes
BRC-ST,2026-11-28,23:00,03:00,"No block during peak hours 06:00-10:00,17:00-21:00",Yes
BRC-ST,2026-11-29,23:00,03:00,"No block during peak hours 06:00-10:00,17:00-21:00",Yes
BRC-ST,2026-11-30,23:00,02:00,"No block during peak hours 06:00-10:00,17:00-21:00",No
BRC-ST,2026-12-01,23:00,02:00,Single line working only,No
BRC-ST,2026-12-02,23:00,02:00,Max 1 block per night,No
BRC-ST,2026-12-03,23:00,02:00,Max 1 block per night,Yes
BRC-ST,2026-12-04,23:00,02:00,Max 1 block per night,Yes
BRC-ST,2026-12-05,23:00,03:00,Max 1 block per night,No
BRC-ST,2026-12-06,23:00,03:00,Max 1 block per night,No
BRC-ST,2026-12-07,23:00,02:00,"No block during peak hours 06:00-10:00,17:00-21:00",Yes
BRC-ST,2026-12-08,23:00,02:00,"No block during peak hours 06:00-10:00,17:00-21:00",Yes
BRC-ST,2026-12-09,23:00,02:00,No restriction,Yes
BRC-ST,2026-12-10,23:00,02:00,Single line working only,Yes
BRC-ST,2026-12-11,23:00,02:00,Max 1 block per night,Yes
BRC-ST,2026-12-12,23:00,03:00,"No block during peak hours 06:00-10:00,17:00-21:00",No
BRC-ST,2026-12-13,23:00,03:00,Block suspended - VIP movement,No
BRC-ST,2026-12-14,23:00,02:00,"No block during peak hours 06:00-10:00,17:00-21:00",Yes
BRC-ST,2026-12-15,23:00,02:00,"No block during peak hours 06:00-10:00,17:00-21:00",Yes
BRC-ST,2026-12-16,23:00,02:00,"No block during peak hours 06:00-10:00,17:00-21:00",No
BRC-ST,2026-12-17,23:00,02:00,Max 1 block per night,No
BRC-ST,2026-12-18,23:00,02:00,Block suspended - VIP movement,No
BRC-ST,2026-12-19,23:00,03:00,"No block during peak hours 06:00-10:00,17:00-21:00",Yes
BRC-ST,2026-12-20,23:00,03:00,Block suspended - VIP movement,No
BRC-ST,2026-12-21,23:00,02:00,Max 1 block per night,Yes
BRC-ST,2026-12-22,23:00,02:00,Max 1 block per night,Yes
BRC-ST,2026-12-23,23:00,02:00,Single line working only,No
BRC-ST,2026-12-24,23:00,02:00,"No block during peak hours 06:00-10:00,17:00-21:00",No
BRC-ST,2026-12-25,23:00,02:00,Max 1 block per night,Yes
BRC-ST,2026-12-26,23:00,03:00,"No block during peak hours 06:00-10:00,17:00-21:00",No
BRC-ST,2026-12-27,23:00,03:00,Single line working only,Yes
BRC-ST,2026-12-28,23:00,02:00,"No block during peak hours 06:00-10:00,17:00-21:00",No
BRC-ST,2026-12-29,23:00,02:00,Max 1 block per night,No
BRC-ST,2026-12-30,23:00,02:00,"No block during peak hours 06:00-10:00,17:00-21:00",Yes
BRC-ST,2026-12-31,23:00,02:00,Reduced window due to festival traffic,No
ST-BCT,2026-01-01,23:00,02:00,Max 1 block per night,Yes
ST-BCT,2026-01-02,23:00,02:00,Block suspended - VIP movement,Yes
ST-BCT,2026-01-03,23:00,03:00,No restriction,No
ST-BCT,2026-01-04,23:00,03:00,Single line working only,Yes
ST-BCT,2026-01-05,23:00,02:00,Max 1 block per night,No
ST-BCT,2026-01-06,23:00,02:00,Max 1 block per night,No
ST-BCT,2026-01-07,23:00,02:00,Max 1 block per night,Yes
ST-BCT,2026-01-08,23:00,02:00,"No block during peak hours 06:00-10:00,17:00-21:00",Yes
ST-BCT,2026-01-09,23:00,02:00,Single line working only,Yes
ST-BCT,2026-01-10,23:00,03:00,"No block during peak hours 06:00-10:00,17:00-21:00",Yes
ST-BCT,2026-01-11,23:00,03:00,"No block during peak hours 06:00-10:00,17:00-21:00",No
ST-BCT,2026-01-12,23:00,02:00,Block suspended - VIP movement,Yes
ST-BCT,2026-01-13,23:00,02:00,"No block during peak hours 06:00-10:00,17:00-21:00",No
ST-BCT,2026-01-14,23:00,02:00,Reduced window due to festival traffic,No
ST-BCT,2026-01-15,23:00,02:00,"No block during peak hours 06:00-10:00,17:00-21:00",Yes
ST-BCT,2026-01-16,23:00,02:00,Max 1 block per night,No
ST-BCT,2026-01-17,23:00,03:00,Max 1 block per night,Yes
ST-BCT,2026-01-18,23:00,03:00,Max 1 block per night,Yes
ST-BCT,2026-01-19,23:00,02:00,"No block during peak hours 06:00-10:00,17:00-21:00",Yes
ST-BCT,2026-01-20,23:00,02:00,"No block during peak hours 06:00-10:00,17:00-21:00",Yes
ST-BCT,2026-01-21,23:00,02:00,"No block during peak hours 06:00-10:00,17:00-21:00",Yes
ST-BCT,2026-01-22,23:00,02:00,"No block during peak hours 06:00-10:00,17:00-21:00",Yes
ST-BCT,2026-01-23,23:00,02:00,Reduced window due to festival traffic,Yes
ST-BCT,2026-01-24,23:00,03:00,Single line working only,No
ST-BCT,2026-01-25,23:00,03:00,Single line working only,No
ST-BCT,2026-01-26,23:00,02:00,Single line working only,No
ST-BCT,2026-01-27,23:00,02:00,Single line working only,Yes
ST-BCT,2026-01-28,23:00,02:00,"No block during peak hours 06:00-10:00,17:00-21:00",No
ST-BCT,2026-01-29,23:00,02:00,Max 1 block per night,No
ST-BCT,2026-01-30,23:00,02:00,Max 1 block per night,No
ST-BCT,2026-01-31,23:00,03:00,"No block during peak hours 06:00-10:00,17:00-21:00",Yes
ST-BCT,2026-02-01,23:00,03:00,Max 1 block per night,Yes
ST-BCT,2026-02-02,23:00,02:00,Single line working only,Yes
ST-BCT,2026-02-03,23:00,02:00,Single line working only,No
ST-BCT,2026-02-04,23:00,02:00,Max 1 block per night,Yes
ST-BCT,2026-02-05,23:00,02:00,"No block during peak hours 06:00-10:00,17:00-21:00",No
ST-BCT,2026-02-06,23:00,02:00,"No block during peak hours 06:00-10:00,17:00-21:00",Yes
ST-BCT,2026-02-07,23:00,03:00,Max 1 block per night,No
ST-BCT,2026-02-08,23:00,03:00,Single line working only,Yes
ST-BCT,2026-02-09,23:00,02:00,Max 1 block per night,No
ST-BCT,2026-02-10,23:00,02:00,"No block during peak hours 06:00-10:00,17:00-21:00",No
ST-BCT,2026-02-11,23:00,02:00,"No block during peak hours 06:00-10:00,17:00-21:00",No
ST-BCT,2026-02-12,23:00,02:00,"No block during peak hours 06:00-10:00,17:00-21:00",No
ST-BCT,2026-02-13,23:00,02:00,Single line working only,No
ST-BCT,2026-02-14,23:00,03:00,"No block during peak hours 06:00-10:00,17:00-21:00",No
ST-BCT,2026-02-15,23:00,03:00,Single line working only,No
ST-BCT,2026-02-16,23:00,02:00,"No block during peak hours 06:00-10:00,17:00-21:00",Yes
ST-BCT,2026-02-17,23:00,02:00,"No block during peak hours 06:00-10:00,17:00-21:00",No
ST-BCT,2026-02-18,23:00,02:00,Max 1 block per night,Yes
ST-BCT,2026-02-19,23:00,02:00,"No block during peak hours 06:00-10:00,17:00-21:00",No
ST-BCT,2026-02-20,23:00,02:00,Reduced window due to festival traffic,No
ST-BCT,2026-02-21,23:00,03:00,Single line working only,Yes
ST-BCT,2026-02-22,23:00,03:00,"No block during peak hours 06:00-10:00,17:00-21:00",No
ST-BCT,2026-02-23,23:00,02:00,Max 1 block per night,Yes
ST-BCT,2026-02-24,23:00,02:00,Max 1 block per night,No
ST-BCT,2026-02-25,23:00,02:00,"No block during peak hours 06:00-10:00,17:00-21:00",No
ST-BCT,2026-02-26,23:00,02:00,Single line working only,No
ST-BCT,2026-02-27,23:00,02:00,Max 1 block per night,No
ST-BCT,2026-02-28,23:00,03:00,Max 1 block per night,Yes
ST-BCT,2026-03-01,23:00,03:00,"No block during peak hours 06:00-10:00,17:00-21:00",No
ST-BCT,2026-03-02,23:00,02:00,"No block during peak hours 06:00-10:00,17:00-21:00",Yes
ST-BCT,2026-03-03,23:00,02:00,Single line working only,Yes
ST-BCT,2026-03-04,23:00,02:00,"No block during peak hours 06:00-10:00,17:00-21:00",No
ST-BCT,2026-03-05,23:00,02:00,"No block during peak hours 06:00-10:00,17:00-21:00",No
ST-BCT,2026-03-06,23:00,02:00,"No block during peak hours 06:00-10:00,17:00-21:00",No
ST-BCT,2026-03-07,23:00,03:00,Single line working only,No
ST-BCT,2026-03-08,23:00,03:00,"No block during peak hours 06:00-10:00,17:00-21:00",No
ST-BCT,2026-03-09,23:00,02:00,Single line working only,Yes
ST-BCT,2026-03-10,23:00,02:00,No restriction,No
ST-BCT,2026-03-11,23:00,02:00,Max 1 block per night,No
ST-BCT,2026-03-12,23:00,02:00,Max 1 block per night,No
ST-BCT,2026-03-13,23:00,02:00,Block suspended - VIP movement,No
ST-BCT,2026-03-14,23:00,03:00,"No block during peak hours 06:00-10:00,17:00-21:00",No
ST-BCT,2026-03-15,23:00,03:00,"No block during peak hours 06:00-10:00,17:00-21:00",Yes
ST-BCT,2026-03-16,23:00,02:00,Block suspended - VIP movement,No
ST-BCT,2026-03-17,23:00,02:00,Single line working only,Yes
ST-BCT,2026-03-18,23:00,02:00,Max 1 block per night,Yes
ST-BCT,2026-03-19,23:00,02:00,"No block during peak hours 06:00-10:00,17:00-21:00",No
ST-BCT,2026-03-20,23:00,02:00,Single line working only,No
ST-BCT,2026-03-21,23:00,03:00,"No block during peak hours 06:00-10:00,17:00-21:00",No
ST-BCT,2026-03-22,23:00,03:00,Single line working only,Yes
ST-BCT,2026-03-23,23:00,02:00,No restriction,Yes
ST-BCT,2026-03-24,23:00,02:00,"No block during peak hours 06:00-10:00,17:00-21:00",Yes
ST-BCT,2026-03-25,23:00,02:00,"No block during peak hours 06:00-10:00,17:00-21:00",No
ST-BCT,2026-03-26,23:00,02:00,Reduced window due to festival traffic,No
ST-BCT,2026-03-27,23:00,02:00,"No block during peak hours 06:00-10:00,17:00-21:00",No
ST-BCT,2026-03-28,23:00,03:00,"No block during peak hours 06:00-10:00,17:00-21:00",No
ST-BCT,2026-03-29,23:00,03:00,Max 1 block per night,No
ST-BCT,2026-03-30,23:00,02:00,Block suspended - VIP movement,No
ST-BCT,2026-03-31,23:00,02:00,Single line working only,Yes
ST-BCT,2026-04-01,23:00,02:00,"No block during peak hours 06:00-10:00,17:00-21:00",No
ST-BCT,2026-04-02,23:00,02:00,Max 1 block per night,Yes
ST-BCT,2026-04-03,23:00,02:00,"No block during peak hours 06:00-10:00,17:00-21:00",Yes
ST-BCT,2026-04-04,23:00,03:00,"No block during peak hours 06:00-10:00,17:00-21:00",Yes
ST-BCT,2026-04-05,23:00,03:00,Single line working only,No
ST-BCT,2026-04-06,23:00,02:00,"No block during peak hours 06:00-10:00,17:00-21:00",No
ST-BCT,2026-04-07,23:00,02:00,Block suspended - VIP movement,No
ST-BCT,2026-04-08,23:00,02:00,Max 1 block per night,Yes
ST-BCT,2026-04-09,23:00,02:00,Reduced window due to festival traffic,Yes
ST-BCT,2026-04-10,23:00,02:00,Max 1 block per night,Yes
ST-BCT,2026-04-11,23:00,03:00,"No block during peak hours 06:00-10:00,17:00-21:00",Yes
ST-BCT,2026-04-12,23:00,03:00,"No block during peak hours 06:00-10:00,17:00-21:00",Yes
ST-BCT,2026-04-13,23:00,02:00,Reduced window due to festival traffic,No
ST-BCT,2026-04-14,23:00,02:00,"No block during peak hours 06:00-10:00,17:00-21:00",Yes
ST-BCT,2026-04-15,23:00,02:00,Single line working only,Yes
ST-BCT,2026-04-16,23:00,02:00,Single line working only,Yes
ST-BCT,2026-04-17,23:00,02:00,Max 1 block per night,Yes
ST-BCT,2026-04-18,23:00,03:00,"No block during peak hours 06:00-10:00,17:00-21:00",Yes
ST-BCT,2026-04-19,23:00,03:00,Max 1 block per night,No
ST-BCT,2026-04-20,23:00,02:00,"No block during peak hours 06:00-10:00,17:00-21:00",Yes
ST-BCT,2026-04-21,23:00,02:00,No restriction,No
ST-BCT,2026-04-22,23:00,02:00,Max 1 block per night,No
ST-BCT,2026-04-23,23:00,02:00,Max 1 block per night,No
ST-BCT,2026-04-24,23:00,02:00,"No block during peak hours 06:00-10:00,17:00-21:00",Yes
ST-BCT,2026-04-25,23:00,03:00,Max 1 block per night,Yes
ST-BCT,2026-04-26,23:00,03:00,"No block during peak hours 06:00-10:00,17:00-21:00",No
ST-BCT,2026-04-27,23:00,02:00,Max 1 block per night,No
ST-BCT,2026-04-28,23:00,02:00,"No block during peak hours 06:00-10:00,17:00-21:00",No
ST-BCT,2026-04-29,23:00,02:00,"No block during peak hours 06:00-10:00,17:00-21:00",Yes
ST-BCT,2026-04-30,23:00,02:00,Single line working only,Yes
ST-BCT,2026-05-01,23:00,02:00,"No block during peak hours 06:00-10:00,17:00-21:00",No
ST-BCT,2026-05-02,23:00,03:00,No restriction,Yes
ST-BCT,2026-05-03,23:00,03:00,Single line working only,No
ST-BCT,2026-05-04,23:00,02:00,"No block during peak hours 06:00-10:00,17:00-21:00",Yes
ST-BCT,2026-05-05,23:00,02:00,Max 1 block per night,No
ST-BCT,2026-05-06,23:00,02:00,"No block during peak hours 06:00-10:00,17:00-21:00",No
ST-BCT,2026-05-07,23:00,02:00,Max 1 block per night,Yes
ST-BCT,2026-05-08,23:00,02:00,Max 1 block per night,No
ST-BCT,2026-05-09,23:00,03:00,"No block during peak hours 06:00-10:00,17:00-21:00",No
ST-BCT,2026-05-10,23:00,03:00,"No block during peak hours 06:00-10:00,17:00-21:00",No
ST-BCT,2026-05-11,23:00,02:00,"No block during peak hours 06:00-10:00,17:00-21:00",No
ST-BCT,2026-05-12,23:00,02:00,Single line working only,Yes
ST-BCT,2026-05-13,23:00,02:00,"No block during peak hours 06:00-10:00,17:00-21:00",No
ST-BCT,2026-05-14,23:00,02:00,"No block during peak hours 06:00-10:00,17:00-21:00",Yes
ST-BCT,2026-05-15,23:00,02:00,Reduced window due to festival traffic,No
ST-BCT,2026-05-16,23:00,03:00,"No block during peak hours 06:00-10:00,17:00-21:00",Yes
ST-BCT,2026-05-17,23:00,03:00,"No block during peak hours 06:00-10:00,17:00-21:00",No
ST-BCT,2026-05-18,23:00,02:00,Max 1 block per night,Yes
ST-BCT,2026-05-19,23:00,02:00,"No block during peak hours 06:00-10:00,17:00-21:00",Yes
ST-BCT,2026-05-20,23:00,02:00,"No block during peak hours 06:00-10:00,17:00-21:00",Yes
ST-BCT,2026-05-21,23:00,02:00,Single line working only,No
ST-BCT,2026-05-22,23:00,02:00,"No block during peak hours 06:00-10:00,17:00-21:00",No
ST-BCT,2026-05-23,23:00,03:00,"No block during peak hours 06:00-10:00,17:00-21:00",Yes
ST-BCT,2026-05-24,23:00,03:00,"No block during peak hours 06:00-10:00,17:00-21:00",No
ST-BCT,2026-05-25,23:00,02:00,"No block during peak hours 06:00-10:00,17:00-21:00",No
ST-BCT,2026-05-26,23:00,02:00,"No block during peak hours 06:00-10:00,17:00-21:00",No
ST-BCT,2026-05-27,23:00,02:00,Single line working only,Yes
ST-BCT,2026-05-28,23:00,02:00,Max 1 block per night,Yes
ST-BCT,2026-05-29,23:00,02:00,"No block during peak hours 06:00-10:00,17:00-21:00",No
ST-BCT,2026-05-30,23:00,03:00,Max 1 block per night,Yes
ST-BCT,2026-05-31,23:00,03:00,"No block during peak hours 06:00-10:00,17:00-21:00",No
ST-BCT,2026-06-01,23:00,02:00,Max 1 block per night,No
ST-BCT,2026-06-02,23:00,02:00,Single line working only,Yes
ST-BCT,2026-06-03,23:00,02:00,Reduced window due to festival traffic,No
ST-BCT,2026-06-04,23:00,02:00,Max 1 block per night,Yes
ST-BCT,2026-06-05,23:00,02:00,"No block during peak hours 06:00-10:00,17:00-21:00",No
ST-BCT,2026-06-06,23:00,03:00,"No block during peak hours 06:00-10:00,17:00-21:00",No
ST-BCT,2026-06-07,23:00,03:00,"No block during peak hours 06:00-10:00,17:00-21:00",Yes
ST-BCT,2026-06-08,23:00,02:00,Max 1 block per night,Yes
ST-BCT,2026-06-09,23:00,02:00,Max 1 block per night,No
ST-BCT,2026-06-10,23:00,02:00,Single line working only,No
ST-BCT,2026-06-11,23:00,02:00,Max 1 block per night,No
ST-BCT,2026-06-12,23:00,02:00,Single line working only,No
ST-BCT,2026-06-13,23:00,03:00,"No block during peak hours 06:00-10:00,17:00-21:00",No
ST-BCT,2026-06-14,23:00,03:00,No restriction,No
ST-BCT,2026-06-15,23:00,02:00,"No block during peak hours 06:00-10:00,17:00-21:00",No
ST-BCT,2026-06-16,23:00,02:00,"No block during peak hours 06:00-10:00,17:00-21:00",Yes
ST-BCT,2026-06-17,23:00,02:00,Max 1 block per night,No
ST-BCT,2026-06-18,23:00,02:00,No restriction,Yes
ST-BCT,2026-06-19,23:00,02:00,Max 1 block per night,Yes
ST-BCT,2026-06-20,23:00,03:00,Max 1 block per night,No
ST-BCT,2026-06-21,23:00,03:00,Single line working only,Yes
ST-BCT,2026-06-22,23:00,02:00,Single line working only,No
ST-BCT,2026-06-23,23:00,02:00,Single line working only,Yes
ST-BCT,2026-06-24,23:00,02:00,Single line working only,No
ST-BCT,2026-06-25,23:00,02:00,Max 1 block per night,Yes
ST-BCT,2026-06-26,23:00,02:00,Block suspended - VIP movement,No
ST-BCT,2026-06-27,23:00,03:00,"No block during peak hours 06:00-10:00,17:00-21:00",No
ST-BCT,2026-06-28,23:00,03:00,Max 1 block per night,No
ST-BCT,2026-06-29,23:00,02:00,Single line working only,No
ST-BCT,2026-06-30,23:00,02:00,"No block during peak hours 06:00-10:00,17:00-21:00",Yes
ST-BCT,2026-07-01,23:00,02:00,Max 1 block per night,No
ST-BCT,2026-07-02,23:00,02:00,"No block during peak hours 06:00-10:00,17:00-21:00",Yes
ST-BCT,2026-07-03,23:00,02:00,Max 1 block per night,Yes
ST-BCT,2026-07-04,23:00,03:00,Max 1 block per night,Yes
ST-BCT,2026-07-05,23:00,03:00,"No block during peak hours 06:00-10:00,17:00-21:00",No
ST-BCT,2026-07-06,23:00,02:00,Max 1 block per night,No
ST-BCT,2026-07-07,23:00,02:00,Max 1 block per night,Yes
ST-BCT,2026-07-08,23:00,02:00,No restriction,No
ST-BCT,2026-07-09,23:00,02:00,Max 1 block per night,Yes
ST-BCT,2026-07-10,23:00,02:00,No restriction,Yes
ST-BCT,2026-07-11,23:00,03:00,Block suspended - VIP movement,Yes
ST-BCT,2026-07-12,23:00,03:00,"No block during peak hours 06:00-10:00,17:00-21:00",Yes
ST-BCT,2026-07-13,23:00,02:00,Single line working only,No
ST-BCT,2026-07-14,23:00,02:00,"No block during peak hours 06:00-10:00,17:00-21:00",Yes
ST-BCT,2026-07-15,23:00,02:00,Max 1 block per night,Yes
ST-BCT,2026-07-16,23:00,02:00,Block suspended - VIP movement,Yes
ST-BCT,2026-07-17,23:00,02:00,"No block during peak hours 06:00-10:00,17:00-21:00",Yes
ST-BCT,2026-07-18,23:00,03:00,Block suspended - VIP movement,Yes
ST-BCT,2026-07-19,23:00,03:00,"No block during peak hours 06:00-10:00,17:00-21:00",No
ST-BCT,2026-07-20,23:00,02:00,Single line working only,No
ST-BCT,2026-07-21,23:00,02:00,Max 1 block per night,No
ST-BCT,2026-07-22,23:00,02:00,"No block during peak hours 06:00-10:00,17:00-21:00",No
ST-BCT,2026-07-23,23:00,02:00,"No block during peak hours 06:00-10:00,17:00-21:00",Yes
ST-BCT,2026-07-24,23:00,02:00,Reduced window due to festival traffic,No
ST-BCT,2026-07-25,23:00,03:00,Max 1 block per night,No
ST-BCT,2026-07-26,23:00,03:00,Single line working only,No
ST-BCT,2026-07-27,23:00,02:00,"No block during peak hours 06:00-10:00,17:00-21:00",No
ST-BCT,2026-07-28,23:00,02:00,Max 1 block per night,No
ST-BCT,2026-07-29,23:00,02:00,Block suspended - VIP movement,No
ST-BCT,2026-07-30,23:00,02:00,Max 1 block per night,No
ST-BCT,2026-07-31,23:00,02:00,Max 1 block per night,No
ST-BCT,2026-08-01,23:00,03:00,"No block during peak hours 06:00-10:00,17:00-21:00",No
ST-BCT,2026-08-02,23:00,03:00,Block suspended - VIP movement,No
ST-BCT,2026-08-03,23:00,02:00,Max 1 block per night,Yes
ST-BCT,2026-08-04,23:00,02:00,"No block during peak hours 06:00-10:00,17:00-21:00",No
ST-BCT,2026-08-05,23:00,02:00,"No block during peak hours 06:00-10:00,17:00-21:00",Yes
ST-BCT,2026-08-06,23:00,02:00,Max 1 block per night,No
ST-BCT,2026-08-07,23:00,02:00,Max 1 block per night,No
ST-BCT,2026-08-08,23:00,03:00,Single line working only,Yes
ST-BCT,2026-08-09,23:00,03:00,"No block during peak hours 06:00-10:00,17:00-21:00",No
ST-BCT,2026-08-10,23:00,02:00,Max 1 block per night,Yes
ST-BCT,2026-08-11,23:00,02:00,Max 1 block per night,No
ST-BCT,2026-08-12,23:00,02:00,"No block during peak hours 06:00-10:00,17:00-21:00",Yes
ST-BCT,2026-08-13,23:00,02:00,Max 1 block per night,No
ST-BCT,2026-08-14,23:00,02:00,Max 1 block per night,No
ST-BCT,2026-08-15,23:00,03:00,Max 1 block per night,No
ST-BCT,2026-08-16,23:00,03:00,Max 1 block per night,Yes
ST-BCT,2026-08-17,23:00,02:00,Single line working only,Yes
ST-BCT,2026-08-18,23:00,02:00,"No block during peak hours 06:00-10:00,17:00-21:00",No
ST-BCT,2026-08-19,23:00,02:00,Max 1 block per night,Yes
ST-BCT,2026-08-20,23:00,02:00,Max 1 block per night,Yes
ST-BCT,2026-08-21,23:00,02:00,"No block during peak hours 06:00-10:00,17:00-21:00",Yes
ST-BCT,2026-08-22,23:00,03:00,"No block during peak hours 06:00-10:00,17:00-21:00",Yes
ST-BCT,2026-08-23,23:00,03:00,Max 1 block per night,Yes
ST-BCT,2026-08-24,23:00,02:00,"No block during peak hours 06:00-10:00,17:00-21:00",No
ST-BCT,2026-08-25,23:00,02:00,Max 1 block per night,No
ST-BCT,2026-08-26,23:00,02:00,Max 1 block per night,No
ST-BCT,2026-08-27,23:00,02:00,Reduced window due to festival traffic,Yes
ST-BCT,2026-08-28,23:00,02:00,Single line working only,No
ST-BCT,2026-08-29,23:00,03:00,Single line working only,No
ST-BCT,2026-08-30,23:00,03:00,Single line working only,No
ST-BCT,2026-08-31,23:00,02:00,"No block during peak hours 06:00-10:00,17:00-21:00",Yes
ST-BCT,2026-09-01,23:00,02:00,Block suspended - VIP movement,Yes
ST-BCT,2026-09-02,23:00,02:00,Max 1 block per night,Yes
ST-BCT,2026-09-03,23:00,02:00,Max 1 block per night,Yes
ST-BCT,2026-09-04,23:00,02:00,Single line working only,No
ST-BCT,2026-09-05,23:00,03:00,Block suspended - VIP movement,Yes
ST-BCT,2026-09-06,23:00,03:00,"No block during peak hours 06:00-10:00,17:00-21:00",Yes
ST-BCT,2026-09-07,23:00,02:00,"No block during peak hours 06:00-10:00,17:00-21:00",No
ST-BCT,2026-09-08,23:00,02:00,Max 1 block per night,No
ST-BCT,2026-09-09,23:00,02:00,Single line working only,No
ST-BCT,2026-09-10,23:00,02:00,"No block during peak hours 06:00-10:00,17:00-21:00",Yes
ST-BCT,2026-09-11,23:00,02:00,"No block during peak hours 06:00-10:00,17:00-21:00",No
ST-BCT,2026-09-12,23:00,03:00,"No block during peak hours 06:00-10:00,17:00-21:00",Yes
ST-BCT,2026-09-13,23:00,03:00,"No block during peak hours 06:00-10:00,17:00-21:00",No
ST-BCT,2026-09-14,23:00,02:00,"No block during peak hours 06:00-10:00,17:00-21:00",Yes
ST-BCT,2026-09-15,23:00,02:00,Single line working only,No
ST-BCT,2026-09-16,23:00,02:00,Max 1 block per night,Yes
ST-BCT,2026-09-17,23:00,02:00,Single line working only,Yes
ST-BCT,2026-09-18,23:00,02:00,"No block during peak hours 06:00-10:00,17:00-21:00",No
ST-BCT,2026-09-19,23:00,03:00,Single line working only,No
ST-BCT,2026-09-20,23:00,03:00,"No block during peak hours 06:00-10:00,17:00-21:00",Yes
ST-BCT,2026-09-21,23:00,02:00,"No block during peak hours 06:00-10:00,17:00-21:00",Yes
ST-BCT,2026-09-22,23:00,02:00,"No block during peak hours 06:00-10:00,17:00-21:00",No
ST-BCT,2026-09-23,23:00,02:00,Single line working only,Yes
ST-BCT,2026-09-24,23:00,02:00,"No block during peak hours 06:00-10:00,17:00-21:00",Yes
ST-BCT,2026-09-25,23:00,02:00,"No block during peak hours 06:00-10:00,17:00-21:00",No
ST-BCT,2026-09-26,23:00,03:00,Max 1 block per night,Yes
ST-BCT,2026-09-27,23:00,03:00,"No block during peak hours 06:00-10:00,17:00-21:00",No
ST-BCT,2026-09-28,23:00,02:00,"No block during peak hours 06:00-10:00,17:00-21:00",No
ST-BCT,2026-09-29,23:00,02:00,"No block during peak hours 06:00-10:00,17:00-21:00",Yes
ST-BCT,2026-09-30,23:00,02:00,"No block during peak hours 06:00-10:00,17:00-21:00",Yes
ST-BCT,2026-10-01,23:00,02:00,Max 1 block per night,No
ST-BCT,2026-10-02,23:00,02:00,"No block during peak hours 06:00-10:00,17:00-21:00",Yes
ST-BCT,2026-10-03,23:00,03:00,Single line working only,No
ST-BCT,2026-10-04,23:00,03:00,"No block during peak hours 06:00-10:00,17:00-21:00",Yes
ST-BCT,2026-10-05,23:00,02:00,"No block during peak hours 06:00-10:00,17:00-21:00",Yes
ST-BCT,2026-10-06,23:00,02:00,"No block during peak hours 06:00-10:00,17:00-21:00",Yes
ST-BCT,2026-10-07,23:00,02:00,"No block during peak hours 06:00-10:00,17:00-21:00",No
ST-BCT,2026-10-08,23:00,02:00,Max 1 block per night,Yes
ST-BCT,2026-10-09,23:00,02:00,Block suspended - VIP movement,Yes
ST-BCT,2026-10-10,23:00,03:00,No restriction,No
ST-BCT,2026-10-11,23:00,03:00,"No block during peak hours 06:00-10:00,17:00-21:00",No
ST-BCT,2026-10-12,23:00,02:00,Max 1 block per night,No
ST-BCT,2026-10-13,23:00,02:00,Max 1 block per night,No
ST-BCT,2026-10-14,23:00,02:00,"No block during peak hours 06:00-10:00,17:00-21:00",Yes
ST-BCT,2026-10-15,23:00,02:00,"No block during peak hours 06:00-10:00,17:00-21:00",Yes
ST-BCT,2026-10-16,23:00,02:00,"No block during peak hours 06:00-10:00,17:00-21:00",Yes
ST-BCT,2026-10-17,23:00,03:00,Max 1 block per night,Yes
ST-BCT,2026-10-18,23:00,03:00,Single line working only,Yes
ST-BCT,2026-10-19,23:00,02:00,Max 1 block per night,No
ST-BCT,2026-10-20,23:00,02:00,Single line working only,No
ST-BCT,2026-10-21,23:00,02:00,Max 1 block per night,No
ST-BCT,2026-10-22,23:00,02:00,Max 1 block per night,No
ST-BCT,2026-10-23,23:00,02:00,Max 1 block per night,Yes
ST-BCT,2026-10-24,23:00,03:00,Single line working only,Yes
ST-BCT,2026-10-25,23:00,03:00,Single line working only,Yes
ST-BCT,2026-10-26,23:00,02:00,"No block during peak hours 06:00-10:00,17:00-21:00",Yes
ST-BCT,2026-10-27,23:00,02:00,Max 1 block per night,Yes
ST-BCT,2026-10-28,23:00,02:00,"No block during peak hours 06:00-10:00,17:00-21:00",No
ST-BCT,2026-10-29,23:00,02:00,Reduced window due to festival traffic,No
ST-BCT,2026-10-30,23:00,02:00,Max 1 block per night,No
ST-BCT,2026-10-31,23:00,03:00,Single line working only,No
ST-BCT,2026-11-01,23:00,03:00,"No block during peak hours 06:00-10:00,17:00-21:00",No
ST-BCT,2026-11-02,23:00,02:00,Max 1 block per night,Yes
ST-BCT,2026-11-03,23:00,02:00,Max 1 block per night,Yes
ST-BCT,2026-11-04,23:00,02:00,Block suspended - VIP movement,No
ST-BCT,2026-11-05,23:00,02:00,"No block during peak hours 06:00-10:00,17:00-21:00",Yes
ST-BCT,2026-11-06,23:00,02:00,"No block during peak hours 06:00-10:00,17:00-21:00",No
ST-BCT,2026-11-07,23:00,03:00,Max 1 block per night,No
ST-BCT,2026-11-08,23:00,03:00,Max 1 block per night,Yes
ST-BCT,2026-11-09,23:00,02:00,"No block during peak hours 06:00-10:00,17:00-21:00",No
ST-BCT,2026-11-10,23:00,02:00,Block suspended - VIP movement,Yes
ST-BCT,2026-11-11,23:00,02:00,Max 1 block per night,No
ST-BCT,2026-11-12,23:00,02:00,Single line working only,Yes
ST-BCT,2026-11-13,23:00,02:00,Block suspended - VIP movement,Yes
ST-BCT,2026-11-14,23:00,03:00,Single line working only,Yes
ST-BCT,2026-11-15,23:00,03:00,Max 1 block per night,No
ST-BCT,2026-11-16,23:00,02:00,Single line working only,Yes
ST-BCT,2026-11-17,23:00,02:00,"No block during peak hours 06:00-10:00,17:00-21:00",No
ST-BCT,2026-11-18,23:00,02:00,Single line working only,Yes
ST-BCT,2026-11-19,23:00,02:00,Single line working only,Yes
ST-BCT,2026-11-20,23:00,02:00,Max 1 block per night,No
ST-BCT,2026-11-21,23:00,03:00,"No block during peak hours 06:00-10:00,17:00-21:00",Yes
ST-BCT,2026-11-22,23:00,03:00,Block suspended - VIP movement,Yes
ST-BCT,2026-11-23,23:00,02:00,Single line working only,No
ST-BCT,2026-11-24,23:00,02:00,"No block during peak hours 06:00-10:00,17:00-21:00",Yes
ST-BCT,2026-11-25,23:00,02:00,No restriction,No
ST-BCT,2026-11-26,23:00,02:00,Max 1 block per night,Yes
ST-BCT,2026-11-27,23:00,02:00,Max 1 block per night,Yes
ST-BCT,2026-11-28,23:00,03:00,Max 1 block per night,No
ST-BCT,2026-11-29,23:00,03:00,Single line working only,No
ST-BCT,2026-11-30,23:00,02:00,"No block during peak hours 06:00-10:00,17:00-21:00",No
ST-BCT,2026-12-01,23:00,02:00,"No block during peak hours 06:00-10:00,17:00-21:00",No
ST-BCT,2026-12-02,23:00,02:00,No restriction,No
ST-BCT,2026-12-03,23:00,02:00,Single line working only,Yes
ST-BCT,2026-12-04,23:00,02:00,Max 1 block per night,Yes
ST-BCT,2026-12-05,23:00,03:00,Max 1 block per night,No
ST-BCT,2026-12-06,23:00,03:00,Max 1 block per night,Yes
ST-BCT,2026-12-07,23:00,02:00,No restriction,No
ST-BCT,2026-12-08,23:00,02:00,"No block during peak hours 06:00-10:00,17:00-21:00",No
ST-BCT,2026-12-09,23:00,02:00,Max 1 block per night,Yes
ST-BCT,2026-12-10,23:00,02:00,Max 1 block per night,No
ST-BCT,2026-12-11,23:00,02:00,"No block during peak hours 06:00-10:00,17:00-21:00",Yes
ST-BCT,2026-12-12,23:00,03:00,Max 1 block per night,Yes
ST-BCT,2026-12-13,23:00,03:00,"No block during peak hours 06:00-10:00,17:00-21:00",Yes
ST-BCT,2026-12-14,23:00,02:00,"No block during peak hours 06:00-10:00,17:00-21:00",Yes
ST-BCT,2026-12-15,23:00,02:00,"No block during peak hours 06:00-10:00,17:00-21:00",Yes
ST-BCT,2026-12-16,23:00,02:00,Reduced window due to festival traffic,No
ST-BCT,2026-12-17,23:00,02:00,Max 1 block per night,No
ST-BCT,2026-12-18,23:00,02:00,Single line working only,No
ST-BCT,2026-12-19,23:00,03:00,Max 1 block per night,Yes
ST-BCT,2026-12-20,23:00,03:00,Single line working only,No
ST-BCT,2026-12-21,23:00,02:00,"No block during peak hours 06:00-10:00,17:00-21:00",No
ST-BCT,2026-12-22,23:00,02:00,Max 1 block per night,No
ST-BCT,2026-12-23,23:00,02:00,"No block during peak hours 06:00-10:00,17:00-21:00",Yes
ST-BCT,2026-12-24,23:00,02:00,Single line working only,No
ST-BCT,2026-12-25,23:00,02:00,Max 1 block per night,Yes
ST-BCT,2026-12-26,23:00,03:00,"No block during peak hours 06:00-10:00,17:00-21:00",No
ST-BCT,2026-12-27,23:00,03:00,Max 1 block per night,No
ST-BCT,2026-12-28,23:00,02:00,Single line working only,Yes
ST-BCT,2026-12-29,23:00,02:00,Max 1 block per night,No
ST-BCT,2026-12-30,23:00,02:00,"No block during peak hours 06:00-10:00,17:00-21:00",Yes
ST-BCT,2026-12-31,23:00,02:00,"No block during peak hours 06:00-10:00,17:00-21:00",Yes
DLI-JU,2026-01-01,23:00,04:00,Block suspended - VIP movement,Yes
DLI-JU,2026-01-02,23:00,04:00,No restriction,No
DLI-JU,2026-01-03,23:00,05:00,Block suspended - VIP movement,No
DLI-JU,2026-01-04,23:00,05:00,Single line working only,Yes
DLI-JU,2026-01-05,23:00,04:00,"No block during peak hours 06:00-10:00,17:00-21:00",No
DLI-JU,2026-01-06,23:00,04:00,Max 1 block per night,No
DLI-JU,2026-01-07,23:00,04:00,Single line working only,Yes
DLI-JU,2026-01-08,23:00,04:00,No restriction,No
DLI-JU,2026-01-09,23:00,04:00,"No block during peak hours 06:00-10:00,17:00-21:00",No
DLI-JU,2026-01-10,23:00,05:00,No restriction,Yes
DLI-JU,2026-01-11,23:00,05:00,No restriction,No
DLI-JU,2026-01-12,23:00,04:00,Max 1 block per night,Yes
DLI-JU,2026-01-13,23:00,04:00,Max 1 block per night,No
DLI-JU,2026-01-14,23:00,04:00,No restriction,No
DLI-JU,2026-01-15,23:00,04:00,Single line working only,No
DLI-JU,2026-01-16,23:00,04:00,Reduced window due to festival traffic,Yes
DLI-JU,2026-01-17,23:00,05:00,Block suspended - VIP movement,No
DLI-JU,2026-01-18,23:00,05:00,Single line working only,No
DLI-JU,2026-01-19,23:00,04:00,No restriction,Yes
DLI-JU,2026-01-20,23:00,04:00,Max 1 block per night,Yes
DLI-JU,2026-01-21,23:00,04:00,No restriction,No
DLI-JU,2026-01-22,23:00,04:00,No restriction,Yes
DLI-JU,2026-01-23,23:00,04:00,Block suspended - VIP movement,Yes
DLI-JU,2026-01-24,23:00,05:00,No restriction,Yes
DLI-JU,2026-01-25,23:00,05:00,"No block during peak hours 06:00-10:00,17:00-21:00",No
DLI-JU,2026-01-26,23:00,04:00,"No block during peak hours 06:00-10:00,17:00-21:00",Yes
DLI-JU,2026-01-27,23:00,04:00,No restriction,Yes
DLI-JU,2026-01-28,23:00,04:00,Max 1 block per night,No
DLI-JU,2026-01-29,23:00,04:00,Single line working only,Yes
DLI-JU,2026-01-30,23:00,04:00,No restriction,Yes
DLI-JU,2026-01-31,23:00,05:00,No restriction,Yes
DLI-JU,2026-02-01,23:00,05:00,Reduced window due to festival traffic,No
DLI-JU,2026-02-02,23:00,04:00,No restriction,Yes
DLI-JU,2026-02-03,23:00,04:00,Block suspended - VIP movement,Yes
DLI-JU,2026-02-04,23:00,04:00,Single line working only,Yes
DLI-JU,2026-02-05,23:00,04:00,"No block during peak hours 06:00-10:00,17:00-21:00",No
DLI-JU,2026-02-06,23:00,04:00,No restriction,No
DLI-JU,2026-02-07,23:00,05:00,No restriction,No
DLI-JU,2026-02-08,23:00,05:00,Single line working only,No
DLI-JU,2026-02-09,23:00,04:00,Single line working only,No
DLI-JU,2026-02-10,23:00,04:00,No restriction,No
DLI-JU,2026-02-11,23:00,04:00,No restriction,No
DLI-JU,2026-02-12,23:00,04:00,Single line working only,No
DLI-JU,2026-02-13,23:00,04:00,No restriction,No
DLI-JU,2026-02-14,23:00,05:00,No restriction,Yes
DLI-JU,2026-02-15,23:00,05:00,No restriction,No
DLI-JU,2026-02-16,23:00,04:00,Block suspended - VIP movement,No
DLI-JU,2026-02-17,23:00,04:00,"No block during peak hours 06:00-10:00,17:00-21:00",No
DLI-JU,2026-02-18,23:00,04:00,Single line working only,No
DLI-JU,2026-02-19,23:00,04:00,No restriction,No
DLI-JU,2026-02-20,23:00,04:00,No restriction,No
DLI-JU,2026-02-21,23:00,05:00,Reduced window due to festival traffic,Yes
DLI-JU,2026-02-22,23:00,05:00,No restriction,No
DLI-JU,2026-02-23,23:00,04:00,"No block during peak hours 06:00-10:00,17:00-21:00",No
DLI-JU,2026-02-24,23:00,04:00,Single line working only,No
DLI-JU,2026-02-25,23:00,04:00,"No block during peak hours 06:00-10:00,17:00-21:00",Yes
DLI-JU,2026-02-26,23:00,04:00,No restriction,Yes
DLI-JU,2026-02-27,23:00,04:00,Reduced window due to festival traffic,Yes
DLI-JU,2026-02-28,23:00,05:00,Block suspended - VIP movement,No
DLI-JU,2026-03-01,23:00,05:00,No restriction,Yes
DLI-JU,2026-03-02,23:00,04:00,No restriction,No
DLI-JU,2026-03-03,23:00,04:00,No restriction,No
DLI-JU,2026-03-04,23:00,04:00,Single line working only,No
DLI-JU,2026-03-05,23:00,04:00,No restriction,No
DLI-JU,2026-03-06,23:00,04:00,Block suspended - VIP movement,No
DLI-JU,2026-03-07,23:00,05:00,No restriction,No
DLI-JU,2026-03-08,23:00,05:00,Single line working only,No
DLI-JU,2026-03-09,23:00,04:00,Block suspended - VIP movement,Yes
DLI-JU,2026-03-10,23:00,04:00,"No block during peak hours 06:00-10:00,17:00-21:00",No
DLI-JU,2026-03-11,23:00,04:00,No restriction,No
DLI-JU,2026-03-12,23:00,04:00,No restriction,No
DLI-JU,2026-03-13,23:00,04:00,No restriction,No
DLI-JU,2026-03-14,23:00,05:00,"No block during peak hours 06:00-10:00,17:00-21:00",No
DLI-JU,2026-03-15,23:00,05:00,No restriction,No
DLI-JU,2026-03-16,23:00,04:00,Single line working only,No
DLI-JU,2026-03-17,23:00,04:00,"No block during peak hours 06:00-10:00,17:00-21:00",Yes
DLI-JU,2026-03-18,23:00,04:00,Max 1 block per night,Yes
DLI-JU,2026-03-19,23:00,04:00,No restriction,No
DLI-JU,2026-03-20,23:00,04:00,Single line working only,No
DLI-JU,2026-03-21,23:00,05:00,Single line working only,Yes
DLI-JU,2026-03-22,23:00,05:00,Single line working only,Yes
DLI-JU,2026-03-23,23:00,04:00,Max 1 block per night,No
DLI-JU,2026-03-24,23:00,04:00,Block suspended - VIP movement,Yes
DLI-JU,2026-03-25,23:00,04:00,"No block during peak hours 06:00-10:00,17:00-21:00",No
DLI-JU,2026-03-26,23:00,04:00,No restriction,No
DLI-JU,2026-03-27,23:00,04:00,Single line working only,No
DLI-JU,2026-03-28,23:00,05:00,"No block during peak hours 06:00-10:00,17:00-21:00",No
DLI-JU,2026-03-29,23:00,05:00,"No block during peak hours 06:00-10:00,17:00-21:00",No
DLI-JU,2026-03-30,23:00,04:00,Block suspended - VIP movement,No
DLI-JU,2026-03-31,23:00,04:00,No restriction,Yes
DLI-JU,2026-04-01,23:00,04:00,Max 1 block per night,Yes
DLI-JU,2026-04-02,23:00,04:00,"No block during peak hours 06:00-10:00,17:00-21:00",No
DLI-JU,2026-04-03,23:00,04:00,Block suspended - VIP movement,No
DLI-JU,2026-04-04,23:00,05:00,No restriction,No
DLI-JU,2026-04-05,23:00,05:00,No restriction,No
DLI-JU,2026-04-06,23:00,04:00,No restriction,Yes
DLI-JU,2026-04-07,23:00,04:00,No restriction,Yes
DLI-JU,2026-04-08,23:00,04:00,No restriction,No
DLI-JU,2026-04-09,23:00,04:00,No restriction,Yes
DLI-JU,2026-04-10,23:00,04:00,No restriction,Yes
DLI-JU,2026-04-11,23:00,05:00,Max 1 block per night,No
DLI-JU,2026-04-12,23:00,05:00,No restriction,No
DLI-JU,2026-04-13,23:00,04:00,No restriction,No
DLI-JU,2026-04-14,23:00,04:00,Single line working only,No
DLI-JU,2026-04-15,23:00,04:00,No restriction,Yes
DLI-JU,2026-04-16,23:00,04:00,"No block during peak hours 06:00-10:00,17:00-21:00",No
DLI-JU,2026-04-17,23:00,04:00,No restriction,No
DLI-JU,2026-04-18,23:00,05:00,Single line working only,Yes
DLI-JU,2026-04-19,23:00,05:00,Max 1 block per night,No
DLI-JU,2026-04-20,23:00,04:00,Max 1 block per night,Yes
DLI-JU,2026-04-21,23:00,04:00,No restriction,No
DLI-JU,2026-04-22,23:00,04:00,Single line working only,No
DLI-JU,2026-04-23,23:00,04:00,Single line working only,Yes
DLI-JU,2026-04-24,23:00,04:00,No restriction,No
DLI-JU,2026-04-25,23:00,05:00,No restriction,No
DLI-JU,2026-04-26,23:00,05:00,"No block during peak hours 06:00-10:00,17:00-21:00",No
DLI-JU,2026-04-27,23:00,04:00,No restriction,No
DLI-JU,2026-04-28,23:00,04:00,No restriction,No
DLI-JU,2026-04-29,23:00,04:00,Block suspended - VIP movement,Yes
DLI-JU,2026-04-30,23:00,04:00,No restriction,No
DLI-JU,2026-05-01,23:00,04:00,No restriction,Yes
DLI-JU,2026-05-02,23:00,05:00,"No block during peak hours 06:00-10:00,17:00-21:00",No
DLI-JU,2026-05-03,23:00,05:00,No restriction,Yes
DLI-JU,2026-05-04,23:00,04:00,Max 1 block per night,No
DLI-JU,2026-05-05,23:00,04:00,Block suspended - VIP movement,No
DLI-JU,2026-05-06,23:00,04:00,No restriction,Yes
DLI-JU,2026-05-07,23:00,04:00,No restriction,No
DLI-JU,2026-05-08,23:00,04:00,Block suspended - VIP movement,No
DLI-JU,2026-05-09,23:00,05:00,No restriction,No
DLI-JU,2026-05-10,23:00,05:00,"No block during peak hours 06:00-10:00,17:00-21:00",No
DLI-JU,2026-05-11,23:00,04:00,No restriction,No
DLI-JU,2026-05-12,23:00,04:00,No restriction,No
DLI-JU,2026-05-13,23:00,04:00,No restriction,Yes
DLI-JU,2026-05-14,23:00,04:00,Reduced window due to festival traffic,No
DLI-JU,2026-05-15,23:00,04:00,Block suspended - VIP movement,No
DLI-JU,2026-05-16,23:00,05:00,Block suspended - VIP movement,No
DLI-JU,2026-05-17,23:00,05:00,No restriction,No
DLI-JU,2026-05-18,23:00,04:00,No restriction,No
DLI-JU,2026-05-19,23:00,04:00,No restriction,No
DLI-JU,2026-05-20,23:00,04:00,"No block during peak hours 06:00-10:00,17:00-21:00",Yes
DLI-JU,2026-05-21,23:00,04:00,No restriction,No
DLI-JU,2026-05-22,23:00,04:00,Reduced window due to festival traffic,No
DLI-JU,2026-05-23,23:00,05:00,Single line working only,No
DLI-JU,2026-05-24,23:00,05:00,No restriction,No
DLI-JU,2026-05-25,23:00,04:00,"No block during peak hours 06:00-10:00,17:00-21:00",Yes
DLI-JU,2026-05-26,23:00,04:00,No restriction,No
DLI-JU,2026-05-27,23:00,04:00,No restriction,Yes
DLI-JU,2026-05-28,23:00,04:00,No restriction,Yes
DLI-JU,2026-05-29,23:00,04:00,Block suspended - VIP movement,No
DLI-JU,2026-05-30,23:00,05:00,No restriction,No
DLI-JU,2026-05-31,23:00,05:00,Single line working only,No
DLI-JU,2026-06-01,23:00,04:00,Reduced window due to festival traffic,No
DLI-JU,2026-06-02,23:00,04:00,Single line working only,Yes
DLI-JU,2026-06-03,23:00,04:00,No restriction,No
DLI-JU,2026-06-04,23:00,04:00,No restriction,Yes
DLI-JU,2026-06-05,23:00,04:00,Single line working only,No
DLI-JU,2026-06-06,23:00,05:00,No restriction,No
DLI-JU,2026-06-07,23:00,05:00,No restriction,No
DLI-JU,2026-06-08,23:00,04:00,No restriction,No
DLI-JU,2026-06-09,23:00,04:00,No restriction,No
DLI-JU,2026-06-10,23:00,04:00,No restriction,No
DLI-JU,2026-06-11,23:00,04:00,"No block during peak hours 06:00-10:00,17:00-21:00",No
DLI-JU,2026-06-12,23:00,04:00,Single line working only,No
DLI-JU,2026-06-13,23:00,05:00,No restriction,No
DLI-JU,2026-06-14,23:00,05:00,Max 1 block per night,No
DLI-JU,2026-06-15,23:00,04:00,No restriction,Yes
DLI-JU,2026-06-16,23:00,04:00,No restriction,Yes
DLI-JU,2026-06-17,23:00,04:00,No restriction,No
DLI-JU,2026-06-18,23:00,04:00,No restriction,No
DLI-JU,2026-06-19,23:00,04:00,Single line working only,No
DLI-JU,2026-06-20,23:00,05:00,No restriction,No
DLI-JU,2026-06-21,23:00,05:00,No restriction,No
DLI-JU,2026-06-22,23:00,04:00,No restriction,No
DLI-JU,2026-06-23,23:00,04:00,No restriction,Yes
DLI-JU,2026-06-24,23:00,04:00,Max 1 block per night,No
DLI-JU,2026-06-25,23:00,04:00,"No block during peak hours 06:00-10:00,17:00-21:00",Yes
DLI-JU,2026-06-26,23:00,04:00,"No block during peak hours 06:00-10:00,17:00-21:00",No
DLI-JU,2026-06-27,23:00,05:00,No restriction,Yes
DLI-JU,2026-06-28,23:00,05:00,"No block during peak hours 06:00-10:00,17:00-21:00",No
DLI-JU,2026-06-29,23:00,04:00,"No block during peak hours 06:00-10:00,17:00-21:00",No
DLI-JU,2026-06-30,23:00,04:00,No restriction,No
DLI-JU,2026-07-01,23:00,04:00,No restriction,No
DLI-JU,2026-07-02,23:00,04:00,"No block during peak hours 06:00-10:00,17:00-21:00",No
DLI-JU,2026-07-03,23:00,04:00,Single line working only,No
DLI-JU,2026-07-04,23:00,05:00,Block suspended - VIP movement,No
DLI-JU,2026-07-05,23:00,05:00,"No block during peak hours 06:00-10:00,17:00-21:00",No
DLI-JU,2026-07-06,23:00,04:00,No restriction,Yes
DLI-JU,2026-07-07,23:00,04:00,Single line working only,No
DLI-JU,2026-07-08,23:00,04:00,No restriction,No
DLI-JU,2026-07-09,23:00,04:00,No restriction,No
DLI-JU,2026-07-10,23:00,04:00,"No block during peak hours 06:00-10:00,17:00-21:00",Yes
DLI-JU,2026-07-11,23:00,05:00,No restriction,No
DLI-JU,2026-07-12,23:00,05:00,"No block during peak hours 06:00-10:00,17:00-21:00",No
DLI-JU,2026-07-13,23:00,04:00,Max 1 block per night,No
DLI-JU,2026-07-14,23:00,04:00,"No block during peak hours 06:00-10:00,17:00-21:00",No
DLI-JU,2026-07-15,23:00,04:00,No restriction,No
DLI-JU,2026-07-16,23:00,04:00,No restriction,Yes
DLI-JU,2026-07-17,23:00,04:00,Single line working only,No
DLI-JU,2026-07-18,23:00,05:00,Single line working only,No
DLI-JU,2026-07-19,23:00,05:00,Max 1 block per night,No
DLI-JU,2026-07-20,23:00,04:00,No restriction,Yes
DLI-JU,2026-07-21,23:00,04:00,Single line working only,No
DLI-JU,2026-07-22,23:00,04:00,Max 1 block per night,No
DLI-JU,2026-07-23,23:00,04:00,Reduced window due to festival traffic,Yes
DLI-JU,2026-07-24,23:00,04:00,Block suspended - VIP movement,No
DLI-JU,2026-07-25,23:00,05:00,No restriction,No
DLI-JU,2026-07-26,23:00,05:00,Max 1 block per night,No
DLI-JU,2026-07-27,23:00,04:00,Single line working only,No
DLI-JU,2026-07-28,23:00,04:00,No restriction,Yes
DLI-JU,2026-07-29,23:00,04:00,Reduced window due to festival traffic,Yes
DLI-JU,2026-07-30,23:00,04:00,No restriction,Yes
DLI-JU,2026-07-31,23:00,04:00,No restriction,No
DLI-JU,2026-08-01,23:00,05:00,Max 1 block per night,No
DLI-JU,2026-08-02,23:00,05:00,No restriction,Yes
DLI-JU,2026-08-03,23:00,04:00,No restriction,No
DLI-JU,2026-08-04,23:00,04:00,No restriction,No
DLI-JU,2026-08-05,23:00,04:00,"No block during peak hours 06:00-10:00,17:00-21:00",No
DLI-JU,2026-08-06,23:00,04:00,No restriction,Yes
DLI-JU,2026-08-07,23:00,04:00,No restriction,Yes
DLI-JU,2026-08-08,23:00,05:00,No restriction,Yes
DLI-JU,2026-08-09,23:00,05:00,Single line working only,Yes
DLI-JU,2026-08-10,23:00,04:00,No restriction,No
DLI-JU,2026-08-11,23:00,04:00,No restriction,Yes
DLI-JU,2026-08-12,23:00,04:00,No restriction,No
DLI-JU,2026-08-13,23:00,04:00,No restriction,No
DLI-JU,2026-08-14,23:00,04:00,No restriction,No
DLI-JU,2026-08-15,23:00,05:00,"No block during peak hours 06:00-10:00,17:00-21:00",Yes
DLI-JU,2026-08-16,23:00,05:00,"No block during peak hours 06:00-10:00,17:00-21:00",Yes
DLI-JU,2026-08-17,23:00,04:00,Single line working only,No
DLI-JU,2026-08-18,23:00,04:00,Reduced window due to festival traffic,Yes
DLI-JU,2026-08-19,23:00,04:00,No restriction,No
DLI-JU,2026-08-20,23:00,04:00,No restriction,No
DLI-JU,2026-08-21,23:00,04:00,Max 1 block per night,Yes
DLI-JU,2026-08-22,23:00,05:00,Single line working only,Yes
DLI-JU,2026-08-23,23:00,05:00,No restriction,No
DLI-JU,2026-08-24,23:00,04:00,No restriction,No
DLI-JU,2026-08-25,23:00,04:00,No restriction,No
DLI-JU,2026-08-26,23:00,04:00,Single line working only,No
DLI-JU,2026-08-27,23:00,04:00,No restriction,Yes
DLI-JU,2026-08-28,23:00,04:00,Single line working only,No
DLI-JU,2026-08-29,23:00,05:00,No restriction,No
DLI-JU,2026-08-30,23:00,05:00,No restriction,No
DLI-JU,2026-08-31,23:00,04:00,"No block during peak hours 06:00-10:00,17:00-21:00",Yes
DLI-JU,2026-09-01,23:00,04:00,"No block during peak hours 06:00-10:00,17:00-21:00",No
DLI-JU,2026-09-02,23:00,04:00,No restriction,Yes
DLI-JU,2026-09-03,23:00,04:00,Single line working only,No
DLI-JU,2026-09-04,23:00,04:00,No restriction,No
DLI-JU,2026-09-05,23:00,05:00,Max 1 block per night,No
DLI-JU,2026-09-06,23:00,05:00,"No block during peak hours 06:00-10:00,17:00-21:00",No
DLI-JU,2026-09-07,23:00,04:00,"No block during peak hours 06:00-10:00,17:00-21:00",Yes
DLI-JU,2026-09-08,23:00,04:00,No restriction,No
DLI-JU,2026-09-09,23:00,04:00,No restriction,No
DLI-JU,2026-09-10,23:00,04:00,No restriction,Yes
DLI-JU,2026-09-11,23:00,04:00,No restriction,No
DLI-JU,2026-09-12,23:00,05:00,"No block during peak hours 06:00-10:00,17:00-21:00",No
DLI-JU,2026-09-13,23:00,05:00,No restriction,No
DLI-JU,2026-09-14,23:00,04:00,No restriction,No
DLI-JU,2026-09-15,23:00,04:00,No restriction,Yes
DLI-JU,2026-09-16,23:00,04:00,"No block during peak hours 06:00-10:00,17:00-21:00",No
DLI-JU,2026-09-17,23:00,04:00,Max 1 block per night,No
DLI-JU,2026-09-18,23:00,04:00,No restriction,No
DLI-JU,2026-09-19,23:00,05:00,No restriction,No
DLI-JU,2026-09-20,23:00,05:00,"No block during peak hours 06:00-10:00,17:00-21:00",Yes
DLI-JU,2026-09-21,23:00,04:00,No restriction,No
DLI-JU,2026-09-22,23:00,04:00,Max 1 block per night,Yes
DLI-JU,2026-09-23,23:00,04:00,No restriction,No
DLI-JU,2026-09-24,23:00,04:00,"No block during peak hours 06:00-10:00,17:00-21:00",Yes
DLI-JU,2026-09-25,23:00,04:00,No restriction,No
DLI-JU,2026-09-26,23:00,05:00,No restriction,No
DLI-JU,2026-09-27,23:00,05:00,No restriction,Yes
DLI-JU,2026-09-28,23:00,04:00,Single line working only,No
DLI-JU,2026-09-29,23:00,04:00,Max 1 block per night,Yes
DLI-JU,2026-09-30,23:00,04:00,No restriction,Yes
DLI-JU,2026-10-01,23:00,04:00,Single line working only,No
DLI-JU,2026-10-02,23:00,04:00,No restriction,No
DLI-JU,2026-10-03,23:00,05:00,Single line working only,No
DLI-JU,2026-10-04,23:00,05:00,No restriction,Yes
DLI-JU,2026-10-05,23:00,04:00,No restriction,No
DLI-JU,2026-10-06,23:00,04:00,Single line working only,No
DLI-JU,2026-10-07,23:00,04:00,Single line working only,No
DLI-JU,2026-10-08,23:00,04:00,"No block during peak hours 06:00-10:00,17:00-21:00",No
DLI-JU,2026-10-09,23:00,04:00,No restriction,No
DLI-JU,2026-10-10,23:00,05:00,Single line working only,No
DLI-JU,2026-10-11,23:00,05:00,Single line working only,No
DLI-JU,2026-10-12,23:00,04:00,No restriction,No
DLI-JU,2026-10-13,23:00,04:00,No restriction,Yes
DLI-JU,2026-10-14,23:00,04:00,No restriction,No
DLI-JU,2026-10-15,23:00,04:00,No restriction,No
DLI-JU,2026-10-16,23:00,04:00,No restriction,Yes
DLI-JU,2026-10-17,23:00,05:00,Block suspended - VIP movement,No
DLI-JU,2026-10-18,23:00,05:00,Single line working only,Yes
DLI-JU,2026-10-19,23:00,04:00,No restriction,Yes
DLI-JU,2026-10-20,23:00,04:00,Single line working only,No
DLI-JU,2026-10-21,23:00,04:00,Single line working only,No
DLI-JU,2026-10-22,23:00,04:00,Max 1 block per night,No
DLI-JU,2026-10-23,23:00,04:00,"No block during peak hours 06:00-10:00,17:00-21:00",No
DLI-JU,2026-10-24,23:00,05:00,Max 1 block per night,No
DLI-JU,2026-10-25,23:00,05:00,No restriction,No
DLI-JU,2026-10-26,23:00,04:00,No restriction,No
DLI-JU,2026-10-27,23:00,04:00,No restriction,No
DLI-JU,2026-10-28,23:00,04:00,No restriction,No
DLI-JU,2026-10-29,23:00,04:00,No restriction,Yes
DLI-JU,2026-10-30,23:00,04:00,No restriction,No
DLI-JU,2026-10-31,23:00,05:00,Single line working only,No
DLI-JU,2026-11-01,23:00,05:00,No restriction,No
DLI-JU,2026-11-02,23:00,04:00,No restriction,No
DLI-JU,2026-11-03,23:00,04:00,No restriction,No
DLI-JU,2026-11-04,23:00,04:00,No restriction,No
DLI-JU,2026-11-05,23:00,04:00,"No block during peak hours 06:00-10:00,17:00-21:00",No
DLI-JU,2026-11-06,23:00,04:00,No restriction,No
DLI-JU,2026-11-07,23:00,05:00,"No block during peak hours 06:00-10:00,17:00-21:00",No
DLI-JU,2026-11-08,23:00,05:00,No restriction,No
DLI-JU,2026-11-09,23:00,04:00,No restriction,No
DLI-JU,2026-11-10,23:00,04:00,No restriction,Yes
DLI-JU,2026-11-11,23:00,04:00,"No block during peak hours 06:00-10:00,17:00-21:00",No
DLI-JU,2026-11-12,23:00,04:00,No restriction,Yes
DLI-JU,2026-11-13,23:00,04:00,No restriction,Yes
DLI-JU,2026-11-14,23:00,05:00,No restriction,Yes
DLI-JU,2026-11-15,23:00,05:00,No restriction,No
DLI-JU,2026-11-16,23:00,04:00,No restriction,No
DLI-JU,2026-11-17,23:00,04:00,No restriction,No
DLI-JU,2026-11-18,23:00,04:00,Reduced window due to festival traffic,Yes
DLI-JU,2026-11-19,23:00,04:00,Single line working only,No
DLI-JU,2026-11-20,23:00,04:00,No restriction,Yes
DLI-JU,2026-11-21,23:00,05:00,"No block during peak hours 06:00-10:00,17:00-21:00",Yes
DLI-JU,2026-11-22,23:00,05:00,No restriction,No
DLI-JU,2026-11-23,23:00,04:00,No restriction,No
DLI-JU,2026-11-24,23:00,04:00,No restriction,No
DLI-JU,2026-11-25,23:00,04:00,"No block during peak hours 06:00-10:00,17:00-21:00",No
DLI-JU,2026-11-26,23:00,04:00,No restriction,No
DLI-JU,2026-11-27,23:00,04:00,Max 1 block per night,No
DLI-JU,2026-11-28,23:00,05:00,"No block during peak hours 06:00-10:00,17:00-21:00",No
DLI-JU,2026-11-29,23:00,05:00,Max 1 block per night,No
DLI-JU,2026-11-30,23:00,04:00,No restriction,No
DLI-JU,2026-12-01,23:00,04:00,No restriction,Yes
DLI-JU,2026-12-02,23:00,04:00,Single line working only,No
DLI-JU,2026-12-03,23:00,04:00,Single line working only,Yes
DLI-JU,2026-12-04,23:00,04:00,No restriction,No
DLI-JU,2026-12-05,23:00,05:00,No restriction,Yes
DLI-JU,2026-12-06,23:00,05:00,No restriction,Yes
DLI-JU,2026-12-07,23:00,04:00,Reduced window due to festival traffic,Yes
DLI-JU,2026-12-08,23:00,04:00,No restriction,No
DLI-JU,2026-12-09,23:00,04:00,No restriction,No
DLI-JU,2026-12-10,23:00,04:00,No restriction,No
DLI-JU,2026-12-11,23:00,04:00,No restriction,Yes
DLI-JU,2026-12-12,23:00,05:00,"No block during peak hours 06:00-10:00,17:00-21:00",Yes
DLI-JU,2026-12-13,23:00,05:00,No restriction,Yes
DLI-JU,2026-12-14,23:00,04:00,Single line working only,No
DLI-JU,2026-12-15,23:00,04:00,Reduced window due to festival traffic,No
DLI-JU,2026-12-16,23:00,04:00,No restriction,Yes
DLI-JU,2026-12-17,23:00,04:00,Max 1 block per night,No
DLI-JU,2026-12-18,23:00,04:00,No restriction,No
DLI-JU,2026-12-19,23:00,05:00,No restriction,No
DLI-JU,2026-12-20,23:00,05:00,Single line working only,No
DLI-JU,2026-12-21,23:00,04:00,Single line working only,Yes
DLI-JU,2026-12-22,23:00,04:00,No restriction,No
DLI-JU,2026-12-23,23:00,04:00,No restriction,No
DLI-JU,2026-12-24,23:00,04:00,"No block during peak hours 06:00-10:00,17:00-21:00",No
DLI-JU,2026-12-25,23:00,04:00,Single line working only,Yes
DLI-JU,2026-12-26,23:00,05:00,No restriction,Yes
DLI-JU,2026-12-27,23:00,05:00,No restriction,Yes
DLI-JU,2026-12-28,23:00,04:00,No restriction,No
DLI-JU,2026-12-29,23:00,04:00,No restriction,Yes
DLI-JU,2026-12-30,23:00,04:00,No restriction,Yes
DLI-JU,2026-12-31,23:00,04:00,No restriction,No
JU-JP,2026-01-01,23:00,04:00,No restriction,Yes
JU-JP,2026-01-02,23:00,04:00,"No block during peak hours 06:00-10:00,17:00-21:00",Yes
JU-JP,2026-01-03,23:00,05:00,No restriction,No
JU-JP,2026-01-04,23:00,05:00,Single line working only,No
JU-JP,2026-01-05,23:00,04:00,No restriction,No
JU-JP,2026-01-06,23:00,04:00,Max 1 block per night,No
JU-JP,2026-01-07,23:00,04:00,No restriction,No
JU-JP,2026-01-08,23:00,04:00,Single line working only,Yes
JU-JP,2026-01-09,23:00,04:00,No restriction,Yes
JU-JP,2026-01-10,23:00,05:00,Max 1 block per night,No
JU-JP,2026-01-11,23:00,05:00,No restriction,No
JU-JP,2026-01-12,23:00,04:00,No restriction,No
JU-JP,2026-01-13,23:00,04:00,No restriction,No
JU-JP,2026-01-14,23:00,04:00,No restriction,No
JU-JP,2026-01-15,23:00,04:00,No restriction,No
JU-JP,2026-01-16,23:00,04:00,No restriction,No
JU-JP,2026-01-17,23:00,05:00,Max 1 block per night,Yes
JU-JP,2026-01-18,23:00,05:00,Block suspended - VIP movement,No
JU-JP,2026-01-19,23:00,04:00,Block suspended - VIP movement,No
JU-JP,2026-01-20,23:00,04:00,Single line working only,No
JU-JP,2026-01-21,23:00,04:00,Single line working only,No
JU-JP,2026-01-22,23:00,04:00,Max 1 block per night,No
JU-JP,2026-01-23,23:00,04:00,"No block during peak hours 06:00-10:00,17:00-21:00",Yes
JU-JP,2026-01-24,23:00,05:00,No restriction,Yes
JU-JP,2026-01-25,23:00,05:00,No restriction,No
JU-JP,2026-01-26,23:00,04:00,No restriction,No
JU-JP,2026-01-27,23:00,04:00,No restriction,Yes
JU-JP,2026-01-28,23:00,04:00,Max 1 block per night,Yes
JU-JP,2026-01-29,23:00,04:00,No restriction,No
JU-JP,2026-01-30,23:00,04:00,No restriction,Yes
JU-JP,2026-01-31,23:00,05:00,Max 1 block per night,No
JU-JP,2026-02-01,23:00,05:00,No restriction,No
JU-JP,2026-02-02,23:00,04:00,Reduced window due to festival traffic,Yes
JU-JP,2026-02-03,23:00,04:00,"No block during peak hours 06:00-10:00,17:00-21:00",No
JU-JP,2026-02-04,23:00,04:00,Single line working only,No
JU-JP,2026-02-05,23:00,04:00,Max 1 block per night,No
JU-JP,2026-02-06,23:00,04:00,"No block during peak hours 06:00-10:00,17:00-21:00",Yes
JU-JP,2026-02-07,23:00,05:00,No restriction,No
JU-JP,2026-02-08,23:00,05:00,"No block during peak hours 06:00-10:00,17:00-21:00",No
JU-JP,2026-02-09,23:00,04:00,No restriction,No
JU-JP,2026-02-10,23:00,04:00,No restriction,No
JU-JP,2026-02-11,23:00,04:00,No restriction,No
JU-JP,2026-02-12,23:00,04:00,"No block during peak hours 06:00-10:00,17:00-21:00",No
JU-JP,2026-02-13,23:00,04:00,Single line working only,No
JU-JP,2026-02-14,23:00,05:00,No restriction,No
JU-JP,2026-02-15,23:00,05:00,No restriction,Yes
JU-JP,2026-02-16,23:00,04:00,Single line working only,No
JU-JP,2026-02-17,23:00,04:00,No restriction,No
JU-JP,2026-02-18,23:00,04:00,Single line working only,No
JU-JP,2026-02-19,23:00,04:00,No restriction,Yes
JU-JP,2026-02-20,23:00,04:00,"No block during peak hours 06:00-10:00,17:00-21:00",No
JU-JP,2026-02-21,23:00,05:00,Block suspended - VIP movement,No
JU-JP,2026-02-22,23:00,05:00,No restriction,No
JU-JP,2026-02-23,23:00,04:00,No restriction,No
JU-JP,2026-02-24,23:00,04:00,Max 1 block per night,No
JU-JP,2026-02-25,23:00,04:00,No restriction,No
JU-JP,2026-02-26,23:00,04:00,No restriction,No
JU-JP,2026-02-27,23:00,04:00,No restriction,No
JU-JP,2026-02-28,23:00,05:00,No restriction,No
JU-JP,2026-03-01,23:00,05:00,No restriction,Yes
JU-JP,2026-03-02,23:00,04:00,Block suspended - VIP movement,No
JU-JP,2026-03-03,23:00,04:00,No restriction,No
JU-JP,2026-03-04,23:00,04:00,No restriction,No
JU-JP,2026-03-05,23:00,04:00,Max 1 block per night,No
JU-JP,2026-03-06,23:00,04:00,No restriction,Yes
JU-JP,2026-03-07,23:00,05:00,Reduced window due to festival traffic,No
JU-JP,2026-03-08,23:00,05:00,No restriction,No
JU-JP,2026-03-09,23:00,04:00,No restriction,Yes
JU-JP,2026-03-10,23:00,04:00,No restriction,Yes
JU-JP,2026-03-11,23:00,04:00,Single line working only,No
JU-JP,2026-03-12,23:00,04:00,No restriction,No
JU-JP,2026-03-13,23:00,04:00,No restriction,No
JU-JP,2026-03-14,23:00,05:00,No restriction,Yes
JU-JP,2026-03-15,23:00,05:00,Max 1 block per night,Yes
JU-JP,2026-03-16,23:00,04:00,No restriction,Yes
JU-JP,2026-03-17,23:00,04:00,No restriction,Yes
JU-JP,2026-03-18,23:00,04:00,Max 1 block per night,Yes
JU-JP,2026-03-19,23:00,04:00,No restriction,No
JU-JP,2026-03-20,23:00,04:00,No restriction,No
JU-JP,2026-03-21,23:00,05:00,No restriction,No
JU-JP,2026-03-22,23:00,05:00,No restriction,Yes
JU-JP,2026-03-23,23:00,04:00,No restriction,No
JU-JP,2026-03-24,23:00,04:00,Single line working only,Yes
JU-JP,2026-03-25,23:00,04:00,"No block during peak hours 06:00-10:00,17:00-21:00",No
JU-JP,2026-03-26,23:00,04:00,Max 1 block per night,No
JU-JP,2026-03-27,23:00,04:00,Single line working only,No
JU-JP,2026-03-28,23:00,05:00,No restriction,No
JU-JP,2026-03-29,23:00,05:00,Block suspended - VIP movement,No
JU-JP,2026-03-30,23:00,04:00,Block suspended - VIP movement,Yes
JU-JP,2026-03-31,23:00,04:00,No restriction,No
JU-JP,2026-04-01,23:00,04:00,Block suspended - VIP movement,No
JU-JP,2026-04-02,23:00,04:00,No restriction,Yes
JU-JP,2026-04-03,23:00,04:00,"No block during peak hours 06:00-10:00,17:00-21:00",No
JU-JP,2026-04-04,23:00,05:00,No restriction,No
JU-JP,2026-04-05,23:00,05:00,Single line working only,No
JU-JP,2026-04-06,23:00,04:00,No restriction,No
JU-JP,2026-04-07,23:00,04:00,No restriction,No
JU-JP,2026-04-08,23:00,04:00,No restriction,Yes
JU-JP,2026-04-09,23:00,04:00,"No block during peak hours 06:00-10:00,17:00-21:00",No
JU-JP,2026-04-10,23:00,04:00,No restriction,Yes
JU-JP,2026-04-11,23:00,05:00,No restriction,No
JU-JP,2026-04-12,23:00,05:00,"No block during peak hours 06:00-10:00,17:00-21:00",No
JU-JP,2026-04-13,23:00,04:00,Single line working only,No
JU-JP,2026-04-14,23:00,04:00,"No block during peak hours 06:00-10:00,17:00-21:00",Yes
JU-JP,2026-04-15,23:00,04:00,No restriction,No
JU-JP,2026-04-16,23:00,04:00,Single line working only,No
JU-JP,2026-04-17,23:00,04:00,No restriction,Yes
JU-JP,2026-04-18,23:00,05:00,No restriction,No
JU-JP,2026-04-19,23:00,05:00,Reduced window due to festival traffic,No
JU-JP,2026-04-20,23:00,04:00,No restriction,Yes
JU-JP,2026-04-21,23:00,04:00,No restriction,No
JU-JP,2026-04-22,23:00,04:00,"No block during peak hours 06:00-10:00,17:00-21:00",No
JU-JP,2026-04-23,23:00,04:00,Single line working only,No
JU-JP,2026-04-24,23:00,04:00,"No block during peak hours 06:00-10:00,17:00-21:00",No
JU-JP,2026-04-25,23:00,05:00,Single line working only,Yes
JU-JP,2026-04-26,23:00,05:00,No restriction,No
JU-JP,2026-04-27,23:00,04:00,No restriction,No
JU-JP,2026-04-28,23:00,04:00,No restriction,No
JU-JP,2026-04-29,23:00,04:00,No restriction,Yes
JU-JP,2026-04-30,23:00,04:00,No restriction,Yes
JU-JP,2026-05-01,23:00,04:00,No restriction,No
JU-JP,2026-05-02,23:00,05:00,No restriction,No
JU-JP,2026-05-03,23:00,05:00,No restriction,No
JU-JP,2026-05-04,23:00,04:00,No restriction,No
JU-JP,2026-05-05,23:00,04:00,No restriction,Yes
JU-JP,2026-05-06,23:00,04:00,No restriction,No
JU-JP,2026-05-07,23:00,04:00,"No block during peak hours 06:00-10:00,17:00-21:00",No
JU-JP,2026-05-08,23:00,04:00,Block suspended - VIP movement,Yes
JU-JP,2026-05-09,23:00,05:00,Single line working only,Yes
JU-JP,2026-05-10,23:00,05:00,Single line working only,No
JU-JP,2026-05-11,23:00,04:00,Max 1 block per night,Yes
JU-JP,2026-05-12,23:00,04:00,"No block during peak hours 06:00-10:00,17:00-21:00",No
JU-JP,2026-05-13,23:00,04:00,No restriction,Yes
JU-JP,2026-05-14,23:00,04:00,No restriction,Yes
JU-JP,2026-05-15,23:00,04:00,Max 1 block per night,No
JU-JP,2026-05-16,23:00,05:00,No restriction,Yes
JU-JP,2026-05-17,23:00,05:00,No restriction,No
JU-JP,2026-05-18,23:00,04:00,No restriction,No
JU-JP,2026-05-19,23:00,04:00,Max 1 block per night,No
JU-JP,2026-05-20,23:00,04:00,No restriction,No
JU-JP,2026-05-21,23:00,04:00,No restriction,Yes
JU-JP,2026-05-22,23:00,04:00,"No block during peak hours 06:00-10:00,17:00-21:00",No
JU-JP,2026-05-23,23:00,05:00,Single line working only,No
JU-JP,2026-05-24,23:00,05:00,No restriction,No
JU-JP,2026-05-25,23:00,04:00,Single line working only,Yes
JU-JP,2026-05-26,23:00,04:00,No restriction,No
JU-JP,2026-05-27,23:00,04:00,No restriction,No
JU-JP,2026-05-28,23:00,04:00,Block suspended - VIP movement,No
JU-JP,2026-05-29,23:00,04:00,No restriction,Yes
JU-JP,2026-05-30,23:00,05:00,Max 1 block per night,No
JU-JP,2026-05-31,23:00,05:00,Single line working only,No
JU-JP,2026-06-01,23:00,04:00,No restriction,No
JU-JP,2026-06-02,23:00,04:00,No restriction,No
JU-JP,2026-06-03,23:00,04:00,Single line working only,Yes
JU-JP,2026-06-04,23:00,04:00,No restriction,No
JU-JP,2026-06-05,23:00,04:00,Max 1 block per night,No
JU-JP,2026-06-06,23:00,05:00,"No block during peak hours 06:00-10:00,17:00-21:00",Yes
JU-JP,2026-06-07,23:00,05:00,No restriction,Yes
JU-JP,2026-06-08,23:00,04:00,Single line working only,No
JU-JP,2026-06-09,23:00,04:00,No restriction,No
JU-JP,2026-06-10,23:00,04:00,No restriction,Yes
JU-JP,2026-06-11,23:00,04:00,No restriction,Yes
JU-JP,2026-06-12,23:00,04:00,No restriction,Yes
JU-JP,2026-06-13,23:00,05:00,No restriction,Yes
JU-JP,2026-06-14,23:00,05:00,No restriction,Yes
JU-JP,2026-06-15,23:00,04:00,"No block during peak hours 06:00-10:00,17:00-21:00",No
JU-JP,2026-06-16,23:00,04:00,Single line working only,No
JU-JP,2026-06-17,23:00,04:00,Single line working only,No
JU-JP,2026-06-18,23:00,04:00,No restriction,No
JU-JP,2026-06-19,23:00,04:00,Reduced window due to festival traffic,No
JU-JP,2026-06-20,23:00,05:00,No restriction,No
JU-JP,2026-06-21,23:00,05:00,No restriction,Yes
JU-JP,2026-06-22,23:00,04:00,No restriction,No
JU-JP,2026-06-23,23:00,04:00,Max 1 block per night,No
JU-JP,2026-06-24,23:00,04:00,Max 1 block per night,No
JU-JP,2026-06-25,23:00,04:00,Single line working only,No
JU-JP,2026-06-26,23:00,04:00,Single line working only,No
JU-JP,2026-06-27,23:00,05:00,No restriction,Yes
JU-JP,2026-06-28,23:00,05:00,"No block during peak hours 06:00-10:00,17:00-21:00",Yes
JU-JP,2026-06-29,23:00,04:00,No restriction,Yes
JU-JP,2026-06-30,23:00,04:00,No restriction,No
JU-JP,2026-07-01,23:00,04:00,No restriction,No
JU-JP,2026-07-02,23:00,04:00,"No block during peak hours 06:00-10:00,17:00-21:00",Yes
JU-JP,2026-07-03,23:00,04:00,"No block during peak hours 06:00-10:00,17:00-21:00",No
JU-JP,2026-07-04,23:00,05:00,No restriction,No
JU-JP,2026-07-05,23:00,05:00,No restriction,No
JU-JP,2026-07-06,23:00,04:00,No restriction,No
JU-JP,2026-07-07,23:00,04:00,No restriction,No
JU-JP,2026-07-08,23:00,04:00,Block suspended - VIP movement,No
JU-JP,2026-07-09,23:00,04:00,No restriction,No
JU-JP,2026-07-10,23:00,04:00,No restriction,Yes
JU-JP,2026-07-11,23:00,05:00,No restriction,No
JU-JP,2026-07-12,23:00,05:00,"No block during peak hours 06:00-10:00,17:00-21:00",Yes
JU-JP,2026-07-13,23:00,04:00,No restriction,No
JU-JP,2026-07-14,23:00,04:00,"No block during peak hours 06:00-10:00,17:00-21:00",Yes
JU-JP,2026-07-15,23:00,04:00,"No block during peak hours 06:00-10:00,17:00-21:00",No
JU-JP,2026-07-16,23:00,04:00,Max 1 block per night,Yes
JU-JP,2026-07-17,23:00,04:00,No restriction,No
JU-JP,2026-07-18,23:00,05:00,No restriction,No
JU-JP,2026-07-19,23:00,05:00,Single line working only,Yes
JU-JP,2026-07-20,23:00,04:00,No restriction,No
JU-JP,2026-07-21,23:00,04:00,"No block during peak hours 06:00-10:00,17:00-21:00",No
JU-JP,2026-07-22,23:00,04:00,No restriction,No
JU-JP,2026-07-23,23:00,04:00,No restriction,Yes
JU-JP,2026-07-24,23:00,04:00,No restriction,No
JU-JP,2026-07-25,23:00,05:00,Max 1 block per night,No
JU-JP,2026-07-26,23:00,05:00,No restriction,No
JU-JP,2026-07-27,23:00,04:00,No restriction,No
JU-JP,2026-07-28,23:00,04:00,No restriction,Yes
JU-JP,2026-07-29,23:00,04:00,Block suspended - VIP movement,No
JU-JP,2026-07-30,23:00,04:00,Block suspended - VIP movement,No
JU-JP,2026-07-31,23:00,04:00,Block suspended - VIP movement,No
JU-JP,2026-08-01,23:00,05:00,"No block during peak hours 06:00-10:00,17:00-21:00",No
JU-JP,2026-08-02,23:00,05:00,Single line working only,Yes
JU-JP,2026-08-03,23:00,04:00,No restriction,No
JU-JP,2026-08-04,23:00,04:00,Single line working only,No
JU-JP,2026-08-05,23:00,04:00,"No block during peak hours 06:00-10:00,17:00-21:00",No
JU-JP,2026-08-06,23:00,04:00,No restriction,Yes
JU-JP,2026-08-07,23:00,04:00,No restriction,No
JU-JP,2026-08-08,23:00,05:00,No restriction,Yes
JU-JP,2026-08-09,23:00,05:00,No restriction,Yes
JU-JP,2026-08-10,23:00,04:00,No restriction,Yes
JU-JP,2026-08-11,23:00,04:00,Reduced window due to festival traffic,No
JU-JP,2026-08-12,23:00,04:00,No restriction,Yes
JU-JP,2026-08-13,23:00,04:00,No restriction,No
JU-JP,2026-08-14,23:00,04:00,Block suspended - VIP movement,No
JU-JP,2026-08-15,23:00,05:00,Single line working only,No
JU-JP,2026-08-16,23:00,05:00,Reduced window due to festival traffic,Yes
JU-JP,2026-08-17,23:00,04:00,No restriction,No
JU-JP,2026-08-18,23:00,04:00,Single line working only,No
JU-JP,2026-08-19,23:00,04:00,Max 1 block per night,Yes
JU-JP,2026-08-20,23:00,04:00,No restriction,No
JU-JP,2026-08-21,23:00,04:00,No restriction,No
JU-JP,2026-08-22,23:00,05:00,Single line working only,No
JU-JP,2026-08-23,23:00,05:00,No restriction,No
JU-JP,2026-08-24,23:00,04:00,Single line working only,Yes
JU-JP,2026-08-25,23:00,04:00,Single line working only,No
JU-JP,2026-08-26,23:00,04:00,No restriction,Yes
JU-JP,2026-08-27,23:00,04:00,No restriction,No
JU-JP,2026-08-28,23:00,04:00,Single line working only,No
JU-JP,2026-08-29,23:00,05:00,Max 1 block per night,Yes
JU-JP,2026-08-30,23:00,05:00,Single line working only,No
JU-JP,2026-08-31,23:00,04:00,Single line working only,No
JU-JP,2026-09-01,23:00,04:00,No restriction,No
JU-JP,2026-09-02,23:00,04:00,"No block during peak hours 06:00-10:00,17:00-21:00",No
JU-JP,2026-09-03,23:00,04:00,"No block during peak hours 06:00-10:00,17:00-21:00",No
JU-JP,2026-09-04,23:00,04:00,Single line working only,Yes
JU-JP,2026-09-05,23:00,05:00,"No block during peak hours 06:00-10:00,17:00-21:00",No
JU-JP,2026-09-06,23:00,05:00,Reduced window due to festival traffic,No
JU-JP,2026-09-07,23:00,04:00,Max 1 block per night,No
JU-JP,2026-09-08,23:00,04:00,No restriction,No
JU-JP,2026-09-09,23:00,04:00,No restriction,No
JU-JP,2026-09-10,23:00,04:00,"No block during peak hours 06:00-10:00,17:00-21:00",No
JU-JP,2026-09-11,23:00,04:00,No restriction,No
JU-JP,2026-09-12,23:00,05:00,No restriction,No
JU-JP,2026-09-13,23:00,05:00,Reduced window due to festival traffic,Yes
JU-JP,2026-09-14,23:00,04:00,No restriction,No
JU-JP,2026-09-15,23:00,04:00,No restriction,No
JU-JP,2026-09-16,23:00,04:00,Single line working only,No
JU-JP,2026-09-17,23:00,04:00,Single line working only,Yes
JU-JP,2026-09-18,23:00,04:00,Single line working only,No
JU-JP,2026-09-19,23:00,05:00,"No block during peak hours 06:00-10:00,17:00-21:00",No
JU-JP,2026-09-20,23:00,05:00,"No block during peak hours 06:00-10:00,17:00-21:00",No
JU-JP,2026-09-21,23:00,04:00,"No block during peak hours 06:00-10:00,17:00-21:00",No
JU-JP,2026-09-22,23:00,04:00,Single line working only,Yes
JU-JP,2026-09-23,23:00,04:00,No restriction,No
JU-JP,2026-09-24,23:00,04:00,No restriction,No
JU-JP,2026-09-25,23:00,04:00,No restriction,No
JU-JP,2026-09-26,23:00,05:00,Block suspended - VIP movement,No
JU-JP,2026-09-27,23:00,05:00,"No block during peak hours 06:00-10:00,17:00-21:00",No
JU-JP,2026-09-28,23:00,04:00,No restriction,No
JU-JP,2026-09-29,23:00,04:00,No restriction,Yes
JU-JP,2026-09-30,23:00,04:00,Max 1 block per night,No
JU-JP,2026-10-01,23:00,04:00,Single line working only,No
JU-JP,2026-10-02,23:00,04:00,"No block during peak hours 06:00-10:00,17:00-21:00",Yes
JU-JP,2026-10-03,23:00,05:00,Block suspended - VIP movement,No
JU-JP,2026-10-04,23:00,05:00,No restriction,No
JU-JP,2026-10-05,23:00,04:00,"No block during peak hours 06:00-10:00,17:00-21:00",No
JU-JP,2026-10-06,23:00,04:00,No restriction,No
JU-JP,2026-10-07,23:00,04:00,No restriction,Yes
JU-JP,2026-10-08,23:00,04:00,No restriction,Yes
JU-JP,2026-10-09,23:00,04:00,No restriction,Yes
JU-JP,2026-10-10,23:00,05:00,No restriction,No
JU-JP,2026-10-11,23:00,05:00,"No block during peak hours 06:00-10:00,17:00-21:00",No
JU-JP,2026-10-12,23:00,04:00,No restriction,Yes
JU-JP,2026-10-13,23:00,04:00,No restriction,No
JU-JP,2026-10-14,23:00,04:00,No restriction,Yes
JU-JP,2026-10-15,23:00,04:00,No restriction,No
JU-JP,2026-10-16,23:00,04:00,Single line working only,No
JU-JP,2026-10-17,23:00,05:00,No restriction,Yes
JU-JP,2026-10-18,23:00,05:00,No restriction,Yes
JU-JP,2026-10-19,23:00,04:00,No restriction,No
JU-JP,2026-10-20,23:00,04:00,Single line working only,No
JU-JP,2026-10-21,23:00,04:00,No restriction,Yes
JU-JP,2026-10-22,23:00,04:00,No restriction,Yes
JU-JP,2026-10-23,23:00,04:00,No restriction,No
JU-JP,2026-10-24,23:00,05:00,Single line working only,Yes
JU-JP,2026-10-25,23:00,05:00,Block suspended - VIP movement,No
JU-JP,2026-10-26,23:00,04:00,"No block during peak hours 06:00-10:00,17:00-21:00",Yes
JU-JP,2026-10-27,23:00,04:00,Single line working only,Yes
JU-JP,2026-10-28,23:00,04:00,No restriction,No
JU-JP,2026-10-29,23:00,04:00,Max 1 block per night,No
JU-JP,2026-10-30,23:00,04:00,No restriction,Yes
JU-JP,2026-10-31,23:00,05:00,"No block during peak hours 06:00-10:00,17:00-21:00",Yes
JU-JP,2026-11-01,23:00,05:00,Max 1 block per night,No
JU-JP,2026-11-02,23:00,04:00,"No block during peak hours 06:00-10:00,17:00-21:00",No
JU-JP,2026-11-03,23:00,04:00,Reduced window due to festival traffic,Yes
JU-JP,2026-11-04,23:00,04:00,No restriction,No
JU-JP,2026-11-05,23:00,04:00,Single line working only,Yes
JU-JP,2026-11-06,23:00,04:00,No restriction,Yes
JU-JP,2026-11-07,23:00,05:00,No restriction,No
JU-JP,2026-11-08,23:00,05:00,No restriction,Yes
JU-JP,2026-11-09,23:00,04:00,No restriction,No
JU-JP,2026-11-10,23:00,04:00,Block suspended - VIP movement,No
JU-JP,2026-11-11,23:00,04:00,No restriction,No
JU-JP,2026-11-12,23:00,04:00,"No block during peak hours 06:00-10:00,17:00-21:00",No
JU-JP,2026-11-13,23:00,04:00,Max 1 block per night,No
JU-JP,2026-11-14,23:00,05:00,Max 1 block per night,No
JU-JP,2026-11-15,23:00,05:00,No restriction,No
JU-JP,2026-11-16,23:00,04:00,Single line working only,No
JU-JP,2026-11-17,23:00,04:00,Reduced window due to festival traffic,No
JU-JP,2026-11-18,23:00,04:00,No restriction,Yes
JU-JP,2026-11-19,23:00,04:00,Max 1 block per night,No
JU-JP,2026-11-20,23:00,04:00,No restriction,No
JU-JP,2026-11-21,23:00,05:00,No restriction,No
JU-JP,2026-11-22,23:00,05:00,Single line working only,No
JU-JP,2026-11-23,23:00,04:00,"No block during peak hours 06:00-10:00,17:00-21:00",Yes
JU-JP,2026-11-24,23:00,04:00,Single line working only,Yes
JU-JP,2026-11-25,23:00,04:00,"No block during peak hours 06:00-10:00,17:00-21:00",No
JU-JP,2026-11-26,23:00,04:00,No restriction,No
JU-JP,2026-11-27,23:00,04:00,"No block during peak hours 06:00-10:00,17:00-21:00",No
JU-JP,2026-11-28,23:00,05:00,No restriction,No
JU-JP,2026-11-29,23:00,05:00,No restriction,No
JU-JP,2026-11-30,23:00,04:00,No restriction,No
JU-JP,2026-12-01,23:00,04:00,Block suspended - VIP movement,No
JU-JP,2026-12-02,23:00,04:00,No restriction,No
JU-JP,2026-12-03,23:00,04:00,Single line working only,No
JU-JP,2026-12-04,23:00,04:00,Single line working only,No
JU-JP,2026-12-05,23:00,05:00,No restriction,Yes
JU-JP,2026-12-06,23:00,05:00,No restriction,No
JU-JP,2026-12-07,23:00,04:00,No restriction,No
JU-JP,2026-12-08,23:00,04:00,No restriction,No
JU-JP,2026-12-09,23:00,04:00,"No block during peak hours 06:00-10:00,17:00-21:00",No
JU-JP,2026-12-10,23:00,04:00,No restriction,No
JU-JP,2026-12-11,23:00,04:00,Single line working only,No
JU-JP,2026-12-12,23:00,05:00,No restriction,No
JU-JP,2026-12-13,23:00,05:00,Reduced window due to festival traffic,No
JU-JP,2026-12-14,23:00,04:00,No restriction,No
JU-JP,2026-12-15,23:00,04:00,No restriction,Yes
JU-JP,2026-12-16,23:00,04:00,No restriction,No
JU-JP,2026-12-17,23:00,04:00,Single line working only,Yes
JU-JP,2026-12-18,23:00,04:00,"No block during peak hours 06:00-10:00,17:00-21:00",Yes
JU-JP,2026-12-19,23:00,05:00,Single line working only,No
JU-JP,2026-12-20,23:00,05:00,No restriction,No
JU-JP,2026-12-21,23:00,04:00,No restriction,No
JU-JP,2026-12-22,23:00,04:00,No restriction,Yes
JU-JP,2026-12-23,23:00,04:00,No restriction,No
JU-JP,2026-12-24,23:00,04:00,Block suspended - VIP movement,No
JU-JP,2026-12-25,23:00,04:00,Reduced window due to festival traffic,Yes
JU-JP,2026-12-26,23:00,05:00,No restriction,No
JU-JP,2026-12-27,23:00,05:00,No restriction,No
JU-JP,2026-12-28,23:00,04:00,No restriction,Yes
JU-JP,2026-12-29,23:00,04:00,No restriction,No
JU-JP,2026-12-30,23:00,04:00,No restriction,No
JU-JP,2026-12-31,23:00,04:00,Block suspended - VIP movement,No
JP-ADI,2026-01-01,23:00,04:00,Reduced window due to festival traffic,No
JP-ADI,2026-01-02,23:00,04:00,Single line working only,No
JP-ADI,2026-01-03,23:00,05:00,No restriction,No
JP-ADI,2026-01-04,23:00,05:00,Single line working only,No
JP-ADI,2026-01-05,23:00,04:00,"No block during peak hours 06:00-10:00,17:00-21:00",No
JP-ADI,2026-01-06,23:00,04:00,"No block during peak hours 06:00-10:00,17:00-21:00",Yes
JP-ADI,2026-01-07,23:00,04:00,No restriction,No
JP-ADI,2026-01-08,23:00,04:00,No restriction,No
JP-ADI,2026-01-09,23:00,04:00,No restriction,Yes
JP-ADI,2026-01-10,23:00,05:00,No restriction,No
JP-ADI,2026-01-11,23:00,05:00,No restriction,No
JP-ADI,2026-01-12,23:00,04:00,No restriction,Yes
JP-ADI,2026-01-13,23:00,04:00,No restriction,No
JP-ADI,2026-01-14,23:00,04:00,Single line working only,No
JP-ADI,2026-01-15,23:00,04:00,No restriction,Yes
JP-ADI,2026-01-16,23:00,04:00,Single line working only,No
JP-ADI,2026-01-17,23:00,05:00,"No block during peak hours 06:00-10:00,17:00-21:00",No
JP-ADI,2026-01-18,23:00,05:00,"No block during peak hours 06:00-10:00,17:00-21:00",No
JP-ADI,2026-01-19,23:00,04:00,No restriction,No
JP-ADI,2026-01-20,23:00,04:00,"No block during peak hours 06:00-10:00,17:00-21:00",No
JP-ADI,2026-01-21,23:00,04:00,No restriction,No
JP-ADI,2026-01-22,23:00,04:00,No restriction,Yes
JP-ADI,2026-01-23,23:00,04:00,"No block during peak hours 06:00-10:00,17:00-21:00",No
JP-ADI,2026-01-24,23:00,05:00,"No block during peak hours 06:00-10:00,17:00-21:00",Yes
JP-ADI,2026-01-25,23:00,05:00,No restriction,No
JP-ADI,2026-01-26,23:00,04:00,Reduced window due to festival traffic,Yes
JP-ADI,2026-01-27,23:00,04:00,Max 1 block per night,Yes
JP-ADI,2026-01-28,23:00,04:00,Single line working only,No
JP-ADI,2026-01-29,23:00,04:00,Single line working only,No
JP-ADI,2026-01-30,23:00,04:00,No restriction,Yes
JP-ADI,2026-01-31,23:00,05:00,No restriction,No
JP-ADI,2026-02-01,23:00,05:00,"No block during peak hours 06:00-10:00,17:00-21:00",Yes
JP-ADI,2026-02-02,23:00,04:00,Max 1 block per night,No
JP-ADI,2026-02-03,23:00,04:00,"No block during peak hours 06:00-10:00,17:00-21:00",No
JP-ADI,2026-02-04,23:00,04:00,No restriction,No
JP-ADI,2026-02-05,23:00,04:00,"No block during peak hours 06:00-10:00,17:00-21:00",No
JP-ADI,2026-02-06,23:00,04:00,"No block during peak hours 06:00-10:00,17:00-21:00",Yes
JP-ADI,2026-02-07,23:00,05:00,No restriction,No
JP-ADI,2026-02-08,23:00,05:00,No restriction,Yes
JP-ADI,2026-02-09,23:00,04:00,Reduced window due to festival traffic,No
JP-ADI,2026-02-10,23:00,04:00,No restriction,Yes
JP-ADI,2026-02-11,23:00,04:00,No restriction,No
JP-ADI,2026-02-12,23:00,04:00,"No block during peak hours 06:00-10:00,17:00-21:00",No
JP-ADI,2026-02-13,23:00,04:00,No restriction,Yes
JP-ADI,2026-02-14,23:00,05:00,No restriction,Yes
JP-ADI,2026-02-15,23:00,05:00,No restriction,No
JP-ADI,2026-02-16,23:00,04:00,Max 1 block per night,No
JP-ADI,2026-02-17,23:00,04:00,No restriction,No
JP-ADI,2026-02-18,23:00,04:00,No restriction,Yes
JP-ADI,2026-02-19,23:00,04:00,No restriction,Yes
JP-ADI,2026-02-20,23:00,04:00,"No block during peak hours 06:00-10:00,17:00-21:00",No
JP-ADI,2026-02-21,23:00,05:00,Max 1 block per night,No
JP-ADI,2026-02-22,23:00,05:00,No restriction,No
JP-ADI,2026-02-23,23:00,04:00,No restriction,Yes
JP-ADI,2026-02-24,23:00,04:00,"No block during peak hours 06:00-10:00,17:00-21:00",No
JP-ADI,2026-02-25,23:00,04:00,"No block during peak hours 06:00-10:00,17:00-21:00",Yes
JP-ADI,2026-02-26,23:00,04:00,No restriction,No
JP-ADI,2026-02-27,23:00,04:00,No restriction,No
JP-ADI,2026-02-28,23:00,05:00,"No block during peak hours 06:00-10:00,17:00-21:00",No
JP-ADI,2026-03-01,23:00,05:00,No restriction,No
JP-ADI,2026-03-02,23:00,04:00,No restriction,No
JP-ADI,2026-03-03,23:00,04:00,"No block during peak hours 06:00-10:00,17:00-21:00",No
JP-ADI,2026-03-04,23:00,04:00,"No block during peak hours 06:00-10:00,17:00-21:00",Yes
JP-ADI,2026-03-05,23:00,04:00,No restriction,No
JP-ADI,2026-03-06,23:00,04:00,No restriction,No
JP-ADI,2026-03-07,23:00,05:00,No restriction,Yes
JP-ADI,2026-03-08,23:00,05:00,Max 1 block per night,Yes
JP-ADI,2026-03-09,23:00,04:00,Reduced window due to festival traffic,No
JP-ADI,2026-03-10,23:00,04:00,Reduced window due to festival traffic,No
JP-ADI,2026-03-11,23:00,04:00,Single line working only,No
JP-ADI,2026-03-12,23:00,04:00,"No block during peak hours 06:00-10:00,17:00-21:00",No
JP-ADI,2026-03-13,23:00,04:00,No restriction,No
JP-ADI,2026-03-14,23:00,05:00,Max 1 block per night,Yes
JP-ADI,2026-03-15,23:00,05:00,No restriction,No
JP-ADI,2026-03-16,23:00,04:00,Max 1 block per night,No
JP-ADI,2026-03-17,23:00,04:00,Max 1 block per night,Yes
JP-ADI,2026-03-18,23:00,04:00,No restriction,Yes
JP-ADI,2026-03-19,23:00,04:00,No restriction,No
JP-ADI,2026-03-20,23:00,04:00,No restriction,No
JP-ADI,2026-03-21,23:00,05:00,Block suspended - VIP movement,No
JP-ADI,2026-03-22,23:00,05:00,Single line working only,Yes
JP-ADI,2026-03-23,23:00,04:00,Block suspended - VIP movement,No
JP-ADI,2026-03-24,23:00,04:00,"No block during peak hours 06:00-10:00,17:00-21:00",No
JP-ADI,2026-03-25,23:00,04:00,No restriction,No
JP-ADI,2026-03-26,23:00,04:00,"No block during peak hours 06:00-10:00,17:00-21:00",No
JP-ADI,2026-03-27,23:00,04:00,Block suspended - VIP movement,No
JP-ADI,2026-03-28,23:00,05:00,No restriction,No
JP-ADI,2026-03-29,23:00,05:00,Single line working only,No
JP-ADI,2026-03-30,23:00,04:00,Reduced window due to festival traffic,Yes
JP-ADI,2026-03-31,23:00,04:00,No restriction,No
JP-ADI,2026-04-01,23:00,04:00,Single line working only,No
JP-ADI,2026-04-02,23:00,04:00,No restriction,Yes
JP-ADI,2026-04-03,23:00,04:00,"No block during peak hours 06:00-10:00,17:00-21:00",No
JP-ADI,2026-04-04,23:00,05:00,Single line working only,Yes
JP-ADI,2026-04-05,23:00,05:00,Single line working only,No
JP-ADI,2026-04-06,23:00,04:00,No restriction,Yes
JP-ADI,2026-04-07,23:00,04:00,No restriction,No
JP-ADI,2026-04-08,23:00,04:00,Max 1 block per night,Yes
JP-ADI,2026-04-09,23:00,04:00,No restriction,No
JP-ADI,2026-04-10,23:00,04:00,Single line working only,No
JP-ADI,2026-04-11,23:00,05:00,No restriction,No
JP-ADI,2026-04-12,23:00,05:00,No restriction,No
JP-ADI,2026-04-13,23:00,04:00,"No block during peak hours 06:00-10:00,17:00-21:00",No
JP-ADI,2026-04-14,23:00,04:00,No restriction,Yes
JP-ADI,2026-04-15,23:00,04:00,No restriction,No
JP-ADI,2026-04-16,23:00,04:00,No restriction,No
JP-ADI,2026-04-17,23:00,04:00,No restriction,No
JP-ADI,2026-04-18,23:00,05:00,No restriction,No
JP-ADI,2026-04-19,23:00,05:00,No restriction,No
JP-ADI,2026-04-20,23:00,04:00,No restriction,No
JP-ADI,2026-04-21,23:00,04:00,No restriction,Yes
JP-ADI,2026-04-22,23:00,04:00,Single line working only,No
JP-ADI,2026-04-23,23:00,04:00,No restriction,No
JP-ADI,2026-04-24,23:00,04:00,Single line working only,Yes
JP-ADI,2026-04-25,23:00,05:00,No restriction,Yes
JP-ADI,2026-04-26,23:00,05:00,No restriction,No
JP-ADI,2026-04-27,23:00,04:00,No restriction,No
JP-ADI,2026-04-28,23:00,04:00,"No block during peak hours 06:00-10:00,17:00-21:00",Yes
JP-ADI,2026-04-29,23:00,04:00,Single line working only,No
JP-ADI,2026-04-30,23:00,04:00,Max 1 block per night,Yes
JP-ADI,2026-05-01,23:00,04:00,No restriction,No
JP-ADI,2026-05-02,23:00,05:00,Single line working only,No
JP-ADI,2026-05-03,23:00,05:00,Single line working only,Yes
JP-ADI,2026-05-04,23:00,04:00,No restriction,No
JP-ADI,2026-05-05,23:00,04:00,No restriction,No
JP-ADI,2026-05-06,23:00,04:00,No restriction,Yes
JP-ADI,2026-05-07,23:00,04:00,No restriction,No
JP-ADI,2026-05-08,23:00,04:00,No restriction,Yes
JP-ADI,2026-05-09,23:00,05:00,No restriction,Yes
JP-ADI,2026-05-10,23:00,05:00,Single line working only,No
JP-ADI,2026-05-11,23:00,04:00,No restriction,Yes
JP-ADI,2026-05-12,23:00,04:00,Block suspended - VIP movement,No
JP-ADI,2026-05-13,23:00,04:00,Block suspended - VIP movement,Yes
JP-ADI,2026-05-14,23:00,04:00,"No block during peak hours 06:00-10:00,17:00-21:00",No
JP-ADI,2026-05-15,23:00,04:00,Single line working only,No
JP-ADI,2026-05-16,23:00,05:00,Reduced window due to festival traffic,No
JP-ADI,2026-05-17,23:00,05:00,No restriction,No
JP-ADI,2026-05-18,23:00,04:00,No restriction,No
JP-ADI,2026-05-19,23:00,04:00,No restriction,No
JP-ADI,2026-05-20,23:00,04:00,No restriction,No
JP-ADI,2026-05-21,23:00,04:00,No restriction,No
JP-ADI,2026-05-22,23:00,04:00,No restriction,Yes
JP-ADI,2026-05-23,23:00,05:00,No restriction,No
JP-ADI,2026-05-24,23:00,05:00,Reduced window due to festival traffic,No
JP-ADI,2026-05-25,23:00,04:00,Single line working only,No
JP-ADI,2026-05-26,23:00,04:00,No restriction,No
JP-ADI,2026-05-27,23:00,04:00,"No block during peak hours 06:00-10:00,17:00-21:00",No
JP-ADI,2026-05-28,23:00,04:00,No restriction,No
JP-ADI,2026-05-29,23:00,04:00,"No block during peak hours 06:00-10:00,17:00-21:00",No
JP-ADI,2026-05-30,23:00,05:00,"No block during peak hours 06:00-10:00,17:00-21:00",No
JP-ADI,2026-05-31,23:00,05:00,Single line working only,No
JP-ADI,2026-06-01,23:00,04:00,Block suspended - VIP movement,No
JP-ADI,2026-06-02,23:00,04:00,Reduced window due to festival traffic,No
JP-ADI,2026-06-03,23:00,04:00,Single line working only,Yes
JP-ADI,2026-06-04,23:00,04:00,No restriction,No
JP-ADI,2026-06-05,23:00,04:00,No restriction,No
JP-ADI,2026-06-06,23:00,05:00,No restriction,No
JP-ADI,2026-06-07,23:00,05:00,No restriction,No
JP-ADI,2026-06-08,23:00,04:00,No restriction,Yes
JP-ADI,2026-06-09,23:00,04:00,No restriction,No
JP-ADI,2026-06-10,23:00,04:00,Block suspended - VIP movement,No
JP-ADI,2026-06-11,23:00,04:00,Block suspended - VIP movement,No
JP-ADI,2026-06-12,23:00,04:00,Max 1 block per night,No
JP-ADI,2026-06-13,23:00,05:00,No restriction,No
JP-ADI,2026-06-14,23:00,05:00,No restriction,No
JP-ADI,2026-06-15,23:00,04:00,Max 1 block per night,No
JP-ADI,2026-06-16,23:00,04:00,No restriction,Yes
JP-ADI,2026-06-17,23:00,04:00,Single line working only,No
JP-ADI,2026-06-18,23:00,04:00,No restriction,No
JP-ADI,2026-06-19,23:00,04:00,Single line working only,No
JP-ADI,2026-06-20,23:00,05:00,Reduced window due to festival traffic,No
JP-ADI,2026-06-21,23:00,05:00,"No block during peak hours 06:00-10:00,17:00-21:00",No
JP-ADI,2026-06-22,23:00,04:00,Block suspended - VIP movement,No
JP-ADI,2026-06-23,23:00,04:00,Max 1 block per night,No
JP-ADI,2026-06-24,23:00,04:00,Max 1 block per night,No
JP-ADI,2026-06-25,23:00,04:00,No restriction,Yes
JP-ADI,2026-06-26,23:00,04:00,Max 1 block per night,No
JP-ADI,2026-06-27,23:00,05:00,No restriction,Yes
JP-ADI,2026-06-28,23:00,05:00,"No block during peak hours 06:00-10:00,17:00-21:00",Yes
JP-ADI,2026-06-29,23:00,04:00,No restriction,No
JP-ADI,2026-06-30,23:00,04:00,"No block during peak hours 06:00-10:00,17:00-21:00",No
JP-ADI,2026-07-01,23:00,04:00,No restriction,Yes
JP-ADI,2026-07-02,23:00,04:00,No restriction,No
JP-ADI,2026-07-03,23:00,04:00,No restriction,No
JP-ADI,2026-07-04,23:00,05:00,No restriction,No
JP-ADI,2026-07-05,23:00,05:00,Single line working only,Yes
JP-ADI,2026-07-06,23:00,04:00,No restriction,No
JP-ADI,2026-07-07,23:00,04:00,"No block during peak hours 06:00-10:00,17:00-21:00",No
JP-ADI,2026-07-08,23:00,04:00,"No block during peak hours 06:00-10:00,17:00-21:00",No
JP-ADI,2026-07-09,23:00,04:00,No restriction,No
JP-ADI,2026-07-10,23:00,04:00,No restriction,Yes
JP-ADI,2026-07-11,23:00,05:00,No restriction,Yes
JP-ADI,2026-07-12,23:00,05:00,"No block during peak hours 06:00-10:00,17:00-21:00",No
JP-ADI,2026-07-13,23:00,04:00,No restriction,Yes
JP-ADI,2026-07-14,23:00,04:00,"No block during peak hours 06:00-10:00,17:00-21:00",No
JP-ADI,2026-07-15,23:00,04:00,No restriction,No
JP-ADI,2026-07-16,23:00,04:00,No restriction,No
JP-ADI,2026-07-17,23:00,04:00,No restriction,Yes
JP-ADI,2026-07-18,23:00,05:00,Max 1 block per night,Yes
JP-ADI,2026-07-19,23:00,05:00,Single line working only,No
JP-ADI,2026-07-20,23:00,04:00,Block suspended - VIP movement,No
JP-ADI,2026-07-21,23:00,04:00,No restriction,No
JP-ADI,2026-07-22,23:00,04:00,Block suspended - VIP movement,No
JP-ADI,2026-07-23,23:00,04:00,"No block during peak hours 06:00-10:00,17:00-21:00",No
JP-ADI,2026-07-24,23:00,04:00,Max 1 block per night,Yes
JP-ADI,2026-07-25,23:00,05:00,"No block during peak hours 06:00-10:00,17:00-21:00",No
JP-ADI,2026-07-26,23:00,05:00,No restriction,Yes
JP-ADI,2026-07-27,23:00,04:00,Single line working only,No
JP-ADI,2026-07-28,23:00,04:00,No restriction,No
JP-ADI,2026-07-29,23:00,04:00,No restriction,No
JP-ADI,2026-07-30,23:00,04:00,Reduced window due to festival traffic,No
JP-ADI,2026-07-31,23:00,04:00,No restriction,No
JP-ADI,2026-08-01,23:00,05:00,Single line working only,Yes
JP-ADI,2026-08-02,23:00,05:00,No restriction,Yes
JP-ADI,2026-08-03,23:00,04:00,No restriction,No
JP-ADI,2026-08-04,23:00,04:00,No restriction,No
JP-ADI,2026-08-05,23:00,04:00,No restriction,Yes
JP-ADI,2026-08-06,23:00,04:00,No restriction,No
JP-ADI,2026-08-07,23:00,04:00,"No block during peak hours 06:00-10:00,17:00-21:00",No
JP-ADI,2026-08-08,23:00,05:00,No restriction,No
JP-ADI,2026-08-09,23:00,05:00,Block suspended - VIP movement,No
JP-ADI,2026-08-10,23:00,04:00,No restriction,No
JP-ADI,2026-08-11,23:00,04:00,Single line working only,No
JP-ADI,2026-08-12,23:00,04:00,No restriction,No
JP-ADI,2026-08-13,23:00,04:00,No restriction,No
JP-ADI,2026-08-14,23:00,04:00,Max 1 block per night,No
JP-ADI,2026-08-15,23:00,05:00,"No block during peak hours 06:00-10:00,17:00-21:00",No
JP-ADI,2026-08-16,23:00,05:00,Single line working only,No
JP-ADI,2026-08-17,23:00,04:00,"No block during peak hours 06:00-10:00,17:00-21:00",Yes
JP-ADI,2026-08-18,23:00,04:00,No restriction,No
JP-ADI,2026-08-19,23:00,04:00,No restriction,No
JP-ADI,2026-08-20,23:00,04:00,No restriction,No
JP-ADI,2026-08-21,23:00,04:00,Single line working only,No
JP-ADI,2026-08-22,23:00,05:00,Reduced window due to festival traffic,No
JP-ADI,2026-08-23,23:00,05:00,No restriction,No
JP-ADI,2026-08-24,23:00,04:00,No restriction,No
JP-ADI,2026-08-25,23:00,04:00,No restriction,No
JP-ADI,2026-08-26,23:00,04:00,No restriction,Yes
JP-ADI,2026-08-27,23:00,04:00,No restriction,No
JP-ADI,2026-08-28,23:00,04:00,No restriction,No
JP-ADI,2026-08-29,23:00,05:00,No restriction,No
JP-ADI,2026-08-30,23:00,05:00,Max 1 block per night,Yes
JP-ADI,2026-08-31,23:00,04:00,Single line working only,No
JP-ADI,2026-09-01,23:00,04:00,Max 1 block per night,No
JP-ADI,2026-09-02,23:00,04:00,Block suspended - VIP movement,Yes
JP-ADI,2026-09-03,23:00,04:00,"No block during peak hours 06:00-10:00,17:00-21:00",No
JP-ADI,2026-09-04,23:00,04:00,"No block during peak hours 06:00-10:00,17:00-21:00",No
JP-ADI,2026-09-05,23:00,05:00,"No block during peak hours 06:00-10:00,17:00-21:00",No
JP-ADI,2026-09-06,23:00,05:00,Max 1 block per night,Yes
JP-ADI,2026-09-07,23:00,04:00,No restriction,Yes
JP-ADI,2026-09-08,23:00,04:00,Single line working only,Yes
JP-ADI,2026-09-09,23:00,04:00,Reduced window due to festival traffic,No
JP-ADI,2026-09-10,23:00,04:00,No restriction,Yes
JP-ADI,2026-09-11,23:00,04:00,"No block during peak hours 06:00-10:00,17:00-21:00",No
JP-ADI,2026-09-12,23:00,05:00,"No block during peak hours 06:00-10:00,17:00-21:00",No
JP-ADI,2026-09-13,23:00,05:00,No restriction,Yes
JP-ADI,2026-09-14,23:00,04:00,No restriction,No
JP-ADI,2026-09-15,23:00,04:00,"No block during peak hours 06:00-10:00,17:00-21:00",Yes
JP-ADI,2026-09-16,23:00,04:00,Block suspended - VIP movement,No
JP-ADI,2026-09-17,23:00,04:00,No restriction,Yes
JP-ADI,2026-09-18,23:00,04:00,No restriction,No
JP-ADI,2026-09-19,23:00,05:00,No restriction,No
JP-ADI,2026-09-20,23:00,05:00,No restriction,No
JP-ADI,2026-09-21,23:00,04:00,No restriction,No
JP-ADI,2026-09-22,23:00,04:00,"No block during peak hours 06:00-10:00,17:00-21:00",No
JP-ADI,2026-09-23,23:00,04:00,Single line working only,No
JP-ADI,2026-09-24,23:00,04:00,No restriction,No
JP-ADI,2026-09-25,23:00,04:00,No restriction,No
JP-ADI,2026-09-26,23:00,05:00,Single line working only,Yes
JP-ADI,2026-09-27,23:00,05:00,No restriction,No
JP-ADI,2026-09-28,23:00,04:00,No restriction,No
JP-ADI,2026-09-29,23:00,04:00,No restriction,No
JP-ADI,2026-09-30,23:00,04:00,No restriction,No
JP-ADI,2026-10-01,23:00,04:00,No restriction,No
JP-ADI,2026-10-02,23:00,04:00,No restriction,Yes
JP-ADI,2026-10-03,23:00,05:00,Single line working only,No
JP-ADI,2026-10-04,23:00,05:00,No restriction,No
JP-ADI,2026-10-05,23:00,04:00,No restriction,Yes
JP-ADI,2026-10-06,23:00,04:00,No restriction,No
JP-ADI,2026-10-07,23:00,04:00,No restriction,No
JP-ADI,2026-10-08,23:00,04:00,Reduced window due to festival traffic,No
JP-ADI,2026-10-09,23:00,04:00,Single line working only,No
JP-ADI,2026-10-10,23:00,05:00,No restriction,No
JP-ADI,2026-10-11,23:00,05:00,"No block during peak hours 06:00-10:00,17:00-21:00",No
JP-ADI,2026-10-12,23:00,04:00,Single line working only,No
JP-ADI,2026-10-13,23:00,04:00,No restriction,No
JP-ADI,2026-10-14,23:00,04:00,Reduced window due to festival traffic,Yes
JP-ADI,2026-10-15,23:00,04:00,No restriction,No
JP-ADI,2026-10-16,23:00,04:00,Reduced window due to festival traffic,Yes
JP-ADI,2026-10-17,23:00,05:00,No restriction,Yes
JP-ADI,2026-10-18,23:00,05:00,No restriction,No
JP-ADI,2026-10-19,23:00,04:00,"No block during peak hours 06:00-10:00,17:00-21:00",No
JP-ADI,2026-10-20,23:00,04:00,Single line working only,No
JP-ADI,2026-10-21,23:00,04:00,Reduced window due to festival traffic,No
JP-ADI,2026-10-22,23:00,04:00,Single line working only,Yes
JP-ADI,2026-10-23,23:00,04:00,"No block during peak hours 06:00-10:00,17:00-21:00",No
JP-ADI,2026-10-24,23:00,05:00,Single line working only,Yes
JP-ADI,2026-10-25,23:00,05:00,No restriction,No
JP-ADI,2026-10-26,23:00,04:00,Reduced window due to festival traffic,No
JP-ADI,2026-10-27,23:00,04:00,No restriction,Yes
JP-ADI,2026-10-28,23:00,04:00,Single line working only,Yes
JP-ADI,2026-10-29,23:00,04:00,No restriction,No
JP-ADI,2026-10-30,23:00,04:00,Block suspended - VIP movement,No
JP-ADI,2026-10-31,23:00,05:00,Reduced window due to festival traffic,Yes
JP-ADI,2026-11-01,23:00,05:00,Single line working only,No
JP-ADI,2026-11-02,23:00,04:00,No restriction,Yes
JP-ADI,2026-11-03,23:00,04:00,Single line working only,No
JP-ADI,2026-11-04,23:00,04:00,No restriction,Yes
JP-ADI,2026-11-05,23:00,04:00,No restriction,No
JP-ADI,2026-11-06,23:00,04:00,No restriction,No
JP-ADI,2026-11-07,23:00,05:00,"No block during peak hours 06:00-10:00,17:00-21:00",No
JP-ADI,2026-11-08,23:00,05:00,No restriction,Yes
JP-ADI,2026-11-09,23:00,04:00,No restriction,Yes
JP-ADI,2026-11-10,23:00,04:00,No restriction,No
JP-ADI,2026-11-11,23:00,04:00,Reduced window due to festival traffic,No
JP-ADI,2026-11-12,23:00,04:00,Block suspended - VIP movement,Yes
JP-ADI,2026-11-13,23:00,04:00,Block suspended - VIP movement,No
JP-ADI,2026-11-14,23:00,05:00,Single line working only,No
JP-ADI,2026-11-15,23:00,05:00,Reduced window due to festival traffic,No
JP-ADI,2026-11-16,23:00,04:00,No restriction,No
JP-ADI,2026-11-17,23:00,04:00,Single line working only,No
JP-ADI,2026-11-18,23:00,04:00,Max 1 block per night,No
JP-ADI,2026-11-19,23:00,04:00,No restriction,No
JP-ADI,2026-11-20,23:00,04:00,No restriction,No
JP-ADI,2026-11-21,23:00,05:00,No restriction,Yes
JP-ADI,2026-11-22,23:00,05:00,Single line working only,Yes
JP-ADI,2026-11-23,23:00,04:00,No restriction,Yes
JP-ADI,2026-11-24,23:00,04:00,"No block during peak hours 06:00-10:00,17:00-21:00",No
JP-ADI,2026-11-25,23:00,04:00,Max 1 block per night,No
JP-ADI,2026-11-26,23:00,04:00,"No block during peak hours 06:00-10:00,17:00-21:00",No
JP-ADI,2026-11-27,23:00,04:00,Single line working only,Yes
JP-ADI,2026-11-28,23:00,05:00,"No block during peak hours 06:00-10:00,17:00-21:00",Yes
JP-ADI,2026-11-29,23:00,05:00,No restriction,No
JP-ADI,2026-11-30,23:00,04:00,No restriction,No
JP-ADI,2026-12-01,23:00,04:00,Max 1 block per night,No
JP-ADI,2026-12-02,23:00,04:00,No restriction,No
JP-ADI,2026-12-03,23:00,04:00,No restriction,Yes
JP-ADI,2026-12-04,23:00,04:00,No restriction,Yes
JP-ADI,2026-12-05,23:00,05:00,Reduced window due to festival traffic,No
JP-ADI,2026-12-06,23:00,05:00,Single line working only,No
JP-ADI,2026-12-07,23:00,04:00,No restriction,No
JP-ADI,2026-12-08,23:00,04:00,Single line working only,Yes
JP-ADI,2026-12-09,23:00,04:00,Reduced window due to festival traffic,No
JP-ADI,2026-12-10,23:00,04:00,No restriction,No
JP-ADI,2026-12-11,23:00,04:00,No restriction,No
JP-ADI,2026-12-12,23:00,05:00,No restriction,No
JP-ADI,2026-12-13,23:00,05:00,No restriction,No
JP-ADI,2026-12-14,23:00,04:00,Single line working only,No
JP-ADI,2026-12-15,23:00,04:00,Single line working only,No
JP-ADI,2026-12-16,23:00,04:00,No restriction,No
JP-ADI,2026-12-17,23:00,04:00,No restriction,No
JP-ADI,2026-12-18,23:00,04:00,Single line working only,No
JP-ADI,2026-12-19,23:00,05:00,No restriction,Yes
JP-ADI,2026-12-20,23:00,05:00,Single line working only,Yes
JP-ADI,2026-12-21,23:00,04:00,No restriction,Yes
JP-ADI,2026-12-22,23:00,04:00,Reduced window due to festival traffic,No
JP-ADI,2026-12-23,23:00,04:00,"No block during peak hours 06:00-10:00,17:00-21:00",Yes
JP-ADI,2026-12-24,23:00,04:00,"No block during peak hours 06:00-10:00,17:00-21:00",Yes
JP-ADI,2026-12-25,23:00,04:00,"No block during peak hours 06:00-10:00,17:00-21:00",Yes
JP-ADI,2026-12-26,23:00,05:00,No restriction,No
JP-ADI,2026-12-27,23:00,05:00,Max 1 block per night,No
JP-ADI,2026-12-28,23:00,04:00,"No block during peak hours 06:00-10:00,17:00-21:00",No
JP-ADI,2026-12-29,23:00,04:00,"No block during peak hours 06:00-10:00,17:00-21:00",No
JP-ADI,2026-12-30,23:00,04:00,No restriction,No
JP-ADI,2026-12-31,23:00,04:00,No restriction,No
HWH-NJP,2026-01-01,23:00,04:00,No restriction,No
HWH-NJP,2026-01-02,23:00,04:00,Block suspended - VIP movement,Yes
HWH-NJP,2026-01-03,23:00,05:00,"No block during peak hours 06:00-10:00,17:00-21:00",Yes
HWH-NJP,2026-01-04,23:00,05:00,No restriction,No
HWH-NJP,2026-01-05,23:00,04:00,No restriction,No
HWH-NJP,2026-01-06,23:00,04:00,"No block during peak hours 06:00-10:00,17:00-21:00",Yes
HWH-NJP,2026-01-07,23:00,04:00,No restriction,No
HWH-NJP,2026-01-08,23:00,04:00,Reduced window due to festival traffic,No
HWH-NJP,2026-01-09,23:00,04:00,No restriction,No
HWH-NJP,2026-01-10,23:00,05:00,No restriction,No
HWH-NJP,2026-01-11,23:00,05:00,No restriction,No
HWH-NJP,2026-01-12,23:00,04:00,No restriction,Yes
HWH-NJP,2026-01-13,23:00,04:00,No restriction,No
HWH-NJP,2026-01-14,23:00,04:00,Reduced window due to festival traffic,No
HWH-NJP,2026-01-15,23:00,04:00,No restriction,No
HWH-NJP,2026-01-16,23:00,04:00,No restriction,No
HWH-NJP,2026-01-17,23:00,05:00,No restriction,Yes
HWH-NJP,2026-01-18,23:00,05:00,No restriction,No
HWH-NJP,2026-01-19,23:00,04:00,Reduced window due to festival traffic,No
HWH-NJP,2026-01-20,23:00,04:00,Single line working only,Yes
HWH-NJP,2026-01-21,23:00,04:00,"No block during peak hours 06:00-10:00,17:00-21:00",Yes
HWH-NJP,2026-01-22,23:00,04:00,No restriction,Yes
HWH-NJP,2026-01-23,23:00,04:00,No restriction,No
HWH-NJP,2026-01-24,23:00,05:00,No restriction,No
HWH-NJP,2026-01-25,23:00,05:00,No restriction,Yes
HWH-NJP,2026-01-26,23:00,04:00,No restriction,No
HWH-NJP,2026-01-27,23:00,04:00,No restriction,No
HWH-NJP,2026-01-28,23:00,04:00,No restriction,No
HWH-NJP,2026-01-29,23:00,04:00,No restriction,No
HWH-NJP,2026-01-30,23:00,04:00,"No block during peak hours 06:00-10:00,17:00-21:00",No
HWH-NJP,2026-01-31,23:00,05:00,No restriction,No
HWH-NJP,2026-02-01,23:00,05:00,No restriction,No
HWH-NJP,2026-02-02,23:00,04:00,Reduced window due to festival traffic,Yes
HWH-NJP,2026-02-03,23:00,04:00,"No block during peak hours 06:00-10:00,17:00-21:00",No
HWH-NJP,2026-02-04,23:00,04:00,No restriction,No
HWH-NJP,2026-02-05,23:00,04:00,No restriction,No
HWH-NJP,2026-02-06,23:00,04:00,Max 1 block per night,Yes
HWH-NJP,2026-02-07,23:00,05:00,No restriction,No
HWH-NJP,2026-02-08,23:00,05:00,Single line working only,No
HWH-NJP,2026-02-09,23:00,04:00,"No block during peak hours 06:00-10:00,17:00-21:00",Yes
HWH-NJP,2026-02-10,23:00,04:00,No restriction,No
HWH-NJP,2026-02-11,23:00,04:00,No restriction,No
HWH-NJP,2026-02-12,23:00,04:00,"No block during peak hours 06:00-10:00,17:00-21:00",No
HWH-NJP,2026-02-13,23:00,04:00,No restriction,No
HWH-NJP,2026-02-14,23:00,05:00,"No block during peak hours 06:00-10:00,17:00-21:00",No
HWH-NJP,2026-02-15,23:00,05:00,No restriction,No
HWH-NJP,2026-02-16,23:00,04:00,No restriction,No
HWH-NJP,2026-02-17,23:00,04:00,No restriction,No
HWH-NJP,2026-02-18,23:00,04:00,Reduced window due to festival traffic,Yes
HWH-NJP,2026-02-19,23:00,04:00,No restriction,No
HWH-NJP,2026-02-20,23:00,04:00,No restriction,Yes
HWH-NJP,2026-02-21,23:00,05:00,No restriction,No
HWH-NJP,2026-02-22,23:00,05:00,No restriction,Yes
HWH-NJP,2026-02-23,23:00,04:00,Single line working only,No
HWH-NJP,2026-02-24,23:00,04:00,Reduced window due to festival traffic,No
HWH-NJP,2026-02-25,23:00,04:00,No restriction,No
HWH-NJP,2026-02-26,23:00,04:00,No restriction,Yes
HWH-NJP,2026-02-27,23:00,04:00,"No block during peak hours 06:00-10:00,17:00-21:00",No
HWH-NJP,2026-02-28,23:00,05:00,No restriction,Yes
HWH-NJP,2026-03-01,23:00,05:00,No restriction,Yes
HWH-NJP,2026-03-02,23:00,04:00,Block suspended - VIP movement,No
HWH-NJP,2026-03-03,23:00,04:00,"No block during peak hours 06:00-10:00,17:00-21:00",No
HWH-NJP,2026-03-04,23:00,04:00,No restriction,No
HWH-NJP,2026-03-05,23:00,04:00,No restriction,No
HWH-NJP,2026-03-06,23:00,04:00,"No block during peak hours 06:00-10:00,17:00-21:00",No
HWH-NJP,2026-03-07,23:00,05:00,Block suspended - VIP movement,No
HWH-NJP,2026-03-08,23:00,05:00,No restriction,No
HWH-NJP,2026-03-09,23:00,04:00,No restriction,Yes
HWH-NJP,2026-03-10,23:00,04:00,"No block during peak hours 06:00-10:00,17:00-21:00",No
HWH-NJP,2026-03-11,23:00,04:00,Reduced window due to festival traffic,Yes
HWH-NJP,2026-03-12,23:00,04:00,"No block during peak hours 06:00-10:00,17:00-21:00",No
HWH-NJP,2026-03-13,23:00,04:00,Block suspended - VIP movement,No
HWH-NJP,2026-03-14,23:00,05:00,No restriction,No
HWH-NJP,2026-03-15,23:00,05:00,No restriction,Yes
HWH-NJP,2026-03-16,23:00,04:00,Block suspended - VIP movement,Yes
HWH-NJP,2026-03-17,23:00,04:00,No restriction,No
HWH-NJP,2026-03-18,23:00,04:00,No restriction,Yes
HWH-NJP,2026-03-19,23:00,04:00,No restriction,Yes
HWH-NJP,2026-03-20,23:00,04:00,No restriction,Yes
HWH-NJP,2026-03-21,23:00,05:00,Max 1 block per night,No
HWH-NJP,2026-03-22,23:00,05:00,No restriction,No
HWH-NJP,2026-03-23,23:00,04:00,Single line working only,Yes
HWH-NJP,2026-03-24,23:00,04:00,Max 1 block per night,No
HWH-NJP,2026-03-25,23:00,04:00,"No block during peak hours 06:00-10:00,17:00-21:00",No
HWH-NJP,2026-03-26,23:00,04:00,No restriction,No
HWH-NJP,2026-03-27,23:00,04:00,Max 1 block per night,No
HWH-NJP,2026-03-28,23:00,05:00,No restriction,No
HWH-NJP,2026-03-29,23:00,05:00,No restriction,No
HWH-NJP,2026-03-30,23:00,04:00,No restriction,No
HWH-NJP,2026-03-31,23:00,04:00,Single line working only,No
HWH-NJP,2026-04-01,23:00,04:00,"No block during peak hours 06:00-10:00,17:00-21:00",Yes
HWH-NJP,2026-04-02,23:00,04:00,No restriction,No
HWH-NJP,2026-04-03,23:00,04:00,"No block during peak hours 06:00-10:00,17:00-21:00",Yes
HWH-NJP,2026-04-04,23:00,05:00,No restriction,No
HWH-NJP,2026-04-05,23:00,05:00,Block suspended - VIP movement,Yes
HWH-NJP,2026-04-06,23:00,04:00,Max 1 block per night,No
HWH-NJP,2026-04-07,23:00,04:00,No restriction,No
HWH-NJP,2026-04-08,23:00,04:00,"No block during peak hours 06:00-10:00,17:00-21:00",No
HWH-NJP,2026-04-09,23:00,04:00,Single line working only,No
HWH-NJP,2026-04-10,23:00,04:00,Single line working only,No
HWH-NJP,2026-04-11,23:00,05:00,Max 1 block per night,No
HWH-NJP,2026-04-12,23:00,05:00,"No block during peak hours 06:00-10:00,17:00-21:00",No
HWH-NJP,2026-04-13,23:00,04:00,"No block during peak hours 06:00-10:00,17:00-21:00",Yes
HWH-NJP,2026-04-14,23:00,04:00,Max 1 block per night,No
HWH-NJP,2026-04-15,23:00,04:00,Reduced window due to festival traffic,No
HWH-NJP,2026-04-16,23:00,04:00,Max 1 block per night,No
HWH-NJP,2026-04-17,23:00,04:00,No restriction,No
HWH-NJP,2026-04-18,23:00,05:00,No restriction,No
HWH-NJP,2026-04-19,23:00,05:00,Max 1 block per night,No
HWH-NJP,2026-04-20,23:00,04:00,Max 1 block per night,No
HWH-NJP,2026-04-21,23:00,04:00,No restriction,No
HWH-NJP,2026-04-22,23:00,04:00,No restriction,No
HWH-NJP,2026-04-23,23:00,04:00,Max 1 block per night,Yes
HWH-NJP,2026-04-24,23:00,04:00,Single line working only,No
HWH-NJP,2026-04-25,23:00,05:00,Reduced window due to festival traffic,Yes
HWH-NJP,2026-04-26,23:00,05:00,Max 1 block per night,No
HWH-NJP,2026-04-27,23:00,04:00,Single line working only,No
HWH-NJP,2026-04-28,23:00,04:00,"No block during peak hours 06:00-10:00,17:00-21:00",No
HWH-NJP,2026-04-29,23:00,04:00,No restriction,No
HWH-NJP,2026-04-30,23:00,04:00,No restriction,No
HWH-NJP,2026-05-01,23:00,04:00,Block suspended - VIP movement,No
HWH-NJP,2026-05-02,23:00,05:00,No restriction,No
HWH-NJP,2026-05-03,23:00,05:00,"No block during peak hours 06:00-10:00,17:00-21:00",No
HWH-NJP,2026-05-04,23:00,04:00,Single line working only,Yes
HWH-NJP,2026-05-05,23:00,04:00,No restriction,No
HWH-NJP,2026-05-06,23:00,04:00,No restriction,No
HWH-NJP,2026-05-07,23:00,04:00,Single line working only,No
HWH-NJP,2026-05-08,23:00,04:00,Max 1 block per night,Yes
HWH-NJP,2026-05-09,23:00,05:00,Single line working only,No
HWH-NJP,2026-05-10,23:00,05:00,Reduced window due to festival traffic,No
HWH-NJP,2026-05-11,23:00,04:00,No restriction,Yes
HWH-NJP,2026-05-12,23:00,04:00,Max 1 block per night,No
HWH-NJP,2026-05-13,23:00,04:00,No restriction,Yes
HWH-NJP,2026-05-14,23:00,04:00,No restriction,No
HWH-NJP,2026-05-15,23:00,04:00,"No block during peak hours 06:00-10:00,17:00-21:00",No
HWH-NJP,2026-05-16,23:00,05:00,No restriction,No
HWH-NJP,2026-05-17,23:00,05:00,No restriction,Yes
HWH-NJP,2026-05-18,23:00,04:00,Block suspended - VIP movement,Yes
HWH-NJP,2026-05-19,23:00,04:00,Block suspended - VIP movement,No
HWH-NJP,2026-05-20,23:00,04:00,No restriction,No
HWH-NJP,2026-05-21,23:00,04:00,No restriction,No
HWH-NJP,2026-05-22,23:00,04:00,"No block during peak hours 06:00-10:00,17:00-21:00",No
HWH-NJP,2026-05-23,23:00,05:00,No restriction,No
HWH-NJP,2026-05-24,23:00,05:00,No restriction,Yes
HWH-NJP,2026-05-25,23:00,04:00,Reduced window due to festival traffic,No
HWH-NJP,2026-05-26,23:00,04:00,No restriction,Yes
HWH-NJP,2026-05-27,23:00,04:00,No restriction,No
HWH-NJP,2026-05-28,23:00,04:00,No restriction,Yes
HWH-NJP,2026-05-29,23:00,04:00,Block suspended - VIP movement,No
HWH-NJP,2026-05-30,23:00,05:00,No restriction,Yes
HWH-NJP,2026-05-31,23:00,05:00,"No block during peak hours 06:00-10:00,17:00-21:00",No
HWH-NJP,2026-06-01,23:00,04:00,Single line working only,No
HWH-NJP,2026-06-02,23:00,04:00,No restriction,No
HWH-NJP,2026-06-03,23:00,04:00,No restriction,No
HWH-NJP,2026-06-04,23:00,04:00,No restriction,No
HWH-NJP,2026-06-05,23:00,04:00,No restriction,Yes
HWH-NJP,2026-06-06,23:00,05:00,"No block during peak hours 06:00-10:00,17:00-21:00",Yes
HWH-NJP,2026-06-07,23:00,05:00,No restriction,No
HWH-NJP,2026-06-08,23:00,04:00,No restriction,No
HWH-NJP,2026-06-09,23:00,04:00,No restriction,Yes
HWH-NJP,2026-06-10,23:00,04:00,Max 1 block per night,No
HWH-NJP,2026-06-11,23:00,04:00,"No block during peak hours 06:00-10:00,17:00-21:00",No
HWH-NJP,2026-06-12,23:00,04:00,No restriction,No
HWH-NJP,2026-06-13,23:00,05:00,"No block during peak hours 06:00-10:00,17:00-21:00",No
HWH-NJP,2026-06-14,23:00,05:00,No restriction,No
HWH-NJP,2026-06-15,23:00,04:00,No restriction,No
HWH-NJP,2026-06-16,23:00,04:00,"No block during peak hours 06:00-10:00,17:00-21:00",No
HWH-NJP,2026-06-17,23:00,04:00,No restriction,No
HWH-NJP,2026-06-18,23:00,04:00,Single line working only,No
HWH-NJP,2026-06-19,23:00,04:00,No restriction,No
HWH-NJP,2026-06-20,23:00,05:00,Single line working only,No
HWH-NJP,2026-06-21,23:00,05:00,No restriction,No
HWH-NJP,2026-06-22,23:00,04:00,Max 1 block per night,No
HWH-NJP,2026-06-23,23:00,04:00,Block suspended - VIP movement,No
HWH-NJP,2026-06-24,23:00,04:00,No restriction,Yes
HWH-NJP,2026-06-25,23:00,04:00,No restriction,No
HWH-NJP,2026-06-26,23:00,04:00,No restriction,No
HWH-NJP,2026-06-27,23:00,05:00,Single line working only,No
HWH-NJP,2026-06-28,23:00,05:00,No restriction,Yes
HWH-NJP,2026-06-29,23:00,04:00,No restriction,No
HWH-NJP,2026-06-30,23:00,04:00,Max 1 block per night,No
HWH-NJP,2026-07-01,23:00,04:00,Single line working only,No
HWH-NJP,2026-07-02,23:00,04:00,"No block during peak hours 06:00-10:00,17:00-21:00",No
HWH-NJP,2026-07-03,23:00,04:00,No restriction,No
HWH-NJP,2026-07-04,23:00,05:00,"No block during peak hours 06:00-10:00,17:00-21:00",No
HWH-NJP,2026-07-05,23:00,05:00,Single line working only,No
HWH-NJP,2026-07-06,23:00,04:00,Single line working only,No
HWH-NJP,2026-07-07,23:00,04:00,No restriction,No
HWH-NJP,2026-07-08,23:00,04:00,Reduced window due to festival traffic,No
HWH-NJP,2026-07-09,23:00,04:00,No restriction,No
HWH-NJP,2026-07-10,23:00,04:00,Max 1 block per night,No
HWH-NJP,2026-07-11,23:00,05:00,"No block during peak hours 06:00-10:00,17:00-21:00",No
HWH-NJP,2026-07-12,23:00,05:00,Single line working only,No
HWH-NJP,2026-07-13,23:00,04:00,No restriction,No
HWH-NJP,2026-07-14,23:00,04:00,No restriction,Yes
HWH-NJP,2026-07-15,23:00,04:00,No restriction,No
HWH-NJP,2026-07-16,23:00,04:00,"No block during peak hours 06:00-10:00,17:00-21:00",Yes
HWH-NJP,2026-07-17,23:00,04:00,No restriction,No
HWH-NJP,2026-07-18,23:00,05:00,No restriction,No
HWH-NJP,2026-07-19,23:00,05:00,Reduced window due to festival traffic,No
HWH-NJP,2026-07-20,23:00,04:00,"No block during peak hours 06:00-10:00,17:00-21:00",No
HWH-NJP,2026-07-21,23:00,04:00,No restriction,No
HWH-NJP,2026-07-22,23:00,04:00,"No block during peak hours 06:00-10:00,17:00-21:00",No
HWH-NJP,2026-07-23,23:00,04:00,No restriction,No
HWH-NJP,2026-07-24,23:00,04:00,No restriction,No
HWH-NJP,2026-07-25,23:00,05:00,No restriction,No
HWH-NJP,2026-07-26,23:00,05:00,No restriction,Yes
HWH-NJP,2026-07-27,23:00,04:00,No restriction,No
HWH-NJP,2026-07-28,23:00,04:00,Single line working only,No
HWH-NJP,2026-07-29,23:00,04:00,"No block during peak hours 06:00-10:00,17:00-21:00",No
HWH-NJP,2026-07-30,23:00,04:00,No restriction,Yes
HWH-NJP,2026-07-31,23:00,04:00,Reduced window due to festival traffic,Yes
HWH-NJP,2026-08-01,23:00,05:00,Reduced window due to festival traffic,Yes
HWH-NJP,2026-08-02,23:00,05:00,No restriction,No
HWH-NJP,2026-08-03,23:00,04:00,Max 1 block per night,No
HWH-NJP,2026-08-04,23:00,04:00,Max 1 block per night,No
HWH-NJP,2026-08-05,23:00,04:00,Single line working only,No
HWH-NJP,2026-08-06,23:00,04:00,No restriction,No
HWH-NJP,2026-08-07,23:00,04:00,No restriction,No
HWH-NJP,2026-08-08,23:00,05:00,Max 1 block per night,No
HWH-NJP,2026-08-09,23:00,05:00,No restriction,No
HWH-NJP,2026-08-10,23:00,04:00,No restriction,No
HWH-NJP,2026-08-11,23:00,04:00,No restriction,No
HWH-NJP,2026-08-12,23:00,04:00,Single line working only,No
HWH-NJP,2026-08-13,23:00,04:00,"No block during peak hours 06:00-10:00,17:00-21:00",Yes
HWH-NJP,2026-08-14,23:00,04:00,Single line working only,Yes
HWH-NJP,2026-08-15,23:00,05:00,No restriction,No
HWH-NJP,2026-08-16,23:00,05:00,No restriction,No
HWH-NJP,2026-08-17,23:00,04:00,No restriction,No
HWH-NJP,2026-08-18,23:00,04:00,Single line working only,No
HWH-NJP,2026-08-19,23:00,04:00,"No block during peak hours 06:00-10:00,17:00-21:00",Yes
HWH-NJP,2026-08-20,23:00,04:00,No restriction,No
HWH-NJP,2026-08-21,23:00,04:00,Single line working only,No
HWH-NJP,2026-08-22,23:00,05:00,Max 1 block per night,No
HWH-NJP,2026-08-23,23:00,05:00,No restriction,No
HWH-NJP,2026-08-24,23:00,04:00,No restriction,No
HWH-NJP,2026-08-25,23:00,04:00,Block suspended - VIP movement,No
HWH-NJP,2026-08-26,23:00,04:00,No restriction,No
HWH-NJP,2026-08-27,23:00,04:00,Max 1 block per night,No
HWH-NJP,2026-08-28,23:00,04:00,Max 1 block per night,Yes
HWH-NJP,2026-08-29,23:00,05:00,Max 1 block per night,No
HWH-NJP,2026-08-30,23:00,05:00,No restriction,Yes
HWH-NJP,2026-08-31,23:00,04:00,Reduced window due to festival traffic,No
HWH-NJP,2026-09-01,23:00,04:00,"No block during peak hours 06:00-10:00,17:00-21:00",No
HWH-NJP,2026-09-02,23:00,04:00,No restriction,No
HWH-NJP,2026-09-03,23:00,04:00,No restriction,Yes
HWH-NJP,2026-09-04,23:00,04:00,No restriction,Yes
HWH-NJP,2026-09-05,23:00,05:00,Single line working only,No
HWH-NJP,2026-09-06,23:00,05:00,Max 1 block per night,No
HWH-NJP,2026-09-07,23:00,04:00,Max 1 block per night,No
HWH-NJP,2026-09-08,23:00,04:00,Single line working only,No
HWH-NJP,2026-09-09,23:00,04:00,No restriction,No
HWH-NJP,2026-09-10,23:00,04:00,Single line working only,Yes
HWH-NJP,2026-09-11,23:00,04:00,No restriction,No
HWH-NJP,2026-09-12,23:00,05:00,Max 1 block per night,No
HWH-NJP,2026-09-13,23:00,05:00,No restriction,No
HWH-NJP,2026-09-14,23:00,04:00,Single line working only,Yes
HWH-NJP,2026-09-15,23:00,04:00,No restriction,No
HWH-NJP,2026-09-16,23:00,04:00,Reduced window due to festival traffic,No
HWH-NJP,2026-09-17,23:00,04:00,Single line working only,No
HWH-NJP,2026-09-18,23:00,04:00,Single line working only,No
HWH-NJP,2026-09-19,23:00,05:00,Single line working only,No
HWH-NJP,2026-09-20,23:00,05:00,No restriction,No
HWH-NJP,2026-09-21,23:00,04:00,No restriction,No
HWH-NJP,2026-09-22,23:00,04:00,"No block during peak hours 06:00-10:00,17:00-21:00",No
HWH-NJP,2026-09-23,23:00,04:00,Single line working only,No
HWH-NJP,2026-09-24,23:00,04:00,"No block during peak hours 06:00-10:00,17:00-21:00",No
HWH-NJP,2026-09-25,23:00,04:00,"No block during peak hours 06:00-10:00,17:00-21:00",No
HWH-NJP,2026-09-26,23:00,05:00,No restriction,No
HWH-NJP,2026-09-27,23:00,05:00,"No block during peak hours 06:00-10:00,17:00-21:00",No
HWH-NJP,2026-09-28,23:00,04:00,Block suspended - VIP movement,No
HWH-NJP,2026-09-29,23:00,04:00,No restriction,Yes
HWH-NJP,2026-09-30,23:00,04:00,Single line working only,No
HWH-NJP,2026-10-01,23:00,04:00,Max 1 block per night,No
HWH-NJP,2026-10-02,23:00,04:00,No restriction,Yes
HWH-NJP,2026-10-03,23:00,05:00,No restriction,No
HWH-NJP,2026-10-04,23:00,05:00,"No block during peak hours 06:00-10:00,17:00-21:00",No
HWH-NJP,2026-10-05,23:00,04:00,No restriction,No
HWH-NJP,2026-10-06,23:00,04:00,"No block during peak hours 06:00-10:00,17:00-21:00",Yes
HWH-NJP,2026-10-07,23:00,04:00,No restriction,Yes
HWH-NJP,2026-10-08,23:00,04:00,No restriction,No
HWH-NJP,2026-10-09,23:00,04:00,No restriction,No
HWH-NJP,2026-10-10,23:00,05:00,No restriction,No
HWH-NJP,2026-10-11,23:00,05:00,No restriction,Yes
HWH-NJP,2026-10-12,23:00,04:00,Block suspended - VIP movement,No
HWH-NJP,2026-10-13,23:00,04:00,Reduced window due to festival traffic,No
HWH-NJP,2026-10-14,23:00,04:00,"No block during peak hours 06:00-10:00,17:00-21:00",No
HWH-NJP,2026-10-15,23:00,04:00,Reduced window due to festival traffic,Yes
HWH-NJP,2026-10-16,23:00,04:00,Block suspended - VIP movement,No
HWH-NJP,2026-10-17,23:00,05:00,No restriction,No
HWH-NJP,2026-10-18,23:00,05:00,Max 1 block per night,No
HWH-NJP,2026-10-19,23:00,04:00,Block suspended - VIP movement,Yes
HWH-NJP,2026-10-20,23:00,04:00,Block suspended - VIP movement,Yes
HWH-NJP,2026-10-21,23:00,04:00,Block suspended - VIP movement,Yes
HWH-NJP,2026-10-22,23:00,04:00,No restriction,No
HWH-NJP,2026-10-23,23:00,04:00,No restriction,Yes
HWH-NJP,2026-10-24,23:00,05:00,No restriction,No
HWH-NJP,2026-10-25,23:00,05:00,Block suspended - VIP movement,Yes
HWH-NJP,2026-10-26,23:00,04:00,No restriction,No
HWH-NJP,2026-10-27,23:00,04:00,"No block during peak hours 06:00-10:00,17:00-21:00",Yes
HWH-NJP,2026-10-28,23:00,04:00,No restriction,Yes
HWH-NJP,2026-10-29,23:00,04:00,No restriction,No
HWH-NJP,2026-10-30,23:00,04:00,No restriction,No
HWH-NJP,2026-10-31,23:00,05:00,"No block during peak hours 06:00-10:00,17:00-21:00",No
HWH-NJP,2026-11-01,23:00,05:00,No restriction,Yes
HWH-NJP,2026-11-02,23:00,04:00,No restriction,No
HWH-NJP,2026-11-03,23:00,04:00,No restriction,No
HWH-NJP,2026-11-04,23:00,04:00,"No block during peak hours 06:00-10:00,17:00-21:00",No
HWH-NJP,2026-11-05,23:00,04:00,No restriction,Yes
HWH-NJP,2026-11-06,23:00,04:00,No restriction,Yes
HWH-NJP,2026-11-07,23:00,05:00,No restriction,No
HWH-NJP,2026-11-08,23:00,05:00,No restriction,No
HWH-NJP,2026-11-09,23:00,04:00,No restriction,Yes
HWH-NJP,2026-11-10,23:00,04:00,Single line working only,No
HWH-NJP,2026-11-11,23:00,04:00,"No block during peak hours 06:00-10:00,17:00-21:00",No
HWH-NJP,2026-11-12,23:00,04:00,Single line working only,Yes
HWH-NJP,2026-11-13,23:00,04:00,No restriction,No
HWH-NJP,2026-11-14,23:00,05:00,No restriction,Yes
HWH-NJP,2026-11-15,23:00,05:00,No restriction,No
HWH-NJP,2026-11-16,23:00,04:00,No restriction,No
HWH-NJP,2026-11-17,23:00,04:00,No restriction,No
HWH-NJP,2026-11-18,23:00,04:00,Single line working only,No
HWH-NJP,2026-11-19,23:00,04:00,No restriction,No
HWH-NJP,2026-11-20,23:00,04:00,No restriction,Yes
HWH-NJP,2026-11-21,23:00,05:00,Single line working only,Yes
HWH-NJP,2026-11-22,23:00,05:00,Single line working only,No
HWH-NJP,2026-11-23,23:00,04:00,"No block during peak hours 06:00-10:00,17:00-21:00",Yes
HWH-NJP,2026-11-24,23:00,04:00,"No block during peak hours 06:00-10:00,17:00-21:00",Yes
HWH-NJP,2026-11-25,23:00,04:00,"No block during peak hours 06:00-10:00,17:00-21:00",Yes
HWH-NJP,2026-11-26,23:00,04:00,No restriction,Yes
HWH-NJP,2026-11-27,23:00,04:00,No restriction,Yes
HWH-NJP,2026-11-28,23:00,05:00,Block suspended - VIP movement,No
HWH-NJP,2026-11-29,23:00,05:00,No restriction,No
HWH-NJP,2026-11-30,23:00,04:00,Max 1 block per night,No
HWH-NJP,2026-12-01,23:00,04:00,No restriction,No
HWH-NJP,2026-12-02,23:00,04:00,No restriction,Yes
HWH-NJP,2026-12-03,23:00,04:00,No restriction,No
HWH-NJP,2026-12-04,23:00,04:00,Reduced window due to festival traffic,Yes
HWH-NJP,2026-12-05,23:00,05:00,"No block during peak hours 06:00-10:00,17:00-21:00",Yes
HWH-NJP,2026-12-06,23:00,05:00,No restriction,No
HWH-NJP,2026-12-07,23:00,04:00,No restriction,No
HWH-NJP,2026-12-08,23:00,04:00,Reduced window due to festival traffic,No
HWH-NJP,2026-12-09,23:00,04:00,No restriction,No
HWH-NJP,2026-12-10,23:00,04:00,No restriction,No
HWH-NJP,2026-12-11,23:00,04:00,Reduced window due to festival traffic,No
HWH-NJP,2026-12-12,23:00,05:00,Single line working only,Yes
HWH-NJP,2026-12-13,23:00,05:00,No restriction,Yes
HWH-NJP,2026-12-14,23:00,04:00,Single line working only,Yes
HWH-NJP,2026-12-15,23:00,04:00,Max 1 block per night,Yes
HWH-NJP,2026-12-16,23:00,04:00,"No block during peak hours 06:00-10:00,17:00-21:00",No
HWH-NJP,2026-12-17,23:00,04:00,"No block during peak hours 06:00-10:00,17:00-21:00",Yes
HWH-NJP,2026-12-18,23:00,04:00,"No block during peak hours 06:00-10:00,17:00-21:00",No
HWH-NJP,2026-12-19,23:00,05:00,No restriction,No
HWH-NJP,2026-12-20,23:00,05:00,Reduced window due to festival traffic,Yes
HWH-NJP,2026-12-21,23:00,04:00,Block suspended - VIP movement,No
HWH-NJP,2026-12-22,23:00,04:00,Max 1 block per night,No
HWH-NJP,2026-12-23,23:00,04:00,No restriction,No
HWH-NJP,2026-12-24,23:00,04:00,No restriction,Yes
HWH-NJP,2026-12-25,23:00,04:00,No restriction,No
HWH-NJP,2026-12-26,23:00,05:00,No restriction,Yes
HWH-NJP,2026-12-27,23:00,05:00,"No block during peak hours 06:00-10:00,17:00-21:00",Yes
HWH-NJP,2026-12-28,23:00,04:00,No restriction,Yes
HWH-NJP,2026-12-29,23:00,04:00,"No block during peak hours 06:00-10:00,17:00-21:00",No
HWH-NJP,2026-12-30,23:00,04:00,No restriction,No
HWH-NJP,2026-12-31,23:00,04:00,"No block during peak hours 06:00-10:00,17:00-21:00",No
NJP-GHY,2026-01-01,23:00,04:00,Single line working only,No
NJP-GHY,2026-01-02,23:00,04:00,"No block during peak hours 06:00-10:00,17:00-21:00",No
NJP-GHY,2026-01-03,23:00,05:00,No restriction,Yes
NJP-GHY,2026-01-04,23:00,05:00,No restriction,No
NJP-GHY,2026-01-05,23:00,04:00,Max 1 block per night,Yes
NJP-GHY,2026-01-06,23:00,04:00,No restriction,Yes
NJP-GHY,2026-01-07,23:00,04:00,Reduced window due to festival traffic,No
NJP-GHY,2026-01-08,23:00,04:00,No restriction,No
NJP-GHY,2026-01-09,23:00,04:00,"No block during peak hours 06:00-10:00,17:00-21:00",Yes
NJP-GHY,2026-01-10,23:00,05:00,No restriction,No
NJP-GHY,2026-01-11,23:00,05:00,No restriction,No
NJP-GHY,2026-01-12,23:00,04:00,No restriction,Yes
NJP-GHY,2026-01-13,23:00,04:00,Reduced window due to festival traffic,No
NJP-GHY,2026-01-14,23:00,04:00,No restriction,Yes
NJP-GHY,2026-01-15,23:00,04:00,No restriction,No
NJP-GHY,2026-01-16,23:00,04:00,Max 1 block per night,No
NJP-GHY,2026-01-17,23:00,05:00,No restriction,No
NJP-GHY,2026-01-18,23:00,05:00,Reduced window due to festival traffic,Yes
NJP-GHY,2026-01-19,23:00,04:00,"No block during peak hours 06:00-10:00,17:00-21:00",No
NJP-GHY,2026-01-20,23:00,04:00,Max 1 block per night,No
NJP-GHY,2026-01-21,23:00,04:00,No restriction,No
NJP-GHY,2026-01-22,23:00,04:00,No restriction,No
NJP-GHY,2026-01-23,23:00,04:00,Reduced window due to festival traffic,Yes
NJP-GHY,2026-01-24,23:00,05:00,"No block during peak hours 06:00-10:00,17:00-21:00",Yes
NJP-GHY,2026-01-25,23:00,05:00,"No block during peak hours 06:00-10:00,17:00-21:00",No
NJP-GHY,2026-01-26,23:00,04:00,"No block during peak hours 06:00-10:00,17:00-21:00",No
NJP-GHY,2026-01-27,23:00,04:00,No restriction,No
NJP-GHY,2026-01-28,23:00,04:00,Block suspended - VIP movement,No
NJP-GHY,2026-01-29,23:00,04:00,"No block during peak hours 06:00-10:00,17:00-21:00",No
NJP-GHY,2026-01-30,23:00,04:00,No restriction,Yes
NJP-GHY,2026-01-31,23:00,05:00,No restriction,Yes
NJP-GHY,2026-02-01,23:00,05:00,Single line working only,No
NJP-GHY,2026-02-02,23:00,04:00,Single line working only,Yes
NJP-GHY,2026-02-03,23:00,04:00,No restriction,No
NJP-GHY,2026-02-04,23:00,04:00,Single line working only,Yes
NJP-GHY,2026-02-05,23:00,04:00,Reduced window due to festival traffic,Yes
NJP-GHY,2026-02-06,23:00,04:00,No restriction,No
NJP-GHY,2026-02-07,23:00,05:00,"No block during peak hours 06:00-10:00,17:00-21:00",No
NJP-GHY,2026-02-08,23:00,05:00,"No block during peak hours 06:00-10:00,17:00-21:00",No
NJP-GHY,2026-02-09,23:00,04:00,Block suspended - VIP movement,No
NJP-GHY,2026-02-10,23:00,04:00,Block suspended - VIP movement,Yes
NJP-GHY,2026-02-11,23:00,04:00,No restriction,Yes
NJP-GHY,2026-02-12,23:00,04:00,Single line working only,Yes
NJP-GHY,2026-02-13,23:00,04:00,Max 1 block per night,No
NJP-GHY,2026-02-14,23:00,05:00,Single line working only,No
NJP-GHY,2026-02-15,23:00,05:00,Block suspended - VIP movement,No
NJP-GHY,2026-02-16,23:00,04:00,Block suspended - VIP movement,No
NJP-GHY,2026-02-17,23:00,04:00,"No block during peak hours 06:00-10:00,17:00-21:00",Yes
NJP-GHY,2026-02-18,23:00,04:00,No restriction,No
NJP-GHY,2026-02-19,23:00,04:00,No restriction,Yes
NJP-GHY,2026-02-20,23:00,04:00,Max 1 block per night,Yes
NJP-GHY,2026-02-21,23:00,05:00,No restriction,No
NJP-GHY,2026-02-22,23:00,05:00,No restriction,No
NJP-GHY,2026-02-23,23:00,04:00,No restriction,Yes
NJP-GHY,2026-02-24,23:00,04:00,Single line working only,No
NJP-GHY,2026-02-25,23:00,04:00,No restriction,No
NJP-GHY,2026-02-26,23:00,04:00,Block suspended - VIP movement,Yes
NJP-GHY,2026-02-27,23:00,04:00,Single line working only,No
NJP-GHY,2026-02-28,23:00,05:00,No restriction,No
NJP-GHY,2026-03-01,23:00,05:00,Single line working only,No
NJP-GHY,2026-03-02,23:00,04:00,No restriction,No
NJP-GHY,2026-03-03,23:00,04:00,No restriction,No
NJP-GHY,2026-03-04,23:00,04:00,No restriction,No
NJP-GHY,2026-03-05,23:00,04:00,Max 1 block per night,Yes
NJP-GHY,2026-03-06,23:00,04:00,No restriction,No
NJP-GHY,2026-03-07,23:00,05:00,"No block during peak hours 06:00-10:00,17:00-21:00",No
NJP-GHY,2026-03-08,23:00,05:00,Max 1 block per night,No
NJP-GHY,2026-03-09,23:00,04:00,No restriction,No
NJP-GHY,2026-03-10,23:00,04:00,No restriction,Yes
NJP-GHY,2026-03-11,23:00,04:00,"No block during peak hours 06:00-10:00,17:00-21:00",No
NJP-GHY,2026-03-12,23:00,04:00,Max 1 block per night,Yes
NJP-GHY,2026-03-13,23:00,04:00,No restriction,Yes
NJP-GHY,2026-03-14,23:00,05:00,"No block during peak hours 06:00-10:00,17:00-21:00",Yes
NJP-GHY,2026-03-15,23:00,05:00,Max 1 block per night,Yes
NJP-GHY,2026-03-16,23:00,04:00,"No block during peak hours 06:00-10:00,17:00-21:00",No
NJP-GHY,2026-03-17,23:00,04:00,Block suspended - VIP movement,Yes
NJP-GHY,2026-03-18,23:00,04:00,No restriction,No
NJP-GHY,2026-03-19,23:00,04:00,No restriction,Yes
NJP-GHY,2026-03-20,23:00,04:00,No restriction,Yes
NJP-GHY,2026-03-21,23:00,05:00,No restriction,Yes
NJP-GHY,2026-03-22,23:00,05:00,"No block during peak hours 06:00-10:00,17:00-21:00",No
NJP-GHY,2026-03-23,23:00,04:00,Single line working only,No
NJP-GHY,2026-03-24,23:00,04:00,Single line working only,No
NJP-GHY,2026-03-25,23:00,04:00,No restriction,No
NJP-GHY,2026-03-26,23:00,04:00,Block suspended - VIP movement,No
NJP-GHY,2026-03-27,23:00,04:00,Max 1 block per night,No
NJP-GHY,2026-03-28,23:00,05:00,No restriction,Yes
NJP-GHY,2026-03-29,23:00,05:00,No restriction,No
NJP-GHY,2026-03-30,23:00,04:00,No restriction,No
NJP-GHY,2026-03-31,23:00,04:00,No restriction,No
NJP-GHY,2026-04-01,23:00,04:00,No restriction,Yes
NJP-GHY,2026-04-02,23:00,04:00,Single line working only,Yes
NJP-GHY,2026-04-03,23:00,04:00,No restriction,Yes
NJP-GHY,2026-04-04,23:00,05:00,No restriction,No
NJP-GHY,2026-04-05,23:00,05:00,Single line working only,No
NJP-GHY,2026-04-06,23:00,04:00,Reduced window due to festival traffic,Yes
NJP-GHY,2026-04-07,23:00,04:00,No restriction,No
NJP-GHY,2026-04-08,23:00,04:00,Single line working only,No
NJP-GHY,2026-04-09,23:00,04:00,"No block during peak hours 06:00-10:00,17:00-21:00",No
NJP-GHY,2026-04-10,23:00,04:00,No restriction,No
NJP-GHY,2026-04-11,23:00,05:00,No restriction,Yes
NJP-GHY,2026-04-12,23:00,05:00,Single line working only,No
NJP-GHY,2026-04-13,23:00,04:00,Max 1 block per night,No
NJP-GHY,2026-04-14,23:00,04:00,No restriction,No
NJP-GHY,2026-04-15,23:00,04:00,Single line working only,No
NJP-GHY,2026-04-16,23:00,04:00,No restriction,Yes
NJP-GHY,2026-04-17,23:00,04:00,"No block during peak hours 06:00-10:00,17:00-21:00",Yes
NJP-GHY,2026-04-18,23:00,05:00,No restriction,No
NJP-GHY,2026-04-19,23:00,05:00,Reduced window due to festival traffic,No
NJP-GHY,2026-04-20,23:00,04:00,No restriction,Yes
NJP-GHY,2026-04-21,23:00,04:00,"No block during peak hours 06:00-10:00,17:00-21:00",Yes
NJP-GHY,2026-04-22,23:00,04:00,No restriction,No
NJP-GHY,2026-04-23,23:00,04:00,"No block during peak hours 06:00-10:00,17:00-21:00",No
NJP-GHY,2026-04-24,23:00,04:00,"No block during peak hours 06:00-10:00,17:00-21:00",No
NJP-GHY,2026-04-25,23:00,05:00,No restriction,Yes
NJP-GHY,2026-04-26,23:00,05:00,No restriction,No
NJP-GHY,2026-04-27,23:00,04:00,Single line working only,No
NJP-GHY,2026-04-28,23:00,04:00,No restriction,No
NJP-GHY,2026-04-29,23:00,04:00,"No block during peak hours 06:00-10:00,17:00-21:00",No
NJP-GHY,2026-04-30,23:00,04:00,No restriction,No
NJP-GHY,2026-05-01,23:00,04:00,Max 1 block per night,No
NJP-GHY,2026-05-02,23:00,05:00,Reduced window due to festival traffic,No
NJP-GHY,2026-05-03,23:00,05:00,No restriction,No
NJP-GHY,2026-05-04,23:00,04:00,Single line working only,Yes
NJP-GHY,2026-05-05,23:00,04:00,No restriction,No
NJP-GHY,2026-05-06,23:00,04:00,No restriction,No
NJP-GHY,2026-05-07,23:00,04:00,"No block during peak hours 06:00-10:00,17:00-21:00",No
NJP-GHY,2026-05-08,23:00,04:00,Single line working only,Yes
NJP-GHY,2026-05-09,23:00,05:00,Single line working only,No
NJP-GHY,2026-05-10,23:00,05:00,Max 1 block per night,No
NJP-GHY,2026-05-11,23:00,04:00,No restriction,No
NJP-GHY,2026-05-12,23:00,04:00,No restriction,No
NJP-GHY,2026-05-13,23:00,04:00,No restriction,No
NJP-GHY,2026-05-14,23:00,04:00,No restriction,No
NJP-GHY,2026-05-15,23:00,04:00,Single line working only,No
NJP-GHY,2026-05-16,23:00,05:00,No restriction,No
NJP-GHY,2026-05-17,23:00,05:00,No restriction,Yes
NJP-GHY,2026-05-18,23:00,04:00,Single line working only,No
NJP-GHY,2026-05-19,23:00,04:00,No restriction,Yes
NJP-GHY,2026-05-20,23:00,04:00,No restriction,No
NJP-GHY,2026-05-21,23:00,04:00,Reduced window due to festival traffic,Yes
NJP-GHY,2026-05-22,23:00,04:00,"No block during peak hours 06:00-10:00,17:00-21:00",Yes
NJP-GHY,2026-05-23,23:00,05:00,Reduced window due to festival traffic,No
NJP-GHY,2026-05-24,23:00,05:00,No restriction,Yes
NJP-GHY,2026-05-25,23:00,04:00,No restriction,No
NJP-GHY,2026-05-26,23:00,04:00,Block suspended - VIP movement,Yes
NJP-GHY,2026-05-27,23:00,04:00,No restriction,No
NJP-GHY,2026-05-28,23:00,04:00,Single line working only,No
NJP-GHY,2026-05-29,23:00,04:00,Single line working only,No
NJP-GHY,2026-05-30,23:00,05:00,No restriction,No
NJP-GHY,2026-05-31,23:00,05:00,No restriction,No
NJP-GHY,2026-06-01,23:00,04:00,Single line working only,No
NJP-GHY,2026-06-02,23:00,04:00,Single line working only,Yes
NJP-GHY,2026-06-03,23:00,04:00,"No block during peak hours 06:00-10:00,17:00-21:00",Yes
NJP-GHY,2026-06-04,23:00,04:00,Reduced window due to festival traffic,No
NJP-GHY,2026-06-05,23:00,04:00,No restriction,No
NJP-GHY,2026-06-06,23:00,05:00,No restriction,No
NJP-GHY,2026-06-07,23:00,05:00,No restriction,No
NJP-GHY,2026-06-08,23:00,04:00,No restriction,No
NJP-GHY,2026-06-09,23:00,04:00,No restriction,No
NJP-GHY,2026-06-10,23:00,04:00,No restriction,No
NJP-GHY,2026-06-11,23:00,04:00,"No block during peak hours 06:00-10:00,17:00-21:00",No
NJP-GHY,2026-06-12,23:00,04:00,No restriction,Yes
NJP-GHY,2026-06-13,23:00,05:00,"No block during peak hours 06:00-10:00,17:00-21:00",No
NJP-GHY,2026-06-14,23:00,05:00,No restriction,Yes
NJP-GHY,2026-06-15,23:00,04:00,Max 1 block per night,No
NJP-GHY,2026-06-16,23:00,04:00,"No block during peak hours 06:00-10:00,17:00-21:00",No
NJP-GHY,2026-06-17,23:00,04:00,"No block during peak hours 06:00-10:00,17:00-21:00",Yes
NJP-GHY,2026-06-18,23:00,04:00,No restriction,No
NJP-GHY,2026-06-19,23:00,04:00,No restriction,No
NJP-GHY,2026-06-20,23:00,05:00,No restriction,No
NJP-GHY,2026-06-21,23:00,05:00,"No block during peak hours 06:00-10:00,17:00-21:00",No
NJP-GHY,2026-06-22,23:00,04:00,No restriction,Yes
NJP-GHY,2026-06-23,23:00,04:00,No restriction,Yes
NJP-GHY,2026-06-24,23:00,04:00,"No block during peak hours 06:00-10:00,17:00-21:00",No
NJP-GHY,2026-06-25,23:00,04:00,Max 1 block per night,No
NJP-GHY,2026-06-26,23:00,04:00,No restriction,Yes
NJP-GHY,2026-06-27,23:00,05:00,No restriction,No
NJP-GHY,2026-06-28,23:00,05:00,Single line working only,No
NJP-GHY,2026-06-29,23:00,04:00,No restriction,No
NJP-GHY,2026-06-30,23:00,04:00,Reduced window due to festival traffic,No
NJP-GHY,2026-07-01,23:00,04:00,No restriction,Yes
NJP-GHY,2026-07-02,23:00,04:00,Max 1 block per night,No
NJP-GHY,2026-07-03,23:00,04:00,"No block during peak hours 06:00-10:00,17:00-21:00",No
NJP-GHY,2026-07-04,23:00,05:00,Single line working only,No
NJP-GHY,2026-07-05,23:00,05:00,No restriction,No
NJP-GHY,2026-07-06,23:00,04:00,Single line working only,No
NJP-GHY,2026-07-07,23:00,04:00,No restriction,No
NJP-GHY,2026-07-08,23:00,04:00,No restriction,Yes
NJP-GHY,2026-07-09,23:00,04:00,No restriction,Yes
NJP-GHY,2026-07-10,23:00,04:00,Single line working only,No
NJP-GHY,2026-07-11,23:00,05:00,"No block during peak hours 06:00-10:00,17:00-21:00",No
NJP-GHY,2026-07-12,23:00,05:00,No restriction,No
NJP-GHY,2026-07-13,23:00,04:00,No restriction,No
NJP-GHY,2026-07-14,23:00,04:00,No restriction,No
NJP-GHY,2026-07-15,23:00,04:00,No restriction,No
NJP-GHY,2026-07-16,23:00,04:00,Reduced window due to festival traffic,Yes
NJP-GHY,2026-07-17,23:00,04:00,Reduced window due to festival traffic,No
NJP-GHY,2026-07-18,23:00,05:00,Max 1 block per night,No
NJP-GHY,2026-07-19,23:00,05:00,No restriction,No
NJP-GHY,2026-07-20,23:00,04:00,"No block during peak hours 06:00-10:00,17:00-21:00",Yes
NJP-GHY,2026-07-21,23:00,04:00,"No block during peak hours 06:00-10:00,17:00-21:00",No
NJP-GHY,2026-07-22,23:00,04:00,No restriction,Yes
NJP-GHY,2026-07-23,23:00,04:00,No restriction,Yes
NJP-GHY,2026-07-24,23:00,04:00,Reduced window due to festival traffic,No
NJP-GHY,2026-07-25,23:00,05:00,Single line working only,Yes
NJP-GHY,2026-07-26,23:00,05:00,No restriction,No
NJP-GHY,2026-07-27,23:00,04:00,Block suspended - VIP movement,No
NJP-GHY,2026-07-28,23:00,04:00,Reduced window due to festival traffic,No
NJP-GHY,2026-07-29,23:00,04:00,"No block during peak hours 06:00-10:00,17:00-21:00",Yes
NJP-GHY,2026-07-30,23:00,04:00,Single line working only,Yes
NJP-GHY,2026-07-31,23:00,04:00,Single line working only,No
NJP-GHY,2026-08-01,23:00,05:00,"No block during peak hours 06:00-10:00,17:00-21:00",No
NJP-GHY,2026-08-02,23:00,05:00,No restriction,No
NJP-GHY,2026-08-03,23:00,04:00,"No block during peak hours 06:00-10:00,17:00-21:00",Yes
NJP-GHY,2026-08-04,23:00,04:00,Single line working only,No
NJP-GHY,2026-08-05,23:00,04:00,Max 1 block per night,No
NJP-GHY,2026-08-06,23:00,04:00,No restriction,Yes
NJP-GHY,2026-08-07,23:00,04:00,No restriction,No
NJP-GHY,2026-08-08,23:00,05:00,No restriction,Yes
NJP-GHY,2026-08-09,23:00,05:00,Max 1 block per night,Yes
NJP-GHY,2026-08-10,23:00,04:00,No restriction,Yes
NJP-GHY,2026-08-11,23:00,04:00,Single line working only,No
NJP-GHY,2026-08-12,23:00,04:00,No restriction,Yes
NJP-GHY,2026-08-13,23:00,04:00,Single line working only,Yes
NJP-GHY,2026-08-14,23:00,04:00,Max 1 block per night,Yes
NJP-GHY,2026-08-15,23:00,05:00,No restriction,No
NJP-GHY,2026-08-16,23:00,05:00,No restriction,No
NJP-GHY,2026-08-17,23:00,04:00,Single line working only,Yes
NJP-GHY,2026-08-18,23:00,04:00,"No block during peak hours 06:00-10:00,17:00-21:00",No
NJP-GHY,2026-08-19,23:00,04:00,No restriction,No
NJP-GHY,2026-08-20,23:00,04:00,"No block during peak hours 06:00-10:00,17:00-21:00",No
NJP-GHY,2026-08-21,23:00,04:00,Single line working only,No
NJP-GHY,2026-08-22,23:00,05:00,"No block during peak hours 06:00-10:00,17:00-21:00",No
NJP-GHY,2026-08-23,23:00,05:00,No restriction,No
NJP-GHY,2026-08-24,23:00,04:00,No restriction,No
NJP-GHY,2026-08-25,23:00,04:00,No restriction,No
NJP-GHY,2026-08-26,23:00,04:00,"No block during peak hours 06:00-10:00,17:00-21:00",No
NJP-GHY,2026-08-27,23:00,04:00,No restriction,Yes
NJP-GHY,2026-08-28,23:00,04:00,No restriction,No
NJP-GHY,2026-08-29,23:00,05:00,"No block during peak hours 06:00-10:00,17:00-21:00",No
NJP-GHY,2026-08-30,23:00,05:00,No restriction,No
NJP-GHY,2026-08-31,23:00,04:00,No restriction,No
NJP-GHY,2026-09-01,23:00,04:00,No restriction,Yes
NJP-GHY,2026-09-02,23:00,04:00,Reduced window due to festival traffic,Yes
NJP-GHY,2026-09-03,23:00,04:00,Reduced window due to festival traffic,No
NJP-GHY,2026-09-04,23:00,04:00,Single line working only,No
NJP-GHY,2026-09-05,23:00,05:00,Max 1 block per night,Yes
NJP-GHY,2026-09-06,23:00,05:00,No restriction,No
NJP-GHY,2026-09-07,23:00,04:00,No restriction,Yes
NJP-GHY,2026-09-08,23:00,04:00,No restriction,No
NJP-GHY,2026-09-09,23:00,04:00,Single line working only,Yes
NJP-GHY,2026-09-10,23:00,04:00,No restriction,No
NJP-GHY,2026-09-11,23:00,04:00,No restriction,Yes
NJP-GHY,2026-09-12,23:00,05:00,No restriction,No
NJP-GHY,2026-09-13,23:00,05:00,Single line working only,Yes
NJP-GHY,2026-09-14,23:00,04:00,Reduced window due to festival traffic,No
NJP-GHY,2026-09-15,23:00,04:00,Single line working only,No
NJP-GHY,2026-09-16,23:00,04:00,No restriction,No
NJP-GHY,2026-09-17,23:00,04:00,No restriction,No
NJP-GHY,2026-09-18,23:00,04:00,No restriction,No
NJP-GHY,2026-09-19,23:00,05:00,No restriction,No
NJP-GHY,2026-09-20,23:00,05:00,No restriction,No
NJP-GHY,2026-09-21,23:00,04:00,"No block during peak hours 06:00-10:00,17:00-21:00",No
NJP-GHY,2026-09-22,23:00,04:00,Single line working only,Yes
NJP-GHY,2026-09-23,23:00,04:00,No restriction,No
NJP-GHY,2026-09-24,23:00,04:00,Block suspended - VIP movement,No
NJP-GHY,2026-09-25,23:00,04:00,Single line working only,No
NJP-GHY,2026-09-26,23:00,05:00,"No block during peak hours 06:00-10:00,17:00-21:00",Yes
NJP-GHY,2026-09-27,23:00,05:00,"No block during peak hours 06:00-10:00,17:00-21:00",Yes
NJP-GHY,2026-09-28,23:00,04:00,Block suspended - VIP movement,Yes
NJP-GHY,2026-09-29,23:00,04:00,No restriction,No
NJP-GHY,2026-09-30,23:00,04:00,No restriction,No
NJP-GHY,2026-10-01,23:00,04:00,Max 1 block per night,No
NJP-GHY,2026-10-02,23:00,04:00,Max 1 block per night,No
NJP-GHY,2026-10-03,23:00,05:00,No restriction,Yes
NJP-GHY,2026-10-04,23:00,05:00,No restriction,No
NJP-GHY,2026-10-05,23:00,04:00,No restriction,Yes
NJP-GHY,2026-10-06,23:00,04:00,No restriction,No
NJP-GHY,2026-10-07,23:00,04:00,Single line working only,No
NJP-GHY,2026-10-08,23:00,04:00,Single line working only,No
NJP-GHY,2026-10-09,23:00,04:00,Max 1 block per night,Yes
NJP-GHY,2026-10-10,23:00,05:00,No restriction,Yes
NJP-GHY,2026-10-11,23:00,05:00,Max 1 block per night,No
NJP-GHY,2026-10-12,23:00,04:00,Max 1 block per night,No
NJP-GHY,2026-10-13,23:00,04:00,Single line working only,No
NJP-GHY,2026-10-14,23:00,04:00,Block suspended - VIP movement,No
NJP-GHY,2026-10-15,23:00,04:00,"No block during peak hours 06:00-10:00,17:00-21:00",No
NJP-GHY,2026-10-16,23:00,04:00,"No block during peak hours 06:00-10:00,17:00-21:00",No
NJP-GHY,2026-10-17,23:00,05:00,Single line working only,No
NJP-GHY,2026-10-18,23:00,05:00,No restriction,No
NJP-GHY,2026-10-19,23:00,04:00,No restriction,Yes
NJP-GHY,2026-10-20,23:00,04:00,No restriction,Yes
NJP-GHY,2026-10-21,23:00,04:00,Reduced window due to festival traffic,Yes
NJP-GHY,2026-10-22,23:00,04:00,"No block during peak hours 06:00-10:00,17:00-21:00",No
NJP-GHY,2026-10-23,23:00,04:00,No restriction,No
NJP-GHY,2026-10-24,23:00,05:00,No restriction,Yes
NJP-GHY,2026-10-25,23:00,05:00,"No block during peak hours 06:00-10:00,17:00-21:00",Yes
NJP-GHY,2026-10-26,23:00,04:00,No restriction,No
NJP-GHY,2026-10-27,23:00,04:00,No restriction,No
NJP-GHY,2026-10-28,23:00,04:00,"No block during peak hours 06:00-10:00,17:00-21:00",No
NJP-GHY,2026-10-29,23:00,04:00,No restriction,Yes
NJP-GHY,2026-10-30,23:00,04:00,No restriction,Yes
NJP-GHY,2026-10-31,23:00,05:00,"No block during peak hours 06:00-10:00,17:00-21:00",No
NJP-GHY,2026-11-01,23:00,05:00,No restriction,No
NJP-GHY,2026-11-02,23:00,04:00,No restriction,Yes
NJP-GHY,2026-11-03,23:00,04:00,Single line working only,No
NJP-GHY,2026-11-04,23:00,04:00,"No block during peak hours 06:00-10:00,17:00-21:00",No
NJP-GHY,2026-11-05,23:00,04:00,Single line working only,No
NJP-GHY,2026-11-06,23:00,04:00,Single line working only,Yes
NJP-GHY,2026-11-07,23:00,05:00,No restriction,No
NJP-GHY,2026-11-08,23:00,05:00,Max 1 block per night,No
NJP-GHY,2026-11-09,23:00,04:00,Single line working only,No
NJP-GHY,2026-11-10,23:00,04:00,No restriction,Yes
NJP-GHY,2026-11-11,23:00,04:00,No restriction,Yes
NJP-GHY,2026-11-12,23:00,04:00,No restriction,No
NJP-GHY,2026-11-13,23:00,04:00,No restriction,No
NJP-GHY,2026-11-14,23:00,05:00,Single line working only,No
NJP-GHY,2026-11-15,23:00,05:00,No restriction,Yes
NJP-GHY,2026-11-16,23:00,04:00,Max 1 block per night,No
NJP-GHY,2026-11-17,23:00,04:00,Max 1 block per night,Yes
NJP-GHY,2026-11-18,23:00,04:00,Single line working only,No
NJP-GHY,2026-11-19,23:00,04:00,No restriction,No
NJP-GHY,2026-11-20,23:00,04:00,Single line working only,No
NJP-GHY,2026-11-21,23:00,05:00,No restriction,No
NJP-GHY,2026-11-22,23:00,05:00,No restriction,No
NJP-GHY,2026-11-23,23:00,04:00,No restriction,No
NJP-GHY,2026-11-24,23:00,04:00,No restriction,No
NJP-GHY,2026-11-25,23:00,04:00,"No block during peak hours 06:00-10:00,17:00-21:00",No
NJP-GHY,2026-11-26,23:00,04:00,Reduced window due to festival traffic,No
NJP-GHY,2026-11-27,23:00,04:00,Reduced window due to festival traffic,No
NJP-GHY,2026-11-28,23:00,05:00,No restriction,No
NJP-GHY,2026-11-29,23:00,05:00,No restriction,No
NJP-GHY,2026-11-30,23:00,04:00,No restriction,Yes
NJP-GHY,2026-12-01,23:00,04:00,No restriction,No
NJP-GHY,2026-12-02,23:00,04:00,No restriction,No
NJP-GHY,2026-12-03,23:00,04:00,Max 1 block per night,No
NJP-GHY,2026-12-04,23:00,04:00,Max 1 block per night,Yes
NJP-GHY,2026-12-05,23:00,05:00,Max 1 block per night,No
NJP-GHY,2026-12-06,23:00,05:00,Max 1 block per night,No
NJP-GHY,2026-12-07,23:00,04:00,Block suspended - VIP movement,No
NJP-GHY,2026-12-08,23:00,04:00,No restriction,Yes
NJP-GHY,2026-12-09,23:00,04:00,No restriction,No
NJP-GHY,2026-12-10,23:00,04:00,"No block during peak hours 06:00-10:00,17:00-21:00",Yes
NJP-GHY,2026-12-11,23:00,04:00,No restriction,No
NJP-GHY,2026-12-12,23:00,05:00,No restriction,No
NJP-GHY,2026-12-13,23:00,05:00,Reduced window due to festival traffic,No
NJP-GHY,2026-12-14,23:00,04:00,Max 1 block per night,Yes
NJP-GHY,2026-12-15,23:00,04:00,Block suspended - VIP movement,No
NJP-GHY,2026-12-16,23:00,04:00,Reduced window due to festival traffic,No
NJP-GHY,2026-12-17,23:00,04:00,Single line working only,No
NJP-GHY,2026-12-18,23:00,04:00,Block suspended - VIP movement,No
NJP-GHY,2026-12-19,23:00,05:00,No restriction,No
NJP-GHY,2026-12-20,23:00,05:00,No restriction,No
NJP-GHY,2026-12-21,23:00,04:00,Reduced window due to festival traffic,No
NJP-GHY,2026-12-22,23:00,04:00,No restriction,Yes
NJP-GHY,2026-12-23,23:00,04:00,No restriction,No
NJP-GHY,2026-12-24,23:00,04:00,No restriction,No
NJP-GHY,2026-12-25,23:00,04:00,Reduced window due to festival traffic,Yes
NJP-GHY,2026-12-26,23:00,05:00,Block suspended - VIP movement,No
NJP-GHY,2026-12-27,23:00,05:00,Max 1 block per night,Yes
NJP-GHY,2026-12-28,23:00,04:00,No restriction,No
NJP-GHY,2026-12-29,23:00,04:00,Max 1 block per night,Yes
NJP-GHY,2026-12-30,23:00,04:00,"No block during peak hours 06:00-10:00,17:00-21:00",No
NJP-GHY,2026-12-31,23:00,04:00,Max 1 block per night,No
SBC-MAS,2026-01-01,23:00,03:00,No restriction,No
SBC-MAS,2026-01-02,23:00,03:00,No restriction,No
SBC-MAS,2026-01-03,23:00,04:00,"No block during peak hours 06:00-10:00,17:00-21:00",No
SBC-MAS,2026-01-04,23:00,04:00,Max 1 block per night,Yes
SBC-MAS,2026-01-05,23:00,03:00,"No block during peak hours 06:00-10:00,17:00-21:00",No
SBC-MAS,2026-01-06,23:00,03:00,Max 1 block per night,Yes
SBC-MAS,2026-01-07,23:00,03:00,"No block during peak hours 06:00-10:00,17:00-21:00",No
SBC-MAS,2026-01-08,23:00,03:00,Single line working only,No
SBC-MAS,2026-01-09,23:00,03:00,Max 1 block per night,Yes
SBC-MAS,2026-01-10,23:00,04:00,"No block during peak hours 06:00-10:00,17:00-21:00",No
SBC-MAS,2026-01-11,23:00,04:00,Max 1 block per night,Yes
SBC-MAS,2026-01-12,23:00,03:00,Reduced window due to festival traffic,No
SBC-MAS,2026-01-13,23:00,03:00,"No block during peak hours 06:00-10:00,17:00-21:00",No
SBC-MAS,2026-01-14,23:00,03:00,"No block during peak hours 06:00-10:00,17:00-21:00",No
SBC-MAS,2026-01-15,23:00,03:00,Max 1 block per night,Yes
SBC-MAS,2026-01-16,23:00,03:00,"No block during peak hours 06:00-10:00,17:00-21:00",No
SBC-MAS,2026-01-17,23:00,04:00,No restriction,No
SBC-MAS,2026-01-18,23:00,04:00,No restriction,Yes
SBC-MAS,2026-01-19,23:00,03:00,"No block during peak hours 06:00-10:00,17:00-21:00",No
SBC-MAS,2026-01-20,23:00,03:00,Max 1 block per night,Yes
SBC-MAS,2026-01-21,23:00,03:00,"No block during peak hours 06:00-10:00,17:00-21:00",Yes
SBC-MAS,2026-01-22,23:00,03:00,"No block during peak hours 06:00-10:00,17:00-21:00",Yes
SBC-MAS,2026-01-23,23:00,03:00,"No block during peak hours 06:00-10:00,17:00-21:00",No
SBC-MAS,2026-01-24,23:00,04:00,Max 1 block per night,No
SBC-MAS,2026-01-25,23:00,04:00,No restriction,Yes
SBC-MAS,2026-01-26,23:00,03:00,Reduced window due to festival traffic,Yes
SBC-MAS,2026-01-27,23:00,03:00,Max 1 block per night,Yes
SBC-MAS,2026-01-28,23:00,03:00,Single line working only,Yes
SBC-MAS,2026-01-29,23:00,03:00,Single line working only,No
SBC-MAS,2026-01-30,23:00,03:00,"No block during peak hours 06:00-10:00,17:00-21:00",Yes
SBC-MAS,2026-01-31,23:00,04:00,Reduced window due to festival traffic,Yes
SBC-MAS,2026-02-01,23:00,04:00,Max 1 block per night,No
SBC-MAS,2026-02-02,23:00,03:00,Max 1 block per night,Yes
SBC-MAS,2026-02-03,23:00,03:00,No restriction,Yes
SBC-MAS,2026-02-04,23:00,03:00,"No block during peak hours 06:00-10:00,17:00-21:00",No
SBC-MAS,2026-02-05,23:00,03:00,No restriction,Yes
SBC-MAS,2026-02-06,23:00,03:00,"No block during peak hours 06:00-10:00,17:00-21:00",Yes
SBC-MAS,2026-02-07,23:00,04:00,Block suspended - VIP movement,No
SBC-MAS,2026-02-08,23:00,04:00,Max 1 block per night,No
SBC-MAS,2026-02-09,23:00,03:00,"No block during peak hours 06:00-10:00,17:00-21:00",No
SBC-MAS,2026-02-10,23:00,03:00,"No block during peak hours 06:00-10:00,17:00-21:00",No
SBC-MAS,2026-02-11,23:00,03:00,"No block during peak hours 06:00-10:00,17:00-21:00",No
SBC-MAS,2026-02-12,23:00,03:00,"No block during peak hours 06:00-10:00,17:00-21:00",No
SBC-MAS,2026-02-13,23:00,03:00,Max 1 block per night,No
SBC-MAS,2026-02-14,23:00,04:00,Max 1 block per night,No
SBC-MAS,2026-02-15,23:00,04:00,"No block during peak hours 06:00-10:00,17:00-21:00",Yes
SBC-MAS,2026-02-16,23:00,03:00,Max 1 block per night,No
SBC-MAS,2026-02-17,23:00,03:00,Single line working only,No
SBC-MAS,2026-02-18,23:00,03:00,"No block during peak hours 06:00-10:00,17:00-21:00",No
SBC-MAS,2026-02-19,23:00,03:00,"No block during peak hours 06:00-10:00,17:00-21:00",No
SBC-MAS,2026-02-20,23:00,03:00,"No block during peak hours 06:00-10:00,17:00-21:00",No
SBC-MAS,2026-02-21,23:00,04:00,No restriction,No
SBC-MAS,2026-02-22,23:00,04:00,"No block during peak hours 06:00-10:00,17:00-21:00",Yes
SBC-MAS,2026-02-23,23:00,03:00,No restriction,No
SBC-MAS,2026-02-24,23:00,03:00,No restriction,Yes
SBC-MAS,2026-02-25,23:00,03:00,No restriction,Yes
SBC-MAS,2026-02-26,23:00,03:00,Block suspended - VIP movement,No
SBC-MAS,2026-02-27,23:00,03:00,Max 1 block per night,No
SBC-MAS,2026-02-28,23:00,04:00,Single line working only,Yes
SBC-MAS,2026-03-01,23:00,04:00,Max 1 block per night,No
SBC-MAS,2026-03-02,23:00,03:00,"No block during peak hours 06:00-10:00,17:00-21:00",Yes
SBC-MAS,2026-03-03,23:00,03:00,"No block during peak hours 06:00-10:00,17:00-21:00",Yes
SBC-MAS,2026-03-04,23:00,03:00,Max 1 block per night,No
SBC-MAS,2026-03-05,23:00,03:00,"No block during peak hours 06:00-10:00,17:00-21:00",Yes
SBC-MAS,2026-03-06,23:00,03:00,"No block during peak hours 06:00-10:00,17:00-21:00",No
SBC-MAS,2026-03-07,23:00,04:00,Max 1 block per night,No
SBC-MAS,2026-03-08,23:00,04:00,Single line working only,Yes
SBC-MAS,2026-03-09,23:00,03:00,Reduced window due to festival traffic,No
SBC-MAS,2026-03-10,23:00,03:00,Single line working only,No
SBC-MAS,2026-03-11,23:00,03:00,Single line working only,No
SBC-MAS,2026-03-12,23:00,03:00,"No block during peak hours 06:00-10:00,17:00-21:00",Yes
SBC-MAS,2026-03-13,23:00,03:00,Max 1 block per night,Yes
SBC-MAS,2026-03-14,23:00,04:00,Max 1 block per night,Yes
SBC-MAS,2026-03-15,23:00,04:00,"No block during peak hours 06:00-10:00,17:00-21:00",Yes
SBC-MAS,2026-03-16,23:00,03:00,Reduced window due to festival traffic,No
SBC-MAS,2026-03-17,23:00,03:00,"No block during peak hours 06:00-10:00,17:00-21:00",No
SBC-MAS,2026-03-18,23:00,03:00,No restriction,No
SBC-MAS,2026-03-19,23:00,03:00,Single line working only,No
SBC-MAS,2026-03-20,23:00,03:00,Single line working only,No
SBC-MAS,2026-03-21,23:00,04:00,Single line working only,No
SBC-MAS,2026-03-22,23:00,04:00,"No block during peak hours 06:00-10:00,17:00-21:00",No
SBC-MAS,2026-03-23,23:00,03:00,"No block during peak hours 06:00-10:00,17:00-21:00",No
SBC-MAS,2026-03-24,23:00,03:00,Max 1 block per night,Yes
SBC-MAS,2026-03-25,23:00,03:00,Single line working only,Yes
SBC-MAS,2026-03-26,23:00,03:00,No restriction,Yes
SBC-MAS,2026-03-27,23:00,03:00,"No block during peak hours 06:00-10:00,17:00-21:00",No
SBC-MAS,2026-03-28,23:00,04:00,Single line working only,No
SBC-MAS,2026-03-29,23:00,04:00,Reduced window due to festival traffic,No
SBC-MAS,2026-03-30,23:00,03:00,Max 1 block per night,No
SBC-MAS,2026-03-31,23:00,03:00,Single line working only,No
SBC-MAS,2026-04-01,23:00,03:00,Single line working only,No
SBC-MAS,2026-04-02,23:00,03:00,No restriction,Yes
SBC-MAS,2026-04-03,23:00,03:00,No restriction,No
SBC-MAS,2026-04-04,23:00,04:00,Single line working only,No
SBC-MAS,2026-04-05,23:00,04:00,Max 1 block per night,Yes
SBC-MAS,2026-04-06,23:00,03:00,Block suspended - VIP movement,Yes
SBC-MAS,2026-04-07,23:00,03:00,"No block during peak hours 06:00-10:00,17:00-21:00",No
SBC-MAS,2026-04-08,23:00,03:00,Max 1 block per night,No
SBC-MAS,2026-04-09,23:00,03:00,"No block during peak hours 06:00-10:00,17:00-21:00",Yes
SBC-MAS,2026-04-10,23:00,03:00,Single line working only,No
SBC-MAS,2026-04-11,23:00,04:00,No restriction,Yes
SBC-MAS,2026-04-12,23:00,04:00,No restriction,No
SBC-MAS,2026-04-13,23:00,03:00,Single line working only,No
SBC-MAS,2026-04-14,23:00,03:00,"No block during peak hours 06:00-10:00,17:00-21:00",No
SBC-MAS,2026-04-15,23:00,03:00,"No block during peak hours 06:00-10:00,17:00-21:00",No
SBC-MAS,2026-04-16,23:00,03:00,"No block during peak hours 06:00-10:00,17:00-21:00",No
SBC-MAS,2026-04-17,23:00,03:00,"No block during peak hours 06:00-10:00,17:00-21:00",Yes
SBC-MAS,2026-04-18,23:00,04:00,Max 1 block per night,No
SBC-MAS,2026-04-19,23:00,04:00,Reduced window due to festival traffic,No
SBC-MAS,2026-04-20,23:00,03:00,Reduced window due to festival traffic,No
SBC-MAS,2026-04-21,23:00,03:00,"No block during peak hours 06:00-10:00,17:00-21:00",No
SBC-MAS,2026-04-22,23:00,03:00,"No block during peak hours 06:00-10:00,17:00-21:00",No
SBC-MAS,2026-04-23,23:00,03:00,Single line working only,Yes
SBC-MAS,2026-04-24,23:00,03:00,Single line working only,Yes
SBC-MAS,2026-04-25,23:00,04:00,"No block during peak hours 06:00-10:00,17:00-21:00",No
SBC-MAS,2026-04-26,23:00,04:00,Single line working only,No
SBC-MAS,2026-04-27,23:00,03:00,"No block during peak hours 06:00-10:00,17:00-21:00",No
SBC-MAS,2026-04-28,23:00,03:00,Max 1 block per night,No
SBC-MAS,2026-04-29,23:00,03:00,No restriction,Yes
SBC-MAS,2026-04-30,23:00,03:00,"No block during peak hours 06:00-10:00,17:00-21:00",Yes
SBC-MAS,2026-05-01,23:00,03:00,Max 1 block per night,No
SBC-MAS,2026-05-02,23:00,04:00,Single line working only,Yes
SBC-MAS,2026-05-03,23:00,04:00,"No block during peak hours 06:00-10:00,17:00-21:00",Yes
SBC-MAS,2026-05-04,23:00,03:00,"No block during peak hours 06:00-10:00,17:00-21:00",No
SBC-MAS,2026-05-05,23:00,03:00,Reduced window due to festival traffic,Yes
SBC-MAS,2026-05-06,23:00,03:00,No restriction,Yes
SBC-MAS,2026-05-07,23:00,03:00,"No block during peak hours 06:00-10:00,17:00-21:00",Yes
SBC-MAS,2026-05-08,23:00,03:00,Max 1 block per night,Yes
SBC-MAS,2026-05-09,23:00,04:00,Max 1 block per night,No
SBC-MAS,2026-05-10,23:00,04:00,"No block during peak hours 06:00-10:00,17:00-21:00",No
SBC-MAS,2026-05-11,23:00,03:00,No restriction,No
SBC-MAS,2026-05-12,23:00,03:00,Max 1 block per night,No
SBC-MAS,2026-05-13,23:00,03:00,Single line working only,Yes
SBC-MAS,2026-05-14,23:00,03:00,Single line working only,Yes
SBC-MAS,2026-05-15,23:00,03:00,No restriction,No
SBC-MAS,2026-05-16,23:00,04:00,Single line working only,Yes
SBC-MAS,2026-05-17,23:00,04:00,"No block during peak hours 06:00-10:00,17:00-21:00",Yes
SBC-MAS,2026-05-18,23:00,03:00,No restriction,Yes
SBC-MAS,2026-05-19,23:00,03:00,Reduced window due to festival traffic,No
SBC-MAS,2026-05-20,23:00,03:00,Single line working only,Yes
SBC-MAS,2026-05-21,23:00,03:00,Single line working only,No
SBC-MAS,2026-05-22,23:00,03:00,"No block during peak hours 06:00-10:00,17:00-21:00",Yes
SBC-MAS,2026-05-23,23:00,04:00,"No block during peak hours 06:00-10:00,17:00-21:00",No
SBC-MAS,2026-05-24,23:00,04:00,Max 1 block per night,No
SBC-MAS,2026-05-25,23:00,03:00,Max 1 block per night,No
SBC-MAS,2026-05-26,23:00,03:00,Max 1 block per night,No
SBC-MAS,2026-05-27,23:00,03:00,No restriction,No
SBC-MAS,2026-05-28,23:00,03:00,No restriction,Yes
SBC-MAS,2026-05-29,23:00,03:00,No restriction,No
SBC-MAS,2026-05-30,23:00,04:00,Single line working only,No
SBC-MAS,2026-05-31,23:00,04:00,Single line working only,No
SBC-MAS,2026-06-01,23:00,03:00,Max 1 block per night,Yes
SBC-MAS,2026-06-02,23:00,03:00,No restriction,Yes
SBC-MAS,2026-06-03,23:00,03:00,Single line working only,No
SBC-MAS,2026-06-04,23:00,03:00,"No block during peak hours 06:00-10:00,17:00-21:00",No
SBC-MAS,2026-06-05,23:00,03:00,Max 1 block per night,No
SBC-MAS,2026-06-06,23:00,04:00,Single line working only,Yes
SBC-MAS,2026-06-07,23:00,04:00,"No block during peak hours 06:00-10:00,17:00-21:00",Yes
SBC-MAS,2026-06-08,23:00,03:00,"No block during peak hours 06:00-10:00,17:00-21:00",No
SBC-MAS,2026-06-09,23:00,03:00,"No block during peak hours 06:00-10:00,17:00-21:00",Yes
SBC-MAS,2026-06-10,23:00,03:00,Max 1 block per night,No
SBC-MAS,2026-06-11,23:00,03:00,Single line working only,No
SBC-MAS,2026-06-12,23:00,03:00,No restriction,No
SBC-MAS,2026-06-13,23:00,04:00,Block suspended - VIP movement,Yes
SBC-MAS,2026-06-14,23:00,04:00,Max 1 block per night,No
SBC-MAS,2026-06-15,23:00,03:00,Reduced window due to festival traffic,No
SBC-MAS,2026-06-16,23:00,03:00,"No block during peak hours 06:00-10:00,17:00-21:00",No
SBC-MAS,2026-06-17,23:00,03:00,"No block during peak hours 06:00-10:00,17:00-21:00",No
SBC-MAS,2026-06-18,23:00,03:00,No restriction,No
SBC-MAS,2026-06-19,23:00,03:00,No restriction,No
SBC-MAS,2026-06-20,23:00,04:00,Max 1 block per night,No
SBC-MAS,2026-06-21,23:00,04:00,Block suspended - VIP movement,No
SBC-MAS,2026-06-22,23:00,03:00,No restriction,No
SBC-MAS,2026-06-23,23:00,03:00,"No block during peak hours 06:00-10:00,17:00-21:00",No
SBC-MAS,2026-06-24,23:00,03:00,Max 1 block per night,Yes
SBC-MAS,2026-06-25,23:00,03:00,Max 1 block per night,Yes
SBC-MAS,2026-06-26,23:00,03:00,No restriction,No
SBC-MAS,2026-06-27,23:00,04:00,"No block during peak hours 06:00-10:00,17:00-21:00",No
SBC-MAS,2026-06-28,23:00,04:00,No restriction,No
SBC-MAS,2026-06-29,23:00,03:00,No restriction,No
SBC-MAS,2026-06-30,23:00,03:00,Single line working only,No
SBC-MAS,2026-07-01,23:00,03:00,No restriction,No
SBC-MAS,2026-07-02,23:00,03:00,Single line working only,Yes
SBC-MAS,2026-07-03,23:00,03:00,Block suspended - VIP movement,Yes
SBC-MAS,2026-07-04,23:00,04:00,Max 1 block per night,Yes
SBC-MAS,2026-07-05,23:00,04:00,Block suspended - VIP movement,Yes
SBC-MAS,2026-07-06,23:00,03:00,Single line working only,Yes
SBC-MAS,2026-07-07,23:00,03:00,"No block during peak hours 06:00-10:00,17:00-21:00",No
SBC-MAS,2026-07-08,23:00,03:00,"No block during peak hours 06:00-10:00,17:00-21:00",No
SBC-MAS,2026-07-09,23:00,03:00,Single line working only,No
SBC-MAS,2026-07-10,23:00,03:00,Max 1 block per night,No
SBC-MAS,2026-07-11,23:00,04:00,Max 1 block per night,No
SBC-MAS,2026-07-12,23:00,04:00,Max 1 block per night,No
SBC-MAS,2026-07-13,23:00,03:00,No restriction,No
SBC-MAS,2026-07-14,23:00,03:00,"No block during peak hours 06:00-10:00,17:00-21:00",No
SBC-MAS,2026-07-15,23:00,03:00,Max 1 block per night,No
SBC-MAS,2026-07-16,23:00,03:00,Max 1 block per night,Yes
SBC-MAS,2026-07-17,23:00,03:00,Reduced window due to festival traffic,No
SBC-MAS,2026-07-18,23:00,04:00,"No block during peak hours 06:00-10:00,17:00-21:00",No
SBC-MAS,2026-07-19,23:00,04:00,Single line working only,Yes
SBC-MAS,2026-07-20,23:00,03:00,Single line working only,No
SBC-MAS,2026-07-21,23:00,03:00,"No block during peak hours 06:00-10:00,17:00-21:00",No
SBC-MAS,2026-07-22,23:00,03:00,No restriction,No
SBC-MAS,2026-07-23,23:00,03:00,Max 1 block per night,No
SBC-MAS,2026-07-24,23:00,03:00,Max 1 block per night,Yes
SBC-MAS,2026-07-25,23:00,04:00,"No block during peak hours 06:00-10:00,17:00-21:00",Yes
SBC-MAS,2026-07-26,23:00,04:00,Max 1 block per night,Yes
SBC-MAS,2026-07-27,23:00,03:00,Single line working only,No
SBC-MAS,2026-07-28,23:00,03:00,"No block during peak hours 06:00-10:00,17:00-21:00",No
SBC-MAS,2026-07-29,23:00,03:00,"No block during peak hours 06:00-10:00,17:00-21:00",No
SBC-MAS,2026-07-30,23:00,03:00,Max 1 block per night,No
SBC-MAS,2026-07-31,23:00,03:00,No restriction,No
SBC-MAS,2026-08-01,23:00,04:00,"No block during peak hours 06:00-10:00,17:00-21:00",Yes
SBC-MAS,2026-08-02,23:00,04:00,"No block during peak hours 06:00-10:00,17:00-21:00",No
SBC-MAS,2026-08-03,23:00,03:00,Single line working only,No
SBC-MAS,2026-08-04,23:00,03:00,No restriction,No
SBC-MAS,2026-08-05,23:00,03:00,Single line working only,Yes
SBC-MAS,2026-08-06,23:00,03:00,"No block during peak hours 06:00-10:00,17:00-21:00",No
SBC-MAS,2026-08-07,23:00,03:00,Single line working only,No
SBC-MAS,2026-08-08,23:00,04:00,Block suspended - VIP movement,Yes
SBC-MAS,2026-08-09,23:00,04:00,No restriction,No
SBC-MAS,2026-08-10,23:00,03:00,"No block during peak hours 06:00-10:00,17:00-21:00",No
SBC-MAS,2026-08-11,23:00,03:00,Max 1 block per night,Yes
SBC-MAS,2026-08-12,23:00,03:00,"No block during peak hours 06:00-10:00,17:00-21:00",No
SBC-MAS,2026-08-13,23:00,03:00,No restriction,No
SBC-MAS,2026-08-14,23:00,03:00,Max 1 block per night,Yes
SBC-MAS,2026-08-15,23:00,04:00,Reduced window due to festival traffic,No
SBC-MAS,2026-08-16,23:00,04:00,Single line working only,Yes
SBC-MAS,2026-08-17,23:00,03:00,Single line working only,Yes
SBC-MAS,2026-08-18,23:00,03:00,"No block during peak hours 06:00-10:00,17:00-21:00",No
SBC-MAS,2026-08-19,23:00,03:00,Max 1 block per night,No
SBC-MAS,2026-08-20,23:00,03:00,Max 1 block per night,No
SBC-MAS,2026-08-21,23:00,03:00,"No block during peak hours 06:00-10:00,17:00-21:00",No
SBC-MAS,2026-08-22,23:00,04:00,Max 1 block per night,Yes
SBC-MAS,2026-08-23,23:00,04:00,No restriction,No
SBC-MAS,2026-08-24,23:00,03:00,Max 1 block per night,No
SBC-MAS,2026-08-25,23:00,03:00,"No block during peak hours 06:00-10:00,17:00-21:00",No
SBC-MAS,2026-08-26,23:00,03:00,Max 1 block per night,No
SBC-MAS,2026-08-27,23:00,03:00,No restriction,No
SBC-MAS,2026-08-28,23:00,03:00,Max 1 block per night,Yes
SBC-MAS,2026-08-29,23:00,04:00,Single line working only,Yes
SBC-MAS,2026-08-30,23:00,04:00,Single line working only,No
SBC-MAS,2026-08-31,23:00,03:00,"No block during peak hours 06:00-10:00,17:00-21:00",Yes
SBC-MAS,2026-09-01,23:00,03:00,Single line working only,No
SBC-MAS,2026-09-02,23:00,03:00,No restriction,No
SBC-MAS,2026-09-03,23:00,03:00,Max 1 block per night,No
SBC-MAS,2026-09-04,23:00,03:00,Reduced window due to festival traffic,No
SBC-MAS,2026-09-05,23:00,04:00,No restriction,No
SBC-MAS,2026-09-06,23:00,04:00,"No block during peak hours 06:00-10:00,17:00-21:00",No
SBC-MAS,2026-09-07,23:00,03:00,"No block during peak hours 06:00-10:00,17:00-21:00",No
SBC-MAS,2026-09-08,23:00,03:00,Single line working only,Yes
SBC-MAS,2026-09-09,23:00,03:00,"No block during peak hours 06:00-10:00,17:00-21:00",Yes
SBC-MAS,2026-09-10,23:00,03:00,Single line working only,No
SBC-MAS,2026-09-11,23:00,03:00,No restriction,Yes
SBC-MAS,2026-09-12,23:00,04:00,Reduced window due to festival traffic,No
SBC-MAS,2026-09-13,23:00,04:00,No restriction,Yes
SBC-MAS,2026-09-14,23:00,03:00,"No block during peak hours 06:00-10:00,17:00-21:00",Yes
SBC-MAS,2026-09-15,23:00,03:00,Max 1 block per night,No
SBC-MAS,2026-09-16,23:00,03:00,No restriction,Yes
SBC-MAS,2026-09-17,23:00,03:00,Single line working only,No
SBC-MAS,2026-09-18,23:00,03:00,No restriction,No
SBC-MAS,2026-09-19,23:00,04:00,Max 1 block per night,Yes
SBC-MAS,2026-09-20,23:00,04:00,Max 1 block per night,Yes
SBC-MAS,2026-09-21,23:00,03:00,"No block during peak hours 06:00-10:00,17:00-21:00",No
SBC-MAS,2026-09-22,23:00,03:00,Max 1 block per night,No
SBC-MAS,2026-09-23,23:00,03:00,"No block during peak hours 06:00-10:00,17:00-21:00",Yes
SBC-MAS,2026-09-24,23:00,03:00,No restriction,No
SBC-MAS,2026-09-25,23:00,03:00,"No block during peak hours 06:00-10:00,17:00-21:00",Yes
SBC-MAS,2026-09-26,23:00,04:00,Max 1 block per night,Yes
SBC-MAS,2026-09-27,23:00,04:00,Max 1 block per night,No
SBC-MAS,2026-09-28,23:00,03:00,"No block during peak hours 06:00-10:00,17:00-21:00",No
SBC-MAS,2026-09-29,23:00,03:00,No restriction,No
SBC-MAS,2026-09-30,23:00,03:00,"No block during peak hours 06:00-10:00,17:00-21:00",No
SBC-MAS,2026-10-01,23:00,03:00,Single line working only,Yes
SBC-MAS,2026-10-02,23:00,03:00,Single line working only,No
SBC-MAS,2026-10-03,23:00,04:00,Max 1 block per night,Yes
SBC-MAS,2026-10-04,23:00,04:00,No restriction,Yes
SBC-MAS,2026-10-05,23:00,03:00,Single line working only,Yes
SBC-MAS,2026-10-06,23:00,03:00,"No block during peak hours 06:00-10:00,17:00-21:00",Yes
SBC-MAS,2026-10-07,23:00,03:00,Max 1 block per night,No
SBC-MAS,2026-10-08,23:00,03:00,Single line working only,No
SBC-MAS,2026-10-09,23:00,03:00,Single line working only,No
SBC-MAS,2026-10-10,23:00,04:00,"No block during peak hours 06:00-10:00,17:00-21:00",No
SBC-MAS,2026-10-11,23:00,04:00,No restriction,No
SBC-MAS,2026-10-12,23:00,03:00,No restriction,No
SBC-MAS,2026-10-13,23:00,03:00,Single line working only,No
SBC-MAS,2026-10-14,23:00,03:00,"No block during peak hours 06:00-10:00,17:00-21:00",No
SBC-MAS,2026-10-15,23:00,03:00,"No block during peak hours 06:00-10:00,17:00-21:00",Yes
SBC-MAS,2026-10-16,23:00,03:00,Max 1 block per night,Yes
SBC-MAS,2026-10-17,23:00,04:00,Single line working only,No
SBC-MAS,2026-10-18,23:00,04:00,Reduced window due to festival traffic,Yes
SBC-MAS,2026-10-19,23:00,03:00,Reduced window due to festival traffic,Yes
SBC-MAS,2026-10-20,23:00,03:00,Reduced window due to festival traffic,No
SBC-MAS,2026-10-21,23:00,03:00,Single line working only,No
SBC-MAS,2026-10-22,23:00,03:00,"No block during peak hours 06:00-10:00,17:00-21:00",No
SBC-MAS,2026-10-23,23:00,03:00,No restriction,No
SBC-MAS,2026-10-24,23:00,04:00,Single line working only,Yes
SBC-MAS,2026-10-25,23:00,04:00,No restriction,No
SBC-MAS,2026-10-26,23:00,03:00,Max 1 block per night,No
SBC-MAS,2026-10-27,23:00,03:00,Max 1 block per night,Yes
SBC-MAS,2026-10-28,23:00,03:00,Single line working only,Yes
SBC-MAS,2026-10-29,23:00,03:00,Single line working only,No
SBC-MAS,2026-10-30,23:00,03:00,"No block during peak hours 06:00-10:00,17:00-21:00",No
SBC-MAS,2026-10-31,23:00,04:00,"No block during peak hours 06:00-10:00,17:00-21:00",Yes
SBC-MAS,2026-11-01,23:00,04:00,Single line working only,No
SBC-MAS,2026-11-02,23:00,03:00,No restriction,No
SBC-MAS,2026-11-03,23:00,03:00,No restriction,No
SBC-MAS,2026-11-04,23:00,03:00,Single line working only,No
SBC-MAS,2026-11-05,23:00,03:00,No restriction,No
SBC-MAS,2026-11-06,23:00,03:00,Single line working only,No
SBC-MAS,2026-11-07,23:00,04:00,"No block during peak hours 06:00-10:00,17:00-21:00",No
SBC-MAS,2026-11-08,23:00,04:00,"No block during peak hours 06:00-10:00,17:00-21:00",No
SBC-MAS,2026-11-09,23:00,03:00,No restriction,Yes
SBC-MAS,2026-11-10,23:00,03:00,No restriction,No
SBC-MAS,2026-11-11,23:00,03:00,Block suspended - VIP movement,Yes
SBC-MAS,2026-11-12,23:00,03:00,Block suspended - VIP movement,No
SBC-MAS,2026-11-13,23:00,03:00,Max 1 block per night,No
SBC-MAS,2026-11-14,23:00,04:00,Single line working only,Yes
SBC-MAS,2026-11-15,23:00,04:00,Reduced window due to festival traffic,No
SBC-MAS,2026-11-16,23:00,03:00,Single line working only,No
SBC-MAS,2026-11-17,23:00,03:00,"No block during peak hours 06:00-10:00,17:00-21:00",Yes
SBC-MAS,2026-11-18,23:00,03:00,Max 1 block per night,Yes
SBC-MAS,2026-11-19,23:00,03:00,"No block during peak hours 06:00-10:00,17:00-21:00",No
SBC-MAS,2026-11-20,23:00,03:00,"No block during peak hours 06:00-10:00,17:00-21:00",No
SBC-MAS,2026-11-21,23:00,04:00,No restriction,No
SBC-MAS,2026-11-22,23:00,04:00,No restriction,Yes
SBC-MAS,2026-11-23,23:00,03:00,Max 1 block per night,No
SBC-MAS,2026-11-24,23:00,03:00,"No block during peak hours 06:00-10:00,17:00-21:00",Yes
SBC-MAS,2026-11-25,23:00,03:00,Single line working only,No
SBC-MAS,2026-11-26,23:00,03:00,Max 1 block per night,No
SBC-MAS,2026-11-27,23:00,03:00,"No block during peak hours 06:00-10:00,17:00-21:00",Yes
SBC-MAS,2026-11-28,23:00,04:00,No restriction,Yes
SBC-MAS,2026-11-29,23:00,04:00,"No block during peak hours 06:00-10:00,17:00-21:00",Yes
SBC-MAS,2026-11-30,23:00,03:00,No restriction,No
SBC-MAS,2026-12-01,23:00,03:00,"No block during peak hours 06:00-10:00,17:00-21:00",Yes
SBC-MAS,2026-12-02,23:00,03:00,"No block during peak hours 06:00-10:00,17:00-21:00",Yes
SBC-MAS,2026-12-03,23:00,03:00,Block suspended - VIP movement,Yes
SBC-MAS,2026-12-04,23:00,03:00,"No block during peak hours 06:00-10:00,17:00-21:00",Yes
SBC-MAS,2026-12-05,23:00,04:00,No restriction,No
SBC-MAS,2026-12-06,23:00,04:00,Single line working only,Yes
SBC-MAS,2026-12-07,23:00,03:00,"No block during peak hours 06:00-10:00,17:00-21:00",Yes
SBC-MAS,2026-12-08,23:00,03:00,Max 1 block per night,No
SBC-MAS,2026-12-09,23:00,03:00,No restriction,No
SBC-MAS,2026-12-10,23:00,03:00,Block suspended - VIP movement,Yes
SBC-MAS,2026-12-11,23:00,03:00,"No block during peak hours 06:00-10:00,17:00-21:00",No
SBC-MAS,2026-12-12,23:00,04:00,Block suspended - VIP movement,No
SBC-MAS,2026-12-13,23:00,04:00,"No block during peak hours 06:00-10:00,17:00-21:00",No
SBC-MAS,2026-12-14,23:00,03:00,"No block during peak hours 06:00-10:00,17:00-21:00",No
SBC-MAS,2026-12-15,23:00,03:00,"No block during peak hours 06:00-10:00,17:00-21:00",Yes
SBC-MAS,2026-12-16,23:00,03:00,Block suspended - VIP movement,No
SBC-MAS,2026-12-17,23:00,03:00,Single line working only,No
SBC-MAS,2026-12-18,23:00,03:00,"No block during peak hours 06:00-10:00,17:00-21:00",Yes
SBC-MAS,2026-12-19,23:00,04:00,"No block during peak hours 06:00-10:00,17:00-21:00",No
SBC-MAS,2026-12-20,23:00,04:00,Single line working only,No
SBC-MAS,2026-12-21,23:00,03:00,Max 1 block per night,No
SBC-MAS,2026-12-22,23:00,03:00,"No block during peak hours 06:00-10:00,17:00-21:00",Yes
SBC-MAS,2026-12-23,23:00,03:00,Max 1 block per night,No
SBC-MAS,2026-12-24,23:00,03:00,Max 1 block per night,Yes
SBC-MAS,2026-12-25,23:00,03:00,No restriction,Yes
SBC-MAS,2026-12-26,23:00,04:00,No restriction,No
SBC-MAS,2026-12-27,23:00,04:00,No restriction,Yes
SBC-MAS,2026-12-28,23:00,03:00,No restriction,No
SBC-MAS,2026-12-29,23:00,03:00,"No block during peak hours 06:00-10:00,17:00-21:00",Yes
SBC-MAS,2026-12-30,23:00,03:00,Max 1 block per night,No
SBC-MAS,2026-12-31,23:00,03:00,Block suspended - VIP movement,Yes
BZA-SC,2026-01-01,23:00,03:00,Reduced window due to festival traffic,Yes
BZA-SC,2026-01-02,23:00,03:00,"No block during peak hours 06:00-10:00,17:00-21:00",No
BZA-SC,2026-01-03,23:00,04:00,No restriction,No
BZA-SC,2026-01-04,23:00,04:00,Block suspended - VIP movement,No
BZA-SC,2026-01-05,23:00,03:00,"No block during peak hours 06:00-10:00,17:00-21:00",No
BZA-SC,2026-01-06,23:00,03:00,Block suspended - VIP movement,No
BZA-SC,2026-01-07,23:00,03:00,"No block during peak hours 06:00-10:00,17:00-21:00",Yes
BZA-SC,2026-01-08,23:00,03:00,Single line working only,No
BZA-SC,2026-01-09,23:00,03:00,"No block during peak hours 06:00-10:00,17:00-21:00",No
BZA-SC,2026-01-10,23:00,04:00,No restriction,No
BZA-SC,2026-01-11,23:00,04:00,Max 1 block per night,Yes
BZA-SC,2026-01-12,23:00,03:00,No restriction,No
BZA-SC,2026-01-13,23:00,03:00,"No block during peak hours 06:00-10:00,17:00-21:00",No
BZA-SC,2026-01-14,23:00,03:00,Single line working only,No
BZA-SC,2026-01-15,23:00,03:00,No restriction,Yes
BZA-SC,2026-01-16,23:00,03:00,No restriction,No
BZA-SC,2026-01-17,23:00,04:00,Single line working only,No
BZA-SC,2026-01-18,23:00,04:00,No restriction,Yes
BZA-SC,2026-01-19,23:00,03:00,Reduced window due to festival traffic,Yes
BZA-SC,2026-01-20,23:00,03:00,No restriction,Yes
BZA-SC,2026-01-21,23:00,03:00,No restriction,Yes
BZA-SC,2026-01-22,23:00,03:00,Single line working only,No
BZA-SC,2026-01-23,23:00,03:00,No restriction,Yes
BZA-SC,2026-01-24,23:00,04:00,Reduced window due to festival traffic,No
BZA-SC,2026-01-25,23:00,04:00,Reduced window due to festival traffic,No
BZA-SC,2026-01-26,23:00,03:00,Max 1 block per night,No
BZA-SC,2026-01-27,23:00,03:00,No restriction,No
BZA-SC,2026-01-28,23:00,03:00,"No block during peak hours 06:00-10:00,17:00-21:00",No
BZA-SC,2026-01-29,23:00,03:00,"No block during peak hours 06:00-10:00,17:00-21:00",No
BZA-SC,2026-01-30,23:00,03:00,Single line working only,No
BZA-SC,2026-01-31,23:00,04:00,Max 1 block per night,No
BZA-SC,2026-02-01,23:00,04:00,"No block during peak hours 06:00-10:00,17:00-21:00",Yes
BZA-SC,2026-02-02,23:00,03:00,No restriction,No
BZA-SC,2026-02-03,23:00,03:00,Single line working only,No
BZA-SC,2026-02-04,23:00,03:00,No restriction,Yes
BZA-SC,2026-02-05,23:00,03:00,Max 1 block per night,Yes
BZA-SC,2026-02-06,23:00,03:00,Single line working only,Yes
BZA-SC,2026-02-07,23:00,04:00,"No block during peak hours 06:00-10:00,17:00-21:00",No
BZA-SC,2026-02-08,23:00,04:00,Single line working only,Yes
BZA-SC,2026-02-09,23:00,03:00,Max 1 block per night,Yes
BZA-SC,2026-02-10,23:00,03:00,No restriction,No
BZA-SC,2026-02-11,23:00,03:00,"No block during peak hours 06:00-10:00,17:00-21:00",No
BZA-SC,2026-02-12,23:00,03:00,"No block during peak hours 06:00-10:00,17:00-21:00",No
BZA-SC,2026-02-13,23:00,03:00,Max 1 block per night,No
BZA-SC,2026-02-14,23:00,04:00,"No block during peak hours 06:00-10:00,17:00-21:00",No
BZA-SC,2026-02-15,23:00,04:00,"No block during peak hours 06:00-10:00,17:00-21:00",Yes
BZA-SC,2026-02-16,23:00,03:00,Max 1 block per night,No
BZA-SC,2026-02-17,23:00,03:00,No restriction,No
BZA-SC,2026-02-18,23:00,03:00,"No block during peak hours 06:00-10:00,17:00-21:00",Yes
BZA-SC,2026-02-19,23:00,03:00,Single line working only,Yes
BZA-SC,2026-02-20,23:00,03:00,Max 1 block per night,Yes
BZA-SC,2026-02-21,23:00,04:00,No restriction,Yes
BZA-SC,2026-02-22,23:00,04:00,No restriction,No
BZA-SC,2026-02-23,23:00,03:00,Reduced window due to festival traffic,Yes
BZA-SC,2026-02-24,23:00,03:00,"No block during peak hours 06:00-10:00,17:00-21:00",Yes
BZA-SC,2026-02-25,23:00,03:00,Max 1 block per night,No
BZA-SC,2026-02-26,23:00,03:00,"No block during peak hours 06:00-10:00,17:00-21:00",No
BZA-SC,2026-02-27,23:00,03:00,"No block during peak hours 06:00-10:00,17:00-21:00",No
BZA-SC,2026-02-28,23:00,04:00,No restriction,No
BZA-SC,2026-03-01,23:00,04:00,No restriction,No
BZA-SC,2026-03-02,23:00,03:00,Reduced window due to festival traffic,Yes
BZA-SC,2026-03-03,23:00,03:00,"No block during peak hours 06:00-10:00,17:00-21:00",Yes
BZA-SC,2026-03-04,23:00,03:00,Max 1 block per night,No
BZA-SC,2026-03-05,23:00,03:00,Max 1 block per night,Yes
BZA-SC,2026-03-06,23:00,03:00,Max 1 block per night,Yes
BZA-SC,2026-03-07,23:00,04:00,"No block during peak hours 06:00-10:00,17:00-21:00",Yes
BZA-SC,2026-03-08,23:00,04:00,"No block during peak hours 06:00-10:00,17:00-21:00",No
BZA-SC,2026-03-09,23:00,03:00,No restriction,No
BZA-SC,2026-03-10,23:00,03:00,Max 1 block per night,Yes
BZA-SC,2026-03-11,23:00,03:00,Max 1 block per night,No
BZA-SC,2026-03-12,23:00,03:00,"No block during peak hours 06:00-10:00,17:00-21:00",No
BZA-SC,2026-03-13,23:00,03:00,No restriction,No
BZA-SC,2026-03-14,23:00,04:00,"No block during peak hours 06:00-10:00,17:00-21:00",Yes
BZA-SC,2026-03-15,23:00,04:00,"No block during peak hours 06:00-10:00,17:00-21:00",No
BZA-SC,2026-03-16,23:00,03:00,Single line working only,Yes
BZA-SC,2026-03-17,23:00,03:00,Max 1 block per night,Yes
BZA-SC,2026-03-18,23:00,03:00,Max 1 block per night,No
BZA-SC,2026-03-19,23:00,03:00,"No block during peak hours 06:00-10:00,17:00-21:00",Yes
BZA-SC,2026-03-20,23:00,03:00,Single line working only,No
BZA-SC,2026-03-21,23:00,04:00,Max 1 block per night,Yes
BZA-SC,2026-03-22,23:00,04:00,"No block during peak hours 06:00-10:00,17:00-21:00",No
BZA-SC,2026-03-23,23:00,03:00,No restriction,Yes
BZA-SC,2026-03-24,23:00,03:00,Block suspended - VIP movement,No
BZA-SC,2026-03-25,23:00,03:00,Max 1 block per night,No
BZA-SC,2026-03-26,23:00,03:00,"No block during peak hours 06:00-10:00,17:00-21:00",Yes
BZA-SC,2026-03-27,23:00,03:00,"No block during peak hours 06:00-10:00,17:00-21:00",Yes
BZA-SC,2026-03-28,23:00,04:00,"No block during peak hours 06:00-10:00,17:00-21:00",No
BZA-SC,2026-03-29,23:00,04:00,Block suspended - VIP movement,No
BZA-SC,2026-03-30,23:00,03:00,Block suspended - VIP movement,Yes
BZA-SC,2026-03-31,23:00,03:00,"No block during peak hours 06:00-10:00,17:00-21:00",No
BZA-SC,2026-04-01,23:00,03:00,No restriction,Yes
BZA-SC,2026-04-02,23:00,03:00,No restriction,No
BZA-SC,2026-04-03,23:00,03:00,No restriction,No
BZA-SC,2026-04-04,23:00,04:00,Single line working only,No
BZA-SC,2026-04-05,23:00,04:00,Single line working only,No
BZA-SC,2026-04-06,23:00,03:00,Single line working only,No
BZA-SC,2026-04-07,23:00,03:00,No restriction,No
BZA-SC,2026-04-08,23:00,03:00,Single line working only,No
BZA-SC,2026-04-09,23:00,03:00,"No block during peak hours 06:00-10:00,17:00-21:00",No
BZA-SC,2026-04-10,23:00,03:00,No restriction,Yes
BZA-SC,2026-04-11,23:00,04:00,Max 1 block per night,No
BZA-SC,2026-04-12,23:00,04:00,Single line working only,No
BZA-SC,2026-04-13,23:00,03:00,No restriction,Yes
BZA-SC,2026-04-14,23:00,03:00,Single line working only,No
BZA-SC,2026-04-15,23:00,03:00,Single line working only,Yes
BZA-SC,2026-04-16,23:00,03:00,Reduced window due to festival traffic,No
BZA-SC,2026-04-17,23:00,03:00,No restriction,Yes
BZA-SC,2026-04-18,23:00,04:00,Single line working only,No
BZA-SC,2026-04-19,23:00,04:00,No restriction,Yes
BZA-SC,2026-04-20,23:00,03:00,Single line working only,Yes
BZA-SC,2026-04-21,23:00,03:00,Single line working only,No
BZA-SC,2026-04-22,23:00,03:00,Single line working only,No
BZA-SC,2026-04-23,23:00,03:00,Max 1 block per night,Yes
BZA-SC,2026-04-24,23:00,03:00,Single line working only,No
BZA-SC,2026-04-25,23:00,04:00,Max 1 block per night,Yes
BZA-SC,2026-04-26,23:00,04:00,No restriction,No
BZA-SC,2026-04-27,23:00,03:00,Reduced window due to festival traffic,No
BZA-SC,2026-04-28,23:00,03:00,No restriction,No
BZA-SC,2026-04-29,23:00,03:00,No restriction,No
BZA-SC,2026-04-30,23:00,03:00,"No block during peak hours 06:00-10:00,17:00-21:00",No
BZA-SC,2026-05-01,23:00,03:00,Single line working only,No
BZA-SC,2026-05-02,23:00,04:00,Max 1 block per night,Yes
BZA-SC,2026-05-03,23:00,04:00,Single line working only,No
BZA-SC,2026-05-04,23:00,03:00,Single line working only,No
BZA-SC,2026-05-05,23:00,03:00,"No block during peak hours 06:00-10:00,17:00-21:00",Yes
BZA-SC,2026-05-06,23:00,03:00,Single line working only,No
BZA-SC,2026-05-07,23:00,03:00,Max 1 block per night,No
BZA-SC,2026-05-08,23:00,03:00,"No block during peak hours 06:00-10:00,17:00-21:00",Yes
BZA-SC,2026-05-09,23:00,04:00,Block suspended - VIP movement,No
BZA-SC,2026-05-10,23:00,04:00,Block suspended - VIP movement,Yes
BZA-SC,2026-05-11,23:00,03:00,"No block during peak hours 06:00-10:00,17:00-21:00",No
BZA-SC,2026-05-12,23:00,03:00,Single line working only,No
BZA-SC,2026-05-13,23:00,03:00,Max 1 block per night,No
BZA-SC,2026-05-14,23:00,03:00,Max 1 block per night,Yes
BZA-SC,2026-05-15,23:00,03:00,Max 1 block per night,No
BZA-SC,2026-05-16,23:00,04:00,Max 1 block per night,No
BZA-SC,2026-05-17,23:00,04:00,No restriction,Yes
BZA-SC,2026-05-18,23:00,03:00,Single line working only,Yes
BZA-SC,2026-05-19,23:00,03:00,Single line working only,Yes
BZA-SC,2026-05-20,23:00,03:00,Max 1 block per night,No
BZA-SC,2026-05-21,23:00,03:00,"No block during peak hours 06:00-10:00,17:00-21:00",No
BZA-SC,2026-05-22,23:00,03:00,No restriction,No
BZA-SC,2026-05-23,23:00,04:00,Single line working only,Yes
BZA-SC,2026-05-24,23:00,04:00,"No block during peak hours 06:00-10:00,17:00-21:00",No
BZA-SC,2026-05-25,23:00,03:00,Block suspended - VIP movement,Yes
BZA-SC,2026-05-26,23:00,03:00,Single line working only,No
BZA-SC,2026-05-27,23:00,03:00,No restriction,No
BZA-SC,2026-05-28,23:00,03:00,No restriction,No
BZA-SC,2026-05-29,23:00,03:00,"No block during peak hours 06:00-10:00,17:00-21:00",No
BZA-SC,2026-05-30,23:00,04:00,Single line working only,Yes
BZA-SC,2026-05-31,23:00,04:00,Single line working only,No
BZA-SC,2026-06-01,23:00,03:00,"No block during peak hours 06:00-10:00,17:00-21:00",No
BZA-SC,2026-06-02,23:00,03:00,"No block during peak hours 06:00-10:00,17:00-21:00",Yes
BZA-SC,2026-06-03,23:00,03:00,Max 1 block per night,Yes
BZA-SC,2026-06-04,23:00,03:00,"No block during peak hours 06:00-10:00,17:00-21:00",Yes
BZA-SC,2026-06-05,23:00,03:00,Block suspended - VIP movement,Yes
BZA-SC,2026-06-06,23:00,04:00,"No block during peak hours 06:00-10:00,17:00-21:00",No
BZA-SC,2026-06-07,23:00,04:00,"No block during peak hours 06:00-10:00,17:00-21:00",Yes
BZA-SC,2026-06-08,23:00,03:00,Block suspended - VIP movement,No
BZA-SC,2026-06-09,23:00,03:00,Max 1 block per night,No
BZA-SC,2026-06-10,23:00,03:00,Max 1 block per night,No
BZA-SC,2026-06-11,23:00,03:00,Single line working only,No
BZA-SC,2026-06-12,23:00,03:00,"No block during peak hours 06:00-10:00,17:00-21:00",Yes
BZA-SC,2026-06-13,23:00,04:00,No restriction,Yes
BZA-SC,2026-06-14,23:00,04:00,"No block during peak hours 06:00-10:00,17:00-21:00",Yes
BZA-SC,2026-06-15,23:00,03:00,Block suspended - VIP movement,No
BZA-SC,2026-06-16,23:00,03:00,Single line working only,No
BZA-SC,2026-06-17,23:00,03:00,"No block during peak hours 06:00-10:00,17:00-21:00",No
BZA-SC,2026-06-18,23:00,03:00,No restriction,No
BZA-SC,2026-06-19,23:00,03:00,Max 1 block per night,No
BZA-SC,2026-06-20,23:00,04:00,Max 1 block per night,Yes
BZA-SC,2026-06-21,23:00,04:00,Single line working only,No
BZA-SC,2026-06-22,23:00,03:00,Single line working only,No
BZA-SC,2026-06-23,23:00,03:00,Max 1 block per night,Yes
BZA-SC,2026-06-24,23:00,03:00,Max 1 block per night,No
BZA-SC,2026-06-25,23:00,03:00,Max 1 block per night,Yes
BZA-SC,2026-06-26,23:00,03:00,"No block during peak hours 06:00-10:00,17:00-21:00",No
BZA-SC,2026-06-27,23:00,04:00,"No block during peak hours 06:00-10:00,17:00-21:00",Yes
BZA-SC,2026-06-28,23:00,04:00,No restriction,No
BZA-SC,2026-06-29,23:00,03:00,Single line working only,Yes
BZA-SC,2026-06-30,23:00,03:00,Max 1 block per night,No
BZA-SC,2026-07-01,23:00,03:00,"No block during peak hours 06:00-10:00,17:00-21:00",Yes
BZA-SC,2026-07-02,23:00,03:00,"No block during peak hours 06:00-10:00,17:00-21:00",No
BZA-SC,2026-07-03,23:00,03:00,No restriction,Yes
BZA-SC,2026-07-04,23:00,04:00,No restriction,Yes
BZA-SC,2026-07-05,23:00,04:00,Single line working only,Yes
BZA-SC,2026-07-06,23:00,03:00,Single line working only,Yes
BZA-SC,2026-07-07,23:00,03:00,Single line working only,Yes
BZA-SC,2026-07-08,23:00,03:00,No restriction,No
BZA-SC,2026-07-09,23:00,03:00,Single line working only,Yes
BZA-SC,2026-07-10,23:00,03:00,"No block during peak hours 06:00-10:00,17:00-21:00",No
BZA-SC,2026-07-11,23:00,04:00,Single line working only,Yes
BZA-SC,2026-07-12,23:00,04:00,"No block during peak hours 06:00-10:00,17:00-21:00",No
BZA-SC,2026-07-13,23:00,03:00,Single line working only,No
BZA-SC,2026-07-14,23:00,03:00,"No block during peak hours 06:00-10:00,17:00-21:00",Yes
BZA-SC,2026-07-15,23:00,03:00,"No block during peak hours 06:00-10:00,17:00-21:00",Yes
BZA-SC,2026-07-16,23:00,03:00,Single line working only,Yes
BZA-SC,2026-07-17,23:00,03:00,"No block during peak hours 06:00-10:00,17:00-21:00",No
BZA-SC,2026-07-18,23:00,04:00,No restriction,Yes
BZA-SC,2026-07-19,23:00,04:00,Max 1 block per night,No
BZA-SC,2026-07-20,23:00,03:00,Single line working only,Yes
BZA-SC,2026-07-21,23:00,03:00,Reduced window due to festival traffic,No
BZA-SC,2026-07-22,23:00,03:00,Single line working only,Yes
BZA-SC,2026-07-23,23:00,03:00,No restriction,No
BZA-SC,2026-07-24,23:00,03:00,"No block during peak hours 06:00-10:00,17:00-21:00",Yes
BZA-SC,2026-07-25,23:00,04:00,No restriction,Yes
BZA-SC,2026-07-26,23:00,04:00,"No block during peak hours 06:00-10:00,17:00-21:00",Yes
BZA-SC,2026-07-27,23:00,03:00,Single line working only,No
BZA-SC,2026-07-28,23:00,03:00,Max 1 block per night,No
BZA-SC,2026-07-29,23:00,03:00,No restriction,No
BZA-SC,2026-07-30,23:00,03:00,"No block during peak hours 06:00-10:00,17:00-21:00",No
BZA-SC,2026-07-31,23:00,03:00,Max 1 block per night,Yes
BZA-SC,2026-08-01,23:00,04:00,No restriction,No
BZA-SC,2026-08-02,23:00,04:00,"No block during peak hours 06:00-10:00,17:00-21:00",No
BZA-SC,2026-08-03,23:00,03:00,No restriction,No
BZA-SC,2026-08-04,23:00,03:00,Max 1 block per night,Yes
BZA-SC,2026-08-05,23:00,03:00,Max 1 block per night,Yes
BZA-SC,2026-08-06,23:00,03:00,Single line working only,No
BZA-SC,2026-08-07,23:00,03:00,Block suspended - VIP movement,No
BZA-SC,2026-08-08,23:00,04:00,Single line working only,Yes
BZA-SC,2026-08-09,23:00,04:00,Max 1 block per night,No
BZA-SC,2026-08-10,23:00,03:00,No restriction,Yes
BZA-SC,2026-08-11,23:00,03:00,Single line working only,Yes
BZA-SC,2026-08-12,23:00,03:00,No restriction,Yes
BZA-SC,2026-08-13,23:00,03:00,"No block during peak hours 06:00-10:00,17:00-21:00",No
BZA-SC,2026-08-14,23:00,03:00,Max 1 block per night,No
BZA-SC,2026-08-15,23:00,04:00,No restriction,No
BZA-SC,2026-08-16,23:00,04:00,"No block during peak hours 06:00-10:00,17:00-21:00",Yes
BZA-SC,2026-08-17,23:00,03:00,Reduced window due to festival traffic,No
BZA-SC,2026-08-18,23:00,03:00,No restriction,No
BZA-SC,2026-08-19,23:00,03:00,Single line working only,Yes
BZA-SC,2026-08-20,23:00,03:00,Max 1 block per night,No
BZA-SC,2026-08-21,23:00,03:00,Single line working only,No
BZA-SC,2026-08-22,23:00,04:00,Reduced window due to festival traffic,No
BZA-SC,2026-08-23,23:00,04:00,Single line working only,No
BZA-SC,2026-08-24,23:00,03:00,Reduced window due to festival traffic,Yes
BZA-SC,2026-08-25,23:00,03:00,Max 1 block per night,No
BZA-SC,2026-08-26,23:00,03:00,"No block during peak hours 06:00-10:00,17:00-21:00",No
BZA-SC,2026-08-27,23:00,03:00,"No block during peak hours 06:00-10:00,17:00-21:00",Yes
BZA-SC,2026-08-28,23:00,03:00,Max 1 block per night,No
BZA-SC,2026-08-29,23:00,04:00,"No block during peak hours 06:00-10:00,17:00-21:00",Yes
BZA-SC,2026-08-30,23:00,04:00,Single line working only,No
BZA-SC,2026-08-31,23:00,03:00,No restriction,Yes
BZA-SC,2026-09-01,23:00,03:00,"No block during peak hours 06:00-10:00,17:00-21:00",Yes
BZA-SC,2026-09-02,23:00,03:00,No restriction,No
BZA-SC,2026-09-03,23:00,03:00,"No block during peak hours 06:00-10:00,17:00-21:00",Yes
BZA-SC,2026-09-04,23:00,03:00,Single line working only,No
BZA-SC,2026-09-05,23:00,04:00,"No block during peak hours 06:00-10:00,17:00-21:00",Yes
BZA-SC,2026-09-06,23:00,04:00,Max 1 block per night,No
BZA-SC,2026-09-07,23:00,03:00,No restriction,No
BZA-SC,2026-09-08,23:00,03:00,Block suspended - VIP movement,No
BZA-SC,2026-09-09,23:00,03:00,Max 1 block per night,No
BZA-SC,2026-09-10,23:00,03:00,No restriction,No
BZA-SC,2026-09-11,23:00,03:00,"No block during peak hours 06:00-10:00,17:00-21:00",No
BZA-SC,2026-09-12,23:00,04:00,Single line working only,No
BZA-SC,2026-09-13,23:00,04:00,"No block during peak hours 06:00-10:00,17:00-21:00",Yes
BZA-SC,2026-09-14,23:00,03:00,Single line working only,Yes
BZA-SC,2026-09-15,23:00,03:00,No restriction,Yes
BZA-SC,2026-09-16,23:00,03:00,Single line working only,No
BZA-SC,2026-09-17,23:00,03:00,"No block during peak hours 06:00-10:00,17:00-21:00",No
BZA-SC,2026-09-18,23:00,03:00,"No block during peak hours 06:00-10:00,17:00-21:00",Yes
BZA-SC,2026-09-19,23:00,04:00,Max 1 block per night,No
BZA-SC,2026-09-20,23:00,04:00,"No block during peak hours 06:00-10:00,17:00-21:00",Yes
BZA-SC,2026-09-21,23:00,03:00,No restriction,No
BZA-SC,2026-09-22,23:00,03:00,Single line working only,No
BZA-SC,2026-09-23,23:00,03:00,"No block during peak hours 06:00-10:00,17:00-21:00",Yes
BZA-SC,2026-09-24,23:00,03:00,Max 1 block per night,Yes
BZA-SC,2026-09-25,23:00,03:00,Block suspended - VIP movement,No
BZA-SC,2026-09-26,23:00,04:00,"No block during peak hours 06:00-10:00,17:00-21:00",Yes
BZA-SC,2026-09-27,23:00,04:00,Max 1 block per night,No
BZA-SC,2026-09-28,23:00,03:00,Max 1 block per night,Yes
BZA-SC,2026-09-29,23:00,03:00,Block suspended - VIP movement,No
BZA-SC,2026-09-30,23:00,03:00,"No block during peak hours 06:00-10:00,17:00-21:00",Yes
BZA-SC,2026-10-01,23:00,03:00,Block suspended - VIP movement,Yes
BZA-SC,2026-10-02,23:00,03:00,Single line working only,Yes
BZA-SC,2026-10-03,23:00,04:00,"No block during peak hours 06:00-10:00,17:00-21:00",No
BZA-SC,2026-10-04,23:00,04:00,Max 1 block per night,Yes
BZA-SC,2026-10-05,23:00,03:00,Max 1 block per night,Yes
BZA-SC,2026-10-06,23:00,03:00,Max 1 block per night,No
BZA-SC,2026-10-07,23:00,03:00,Single line working only,No
BZA-SC,2026-10-08,23:00,03:00,Max 1 block per night,Yes
BZA-SC,2026-10-09,23:00,03:00,"No block during peak hours 06:00-10:00,17:00-21:00",No
BZA-SC,2026-10-10,23:00,04:00,Reduced window due to festival traffic,No
BZA-SC,2026-10-11,23:00,04:00,No restriction,No
BZA-SC,2026-10-12,23:00,03:00,No restriction,No
BZA-SC,2026-10-13,23:00,03:00,Max 1 block per night,No
BZA-SC,2026-10-14,23:00,03:00,No restriction,No
BZA-SC,2026-10-15,23:00,03:00,No restriction,No
BZA-SC,2026-10-16,23:00,03:00,Max 1 block per night,Yes
BZA-SC,2026-10-17,23:00,04:00,No restriction,No
BZA-SC,2026-10-18,23:00,04:00,No restriction,No
BZA-SC,2026-10-19,23:00,03:00,No restriction,Yes
BZA-SC,2026-10-20,23:00,03:00,"No block during peak hours 06:00-10:00,17:00-21:00",No
BZA-SC,2026-10-21,23:00,03:00,No restriction,Yes
BZA-SC,2026-10-22,23:00,03:00,Block suspended - VIP movement,Yes
BZA-SC,2026-10-23,23:00,03:00,"No block during peak hours 06:00-10:00,17:00-21:00",No
BZA-SC,2026-10-24,23:00,04:00,Reduced window due to festival traffic,No
BZA-SC,2026-10-25,23:00,04:00,Max 1 block per night,No
BZA-SC,2026-10-26,23:00,03:00,No restriction,No
BZA-SC,2026-10-27,23:00,03:00,Block suspended - VIP movement,No
BZA-SC,2026-10-28,23:00,03:00,Single line working only,No
BZA-SC,2026-10-29,23:00,03:00,Block suspended - VIP movement,No
BZA-SC,2026-10-30,23:00,03:00,"No block during peak hours 06:00-10:00,17:00-21:00",No
BZA-SC,2026-10-31,23:00,04:00,No restriction,No
BZA-SC,2026-11-01,23:00,04:00,No restriction,No
BZA-SC,2026-11-02,23:00,03:00,No restriction,No
BZA-SC,2026-11-03,23:00,03:00,No restriction,No
BZA-SC,2026-11-04,23:00,03:00,Reduced window due to festival traffic,No
BZA-SC,2026-11-05,23:00,03:00,Single line working only,No
BZA-SC,2026-11-06,23:00,03:00,"No block during peak hours 06:00-10:00,17:00-21:00",No
BZA-SC,2026-11-07,23:00,04:00,Single line working only,No
BZA-SC,2026-11-08,23:00,04:00,Single line working only,Yes
BZA-SC,2026-11-09,23:00,03:00,Max 1 block per night,Yes
BZA-SC,2026-11-10,23:00,03:00,"No block during peak hours 06:00-10:00,17:00-21:00",Yes
BZA-SC,2026-11-11,23:00,03:00,Reduced window due to festival traffic,No
BZA-SC,2026-11-12,23:00,03:00,Single line working only,No
BZA-SC,2026-11-13,23:00,03:00,Single line working only,Yes
BZA-SC,2026-11-14,23:00,04:00,Reduced window due to festival traffic,No
BZA-SC,2026-11-15,23:00,04:00,"No block during peak hours 06:00-10:00,17:00-21:00",No
BZA-SC,2026-11-16,23:00,03:00,"No block during peak hours 06:00-10:00,17:00-21:00",No
BZA-SC,2026-11-17,23:00,03:00,"No block during peak hours 06:00-10:00,17:00-21:00",Yes
BZA-SC,2026-11-18,23:00,03:00,Single line working only,Yes
BZA-SC,2026-11-19,23:00,03:00,Block suspended - VIP movement,No
BZA-SC,2026-11-20,23:00,03:00,"No block during peak hours 06:00-10:00,17:00-21:00",No
BZA-SC,2026-11-21,23:00,04:00,"No block during peak hours 06:00-10:00,17:00-21:00",No
BZA-SC,2026-11-22,23:00,04:00,Reduced window due to festival traffic,Yes
BZA-SC,2026-11-23,23:00,03:00,Single line working only,No
BZA-SC,2026-11-24,23:00,03:00,Single line working only,No
BZA-SC,2026-11-25,23:00,03:00,No restriction,No
BZA-SC,2026-11-26,23:00,03:00,Block suspended - VIP movement,No
BZA-SC,2026-11-27,23:00,03:00,"No block during peak hours 06:00-10:00,17:00-21:00",Yes
BZA-SC,2026-11-28,23:00,04:00,Reduced window due to festival traffic,Yes
BZA-SC,2026-11-29,23:00,04:00,"No block during peak hours 06:00-10:00,17:00-21:00",No
BZA-SC,2026-11-30,23:00,03:00,No restriction,Yes
BZA-SC,2026-12-01,23:00,03:00,Single line working only,No
BZA-SC,2026-12-02,23:00,03:00,"No block during peak hours 06:00-10:00,17:00-21:00",No
BZA-SC,2026-12-03,23:00,03:00,"No block during peak hours 06:00-10:00,17:00-21:00",No
BZA-SC,2026-12-04,23:00,03:00,"No block during peak hours 06:00-10:00,17:00-21:00",No
BZA-SC,2026-12-05,23:00,04:00,Single line working only,Yes
BZA-SC,2026-12-06,23:00,04:00,Single line working only,Yes
BZA-SC,2026-12-07,23:00,03:00,Single line working only,No
BZA-SC,2026-12-08,23:00,03:00,"No block during peak hours 06:00-10:00,17:00-21:00",Yes
BZA-SC,2026-12-09,23:00,03:00,No restriction,No
BZA-SC,2026-12-10,23:00,03:00,"No block during peak hours 06:00-10:00,17:00-21:00",No
BZA-SC,2026-12-11,23:00,03:00,Single line working only,No
BZA-SC,2026-12-12,23:00,04:00,Single line working only,Yes
BZA-SC,2026-12-13,23:00,04:00,"No block during peak hours 06:00-10:00,17:00-21:00",No
BZA-SC,2026-12-14,23:00,03:00,"No block during peak hours 06:00-10:00,17:00-21:00",No
BZA-SC,2026-12-15,23:00,03:00,No restriction,Yes
BZA-SC,2026-12-16,23:00,03:00,Single line working only,No
BZA-SC,2026-12-17,23:00,03:00,Max 1 block per night,Yes
BZA-SC,2026-12-18,23:00,03:00,Max 1 block per night,No
BZA-SC,2026-12-19,23:00,04:00,"No block during peak hours 06:00-10:00,17:00-21:00",Yes
BZA-SC,2026-12-20,23:00,04:00,Single line working only,Yes
BZA-SC,2026-12-21,23:00,03:00,Max 1 block per night,No
BZA-SC,2026-12-22,23:00,03:00,Max 1 block per night,No
BZA-SC,2026-12-23,23:00,03:00,No restriction,No
BZA-SC,2026-12-24,23:00,03:00,"No block during peak hours 06:00-10:00,17:00-21:00",No
BZA-SC,2026-12-25,23:00,03:00,"No block during peak hours 06:00-10:00,17:00-21:00",No
BZA-SC,2026-12-26,23:00,04:00,Max 1 block per night,No
BZA-SC,2026-12-27,23:00,04:00,Reduced window due to festival traffic,No
BZA-SC,2026-12-28,23:00,03:00,Block suspended - VIP movement,No
BZA-SC,2026-12-29,23:00,03:00,Single line working only,No
BZA-SC,2026-12-30,23:00,03:00,No restriction,No
BZA-SC,2026-12-31,23:00,03:00,Max 1 block per night,No
SC-NGP,2026-01-01,23:00,03:00,No restriction,No
SC-NGP,2026-01-02,23:00,03:00,No restriction,Yes
SC-NGP,2026-01-03,23:00,04:00,Reduced window due to festival traffic,No
SC-NGP,2026-01-04,23:00,04:00,Max 1 block per night,Yes
SC-NGP,2026-01-05,23:00,03:00,No restriction,No
SC-NGP,2026-01-06,23:00,03:00,Max 1 block per night,Yes
SC-NGP,2026-01-07,23:00,03:00,No restriction,No
SC-NGP,2026-01-08,23:00,03:00,Single line working only,No
SC-NGP,2026-01-09,23:00,03:00,Reduced window due to festival traffic,No
SC-NGP,2026-01-10,23:00,04:00,No restriction,No
SC-NGP,2026-01-11,23:00,04:00,No restriction,No
SC-NGP,2026-01-12,23:00,03:00,"No block during peak hours 06:00-10:00,17:00-21:00",No
SC-NGP,2026-01-13,23:00,03:00,No restriction,No
SC-NGP,2026-01-14,23:00,03:00,Single line working only,No
SC-NGP,2026-01-15,23:00,03:00,Single line working only,No
SC-NGP,2026-01-16,23:00,03:00,No restriction,Yes
SC-NGP,2026-01-17,23:00,04:00,Max 1 block per night,No
SC-NGP,2026-01-18,23:00,04:00,Reduced window due to festival traffic,No
SC-NGP,2026-01-19,23:00,03:00,Block suspended - VIP movement,Yes
SC-NGP,2026-01-20,23:00,03:00,"No block during peak hours 06:00-10:00,17:00-21:00",Yes
SC-NGP,2026-01-21,23:00,03:00,Reduced window due to festival traffic,No
SC-NGP,2026-01-22,23:00,03:00,"No block during peak hours 06:00-10:00,17:00-21:00",No
SC-NGP,2026-01-23,23:00,03:00,No restriction,No
SC-NGP,2026-01-24,23:00,04:00,"No block during peak hours 06:00-10:00,17:00-21:00",No
SC-NGP,2026-01-25,23:00,04:00,Single line working only,No
SC-NGP,2026-01-26,23:00,03:00,Max 1 block per night,Yes
SC-NGP,2026-01-27,23:00,03:00,Single line working only,Yes
SC-NGP,2026-01-28,23:00,03:00,No restriction,No
SC-NGP,2026-01-29,23:00,03:00,"No block during peak hours 06:00-10:00,17:00-21:00",Yes
SC-NGP,2026-01-30,23:00,03:00,No restriction,Yes
SC-NGP,2026-01-31,23:00,04:00,"No block during peak hours 06:00-10:00,17:00-21:00",No
SC-NGP,2026-02-01,23:00,04:00,Single line working only,No
SC-NGP,2026-02-02,23:00,03:00,"No block during peak hours 06:00-10:00,17:00-21:00",Yes
SC-NGP,2026-02-03,23:00,03:00,Max 1 block per night,Yes
SC-NGP,2026-02-04,23:00,03:00,Reduced window due to festival traffic,Yes
SC-NGP,2026-02-05,23:00,03:00,"No block during peak hours 06:00-10:00,17:00-21:00",No
SC-NGP,2026-02-06,23:00,03:00,"No block during peak hours 06:00-10:00,17:00-21:00",No
SC-NGP,2026-02-07,23:00,04:00,Max 1 block per night,No
SC-NGP,2026-02-08,23:00,04:00,Single line working only,Yes
SC-NGP,2026-02-09,23:00,03:00,Single line working only,No
SC-NGP,2026-02-10,23:00,03:00,Max 1 block per night,No
SC-NGP,2026-02-11,23:00,03:00,No restriction,Yes
SC-NGP,2026-02-12,23:00,03:00,"No block during peak hours 06:00-10:00,17:00-21:00",Yes
SC-NGP,2026-02-13,23:00,03:00,"No block during peak hours 06:00-10:00,17:00-21:00",No
SC-NGP,2026-02-14,23:00,04:00,Single line working only,No
SC-NGP,2026-02-15,23:00,04:00,No restriction,No
SC-NGP,2026-02-16,23:00,03:00,"No block during peak hours 06:00-10:00,17:00-21:00",No
SC-NGP,2026-02-17,23:00,03:00,Single line working only,No
SC-NGP,2026-02-18,23:00,03:00,Block suspended - VIP movement,Yes
SC-NGP,2026-02-19,23:00,03:00,Single line working only,Yes
SC-NGP,2026-02-20,23:00,03:00,"No block during peak hours 06:00-10:00,17:00-21:00",Yes
SC-NGP,2026-02-21,23:00,04:00,"No block during peak hours 06:00-10:00,17:00-21:00",No
SC-NGP,2026-02-22,23:00,04:00,Single line working only,No
SC-NGP,2026-02-23,23:00,03:00,Single line working only,No
SC-NGP,2026-02-24,23:00,03:00,Max 1 block per night,No
SC-NGP,2026-02-25,23:00,03:00,No restriction,Yes
SC-NGP,2026-02-26,23:00,03:00,"No block during peak hours 06:00-10:00,17:00-21:00",No
SC-NGP,2026-02-27,23:00,03:00,Single line working only,Yes
SC-NGP,2026-02-28,23:00,04:00,"No block during peak hours 06:00-10:00,17:00-21:00",No
SC-NGP,2026-03-01,23:00,04:00,Max 1 block per night,Yes
SC-NGP,2026-03-02,23:00,03:00,Single line working only,No
SC-NGP,2026-03-03,23:00,03:00,"No block during peak hours 06:00-10:00,17:00-21:00",No
SC-NGP,2026-03-04,23:00,03:00,Max 1 block per night,Yes
SC-NGP,2026-03-05,23:00,03:00,"No block during peak hours 06:00-10:00,17:00-21:00",Yes
SC-NGP,2026-03-06,23:00,03:00,Block suspended - VIP movement,Yes
SC-NGP,2026-03-07,23:00,04:00,"No block during peak hours 06:00-10:00,17:00-21:00",No
SC-NGP,2026-03-08,23:00,04:00,Single line working only,No
SC-NGP,2026-03-09,23:00,03:00,"No block during peak hours 06:00-10:00,17:00-21:00",Yes
SC-NGP,2026-03-10,23:00,03:00,Single line working only,No
SC-NGP,2026-03-11,23:00,03:00,"No block during peak hours 06:00-10:00,17:00-21:00",Yes
SC-NGP,2026-03-12,23:00,03:00,"No block during peak hours 06:00-10:00,17:00-21:00",No
SC-NGP,2026-03-13,23:00,03:00,No restriction,Yes
SC-NGP,2026-03-14,23:00,04:00,Reduced window due to festival traffic,Yes
SC-NGP,2026-03-15,23:00,04:00,"No block during peak hours 06:00-10:00,17:00-21:00",No
SC-NGP,2026-03-16,23:00,03:00,Single line working only,Yes
SC-NGP,2026-03-17,23:00,03:00,"No block during peak hours 06:00-10:00,17:00-21:00",Yes
SC-NGP,2026-03-18,23:00,03:00,Reduced window due to festival traffic,No
SC-NGP,2026-03-19,23:00,03:00,Single line working only,No
SC-NGP,2026-03-20,23:00,03:00,"No block during peak hours 06:00-10:00,17:00-21:00",No
SC-NGP,2026-03-21,23:00,04:00,Single line working only,No
SC-NGP,2026-03-22,23:00,04:00,"No block during peak hours 06:00-10:00,17:00-21:00",No
SC-NGP,2026-03-23,23:00,03:00,Single line working only,No
SC-NGP,2026-03-24,23:00,03:00,"No block during peak hours 06:00-10:00,17:00-21:00",Yes
SC-NGP,2026-03-25,23:00,03:00,Single line working only,Yes
SC-NGP,2026-03-26,23:00,03:00,No restriction,No
SC-NGP,2026-03-27,23:00,03:00,"No block during peak hours 06:00-10:00,17:00-21:00",No
SC-NGP,2026-03-28,23:00,04:00,Block suspended - VIP movement,No
SC-NGP,2026-03-29,23:00,04:00,"No block during peak hours 06:00-10:00,17:00-21:00",No
SC-NGP,2026-03-30,23:00,03:00,Max 1 block per night,No
SC-NGP,2026-03-31,23:00,03:00,Single line working only,Yes
SC-NGP,2026-04-01,23:00,03:00,Single line working only,No
SC-NGP,2026-04-02,23:00,03:00,No restriction,Yes
SC-NGP,2026-04-03,23:00,03:00,No restriction,No
SC-NGP,2026-04-04,23:00,04:00,Block suspended - VIP movement,No
SC-NGP,2026-04-05,23:00,04:00,"No block during peak hours 06:00-10:00,17:00-21:00",No
SC-NGP,2026-04-06,23:00,03:00,"No block during peak hours 06:00-10:00,17:00-21:00",No
SC-NGP,2026-04-07,23:00,03:00,Single line working only,No
SC-NGP,2026-04-08,23:00,03:00,"No block during peak hours 06:00-10:00,17:00-21:00",Yes
SC-NGP,2026-04-09,23:00,03:00,Reduced window due to festival traffic,Yes
SC-NGP,2026-04-10,23:00,03:00,No restriction,Yes
SC-NGP,2026-04-11,23:00,04:00,Single line working only,Yes
SC-NGP,2026-04-12,23:00,04:00,No restriction,Yes
SC-NGP,2026-04-13,23:00,03:00,No restriction,Yes
SC-NGP,2026-04-14,23:00,03:00,Max 1 block per night,Yes
SC-NGP,2026-04-15,23:00,03:00,Single line working only,No
SC-NGP,2026-04-16,23:00,03:00,Max 1 block per night,No
SC-NGP,2026-04-17,23:00,03:00,"No block during peak hours 06:00-10:00,17:00-21:00",No
SC-NGP,2026-04-18,23:00,04:00,Single line working only,No
SC-NGP,2026-04-19,23:00,04:00,Max 1 block per night,No
SC-NGP,2026-04-20,23:00,03:00,Single line working only,Yes
SC-NGP,2026-04-21,23:00,03:00,No restriction,Yes
SC-NGP,2026-04-22,23:00,03:00,Single line working only,No
SC-NGP,2026-04-23,23:00,03:00,Single line working only,No
SC-NGP,2026-04-24,23:00,03:00,"No block during peak hours 06:00-10:00,17:00-21:00",Yes
SC-NGP,2026-04-25,23:00,04:00,"No block during peak hours 06:00-10:00,17:00-21:00",Yes
SC-NGP,2026-04-26,23:00,04:00,Reduced window due to festival traffic,Yes
SC-NGP,2026-04-27,23:00,03:00,No restriction,No
SC-NGP,2026-04-28,23:00,03:00,Single line working only,Yes
SC-NGP,2026-04-29,23:00,03:00,"No block during peak hours 06:00-10:00,17:00-21:00",No
SC-NGP,2026-04-30,23:00,03:00,No restriction,No
SC-NGP,2026-05-01,23:00,03:00,Max 1 block per night,Yes
SC-NGP,2026-05-02,23:00,04:00,No restriction,No
SC-NGP,2026-05-03,23:00,04:00,Block suspended - VIP movement,No
SC-NGP,2026-05-04,23:00,03:00,"No block during peak hours 06:00-10:00,17:00-21:00",Yes
SC-NGP,2026-05-05,23:00,03:00,Max 1 block per night,Yes
SC-NGP,2026-05-06,23:00,03:00,Reduced window due to festival traffic,Yes
SC-NGP,2026-05-07,23:00,03:00,"No block during peak hours 06:00-10:00,17:00-21:00",No
SC-NGP,2026-05-08,23:00,03:00,No restriction,No
SC-NGP,2026-05-09,23:00,04:00,Single line working only,No
SC-NGP,2026-05-10,23:00,04:00,Max 1 block per night,Yes
SC-NGP,2026-05-11,23:00,03:00,"No block during peak hours 06:00-10:00,17:00-21:00",No
SC-NGP,2026-05-12,23:00,03:00,"No block during peak hours 06:00-10:00,17:00-21:00",Yes
SC-NGP,2026-05-13,23:00,03:00,"No block during peak hours 06:00-10:00,17:00-21:00",Yes
SC-NGP,2026-05-14,23:00,03:00,No restriction,No
SC-NGP,2026-05-15,23:00,03:00,No restriction,No
SC-NGP,2026-05-16,23:00,04:00,Max 1 block per night,No
SC-NGP,2026-05-17,23:00,04:00,"No block during peak hours 06:00-10:00,17:00-21:00",Yes
SC-NGP,2026-05-18,23:00,03:00,No restriction,Yes
SC-NGP,2026-05-19,23:00,03:00,Max 1 block per night,No
SC-NGP,2026-05-20,23:00,03:00,"No block during peak hours 06:00-10:00,17:00-21:00",No
SC-NGP,2026-05-21,23:00,03:00,Single line working only,No
SC-NGP,2026-05-22,23:00,03:00,Max 1 block per night,Yes
SC-NGP,2026-05-23,23:00,04:00,Max 1 block per night,No
SC-NGP,2026-05-24,23:00,04:00,No restriction,No
SC-NGP,2026-05-25,23:00,03:00,Max 1 block per night,No
SC-NGP,2026-05-26,23:00,03:00,"No block during peak hours 06:00-10:00,17:00-21:00",No
SC-NGP,2026-05-27,23:00,03:00,Block suspended - VIP movement,No
SC-NGP,2026-05-28,23:00,03:00,Max 1 block per night,Yes
SC-NGP,2026-05-29,23:00,03:00,Reduced window due to festival traffic,No
SC-NGP,2026-05-30,23:00,04:00,No restriction,No
SC-NGP,2026-05-31,23:00,04:00,Reduced window due to festival traffic,No
SC-NGP,2026-06-01,23:00,03:00,"No block during peak hours 06:00-10:00,17:00-21:00",No
SC-NGP,2026-06-02,23:00,03:00,Block suspended - VIP movement,No
SC-NGP,2026-06-03,23:00,03:00,"No block during peak hours 06:00-10:00,17:00-21:00",Yes
SC-NGP,2026-06-04,23:00,03:00,Single line working only,Yes
SC-NGP,2026-06-05,23:00,03:00,Block suspended - VIP movement,No
SC-NGP,2026-06-06,23:00,04:00,No restriction,Yes
SC-NGP,2026-06-07,23:00,04:00,No restriction,Yes
SC-NGP,2026-06-08,23:00,03:00,Single line working only,No
SC-NGP,2026-06-09,23:00,03:00,Max 1 block per night,No
SC-NGP,2026-06-10,23:00,03:00,"No block during peak hours 06:00-10:00,17:00-21:00",Yes
SC-NGP,2026-06-11,23:00,03:00,Single line working only,Yes
SC-NGP,2026-06-12,23:00,03:00,No restriction,No
SC-NGP,2026-06-13,23:00,04:00,"No block during peak hours 06:00-10:00,17:00-21:00",Yes
SC-NGP,2026-06-14,23:00,04:00,No restriction,No
SC-NGP,2026-06-15,23:00,03:00,Single line working only,No
SC-NGP,2026-06-16,23:00,03:00,Max 1 block per night,Yes
SC-NGP,2026-06-17,23:00,03:00,"No block during peak hours 06:00-10:00,17:00-21:00",No
SC-NGP,2026-06-18,23:00,03:00,Reduced window due to festival traffic,Yes
SC-NGP,2026-06-19,23:00,03:00,Single line working only,No
SC-NGP,2026-06-20,23:00,04:00,Max 1 block per night,Yes
SC-NGP,2026-06-21,23:00,04:00,Reduced window due to festival traffic,Yes
SC-NGP,2026-06-22,23:00,03:00,"No block during peak hours 06:00-10:00,17:00-21:00",Yes
SC-NGP,2026-06-23,23:00,03:00,"No block during peak hours 06:00-10:00,17:00-21:00",No
SC-NGP,2026-06-24,23:00,03:00,"No block during peak hours 06:00-10:00,17:00-21:00",Yes
SC-NGP,2026-06-25,23:00,03:00,Reduced window due to festival traffic,Yes
SC-NGP,2026-06-26,23:00,03:00,"No block during peak hours 06:00-10:00,17:00-21:00",No
SC-NGP,2026-06-27,23:00,04:00,"No block during peak hours 06:00-10:00,17:00-21:00",No
SC-NGP,2026-06-28,23:00,04:00,Single line working only,No
SC-NGP,2026-06-29,23:00,03:00,"No block during peak hours 06:00-10:00,17:00-21:00",No
SC-NGP,2026-06-30,23:00,03:00,Single line working only,No
SC-NGP,2026-07-01,23:00,03:00,Reduced window due to festival traffic,Yes
SC-NGP,2026-07-02,23:00,03:00,Reduced window due to festival traffic,Yes
SC-NGP,2026-07-03,23:00,03:00,Max 1 block per night,Yes
SC-NGP,2026-07-04,23:00,04:00,Max 1 block per night,No
SC-NGP,2026-07-05,23:00,04:00,"No block during peak hours 06:00-10:00,17:00-21:00",Yes
SC-NGP,2026-07-06,23:00,03:00,Single line working only,Yes
SC-NGP,2026-07-07,23:00,03:00,"No block during peak hours 06:00-10:00,17:00-21:00",No
SC-NGP,2026-07-08,23:00,03:00,"No block during peak hours 06:00-10:00,17:00-21:00",No
SC-NGP,2026-07-09,23:00,03:00,"No block during peak hours 06:00-10:00,17:00-21:00",No
SC-NGP,2026-07-10,23:00,03:00,Max 1 block per night,No
SC-NGP,2026-07-11,23:00,04:00,Max 1 block per night,Yes
SC-NGP,2026-07-12,23:00,04:00,Max 1 block per night,No
SC-NGP,2026-07-13,23:00,03:00,"No block during peak hours 06:00-10:00,17:00-21:00",Yes
SC-NGP,2026-07-14,23:00,03:00,Reduced window due to festival traffic,Yes
SC-NGP,2026-07-15,23:00,03:00,Reduced window due to festival traffic,No
SC-NGP,2026-07-16,23:00,03:00,No restriction,No
SC-NGP,2026-07-17,23:00,03:00,"No block during peak hours 06:00-10:00,17:00-21:00",Yes
SC-NGP,2026-07-18,23:00,04:00,No restriction,No
SC-NGP,2026-07-19,23:00,04:00,No restriction,Yes
SC-NGP,2026-07-20,23:00,03:00,Single line working only,Yes
SC-NGP,2026-07-21,23:00,03:00,Single line working only,Yes
SC-NGP,2026-07-22,23:00,03:00,Single line working only,No
SC-NGP,2026-07-23,23:00,03:00,"No block during peak hours 06:00-10:00,17:00-21:00",Yes
SC-NGP,2026-07-24,23:00,03:00,Max 1 block per night,Yes
SC-NGP,2026-07-25,23:00,04:00,Block suspended - VIP movement,No
SC-NGP,2026-07-26,23:00,04:00,"No block during peak hours 06:00-10:00,17:00-21:00",No
SC-NGP,2026-07-27,23:00,03:00,Max 1 block per night,Yes
SC-NGP,2026-07-28,23:00,03:00,Single line working only,No
SC-NGP,2026-07-29,23:00,03:00,Single line working only,No
SC-NGP,2026-07-30,23:00,03:00,"No block during peak hours 06:00-10:00,17:00-21:00",No
SC-NGP,2026-07-31,23:00,03:00,"No block during peak hours 06:00-10:00,17:00-21:00",Yes
SC-NGP,2026-08-01,23:00,04:00,"No block during peak hours 06:00-10:00,17:00-21:00",No
SC-NGP,2026-08-02,23:00,04:00,"No block during peak hours 06:00-10:00,17:00-21:00",Yes
SC-NGP,2026-08-03,23:00,03:00,Max 1 block per night,No
SC-NGP,2026-08-04,23:00,03:00,Single line working only,No
SC-NGP,2026-08-05,23:00,03:00,Block suspended - VIP movement,Yes
SC-NGP,2026-08-06,23:00,03:00,Max 1 block per night,No
SC-NGP,2026-08-07,23:00,03:00,"No block during peak hours 06:00-10:00,17:00-21:00",No
SC-NGP,2026-08-08,23:00,04:00,Single line working only,Yes
SC-NGP,2026-08-09,23:00,04:00,"No block during peak hours 06:00-10:00,17:00-21:00",Yes
SC-NGP,2026-08-10,23:00,03:00,"No block during peak hours 06:00-10:00,17:00-21:00",Yes
SC-NGP,2026-08-11,23:00,03:00,Single line working only,No
SC-NGP,2026-08-12,23:00,03:00,Single line working only,Yes
SC-NGP,2026-08-13,23:00,03:00,Block suspended - VIP movement,No
SC-NGP,2026-08-14,23:00,03:00,Max 1 block per night,No
SC-NGP,2026-08-15,23:00,04:00,Max 1 block per night,No
SC-NGP,2026-08-16,23:00,04:00,Reduced window due to festival traffic,Yes
SC-NGP,2026-08-17,23:00,03:00,"No block during peak hours 06:00-10:00,17:00-21:00",No
SC-NGP,2026-08-18,23:00,03:00,"No block during peak hours 06:00-10:00,17:00-21:00",Yes
SC-NGP,2026-08-19,23:00,03:00,No restriction,Yes
SC-NGP,2026-08-20,23:00,03:00,Max 1 block per night,Yes
SC-NGP,2026-08-21,23:00,03:00,Single line working only,No
SC-NGP,2026-08-22,23:00,04:00,"No block during peak hours 06:00-10:00,17:00-21:00",No
SC-NGP,2026-08-23,23:00,04:00,Single line working only,No
SC-NGP,2026-08-24,23:00,03:00,No restriction,Yes
SC-NGP,2026-08-25,23:00,03:00,Max 1 block per night,Yes
SC-NGP,2026-08-26,23:00,03:00,"No block during peak hours 06:00-10:00,17:00-21:00",No
SC-NGP,2026-08-27,23:00,03:00,Max 1 block per night,No
SC-NGP,2026-08-28,23:00,03:00,No restriction,Yes
SC-NGP,2026-08-29,23:00,04:00,"No block during peak hours 06:00-10:00,17:00-21:00",No
SC-NGP,2026-08-30,23:00,04:00,"No block during peak hours 06:00-10:00,17:00-21:00",Yes
SC-NGP,2026-08-31,23:00,03:00,"No block during peak hours 06:00-10:00,17:00-21:00",No
SC-NGP,2026-09-01,23:00,03:00,Single line working only,No
SC-NGP,2026-09-02,23:00,03:00,"No block during peak hours 06:00-10:00,17:00-21:00",Yes
SC-NGP,2026-09-03,23:00,03:00,Max 1 block per night,Yes
SC-NGP,2026-09-04,23:00,03:00,Block suspended - VIP movement,No
SC-NGP,2026-09-05,23:00,04:00,No restriction,Yes
SC-NGP,2026-09-06,23:00,04:00,Block suspended - VIP movement,No
SC-NGP,2026-09-07,23:00,03:00,"No block during peak hours 06:00-10:00,17:00-21:00",No
SC-NGP,2026-09-08,23:00,03:00,No restriction,Yes
SC-NGP,2026-09-09,23:00,03:00,No restriction,No
SC-NGP,2026-09-10,23:00,03:00,Single line working only,No
SC-NGP,2026-09-11,23:00,03:00,Reduced window due to festival traffic,No
SC-NGP,2026-09-12,23:00,04:00,Single line working only,No
SC-NGP,2026-09-13,23:00,04:00,Reduced window due to festival traffic,Yes
SC-NGP,2026-09-14,23:00,03:00,No restriction,No
SC-NGP,2026-09-15,23:00,03:00,Block suspended - VIP movement,Yes
SC-NGP,2026-09-16,23:00,03:00,Max 1 block per night,Yes
SC-NGP,2026-09-17,23:00,03:00,Max 1 block per night,Yes
SC-NGP,2026-09-18,23:00,03:00,"No block during peak hours 06:00-10:00,17:00-21:00",No
SC-NGP,2026-09-19,23:00,04:00,No restriction,No
SC-NGP,2026-09-20,23:00,04:00,No restriction,No
SC-NGP,2026-09-21,23:00,03:00,No restriction,Yes
SC-NGP,2026-09-22,23:00,03:00,"No block during peak hours 06:00-10:00,17:00-21:00",No
SC-NGP,2026-09-23,23:00,03:00,Max 1 block per night,No
SC-NGP,2026-09-24,23:00,03:00,Max 1 block per night,Yes
SC-NGP,2026-09-25,23:00,03:00,"No block during peak hours 06:00-10:00,17:00-21:00",No
SC-NGP,2026-09-26,23:00,04:00,Single line working only,Yes
SC-NGP,2026-09-27,23:00,04:00,"No block during peak hours 06:00-10:00,17:00-21:00",No
SC-NGP,2026-09-28,23:00,03:00,Max 1 block per night,No
SC-NGP,2026-09-29,23:00,03:00,No restriction,No
SC-NGP,2026-09-30,23:00,03:00,Single line working only,No
SC-NGP,2026-10-01,23:00,03:00,No restriction,No
SC-NGP,2026-10-02,23:00,03:00,Single line working only,Yes
SC-NGP,2026-10-03,23:00,04:00,Single line working only,No
SC-NGP,2026-10-04,23:00,04:00,No restriction,Yes
SC-NGP,2026-10-05,23:00,03:00,Single line working only,No
SC-NGP,2026-10-06,23:00,03:00,Single line working only,Yes
SC-NGP,2026-10-07,23:00,03:00,Single line working only,Yes
SC-NGP,2026-10-08,23:00,03:00,"No block during peak hours 06:00-10:00,17:00-21:00",Yes
SC-NGP,2026-10-09,23:00,03:00,"No block during peak hours 06:00-10:00,17:00-21:00",Yes
SC-NGP,2026-10-10,23:00,04:00,Max 1 block per night,Yes
SC-NGP,2026-10-11,23:00,04:00,"No block during peak hours 06:00-10:00,17:00-21:00",No
SC-NGP,2026-10-12,23:00,03:00,Block suspended - VIP movement,No
SC-NGP,2026-10-13,23:00,03:00,Max 1 block per night,No
SC-NGP,2026-10-14,23:00,03:00,"No block during peak hours 06:00-10:00,17:00-21:00",Yes
SC-NGP,2026-10-15,23:00,03:00,Max 1 block per night,No
SC-NGP,2026-10-16,23:00,03:00,No restriction,No
SC-NGP,2026-10-17,23:00,04:00,Single line working only,Yes
SC-NGP,2026-10-18,23:00,04:00,Single line working only,No
SC-NGP,2026-10-19,23:00,03:00,Block suspended - VIP movement,Yes
SC-NGP,2026-10-20,23:00,03:00,Block suspended - VIP movement,Yes
SC-NGP,2026-10-21,23:00,03:00,Reduced window due to festival traffic,No
SC-NGP,2026-10-22,23:00,03:00,Max 1 block per night,Yes
SC-NGP,2026-10-23,23:00,03:00,Single line working only,No
SC-NGP,2026-10-24,23:00,04:00,No restriction,No
SC-NGP,2026-10-25,23:00,04:00,"No block during peak hours 06:00-10:00,17:00-21:00",Yes
SC-NGP,2026-10-26,23:00,03:00,Single line working only,Yes
SC-NGP,2026-10-27,23:00,03:00,"No block during peak hours 06:00-10:00,17:00-21:00",No
SC-NGP,2026-10-28,23:00,03:00,"No block during peak hours 06:00-10:00,17:00-21:00",No
SC-NGP,2026-10-29,23:00,03:00,"No block during peak hours 06:00-10:00,17:00-21:00",Yes
SC-NGP,2026-10-30,23:00,03:00,Max 1 block per night,Yes
SC-NGP,2026-10-31,23:00,04:00,"No block during peak hours 06:00-10:00,17:00-21:00",No
SC-NGP,2026-11-01,23:00,04:00,No restriction,No
SC-NGP,2026-11-02,23:00,03:00,"No block during peak hours 06:00-10:00,17:00-21:00",No
SC-NGP,2026-11-03,23:00,03:00,"No block during peak hours 06:00-10:00,17:00-21:00",No
SC-NGP,2026-11-04,23:00,03:00,"No block during peak hours 06:00-10:00,17:00-21:00",Yes
SC-NGP,2026-11-05,23:00,03:00,"No block during peak hours 06:00-10:00,17:00-21:00",No
SC-NGP,2026-11-06,23:00,03:00,Max 1 block per night,Yes
SC-NGP,2026-11-07,23:00,04:00,"No block during peak hours 06:00-10:00,17:00-21:00",Yes
SC-NGP,2026-11-08,23:00,04:00,"No block during peak hours 06:00-10:00,17:00-21:00",No
SC-NGP,2026-11-09,23:00,03:00,Block suspended - VIP movement,Yes
SC-NGP,2026-11-10,23:00,03:00,No restriction,Yes
SC-NGP,2026-11-11,23:00,03:00,Block suspended - VIP movement,No
SC-NGP,2026-11-12,23:00,03:00,No restriction,No
SC-NGP,2026-11-13,23:00,03:00,No restriction,No
SC-NGP,2026-11-14,23:00,04:00,Max 1 block per night,Yes
SC-NGP,2026-11-15,23:00,04:00,Single line working only,Yes
SC-NGP,2026-11-16,23:00,03:00,"No block during peak hours 06:00-10:00,17:00-21:00",Yes
SC-NGP,2026-11-17,23:00,03:00,"No block during peak hours 06:00-10:00,17:00-21:00",Yes
SC-NGP,2026-11-18,23:00,03:00,Max 1 block per night,No
SC-NGP,2026-11-19,23:00,03:00,Single line working only,Yes
SC-NGP,2026-11-20,23:00,03:00,Single line working only,No
SC-NGP,2026-11-21,23:00,04:00,Single line working only,No
SC-NGP,2026-11-22,23:00,04:00,"No block during peak hours 06:00-10:00,17:00-21:00",No
SC-NGP,2026-11-23,23:00,03:00,Max 1 block per night,Yes
SC-NGP,2026-11-24,23:00,03:00,No restriction,Yes
SC-NGP,2026-11-25,23:00,03:00,Reduced window due to festival traffic,Yes
SC-NGP,2026-11-26,23:00,03:00,"No block during peak hours 06:00-10:00,17:00-21:00",No
SC-NGP,2026-11-27,23:00,03:00,Max 1 block per night,No
SC-NGP,2026-11-28,23:00,04:00,Max 1 block per night,Yes
SC-NGP,2026-11-29,23:00,04:00,No restriction,Yes
SC-NGP,2026-11-30,23:00,03:00,No restriction,No
SC-NGP,2026-12-01,23:00,03:00,Max 1 block per night,No
SC-NGP,2026-12-02,23:00,03:00,No restriction,No
SC-NGP,2026-12-03,23:00,03:00,Max 1 block per night,No
SC-NGP,2026-12-04,23:00,03:00,Max 1 block per night,No
SC-NGP,2026-12-05,23:00,04:00,No restriction,Yes
SC-NGP,2026-12-06,23:00,04:00,No restriction,No
SC-NGP,2026-12-07,23:00,03:00,Block suspended - VIP movement,No
SC-NGP,2026-12-08,23:00,03:00,Block suspended - VIP movement,No
SC-NGP,2026-12-09,23:00,03:00,"No block during peak hours 06:00-10:00,17:00-21:00",No
SC-NGP,2026-12-10,23:00,03:00,"No block during peak hours 06:00-10:00,17:00-21:00",Yes
SC-NGP,2026-12-11,23:00,03:00,"No block during peak hours 06:00-10:00,17:00-21:00",No
SC-NGP,2026-12-12,23:00,04:00,Single line working only,No
SC-NGP,2026-12-13,23:00,04:00,"No block during peak hours 06:00-10:00,17:00-21:00",Yes
SC-NGP,2026-12-14,23:00,03:00,Max 1 block per night,No
SC-NGP,2026-12-15,23:00,03:00,No restriction,Yes
SC-NGP,2026-12-16,23:00,03:00,Single line working only,Yes
SC-NGP,2026-12-17,23:00,03:00,"No block during peak hours 06:00-10:00,17:00-21:00",Yes
SC-NGP,2026-12-18,23:00,03:00,Single line working only,No
SC-NGP,2026-12-19,23:00,04:00,"No block during peak hours 06:00-10:00,17:00-21:00",No
SC-NGP,2026-12-20,23:00,04:00,Block suspended - VIP movement,No
SC-NGP,2026-12-21,23:00,03:00,"No block during peak hours 06:00-10:00,17:00-21:00",Yes
SC-NGP,2026-12-22,23:00,03:00,Max 1 block per night,Yes
SC-NGP,2026-12-23,23:00,03:00,No restriction,No
SC-NGP,2026-12-24,23:00,03:00,"No block during peak hours 06:00-10:00,17:00-21:00",No
SC-NGP,2026-12-25,23:00,03:00,Max 1 block per night,No
SC-NGP,2026-12-26,23:00,04:00,"No block during peak hours 06:00-10:00,17:00-21:00",No
SC-NGP,2026-12-27,23:00,04:00,"No block during peak hours 06:00-10:00,17:00-21:00",Yes
SC-NGP,2026-12-28,23:00,03:00,Single line working only,Yes
SC-NGP,2026-12-29,23:00,03:00,No restriction,Yes
SC-NGP,2026-12-30,23:00,03:00,No restriction,No
SC-NGP,2026-12-31,23:00,03:00,"No block during peak hours 06:00-10:00,17:00-21:00",No
NGP-BSP,2026-01-01,23:00,03:00,Single line working only,Yes
NGP-BSP,2026-01-02,23:00,03:00,Max 1 block per night,No
NGP-BSP,2026-01-03,23:00,04:00,Single line working only,No
NGP-BSP,2026-01-04,23:00,04:00,Max 1 block per night,No
NGP-BSP,2026-01-05,23:00,03:00,Single line working only,No
NGP-BSP,2026-01-06,23:00,03:00,Max 1 block per night,No
NGP-BSP,2026-01-07,23:00,03:00,Max 1 block per night,Yes
NGP-BSP,2026-01-08,23:00,03:00,"No block during peak hours 06:00-10:00,17:00-21:00",No
NGP-BSP,2026-01-09,23:00,03:00,Single line working only,Yes
NGP-BSP,2026-01-10,23:00,04:00,"No block during peak hours 06:00-10:00,17:00-21:00",No
NGP-BSP,2026-01-11,23:00,04:00,"No block during peak hours 06:00-10:00,17:00-21:00",No
NGP-BSP,2026-01-12,23:00,03:00,Single line working only,No
NGP-BSP,2026-01-13,23:00,03:00,Single line working only,No
NGP-BSP,2026-01-14,23:00,03:00,"No block during peak hours 06:00-10:00,17:00-21:00",No
NGP-BSP,2026-01-15,23:00,03:00,Single line working only,Yes
NGP-BSP,2026-01-16,23:00,03:00,No restriction,Yes
NGP-BSP,2026-01-17,23:00,04:00,Single line working only,No
NGP-BSP,2026-01-18,23:00,04:00,Block suspended - VIP movement,No
NGP-BSP,2026-01-19,23:00,03:00,Reduced window due to festival traffic,Yes
NGP-BSP,2026-01-20,23:00,03:00,Max 1 block per night,No
NGP-BSP,2026-01-21,23:00,03:00,No restriction,Yes
NGP-BSP,2026-01-22,23:00,03:00,Reduced window due to festival traffic,No
NGP-BSP,2026-01-23,23:00,03:00,No restriction,No
NGP-BSP,2026-01-24,23:00,04:00,Block suspended - VIP movement,Yes
NGP-BSP,2026-01-25,23:00,04:00,"No block during peak hours 06:00-10:00,17:00-21:00",No
NGP-BSP,2026-01-26,23:00,03:00,Max 1 block per night,Yes
NGP-BSP,2026-01-27,23:00,03:00,Block suspended - VIP movement,No
NGP-BSP,2026-01-28,23:00,03:00,Reduced window due to festival traffic,Yes
NGP-BSP,2026-01-29,23:00,03:00,"No block during peak hours 06:00-10:00,17:00-21:00",Yes
NGP-BSP,2026-01-30,23:00,03:00,Max 1 block per night,Yes
NGP-BSP,2026-01-31,23:00,04:00,Single line working only,No
NGP-BSP,2026-02-01,23:00,04:00,Single line working only,Yes
NGP-BSP,2026-02-02,23:00,03:00,No restriction,Yes
NGP-BSP,2026-02-03,23:00,03:00,Max 1 block per night,No
NGP-BSP,2026-02-04,23:00,03:00,Block suspended - VIP movement,No
NGP-BSP,2026-02-05,23:00,03:00,No restriction,Yes
NGP-BSP,2026-02-06,23:00,03:00,No restriction,No
NGP-BSP,2026-02-07,23:00,04:00,"No block during peak hours 06:00-10:00,17:00-21:00",Yes
NGP-BSP,2026-02-08,23:00,04:00,No restriction,No
NGP-BSP,2026-02-09,23:00,03:00,No restriction,Yes
NGP-BSP,2026-02-10,23:00,03:00,No restriction,No
NGP-BSP,2026-02-11,23:00,03:00,Max 1 block per night,No
NGP-BSP,2026-02-12,23:00,03:00,"No block during peak hours 06:00-10:00,17:00-21:00",No
NGP-BSP,2026-02-13,23:00,03:00,Single line working only,No
NGP-BSP,2026-02-14,23:00,04:00,"No block during peak hours 06:00-10:00,17:00-21:00",Yes
NGP-BSP,2026-02-15,23:00,04:00,Single line working only,No
NGP-BSP,2026-02-16,23:00,03:00,Single line working only,Yes
NGP-BSP,2026-02-17,23:00,03:00,Single line working only,No
NGP-BSP,2026-02-18,23:00,03:00,No restriction,No
NGP-BSP,2026-02-19,23:00,03:00,Max 1 block per night,No
NGP-BSP,2026-02-20,23:00,03:00,"No block during peak hours 06:00-10:00,17:00-21:00",Yes
NGP-BSP,2026-02-21,23:00,04:00,No restriction,No
NGP-BSP,2026-02-22,23:00,04:00,"No block during peak hours 06:00-10:00,17:00-21:00",No
NGP-BSP,2026-02-23,23:00,03:00,"No block during peak hours 06:00-10:00,17:00-21:00",No
NGP-BSP,2026-02-24,23:00,03:00,No restriction,Yes
NGP-BSP,2026-02-25,23:00,03:00,Max 1 block per night,Yes
NGP-BSP,2026-02-26,23:00,03:00,Single line working only,Yes
NGP-BSP,2026-02-27,23:00,03:00,Single line working only,No
NGP-BSP,2026-02-28,23:00,04:00,Max 1 block per night,Yes
NGP-BSP,2026-03-01,23:00,04:00,"No block during peak hours 06:00-10:00,17:00-21:00",No
NGP-BSP,2026-03-02,23:00,03:00,No restriction,No
NGP-BSP,2026-03-03,23:00,03:00,Max 1 block per night,No
NGP-BSP,2026-03-04,23:00,03:00,Max 1 block per night,No
NGP-BSP,2026-03-05,23:00,03:00,"No block during peak hours 06:00-10:00,17:00-21:00",No
NGP-BSP,2026-03-06,23:00,03:00,No restriction,No
NGP-BSP,2026-03-07,23:00,04:00,Max 1 block per night,No
NGP-BSP,2026-03-08,23:00,04:00,Max 1 block per night,No
NGP-BSP,2026-03-09,23:00,03:00,Single line working only,No
NGP-BSP,2026-03-10,23:00,03:00,No restriction,Yes
NGP-BSP,2026-03-11,23:00,03:00,Single line working only,No
NGP-BSP,2026-03-12,23:00,03:00,Reduced window due to festival traffic,No
NGP-BSP,2026-03-13,23:00,03:00,"No block during peak hours 06:00-10:00,17:00-21:00",No
NGP-BSP,2026-03-14,23:00,04:00,"No block during peak hours 06:00-10:00,17:00-21:00",No
NGP-BSP,2026-03-15,23:00,04:00,Max 1 block per night,No
NGP-BSP,2026-03-16,23:00,03:00,"No block during peak hours 06:00-10:00,17:00-21:00",Yes
NGP-BSP,2026-03-17,23:00,03:00,Single line working only,No
NGP-BSP,2026-03-18,23:00,03:00,Max 1 block per night,No
NGP-BSP,2026-03-19,23:00,03:00,Single line working only,No
NGP-BSP,2026-03-20,23:00,03:00,Single line working only,Yes
NGP-BSP,2026-03-21,23:00,04:00,"No block during peak hours 06:00-10:00,17:00-21:00",Yes
NGP-BSP,2026-03-22,23:00,04:00,Max 1 block per night,No
NGP-BSP,2026-03-23,23:00,03:00,No restriction,No
NGP-BSP,2026-03-24,23:00,03:00,"No block during peak hours 06:00-10:00,17:00-21:00",No
NGP-BSP,2026-03-25,23:00,03:00,"No block during peak hours 06:00-10:00,17:00-21:00",No
NGP-BSP,2026-03-26,23:00,03:00,Single line working only,Yes
NGP-BSP,2026-03-27,23:00,03:00,Single line working only,No
NGP-BSP,2026-03-28,23:00,04:00,"No block during peak hours 06:00-10:00,17:00-21:00",Yes
NGP-BSP,2026-03-29,23:00,04:00,"No block during peak hours 06:00-10:00,17:00-21:00",Yes
NGP-BSP,2026-03-30,23:00,03:00,No restriction,No
NGP-BSP,2026-03-31,23:00,03:00,"No block during peak hours 06:00-10:00,17:00-21:00",No
NGP-BSP,2026-04-01,23:00,03:00,"No block during peak hours 06:00-10:00,17:00-21:00",Yes
NGP-BSP,2026-04-02,23:00,03:00,No restriction,Yes
NGP-BSP,2026-04-03,23:00,03:00,Block suspended - VIP movement,Yes
NGP-BSP,2026-04-04,23:00,04:00,Block suspended - VIP movement,No
NGP-BSP,2026-04-05,23:00,04:00,Max 1 block per night,Yes
NGP-BSP,2026-04-06,23:00,03:00,"No block during peak hours 06:00-10:00,17:00-21:00",Yes
NGP-BSP,2026-04-07,23:00,03:00,Max 1 block per night,Yes
NGP-BSP,2026-04-08,23:00,03:00,No restriction,No
NGP-BSP,2026-04-09,23:00,03:00,"No block during peak hours 06:00-10:00,17:00-21:00",Yes
NGP-BSP,2026-04-10,23:00,03:00,Block suspended - VIP movement,No
NGP-BSP,2026-04-11,23:00,04:00,Single line working only,No
NGP-BSP,2026-04-12,23:00,04:00,Max 1 block per night,No
NGP-BSP,2026-04-13,23:00,03:00,Max 1 block per night,No
NGP-BSP,2026-04-14,23:00,03:00,Block suspended - VIP movement,Yes
NGP-BSP,2026-04-15,23:00,03:00,Single line working only,Yes
NGP-BSP,2026-04-16,23:00,03:00,No restriction,Yes
NGP-BSP,2026-04-17,23:00,03:00,No restriction,No
NGP-BSP,2026-04-18,23:00,04:00,"No block during peak hours 06:00-10:00,17:00-21:00",No
NGP-BSP,2026-04-19,23:00,04:00,Max 1 block per night,No
NGP-BSP,2026-04-20,23:00,03:00,Block suspended - VIP movement,No
NGP-BSP,2026-04-21,23:00,03:00,No restriction,Yes
NGP-BSP,2026-04-22,23:00,03:00,Block suspended - VIP movement,No
NGP-BSP,2026-04-23,23:00,03:00,No restriction,No
NGP-BSP,2026-04-24,23:00,03:00,Single line working only,No
NGP-BSP,2026-04-25,23:00,04:00,Max 1 block per night,No
NGP-BSP,2026-04-26,23:00,04:00,"No block during peak hours 06:00-10:00,17:00-21:00",No
NGP-BSP,2026-04-27,23:00,03:00,No restriction,No
NGP-BSP,2026-04-28,23:00,03:00,No restriction,Yes
NGP-BSP,2026-04-29,23:00,03:00,No restriction,Yes
NGP-BSP,2026-04-30,23:00,03:00,"No block during peak hours 06:00-10:00,17:00-21:00",No
NGP-BSP,2026-05-01,23:00,03:00,"No block during peak hours 06:00-10:00,17:00-21:00",Yes
NGP-BSP,2026-05-02,23:00,04:00,"No block during peak hours 06:00-10:00,17:00-21:00",No
NGP-BSP,2026-05-03,23:00,04:00,Max 1 block per night,Yes
NGP-BSP,2026-05-04,23:00,03:00,"No block during peak hours 06:00-10:00,17:00-21:00",Yes
NGP-BSP,2026-05-05,23:00,03:00,Single line working only,Yes
NGP-BSP,2026-05-06,23:00,03:00,No restriction,No
NGP-BSP,2026-05-07,23:00,03:00,"No block during peak hours 06:00-10:00,17:00-21:00",Yes
NGP-BSP,2026-05-08,23:00,03:00,Max 1 block per night,Yes
NGP-BSP,2026-05-09,23:00,04:00,"No block during peak hours 06:00-10:00,17:00-21:00",No
NGP-BSP,2026-05-10,23:00,04:00,No restriction,No
NGP-BSP,2026-05-11,23:00,03:00,No restriction,No
NGP-BSP,2026-05-12,23:00,03:00,Max 1 block per night,No
NGP-BSP,2026-05-13,23:00,03:00,Single line working only,No
NGP-BSP,2026-05-14,23:00,03:00,Single line working only,Yes
NGP-BSP,2026-05-15,23:00,03:00,Reduced window due to festival traffic,No
NGP-BSP,2026-05-16,23:00,04:00,"No block during peak hours 06:00-10:00,17:00-21:00",Yes
NGP-BSP,2026-05-17,23:00,04:00,"No block during peak hours 06:00-10:00,17:00-21:00",Yes
NGP-BSP,2026-05-18,23:00,03:00,Max 1 block per night,No
NGP-BSP,2026-05-19,23:00,03:00,No restriction,Yes
NGP-BSP,2026-05-20,23:00,03:00,"No block during peak hours 06:00-10:00,17:00-21:00",No
NGP-BSP,2026-05-21,23:00,03:00,Max 1 block per night,Yes
NGP-BSP,2026-05-22,23:00,03:00,"No block during peak hours 06:00-10:00,17:00-21:00",Yes
NGP-BSP,2026-05-23,23:00,04:00,"No block during peak hours 06:00-10:00,17:00-21:00",Yes
NGP-BSP,2026-05-24,23:00,04:00,"No block during peak hours 06:00-10:00,17:00-21:00",No
NGP-BSP,2026-05-25,23:00,03:00,No restriction,Yes
NGP-BSP,2026-05-26,23:00,03:00,Single line working only,No
NGP-BSP,2026-05-27,23:00,03:00,"No block during peak hours 06:00-10:00,17:00-21:00",Yes
NGP-BSP,2026-05-28,23:00,03:00,"No block during peak hours 06:00-10:00,17:00-21:00",Yes
NGP-BSP,2026-05-29,23:00,03:00,No restriction,Yes
NGP-BSP,2026-05-30,23:00,04:00,"No block during peak hours 06:00-10:00,17:00-21:00",No
NGP-BSP,2026-05-31,23:00,04:00,Single line working only,No
NGP-BSP,2026-06-01,23:00,03:00,No restriction,No
NGP-BSP,2026-06-02,23:00,03:00,"No block during peak hours 06:00-10:00,17:00-21:00",No
NGP-BSP,2026-06-03,23:00,03:00,Single line working only,No
NGP-BSP,2026-06-04,23:00,03:00,"No block during peak hours 06:00-10:00,17:00-21:00",No
NGP-BSP,2026-06-05,23:00,03:00,"No block during peak hours 06:00-10:00,17:00-21:00",No
NGP-BSP,2026-06-06,23:00,04:00,Max 1 block per night,Yes
NGP-BSP,2026-06-07,23:00,04:00,Single line working only,No
NGP-BSP,2026-06-08,23:00,03:00,Max 1 block per night,Yes
NGP-BSP,2026-06-09,23:00,03:00,Single line working only,No
NGP-BSP,2026-06-10,23:00,03:00,"No block during peak hours 06:00-10:00,17:00-21:00",Yes
NGP-BSP,2026-06-11,23:00,03:00,Max 1 block per night,Yes
NGP-BSP,2026-06-12,23:00,03:00,Single line working only,Yes
NGP-BSP,2026-06-13,23:00,04:00,Reduced window due to festival traffic,No
NGP-BSP,2026-06-14,23:00,04:00,No restriction,Yes
NGP-BSP,2026-06-15,23:00,03:00,"No block during peak hours 06:00-10:00,17:00-21:00",No
NGP-BSP,2026-06-16,23:00,03:00,No restriction,No
NGP-BSP,2026-06-17,23:00,03:00,No restriction,No
NGP-BSP,2026-06-18,23:00,03:00,"No block during peak hours 06:00-10:00,17:00-21:00",No
NGP-BSP,2026-06-19,23:00,03:00,"No block during peak hours 06:00-10:00,17:00-21:00",No
NGP-BSP,2026-06-20,23:00,04:00,Max 1 block per night,Yes
NGP-BSP,2026-06-21,23:00,04:00,No restriction,No
NGP-BSP,2026-06-22,23:00,03:00,No restriction,No
NGP-BSP,2026-06-23,23:00,03:00,Max 1 block per night,Yes
NGP-BSP,2026-06-24,23:00,03:00,"No block during peak hours 06:00-10:00,17:00-21:00",No
NGP-BSP,2026-06-25,23:00,03:00,No restriction,Yes
NGP-BSP,2026-06-26,23:00,03:00,Single line working only,No
NGP-BSP,2026-06-27,23:00,04:00,"No block during peak hours 06:00-10:00,17:00-21:00",Yes
NGP-BSP,2026-06-28,23:00,04:00,"No block during peak hours 06:00-10:00,17:00-21:00",No
NGP-BSP,2026-06-29,23:00,03:00,Block suspended - VIP movement,No
NGP-BSP,2026-06-30,23:00,03:00,Single line working only,No
NGP-BSP,2026-07-01,23:00,03:00,Reduced window due to festival traffic,No
NGP-BSP,2026-07-02,23:00,03:00,Single line working only,No
NGP-BSP,2026-07-03,23:00,03:00,"No block during peak hours 06:00-10:00,17:00-21:00",No
NGP-BSP,2026-07-04,23:00,04:00,"No block during peak hours 06:00-10:00,17:00-21:00",No
NGP-BSP,2026-07-05,23:00,04:00,"No block during peak hours 06:00-10:00,17:00-21:00",No
NGP-BSP,2026-07-06,23:00,03:00,No restriction,No
NGP-BSP,2026-07-07,23:00,03:00,Block suspended - VIP movement,Yes
NGP-BSP,2026-07-08,23:00,03:00,Max 1 block per night,No
NGP-BSP,2026-07-09,23:00,03:00,No restriction,No
NGP-BSP,2026-07-10,23:00,03:00,Max 1 block per night,Yes
NGP-BSP,2026-07-11,23:00,04:00,"No block during peak hours 06:00-10:00,17:00-21:00",Yes
NGP-BSP,2026-07-12,23:00,04:00,Max 1 block per night,Yes
NGP-BSP,2026-07-13,23:00,03:00,Max 1 block per night,No
NGP-BSP,2026-07-14,23:00,03:00,Single line working only,Yes
NGP-BSP,2026-07-15,23:00,03:00,No restriction,No
NGP-BSP,2026-07-16,23:00,03:00,"No block during peak hours 06:00-10:00,17:00-21:00",No
NGP-BSP,2026-07-17,23:00,03:00,Single line working only,No
NGP-BSP,2026-07-18,23:00,04:00,Single line working only,No
NGP-BSP,2026-07-19,23:00,04:00,Max 1 block per night,Yes
NGP-BSP,2026-07-20,23:00,03:00,No restriction,Yes
NGP-BSP,2026-07-21,23:00,03:00,Block suspended - VIP movement,No
NGP-BSP,2026-07-22,23:00,03:00,"No block during peak hours 06:00-10:00,17:00-21:00",No
NGP-BSP,2026-07-23,23:00,03:00,No restriction,Yes
NGP-BSP,2026-07-24,23:00,03:00,Single line working only,No
NGP-BSP,2026-07-25,23:00,04:00,Block suspended - VIP movement,No
NGP-BSP,2026-07-26,23:00,04:00,"No block during peak hours 06:00-10:00,17:00-21:00",Yes
NGP-BSP,2026-07-27,23:00,03:00,"No block during peak hours 06:00-10:00,17:00-21:00",Yes
NGP-BSP,2026-07-28,23:00,03:00,Single line working only,No
NGP-BSP,2026-07-29,23:00,03:00,"No block during peak hours 06:00-10:00,17:00-21:00",Yes
NGP-BSP,2026-07-30,23:00,03:00,"No block during peak hours 06:00-10:00,17:00-21:00",No
NGP-BSP,2026-07-31,23:00,03:00,"No block during peak hours 06:00-10:00,17:00-21:00",Yes
NGP-BSP,2026-08-01,23:00,04:00,"No block during peak hours 06:00-10:00,17:00-21:00",No
NGP-BSP,2026-08-02,23:00,04:00,No restriction,Yes
NGP-BSP,2026-08-03,23:00,03:00,Block suspended - VIP movement,Yes
NGP-BSP,2026-08-04,23:00,03:00,Max 1 block per night,No
NGP-BSP,2026-08-05,23:00,03:00,"No block during peak hours 06:00-10:00,17:00-21:00",No
NGP-BSP,2026-08-06,23:00,03:00,Reduced window due to festival traffic,Yes
NGP-BSP,2026-08-07,23:00,03:00,Max 1 block per night,Yes
NGP-BSP,2026-08-08,23:00,04:00,Max 1 block per night,Yes
NGP-BSP,2026-08-09,23:00,04:00,Single line working only,No
NGP-BSP,2026-08-10,23:00,03:00,Single line working only,No
NGP-BSP,2026-08-11,23:00,03:00,Single line working only,Yes
NGP-BSP,2026-08-12,23:00,03:00,No restriction,No
NGP-BSP,2026-08-13,23:00,03:00,Max 1 block per night,No
NGP-BSP,2026-08-14,23:00,03:00,"No block during peak hours 06:00-10:00,17:00-21:00",No
NGP-BSP,2026-08-15,23:00,04:00,"No block during peak hours 06:00-10:00,17:00-21:00",Yes
NGP-BSP,2026-08-16,23:00,04:00,Single line working only,No
NGP-BSP,2026-08-17,23:00,03:00,"No block during peak hours 06:00-10:00,17:00-21:00",No
NGP-BSP,2026-08-18,23:00,03:00,Max 1 block per night,Yes
NGP-BSP,2026-08-19,23:00,03:00,No restriction,Yes
NGP-BSP,2026-08-20,23:00,03:00,"No block during peak hours 06:00-10:00,17:00-21:00",Yes
NGP-BSP,2026-08-21,23:00,03:00,Single line working only,Yes
NGP-BSP,2026-08-22,23:00,04:00,Max 1 block per night,No
NGP-BSP,2026-08-23,23:00,04:00,Max 1 block per night,No
NGP-BSP,2026-08-24,23:00,03:00,Max 1 block per night,No
NGP-BSP,2026-08-25,23:00,03:00,Single line working only,Yes
NGP-BSP,2026-08-26,23:00,03:00,Max 1 block per night,No
NGP-BSP,2026-08-27,23:00,03:00,Single line working only,No
NGP-BSP,2026-08-28,23:00,03:00,"No block during peak hours 06:00-10:00,17:00-21:00",No
NGP-BSP,2026-08-29,23:00,04:00,Max 1 block per night,No
NGP-BSP,2026-08-30,23:00,04:00,"No block during peak hours 06:00-10:00,17:00-21:00",Yes
NGP-BSP,2026-08-31,23:00,03:00,"No block during peak hours 06:00-10:00,17:00-21:00",No
NGP-BSP,2026-09-01,23:00,03:00,"No block during peak hours 06:00-10:00,17:00-21:00",Yes
NGP-BSP,2026-09-02,23:00,03:00,Single line working only,Yes
NGP-BSP,2026-09-03,23:00,03:00,No restriction,No
NGP-BSP,2026-09-04,23:00,03:00,"No block during peak hours 06:00-10:00,17:00-21:00",No
NGP-BSP,2026-09-05,23:00,04:00,"No block during peak hours 06:00-10:00,17:00-21:00",No
NGP-BSP,2026-09-06,23:00,04:00,"No block during peak hours 06:00-10:00,17:00-21:00",Yes
NGP-BSP,2026-09-07,23:00,03:00,"No block during peak hours 06:00-10:00,17:00-21:00",No
NGP-BSP,2026-09-08,23:00,03:00,No restriction,No
NGP-BSP,2026-09-09,23:00,03:00,No restriction,No
NGP-BSP,2026-09-10,23:00,03:00,Max 1 block per night,Yes
NGP-BSP,2026-09-11,23:00,03:00,Single line working only,No
NGP-BSP,2026-09-12,23:00,04:00,Single line working only,No
NGP-BSP,2026-09-13,23:00,04:00,Max 1 block per night,Yes
NGP-BSP,2026-09-14,23:00,03:00,No restriction,Yes
NGP-BSP,2026-09-15,23:00,03:00,Max 1 block per night,Yes
NGP-BSP,2026-09-16,23:00,03:00,"No block during peak hours 06:00-10:00,17:00-21:00",Yes
NGP-BSP,2026-09-17,23:00,03:00,Block suspended - VIP movement,No
NGP-BSP,2026-09-18,23:00,03:00,No restriction,No
NGP-BSP,2026-09-19,23:00,04:00,"No block during peak hours 06:00-10:00,17:00-21:00",No
NGP-BSP,2026-09-20,23:00,04:00,Max 1 block per night,No
NGP-BSP,2026-09-21,23:00,03:00,"No block during peak hours 06:00-10:00,17:00-21:00",No
NGP-BSP,2026-09-22,23:00,03:00,"No block during peak hours 06:00-10:00,17:00-21:00",No
NGP-BSP,2026-09-23,23:00,03:00,Single line working only,Yes
NGP-BSP,2026-09-24,23:00,03:00,No restriction,Yes
NGP-BSP,2026-09-25,23:00,03:00,Max 1 block per night,Yes
NGP-BSP,2026-09-26,23:00,04:00,"No block during peak hours 06:00-10:00,17:00-21:00",Yes
NGP-BSP,2026-09-27,23:00,04:00,"No block during peak hours 06:00-10:00,17:00-21:00",Yes
NGP-BSP,2026-09-28,23:00,03:00,No restriction,No
NGP-BSP,2026-09-29,23:00,03:00,"No block during peak hours 06:00-10:00,17:00-21:00",No
NGP-BSP,2026-09-30,23:00,03:00,Single line working only,No
NGP-BSP,2026-10-01,23:00,03:00,"No block during peak hours 06:00-10:00,17:00-21:00",Yes
NGP-BSP,2026-10-02,23:00,03:00,"No block during peak hours 06:00-10:00,17:00-21:00",No
NGP-BSP,2026-10-03,23:00,04:00,No restriction,No
NGP-BSP,2026-10-04,23:00,04:00,"No block during peak hours 06:00-10:00,17:00-21:00",No
NGP-BSP,2026-10-05,23:00,03:00,Max 1 block per night,No
NGP-BSP,2026-10-06,23:00,03:00,Reduced window due to festival traffic,No
NGP-BSP,2026-10-07,23:00,03:00,"No block during peak hours 06:00-10:00,17:00-21:00",Yes
NGP-BSP,2026-10-08,23:00,03:00,Max 1 block per night,No
NGP-BSP,2026-10-09,23:00,03:00,"No block during peak hours 06:00-10:00,17:00-21:00",No
NGP-BSP,2026-10-10,23:00,04:00,Reduced window due to festival traffic,Yes
NGP-BSP,2026-10-11,23:00,04:00,No restriction,No
NGP-BSP,2026-10-12,23:00,03:00,"No block during peak hours 06:00-10:00,17:00-21:00",Yes
NGP-BSP,2026-10-13,23:00,03:00,Max 1 block per night,No
NGP-BSP,2026-10-14,23:00,03:00,No restriction,No
NGP-BSP,2026-10-15,23:00,03:00,No restriction,Yes
NGP-BSP,2026-10-16,23:00,03:00,"No block during peak hours 06:00-10:00,17:00-21:00",No
NGP-BSP,2026-10-17,23:00,04:00,Single line working only,Yes
NGP-BSP,2026-10-18,23:00,04:00,"No block during peak hours 06:00-10:00,17:00-21:00",No
NGP-BSP,2026-10-19,23:00,03:00,Single line working only,No
NGP-BSP,2026-10-20,23:00,03:00,Max 1 block per night,Yes
NGP-BSP,2026-10-21,23:00,03:00,Single line working only,Yes
NGP-BSP,2026-10-22,23:00,03:00,Block suspended - VIP movement,Yes
NGP-BSP,2026-10-23,23:00,03:00,"No block during peak hours 06:00-10:00,17:00-21:00",No
NGP-BSP,2026-10-24,23:00,04:00,"No block during peak hours 06:00-10:00,17:00-21:00",No
NGP-BSP,2026-10-25,23:00,04:00,"No block during peak hours 06:00-10:00,17:00-21:00",No
NGP-BSP,2026-10-26,23:00,03:00,Max 1 block per night,No
NGP-BSP,2026-10-27,23:00,03:00,Max 1 block per night,No
NGP-BSP,2026-10-28,23:00,03:00,"No block during peak hours 06:00-10:00,17:00-21:00",No
NGP-BSP,2026-10-29,23:00,03:00,"No block during peak hours 06:00-10:00,17:00-21:00",No
NGP-BSP,2026-10-30,23:00,03:00,Reduced window due to festival traffic,Yes
NGP-BSP,2026-10-31,23:00,04:00,"No block during peak hours 06:00-10:00,17:00-21:00",Yes
NGP-BSP,2026-11-01,23:00,04:00,Max 1 block per night,No
NGP-BSP,2026-11-02,23:00,03:00,Max 1 block per night,No
NGP-BSP,2026-11-03,23:00,03:00,"No block during peak hours 06:00-10:00,17:00-21:00",No
NGP-BSP,2026-11-04,23:00,03:00,Single line working only,No
NGP-BSP,2026-11-05,23:00,03:00,"No block during peak hours 06:00-10:00,17:00-21:00",No
NGP-BSP,2026-11-06,23:00,03:00,"No block during peak hours 06:00-10:00,17:00-21:00",Yes
NGP-BSP,2026-11-07,23:00,04:00,Max 1 block per night,No
NGP-BSP,2026-11-08,23:00,04:00,Reduced window due to festival traffic,No
NGP-BSP,2026-11-09,23:00,03:00,Block suspended - VIP movement,No
NGP-BSP,2026-11-10,23:00,03:00,No restriction,No
NGP-BSP,2026-11-11,23:00,03:00,Max 1 block per night,No
NGP-BSP,2026-11-12,23:00,03:00,Reduced window due to festival traffic,No
NGP-BSP,2026-11-13,23:00,03:00,"No block during peak hours 06:00-10:00,17:00-21:00",No
NGP-BSP,2026-11-14,23:00,04:00,"No block during peak hours 06:00-10:00,17:00-21:00",Yes
NGP-BSP,2026-11-15,23:00,04:00,Single line working only,Yes
NGP-BSP,2026-11-16,23:00,03:00,Max 1 block per night,No
NGP-BSP,2026-11-17,23:00,03:00,Single line working only,Yes
NGP-BSP,2026-11-18,23:00,03:00,Max 1 block per night,Yes
NGP-BSP,2026-11-19,23:00,03:00,Block suspended - VIP movement,Yes
NGP-BSP,2026-11-20,23:00,03:00,Single line working only,No
NGP-BSP,2026-11-21,23:00,04:00,Single line working only,No
NGP-BSP,2026-11-22,23:00,04:00,Max 1 block per night,No
NGP-BSP,2026-11-23,23:00,03:00,"No block during peak hours 06:00-10:00,17:00-21:00",No
NGP-BSP,2026-11-24,23:00,03:00,"No block during peak hours 06:00-10:00,17:00-21:00",No
NGP-BSP,2026-11-25,23:00,03:00,No restriction,No
NGP-BSP,2026-11-26,23:00,03:00,"No block during peak hours 06:00-10:00,17:00-21:00",Yes
NGP-BSP,2026-11-27,23:00,03:00,Single line working only,Yes
NGP-BSP,2026-11-28,23:00,04:00,Max 1 block per night,Yes
NGP-BSP,2026-11-29,23:00,04:00,Single line working only,No
NGP-BSP,2026-11-30,23:00,03:00,"No block during peak hours 06:00-10:00,17:00-21:00",Yes
NGP-BSP,2026-12-01,23:00,03:00,Max 1 block per night,No
NGP-BSP,2026-12-02,23:00,03:00,No restriction,No
NGP-BSP,2026-12-03,23:00,03:00,"No block during peak hours 06:00-10:00,17:00-21:00",No
NGP-BSP,2026-12-04,23:00,03:00,No restriction,No
NGP-BSP,2026-12-05,23:00,04:00,Block suspended - VIP movement,Yes
NGP-BSP,2026-12-06,23:00,04:00,"No block during peak hours 06:00-10:00,17:00-21:00",No
NGP-BSP,2026-12-07,23:00,03:00,No restriction,Yes
NGP-BSP,2026-12-08,23:00,03:00,No restriction,No
NGP-BSP,2026-12-09,23:00,03:00,Single line working only,No
NGP-BSP,2026-12-10,23:00,03:00,Single line working only,No
NGP-BSP,2026-12-11,23:00,03:00,"No block during peak hours 06:00-10:00,17:00-21:00",Yes
NGP-BSP,2026-12-12,23:00,04:00,No restriction,No
NGP-BSP,2026-12-13,23:00,04:00,Max 1 block per night,No
NGP-BSP,2026-12-14,23:00,03:00,Single line working only,Yes
NGP-BSP,2026-12-15,23:00,03:00,Block suspended - VIP movement,Yes
NGP-BSP,2026-12-16,23:00,03:00,"No block during peak hours 06:00-10:00,17:00-21:00",No
NGP-BSP,2026-12-17,23:00,03:00,"No block during peak hours 06:00-10:00,17:00-21:00",Yes
NGP-BSP,2026-12-18,23:00,03:00,"No block during peak hours 06:00-10:00,17:00-21:00",Yes
NGP-BSP,2026-12-19,23:00,04:00,"No block during peak hours 06:00-10:00,17:00-21:00",No
NGP-BSP,2026-12-20,23:00,04:00,Single line working only,Yes
NGP-BSP,2026-12-21,23:00,03:00,No restriction,No
NGP-BSP,2026-12-22,23:00,03:00,"No block during peak hours 06:00-10:00,17:00-21:00",Yes
NGP-BSP,2026-12-23,23:00,03:00,"No block during peak hours 06:00-10:00,17:00-21:00",Yes
NGP-BSP,2026-12-24,23:00,03:00,No restriction,Yes
NGP-BSP,2026-12-25,23:00,03:00,"No block during peak hours 06:00-10:00,17:00-21:00",No
NGP-BSP,2026-12-26,23:00,04:00,Single line working only,No
NGP-BSP,2026-12-27,23:00,04:00,"No block during peak hours 06:00-10:00,17:00-21:00",Yes
NGP-BSP,2026-12-28,23:00,03:00,No restriction,No
NGP-BSP,2026-12-29,23:00,03:00,"No block during peak hours 06:00-10:00,17:00-21:00",No
NGP-BSP,2026-12-30,23:00,03:00,"No block during peak hours 06:00-10:00,17:00-21:00",No
NGP-BSP,2026-12-31,23:00,03:00,Max 1 block per night,No
BSP-R,2026-01-01,23:00,04:00,Max 1 block per night,No
BSP-R,2026-01-02,23:00,04:00,Max 1 block per night,No
BSP-R,2026-01-03,23:00,05:00,Block suspended - VIP movement,No
BSP-R,2026-01-04,23:00,05:00,Block suspended - VIP movement,No
BSP-R,2026-01-05,23:00,04:00,No restriction,Yes
BSP-R,2026-01-06,23:00,04:00,No restriction,No
BSP-R,2026-01-07,23:00,04:00,Reduced window due to festival traffic,No
BSP-R,2026-01-08,23:00,04:00,Block suspended - VIP movement,No
BSP-R,2026-01-09,23:00,04:00,"No block during peak hours 06:00-10:00,17:00-21:00",No
BSP-R,2026-01-10,23:00,05:00,No restriction,Yes
BSP-R,2026-01-11,23:00,05:00,Max 1 block per night,No
BSP-R,2026-01-12,23:00,04:00,No restriction,No
BSP-R,2026-01-13,23:00,04:00,No restriction,No
BSP-R,2026-01-14,23:00,04:00,No restriction,No
BSP-R,2026-01-15,23:00,04:00,No restriction,No
BSP-R,2026-01-16,23:00,04:00,Single line working only,No
BSP-R,2026-01-17,23:00,05:00,No restriction,Yes
BSP-R,2026-01-18,23:00,05:00,Block suspended - VIP movement,No
BSP-R,2026-01-19,23:00,04:00,"No block during peak hours 06:00-10:00,17:00-21:00",Yes
BSP-R,2026-01-20,23:00,04:00,Max 1 block per night,No
BSP-R,2026-01-21,23:00,04:00,No restriction,No
BSP-R,2026-01-22,23:00,04:00,No restriction,No
BSP-R,2026-01-23,23:00,04:00,No restriction,Yes
BSP-R,2026-01-24,23:00,05:00,Single line working only,No
BSP-R,2026-01-25,23:00,05:00,No restriction,No
BSP-R,2026-01-26,23:00,04:00,No restriction,No
BSP-R,2026-01-27,23:00,04:00,No restriction,No
BSP-R,2026-01-28,23:00,04:00,No restriction,No
BSP-R,2026-01-29,23:00,04:00,"No block during peak hours 06:00-10:00,17:00-21:00",No
BSP-R,2026-01-30,23:00,04:00,"No block during peak hours 06:00-10:00,17:00-21:00",No
BSP-R,2026-01-31,23:00,05:00,No restriction,No
BSP-R,2026-02-01,23:00,05:00,"No block during peak hours 06:00-10:00,17:00-21:00",Yes
BSP-R,2026-02-02,23:00,04:00,No restriction,No
BSP-R,2026-02-03,23:00,04:00,"No block during peak hours 06:00-10:00,17:00-21:00",No
BSP-R,2026-02-04,23:00,04:00,Single line working only,Yes
BSP-R,2026-02-05,23:00,04:00,"No block during peak hours 06:00-10:00,17:00-21:00",No
BSP-R,2026-02-06,23:00,04:00,Single line working only,Yes
BSP-R,2026-02-07,23:00,05:00,No restriction,No
BSP-R,2026-02-08,23:00,05:00,No restriction,No
BSP-R,2026-02-09,23:00,04:00,No restriction,No
BSP-R,2026-02-10,23:00,04:00,No restriction,No
BSP-R,2026-02-11,23:00,04:00,No restriction,No
BSP-R,2026-02-12,23:00,04:00,No restriction,Yes
BSP-R,2026-02-13,23:00,04:00,No restriction,Yes
BSP-R,2026-02-14,23:00,05:00,No restriction,Yes
BSP-R,2026-02-15,23:00,05:00,No restriction,No
BSP-R,2026-02-16,23:00,04:00,No restriction,No
BSP-R,2026-02-17,23:00,04:00,No restriction,No
BSP-R,2026-02-18,23:00,04:00,Reduced window due to festival traffic,Yes
BSP-R,2026-02-19,23:00,04:00,No restriction,Yes
BSP-R,2026-02-20,23:00,04:00,No restriction,No
BSP-R,2026-02-21,23:00,05:00,Single line working only,No
BSP-R,2026-02-22,23:00,05:00,Block suspended - VIP movement,No
BSP-R,2026-02-23,23:00,04:00,Block suspended - VIP movement,No
BSP-R,2026-02-24,23:00,04:00,Max 1 block per night,No
BSP-R,2026-02-25,23:00,04:00,No restriction,No
BSP-R,2026-02-26,23:00,04:00,No restriction,Yes
BSP-R,2026-02-27,23:00,04:00,No restriction,No
BSP-R,2026-02-28,23:00,05:00,Max 1 block per night,No
BSP-R,2026-03-01,23:00,05:00,Single line working only,No
BSP-R,2026-03-02,23:00,04:00,Reduced window due to festival traffic,No
BSP-R,2026-03-03,23:00,04:00,No restriction,No
BSP-R,2026-03-04,23:00,04:00,"No block during peak hours 06:00-10:00,17:00-21:00",No
BSP-R,2026-03-05,23:00,04:00,"No block during peak hours 06:00-10:00,17:00-21:00",No
BSP-R,2026-03-06,23:00,04:00,Max 1 block per night,No
BSP-R,2026-03-07,23:00,05:00,No restriction,No
BSP-R,2026-03-08,23:00,05:00,Single line working only,No
BSP-R,2026-03-09,23:00,04:00,No restriction,No
BSP-R,2026-03-10,23:00,04:00,Single line working only,No
BSP-R,2026-03-11,23:00,04:00,Max 1 block per night,No
BSP-R,2026-03-12,23:00,04:00,Single line working only,Yes
BSP-R,2026-03-13,23:00,04:00,Max 1 block per night,No
BSP-R,2026-03-14,23:00,05:00,No restriction,Yes
BSP-R,2026-03-15,23:00,05:00,Reduced window due to festival traffic,No
BSP-R,2026-03-16,23:00,04:00,"No block during peak hours 06:00-10:00,17:00-21:00",Yes
BSP-R,2026-03-17,23:00,04:00,Max 1 block per night,No
BSP-R,2026-03-18,23:00,04:00,No restriction,Yes
BSP-R,2026-03-19,23:00,04:00,"No block during peak hours 06:00-10:00,17:00-21:00",Yes
BSP-R,2026-03-20,23:00,04:00,"No block during peak hours 06:00-10:00,17:00-21:00",No
BSP-R,2026-03-21,23:00,05:00,No restriction,Yes
BSP-R,2026-03-22,23:00,05:00,No restriction,No
BSP-R,2026-03-23,23:00,04:00,No restriction,No
BSP-R,2026-03-24,23:00,04:00,Single line working only,No
BSP-R,2026-03-25,23:00,04:00,No restriction,No
BSP-R,2026-03-26,23:00,04:00,No restriction,Yes
BSP-R,2026-03-27,23:00,04:00,Max 1 block per night,No
BSP-R,2026-03-28,23:00,05:00,Single line working only,No
BSP-R,2026-03-29,23:00,05:00,No restriction,No
BSP-R,2026-03-30,23:00,04:00,"No block during peak hours 06:00-10:00,17:00-21:00",No
BSP-R,2026-03-31,23:00,04:00,No restriction,No
BSP-R,2026-04-01,23:00,04:00,No restriction,No
BSP-R,2026-04-02,23:00,04:00,Single line working only,No
BSP-R,2026-04-03,23:00,04:00,Block suspended - VIP movement,No
BSP-R,2026-04-04,23:00,05:00,Max 1 block per night,Yes
BSP-R,2026-04-05,23:00,05:00,Single line working only,No
BSP-R,2026-04-06,23:00,04:00,"No block during peak hours 06:00-10:00,17:00-21:00",No
BSP-R,2026-04-07,23:00,04:00,Single line working only,No
BSP-R,2026-04-08,23:00,04:00,Reduced window due to festival traffic,No
BSP-R,2026-04-09,23:00,04:00,No restriction,Yes
BSP-R,2026-04-10,23:00,04:00,"No block during peak hours 06:00-10:00,17:00-21:00",No
BSP-R,2026-04-11,23:00,05:00,No restriction,No
BSP-R,2026-04-12,23:00,05:00,No restriction,No
BSP-R,2026-04-13,23:00,04:00,Reduced window due to festival traffic,No
BSP-R,2026-04-14,23:00,04:00,Single line working only,Yes
BSP-R,2026-04-15,23:00,04:00,No restriction,No
BSP-R,2026-04-16,23:00,04:00,Single line working only,No
BSP-R,2026-04-17,23:00,04:00,"No block during peak hours 06:00-10:00,17:00-21:00",No
BSP-R,2026-04-18,23:00,05:00,"No block during peak hours 06:00-10:00,17:00-21:00",No
BSP-R,2026-04-19,23:00,05:00,No restriction,No
BSP-R,2026-04-20,23:00,04:00,Single line working only,No
BSP-R,2026-04-21,23:00,04:00,No restriction,No
BSP-R,2026-04-22,23:00,04:00,Max 1 block per night,No
BSP-R,2026-04-23,23:00,04:00,No restriction,No
BSP-R,2026-04-24,23:00,04:00,Single line working only,No
BSP-R,2026-04-25,23:00,05:00,No restriction,Yes
BSP-R,2026-04-26,23:00,05:00,"No block during peak hours 06:00-10:00,17:00-21:00",No
BSP-R,2026-04-27,23:00,04:00,Single line working only,Yes
BSP-R,2026-04-28,23:00,04:00,Block suspended - VIP movement,No
BSP-R,2026-04-29,23:00,04:00,No restriction,No
BSP-R,2026-04-30,23:00,04:00,Max 1 block per night,No
BSP-R,2026-05-01,23:00,04:00,Single line working only,Yes
BSP-R,2026-05-02,23:00,05:00,Single line working only,Yes
BSP-R,2026-05-03,23:00,05:00,No restriction,No
BSP-R,2026-05-04,23:00,04:00,"No block during peak hours 06:00-10:00,17:00-21:00",No
BSP-R,2026-05-05,23:00,04:00,No restriction,No
BSP-R,2026-05-06,23:00,04:00,No restriction,No
BSP-R,2026-05-07,23:00,04:00,No restriction,No
BSP-R,2026-05-08,23:00,04:00,No restriction,No
BSP-R,2026-05-09,23:00,05:00,No restriction,No
BSP-R,2026-05-10,23:00,05:00,Max 1 block per night,No
BSP-R,2026-05-11,23:00,04:00,Single line working only,No
BSP-R,2026-05-12,23:00,04:00,"No block during peak hours 06:00-10:00,17:00-21:00",No
BSP-R,2026-05-13,23:00,04:00,Single line working only,No
BSP-R,2026-05-14,23:00,04:00,Reduced window due to festival traffic,Yes
BSP-R,2026-05-15,23:00,04:00,No restriction,No
BSP-R,2026-05-16,23:00,05:00,No restriction,No
BSP-R,2026-05-17,23:00,05:00,No restriction,No
BSP-R,2026-05-18,23:00,04:00,No restriction,No
BSP-R,2026-05-19,23:00,04:00,No restriction,Yes
BSP-R,2026-05-20,23:00,04:00,No restriction,Yes
BSP-R,2026-05-21,23:00,04:00,Max 1 block per night,Yes
BSP-R,2026-05-22,23:00,04:00,No restriction,Yes
BSP-R,2026-05-23,23:00,05:00,No restriction,Yes
BSP-R,2026-05-24,23:00,05:00,Reduced window due to festival traffic,No
BSP-R,2026-05-25,23:00,04:00,No restriction,No
BSP-R,2026-05-26,23:00,04:00,"No block during peak hours 06:00-10:00,17:00-21:00",No
BSP-R,2026-05-27,23:00,04:00,No restriction,No
BSP-R,2026-05-28,23:00,04:00,No restriction,No
BSP-R,2026-05-29,23:00,04:00,Single line working only,No
BSP-R,2026-05-30,23:00,05:00,No restriction,No
BSP-R,2026-05-31,23:00,05:00,No restriction,No
BSP-R,2026-06-01,23:00,04:00,No restriction,No
BSP-R,2026-06-02,23:00,04:00,No restriction,No
BSP-R,2026-06-03,23:00,04:00,Single line working only,No
BSP-R,2026-06-04,23:00,04:00,Block suspended - VIP movement,No
BSP-R,2026-06-05,23:00,04:00,No restriction,No
BSP-R,2026-06-06,23:00,05:00,No restriction,No
BSP-R,2026-06-07,23:00,05:00,Single line working only,No
BSP-R,2026-06-08,23:00,04:00,No restriction,No
BSP-R,2026-06-09,23:00,04:00,No restriction,Yes
BSP-R,2026-06-10,23:00,04:00,Single line working only,No
BSP-R,2026-06-11,23:00,04:00,Block suspended - VIP movement,No
BSP-R,2026-06-12,23:00,04:00,"No block during peak hours 06:00-10:00,17:00-21:00",No
BSP-R,2026-06-13,23:00,05:00,Single line working only,No
BSP-R,2026-06-14,23:00,05:00,"No block during peak hours 06:00-10:00,17:00-21:00",Yes
BSP-R,2026-06-15,23:00,04:00,"No block during peak hours 06:00-10:00,17:00-21:00",No
BSP-R,2026-06-16,23:00,04:00,Single line working only,Yes
BSP-R,2026-06-17,23:00,04:00,Max 1 block per night,Yes
BSP-R,2026-06-18,23:00,04:00,"No block during peak hours 06:00-10:00,17:00-21:00",No
BSP-R,2026-06-19,23:00,04:00,No restriction,No
BSP-R,2026-06-20,23:00,05:00,Single line working only,Yes
BSP-R,2026-06-21,23:00,05:00,Max 1 block per night,No
BSP-R,2026-06-22,23:00,04:00,Max 1 block per night,No
BSP-R,2026-06-23,23:00,04:00,Block suspended - VIP movement,Yes
BSP-R,2026-06-24,23:00,04:00,Single line working only,No
BSP-R,2026-06-25,23:00,04:00,No restriction,No
BSP-R,2026-06-26,23:00,04:00,No restriction,No
BSP-R,2026-06-27,23:00,05:00,"No block during peak hours 06:00-10:00,17:00-21:00",No
BSP-R,2026-06-28,23:00,05:00,"No block during peak hours 06:00-10:00,17:00-21:00",Yes
BSP-R,2026-06-29,23:00,04:00,No restriction,No
BSP-R,2026-06-30,23:00,04:00,No restriction,No
BSP-R,2026-07-01,23:00,04:00,No restriction,No
BSP-R,2026-07-02,23:00,04:00,No restriction,No
BSP-R,2026-07-03,23:00,04:00,No restriction,No
BSP-R,2026-07-04,23:00,05:00,Max 1 block per night,Yes
BSP-R,2026-07-05,23:00,05:00,No restriction,No
BSP-R,2026-07-06,23:00,04:00,No restriction,No
BSP-R,2026-07-07,23:00,04:00,Max 1 block per night,No
BSP-R,2026-07-08,23:00,04:00,No restriction,No
BSP-R,2026-07-09,23:00,04:00,"No block during peak hours 06:00-10:00,17:00-21:00",Yes
BSP-R,2026-07-10,23:00,04:00,No restriction,No
BSP-R,2026-07-11,23:00,05:00,No restriction,No
BSP-R,2026-07-12,23:00,05:00,No restriction,Yes
BSP-R,2026-07-13,23:00,04:00,No restriction,Yes
BSP-R,2026-07-14,23:00,04:00,No restriction,Yes
BSP-R,2026-07-15,23:00,04:00,"No block during peak hours 06:00-10:00,17:00-21:00",Yes
BSP-R,2026-07-16,23:00,04:00,No restriction,No
BSP-R,2026-07-17,23:00,04:00,"No block during peak hours 06:00-10:00,17:00-21:00",No
BSP-R,2026-07-18,23:00,05:00,No restriction,No
BSP-R,2026-07-19,23:00,05:00,No restriction,No
BSP-R,2026-07-20,23:00,04:00,Single line working only,No
BSP-R,2026-07-21,23:00,04:00,Block suspended - VIP movement,Yes
BSP-R,2026-07-22,23:00,04:00,No restriction,No
BSP-R,2026-07-23,23:00,04:00,No restriction,No
BSP-R,2026-07-24,23:00,04:00,No restriction,No
BSP-R,2026-07-25,23:00,05:00,Single line working only,Yes
BSP-R,2026-07-26,23:00,05:00,Single line working only,No
BSP-R,2026-07-27,23:00,04:00,Single line working only,No
BSP-R,2026-07-28,23:00,04:00,No restriction,Yes
BSP-R,2026-07-29,23:00,04:00,No restriction,Yes
BSP-R,2026-07-30,23:00,04:00,No restriction,Yes
BSP-R,2026-07-31,23:00,04:00,Single line working only,No
BSP-R,2026-08-01,23:00,05:00,No restriction,No
BSP-R,2026-08-02,23:00,05:00,Block suspended - VIP movement,Yes
BSP-R,2026-08-03,23:00,04:00,No restriction,No
BSP-R,2026-08-04,23:00,04:00,Max 1 block per night,No
BSP-R,2026-08-05,23:00,04:00,No restriction,No
BSP-R,2026-08-06,23:00,04:00,No restriction,Yes
BSP-R,2026-08-07,23:00,04:00,No restriction,No
BSP-R,2026-08-08,23:00,05:00,No restriction,Yes
BSP-R,2026-08-09,23:00,05:00,Reduced window due to festival traffic,No
BSP-R,2026-08-10,23:00,04:00,No restriction,Yes
BSP-R,2026-08-11,23:00,04:00,No restriction,Yes
BSP-R,2026-08-12,23:00,04:00,No restriction,No
BSP-R,2026-08-13,23:00,04:00,"No block during peak hours 06:00-10:00,17:00-21:00",No
BSP-R,2026-08-14,23:00,04:00,No restriction,No
BSP-R,2026-08-15,23:00,05:00,Max 1 block per night,No
BSP-R,2026-08-16,23:00,05:00,No restriction,No
BSP-R,2026-08-17,23:00,04:00,No restriction,No
BSP-R,2026-08-18,23:00,04:00,Max 1 block per night,No
BSP-R,2026-08-19,23:00,04:00,No restriction,Yes
BSP-R,2026-08-20,23:00,04:00,"No block during peak hours 06:00-10:00,17:00-21:00",No
BSP-R,2026-08-21,23:00,04:00,No restriction,Yes
BSP-R,2026-08-22,23:00,05:00,No restriction,No
BSP-R,2026-08-23,23:00,05:00,"No block during peak hours 06:00-10:00,17:00-21:00",No
BSP-R,2026-08-24,23:00,04:00,Single line working only,No
BSP-R,2026-08-25,23:00,04:00,No restriction,Yes
BSP-R,2026-08-26,23:00,04:00,Block suspended - VIP movement,No
BSP-R,2026-08-27,23:00,04:00,"No block during peak hours 06:00-10:00,17:00-21:00",Yes
BSP-R,2026-08-28,23:00,04:00,"No block during peak hours 06:00-10:00,17:00-21:00",No
BSP-R,2026-08-29,23:00,05:00,Single line working only,No
BSP-R,2026-08-30,23:00,05:00,No restriction,No
BSP-R,2026-08-31,23:00,04:00,"No block during peak hours 06:00-10:00,17:00-21:00",No
BSP-R,2026-09-01,23:00,04:00,No restriction,No
BSP-R,2026-09-02,23:00,04:00,Max 1 block per night,No
BSP-R,2026-09-03,23:00,04:00,No restriction,No
BSP-R,2026-09-04,23:00,04:00,Single line working only,No
BSP-R,2026-09-05,23:00,05:00,"No block during peak hours 06:00-10:00,17:00-21:00",Yes
BSP-R,2026-09-06,23:00,05:00,No restriction,No
BSP-R,2026-09-07,23:00,04:00,Block suspended - VIP movement,No
BSP-R,2026-09-08,23:00,04:00,"No block during peak hours 06:00-10:00,17:00-21:00",No
BSP-R,2026-09-09,23:00,04:00,No restriction,No
BSP-R,2026-09-10,23:00,04:00,No restriction,No
BSP-R,2026-09-11,23:00,04:00,No restriction,Yes
BSP-R,2026-09-12,23:00,05:00,No restriction,Yes
BSP-R,2026-09-13,23:00,05:00,No restriction,Yes
BSP-R,2026-09-14,23:00,04:00,Max 1 block per night,No
BSP-R,2026-09-15,23:00,04:00,No restriction,No
BSP-R,2026-09-16,23:00,04:00,No restriction,No
BSP-R,2026-09-17,23:00,04:00,Single line working only,No
BSP-R,2026-09-18,23:00,04:00,No restriction,Yes
BSP-R,2026-09-19,23:00,05:00,No restriction,Yes
BSP-R,2026-09-20,23:00,05:00,Max 1 block per night,No
BSP-R,2026-09-21,23:00,04:00,Single line working only,No
BSP-R,2026-09-22,23:00,04:00,Max 1 block per night,No
BSP-R,2026-09-23,23:00,04:00,No restriction,Yes
BSP-R,2026-09-24,23:00,04:00,No restriction,No
BSP-R,2026-09-25,23:00,04:00,Single line working only,No
BSP-R,2026-09-26,23:00,05:00,No restriction,No
BSP-R,2026-09-27,23:00,05:00,No restriction,Yes
BSP-R,2026-09-28,23:00,04:00,Single line working only,No
BSP-R,2026-09-29,23:00,04:00,Reduced window due to festival traffic,No
BSP-R,2026-09-30,23:00,04:00,"No block during peak hours 06:00-10:00,17:00-21:00",Yes
BSP-R,2026-10-01,23:00,04:00,No restriction,No
BSP-R,2026-10-02,23:00,04:00,No restriction,No
BSP-R,2026-10-03,23:00,05:00,"No block during peak hours 06:00-10:00,17:00-21:00",Yes
BSP-R,2026-10-04,23:00,05:00,No restriction,Yes
BSP-R,2026-10-05,23:00,04:00,No restriction,No
BSP-R,2026-10-06,23:00,04:00,Single line working only,No
BSP-R,2026-10-07,23:00,04:00,No restriction,No
BSP-R,2026-10-08,23:00,04:00,No restriction,No
BSP-R,2026-10-09,23:00,04:00,Block suspended - VIP movement,No
BSP-R,2026-10-10,23:00,05:00,"No block during peak hours 06:00-10:00,17:00-21:00",No
BSP-R,2026-10-11,23:00,05:00,No restriction,Yes
BSP-R,2026-10-12,23:00,04:00,Reduced window due to festival traffic,No
BSP-R,2026-10-13,23:00,04:00,Single line working only,Yes
BSP-R,2026-10-14,23:00,04:00,Block suspended - VIP movement,No
BSP-R,2026-10-15,23:00,04:00,Single line working only,No
BSP-R,2026-10-16,23:00,04:00,No restriction,No
BSP-R,2026-10-17,23:00,05:00,No restriction,Yes
BSP-R,2026-10-18,23:00,05:00,Block suspended - VIP movement,No
BSP-R,2026-10-19,23:00,04:00,"No block during peak hours 06:00-10:00,17:00-21:00",No
BSP-R,2026-10-20,23:00,04:00,Max 1 block per night,Yes
BSP-R,2026-10-21,23:00,04:00,Max 1 block per night,No
BSP-R,2026-10-22,23:00,04:00,No restriction,No
BSP-R,2026-10-23,23:00,04:00,No restriction,No
BSP-R,2026-10-24,23:00,05:00,"No block during peak hours 06:00-10:00,17:00-21:00",No
BSP-R,2026-10-25,23:00,05:00,No restriction,No
BSP-R,2026-10-26,23:00,04:00,Reduced window due to festival traffic,No
BSP-R,2026-10-27,23:00,04:00,Max 1 block per night,No
BSP-R,2026-10-28,23:00,04:00,No restriction,No
BSP-R,2026-10-29,23:00,04:00,No restriction,Yes
BSP-R,2026-10-30,23:00,04:00,Block suspended - VIP movement,Yes
BSP-R,2026-10-31,23:00,05:00,"No block during peak hours 06:00-10:00,17:00-21:00",Yes
BSP-R,2026-11-01,23:00,05:00,No restriction,Yes
BSP-R,2026-11-02,23:00,04:00,Single line working only,Yes
BSP-R,2026-11-03,23:00,04:00,Single line working only,No
BSP-R,2026-11-04,23:00,04:00,"No block during peak hours 06:00-10:00,17:00-21:00",Yes
BSP-R,2026-11-05,23:00,04:00,No restriction,Yes
BSP-R,2026-11-06,23:00,04:00,Single line working only,No
BSP-R,2026-11-07,23:00,05:00,Block suspended - VIP movement,No
BSP-R,2026-11-08,23:00,05:00,No restriction,No
BSP-R,2026-11-09,23:00,04:00,Max 1 block per night,No
BSP-R,2026-11-10,23:00,04:00,Block suspended - VIP movement,Yes
BSP-R,2026-11-11,23:00,04:00,Max 1 block per night,No
BSP-R,2026-11-12,23:00,04:00,No restriction,Yes
BSP-R,2026-11-13,23:00,04:00,No restriction,Yes
BSP-R,2026-11-14,23:00,05:00,No restriction,No
BSP-R,2026-11-15,23:00,05:00,No restriction,Yes
BSP-R,2026-11-16,23:00,04:00,No restriction,No
BSP-R,2026-11-17,23:00,04:00,No restriction,Yes
BSP-R,2026-11-18,23:00,04:00,"No block during peak hours 06:00-10:00,17:00-21:00",No
BSP-R,2026-11-19,23:00,04:00,Max 1 block per night,No
BSP-R,2026-11-20,23:00,04:00,No restriction,No
BSP-R,2026-11-21,23:00,05:00,No restriction,No
BSP-R,2026-11-22,23:00,05:00,No restriction,Yes
BSP-R,2026-11-23,23:00,04:00,Single line working only,No
BSP-R,2026-11-24,23:00,04:00,Max 1 block per night,Yes
BSP-R,2026-11-25,23:00,04:00,No restriction,No
BSP-R,2026-11-26,23:00,04:00,No restriction,Yes
BSP-R,2026-11-27,23:00,04:00,Single line working only,No
BSP-R,2026-11-28,23:00,05:00,No restriction,No
BSP-R,2026-11-29,23:00,05:00,"No block during peak hours 06:00-10:00,17:00-21:00",Yes
BSP-R,2026-11-30,23:00,04:00,No restriction,No
BSP-R,2026-12-01,23:00,04:00,No restriction,No
BSP-R,2026-12-02,23:00,04:00,No restriction,Yes
BSP-R,2026-12-03,23:00,04:00,"No block during peak hours 06:00-10:00,17:00-21:00",No
BSP-R,2026-12-04,23:00,04:00,No restriction,Yes
BSP-R,2026-12-05,23:00,05:00,No restriction,No
BSP-R,2026-12-06,23:00,05:00,No restriction,No
BSP-R,2026-12-07,23:00,04:00,Max 1 block per night,No
BSP-R,2026-12-08,23:00,04:00,No restriction,No
BSP-R,2026-12-09,23:00,04:00,Single line working only,No
BSP-R,2026-12-10,23:00,04:00,No restriction,Yes
BSP-R,2026-12-11,23:00,04:00,No restriction,Yes
BSP-R,2026-12-12,23:00,05:00,No restriction,No
BSP-R,2026-12-13,23:00,05:00,No restriction,No
BSP-R,2026-12-14,23:00,04:00,Max 1 block per night,No
BSP-R,2026-12-15,23:00,04:00,Single line working only,No
BSP-R,2026-12-16,23:00,04:00,Single line working only,No
BSP-R,2026-12-17,23:00,04:00,Block suspended - VIP movement,No
BSP-R,2026-12-18,23:00,04:00,No restriction,Yes
BSP-R,2026-12-19,23:00,05:00,No restriction,Yes
BSP-R,2026-12-20,23:00,05:00,"No block during peak hours 06:00-10:00,17:00-21:00",No
BSP-R,2026-12-21,23:00,04:00,Single line working only,Yes
BSP-R,2026-12-22,23:00,04:00,No restriction,Yes
BSP-R,2026-12-23,23:00,04:00,No restriction,Yes
BSP-R,2026-12-24,23:00,04:00,Single line working only,No
BSP-R,2026-12-25,23:00,04:00,No restriction,Yes
BSP-R,2026-12-26,23:00,05:00,No restriction,Yes
BSP-R,2026-12-27,23:00,05:00,Single line working only,Yes
BSP-R,2026-12-28,23:00,04:00,Max 1 block per night,Yes
BSP-R,2026-12-29,23:00,04:00,No restriction,No
BSP-R,2026-12-30,23:00,04:00,No restriction,No
BSP-R,2026-12-31,23:00,04:00,Single line working only,No
